Event_time,Device_model,Platform,City,State,Country_code,Install_time,App_version,OS_version,Device_category
2026-08-24 05:39:22 UTC,iPhone15ProMax,ios,Olivine City,Johto,US,2024-08-05 16:25:04 UTC,0.423.1,26.6,mobile_phone
2025-07-27 03:22:20 UTC,iPhone15ProMax,ios,Olivine City,Johto,US,2024-08-05 16:25:04 UTC,0.371.0,18.5,mobile_phone
2025-07-27 06:30:00 UTC,iPhone15ProMax,ios,Olivine City,Johto,US,2024-08-05 16:25:04 UTC,0.371.0,18.5,mobile_phone
2025-07-27 22:06:57 UTC,iPhone15ProMax,ios,Pallet Town,Kanto,US,2024-08-05 16:25:04 UTC,0.371.0,18.5,mobile_phone
2025-08-09 18:20:27 UTC,iPhone15ProMax,ios,Cerulean City,Kanto,US,2024-08-05 16:25:04 UTC,0.373.1,18.6,mobile_phone
2025-08-09 01:40:13 UTC,iPhone15ProMax,ios,Olivine City,Johto,US,2024-08-05 16:25:04 UTC,0.373.1,18.6,mobile_phone
2025-08-09 16:50:19 UTC,iPhone15ProMax,ios,Celadon City,Kanto,US,2024-08-05 16:25:04 UTC,0.373.1,18.6,mobile_phone
2023-02-06 03:04:44 UTC,SM-G986U,android,Olivine City,Johto,US,2023-01-09 02:58:29 UTC,0.261.1,13,phone
2024-06-19 19:13:53 UTC,iPhone15ProMax,ios,Viridian City,Kanto,US,2023-12-26 17:08:09 UTC,0.317.0,17.5.1,unknown_device_category
2024-06-19 21:57:51 UTC,iPhone15ProMax,ios,Viridian City,Kanto,US,2023-12-26 17:08:09 UTC,0.317.0,17.5.1,unknown_device_category
2024-06-19 15:15:10 UTC,iPhone15ProMax,ios,Viridian City,Kanto,US,2023-12-26 17:08:09 UTC,0.317.0,17.5.1,unknown_device_category
2024-06-19 06:45:07 UTC,iPhone15ProMax,ios,Viridian City,Kanto,US,2023-12-26 17:08:09 UTC,0.317.0,17.5.1,unknown_device_category
2022-06-21 12:57:27 UTC,SM-G986U,android,Cerulean City,Kanto,US,2022-06-01 10:44:54 UTC,0.239.2,12,phone
2022-06-21 20:50:52 UTC,SM-G986U,android,Cerulean City,Kanto,US,2022-06-01 10:44:54 UTC,0.239.2,12,phone
2026-07-14 19:54:50 UTC,iPhone15ProMax,ios,Olivine City,Johto,US,2024-08-05 16:25:04 UTC,0.417.5,26.5.2,mobile_phone
2026-07-14 19:06:38 UTC,iPhone15ProMax,ios,Viridian City,Kanto,US,2024-08-05 16:25:04 UTC,0.417.5,26.5.2,mobile_phone
2026-07-14 21:53:32 UTC,iPhone15ProMax,ios,New Bark Town,Johto,US,2024-08-05 16:25:04 UTC,0.417.5,26.5.2,mobile_phone
2026-02-26 01:05:27 UTC,iPhone15ProMax,ios,Olivine City,Johto,US,2024-08-05 16:25:04 UTC,0.399.1,26.3,mobile_phone
2026-02-26 02:31:55 UTC,iPhone15ProMax,ios,Olivine City,Johto,US,2024-08-05 16:25:04 UTC,0.399.1,26.3,mobile_phone
2024-06-14 18:31:03 UTC,iPhone15ProMax,ios,Olivine City,Johto,US,2023-12-26 17:08:09 UTC,0.317.0,17.5.1,phone
2024-06-14 18:50:40 UTC,iPhone15ProMax,ios,Olivine City,Johto,US,2023-12-26 17:08:09 UTC,0.317.0,17.5.1,phone
2026-05-07 01:45:53 UTC,iPhone15ProMax,ios,Olivine City,Johto,US,2024-08-05 16:25:04 UTC,0.409.0,26.3.1,mobile_phone
2025-12-06 21:53:09 UTC,iPhone15ProMax,ios,Pallet Town,Kanto,US,2024-08-05 16:25:04 UTC,0.389.2,26.1,mobile_phone
2025-12-06 17:29:53 UTC,iPhone15ProMax,ios,Olivine City,Johto,US,2024-08-05 16:25:04 UTC,0.389.2,26.1,mobile_phone
2025-12-06 17:04:32 UTC,iPhone15ProMax,ios,Olivine City,Johto,US,2024-08-05 16:25:04 UTC,0.389.2,26.1,mobile_phone
2023-02-24 15:40:45 UTC,Pixel 4a,android,Olivine City,Johto,US,2023-02-23 19:14:35 UTC,0.261.3,13,phone
2024-02-13 18:22:27 UTC,iPhone15ProMax,ios,Cerulean City,Kanto,US,2023-12-26 17:08:09 UTC,0.299.1,17.3.1,phone
2026-05-15 23:26:13 UTC,iPhone15ProMax,ios,Goldenrod City,Johto,US,2024-08-05 16:25:04 UTC,0.411.0,26.4.2,mobile_phone
2024-02-20 09:00:10 UTC,iPhone15ProMax,ios,Olivine City,Johto,US,2023-12-26 17:08:09 UTC,0.299.1,17.3.1,phone
2024-02-20 06:39:50 UTC,iPhone15ProMax,ios,Pallet Town,Kanto,US,2023-12-26 17:08:09 UTC,0.299.1,17.3.1,phone
2024-02-20 16:40:54 UTC,iPhone15ProMax,ios,Viridian City,Kanto,US,2023-12-26 17:08:09 UTC,0.299.1,17.3.1,phone
2024-02-20 17:55:47 UTC,iPhone15ProMax,ios,Olivine City,Johto,US,2023-12-26 17:08:09 UTC,0.299.1,17.3.1,phone
2024-02-14 03:40:14 UTC,iPhone15ProMax,ios,Olivine City,Johto,US,2023-12-26 17:08:09 UTC,0.299.1,17.3.1,phone
2025-03-27 23:33:39 UTC,iPhone15ProMax,ios,Cerulean City,Kanto,US,2024-08-05 16:25:04 UTC,0.353.2,18.3.2,mobile_phone
2025-03-27 14:40:47 UTC,iPhone15ProMax,ios,Cerulean City,Kanto,US,2024-08-05 16:25:04 UTC,0.353.2,18.3.2,mobile_phone
2025-03-27 07:47:46 UTC,iPhone15ProMax,ios,Olivine City,Johto,US,2024-08-05 16:25:04 UTC,0.353.1,18.3.2,mobile_phone
2024-12-26 02:09:19 UTC,iPhone15ProMax,ios,New Bark Town,Johto,US,2024-08-05 16:25:04 UTC,0.343.0,18.2,mobile_phone
2022-09-10 16:41:54 UTC,Pixel 4a,android,Olivine City,Johto,US,2021-07-01 16:46:46 UTC,0.247.1,12,phone
2024-12-10 14:31:12 UTC,iPhone15ProMax,ios,Olivine City,Johto,US,2024-08-05 16:25:04 UTC,0.341.2,18.1.1,mobile_phone
2024-12-10 18:06:10 UTC,iPhone15ProMax,ios,Olivine City,Johto,US,2024-08-05 16:25:04 UTC,0.341.2,18.1.1,mobile_phone
2022-08-17 20:13:04 UTC,Pixel 4a,android,Olivine City,Johto,US,2021-07-01 16:46:46 UTC,0.245.2,12,phone
2025-05-04 04:42:25 UTC,iPhone15ProMax,ios,Olivine City,Johto,US,2024-08-05 16:25:04 UTC,0.359.0,18.4.1,mobile_phone
2025-05-04 04:19:15 UTC,iPhone15ProMax,ios,Olivine City,Johto,US,2024-08-05 16:25:04 UTC,0.359.0,18.4.1,mobile_phone
2025-09-01 00:57:32 UTC,iPhone15ProMax,ios,Goldenrod City,Johto,US,2024-08-05 16:25:04 UTC,0.375.2,18.6.2,mobile_phone
2025-10-23 01:48:27 UTC,iPhone15ProMax,ios,Olivine City,Johto,US,2024-08-05 16:25:04 UTC,0.383.2,26.0.1,mobile_phone
2025-10-23 01:02:15 UTC,iPhone15ProMax,ios,Olivine City,Johto,US,2024-08-05 16:25:04 UTC,0.383.2,26.0.1,mobile_phone
2022-03-04 16:39:27 UTC,SM-G986U,android,Pallet Town,Kanto,US,2022-02-27 06:08:31 UTC,0.229.2,12,phone
2022-03-04 23:57:29 UTC,SM-G986U,android,Olivine City,Johto,US,2022-02-27 06:08:31 UTC,0.231.0,12,phone
2022-03-04 12:46:05 UTC,SM-G986U,android,Pallet Town,Kanto,US,2022-02-27 06:08:31 UTC,0.229.2,12,phone
2022-03-04 20:33:50 UTC,SM-G986U,android,Pallet Town,Kanto,US,2022-02-27 06:08:31 UTC,0.231.0,12,phone
2024-12-09 17:47:26 UTC,iPhone15ProMax,ios,Olivine City,Johto,US,2024-08-05 16:25:04 UTC,0.341.2,18.1.1,mobile_phone
2024-12-09 22:36:48 UTC,iPhone15ProMax,ios,Olivine City,Johto,US,2024-08-05 16:25:04 UTC,0.341.2,18.1.1,mobile_phone
2024-12-09 00:00:40 UTC,iPhone15ProMax,ios,Viridian City,Kanto,US,2024-08-05 16:25:04 UTC,0.341.2,18.1.1,mobile_phone
2026-02-27 14:35:00 UTC,iPhone15ProMax,ios,Olivine City,Johto,US,2024-08-05 16:25:04 UTC,0.399.1,26.3,mobile_phone
2026-02-27 15:44:30 UTC,iPhone15ProMax,ios,Cerulean City,Kanto,US,2024-08-05 16:25:04 UTC,0.399.1,26.3,mobile_phone
2026-02-27 23:05:59 UTC,iPhone15ProMax,ios,Cerulean City,Kanto,US,2024-08-05 16:25:04 UTC,0.399.1,26.3,mobile_phone
2024-03-10 22:57:23 UTC,iPhone15ProMax,ios,Olivine City,Johto,US,2023-12-26 17:08:09 UTC,0.303.0,17.3.1,phone
2024-03-10 03:30:21 UTC,iPhone15ProMax,ios,Olivine City,Johto,US,2023-12-26 17:08:09 UTC,0.303.0,17.3.1,phone
2024-03-10 01:24:48 UTC,iPhone15ProMax,ios,Olivine City,Johto,US,2023-12-26 17:08:09 UTC,0.303.0,17.3.1,phone
2024-03-10 21:14:46 UTC,iPhone15ProMax,ios,Goldenrod City,Johto,US,2023-12-26 17:08:09 UTC,0.303.0,17.3.1,phone
2025-07-19 23:59:35 UTC,iPhone15ProMax,ios,Goldenrod City,Johto,US,2024-08-05 16:25:04 UTC,0.369.1,18.5,mobile_phone
2025-07-19 19:55:45 UTC,iPhone15ProMax,ios,Olivine City,Johto,US,2024-08-05 16:25:04 UTC,0.369.1,18.5,mobile_phone
2024-07-05 03:49:59 UTC,iPhone15ProMax,ios,New Bark Town,Johto,US,2023-12-26 17:08:09 UTC,0.319.0,17.5.1,mobile_phone
2024-07-05 22:57:44 UTC,iPhone15ProMax,ios,Viridian City,Kanto,US,2023-12-26 17:08:09 UTC,0.319.0,17.5.1,mobile_phone
2024-07-05 12:52:22 UTC,iPhone15ProMax,ios,Viridian City,Kanto,US,2023-12-26 17:08:09 UTC,0.319.0,17.5.1,mobile_phone
2026-06-07 20:16:08 UTC,iPhone15ProMax,ios,Goldenrod City,Johto,US,2024-08-05 16:25:04 UTC,0.413.2,26.5,mobile_phone
2024-10-07 01:39:42 UTC,iPhone15ProMax,ios,Goldenrod City,Johto,US,2024-08-05 16:25:04 UTC,0.333.0,18.0,mobile_phone
2024-10-07 20:40:31 UTC,iPhone15ProMax,ios,Olivine City,Johto,US,2024-08-05 16:25:04 UTC,0.333.0,18.0,mobile_phone
2024-10-07 17:57:41 UTC,iPhone15ProMax,ios,Cerulean City,Kanto,US,2024-08-05 16:25:04 UTC,0.333.0,18.0,mobile_phone
2025-12-29 22:20:59 UTC,iPhone15ProMax,ios,Cerulean City,Kanto,US,2024-08-05 16:25:04 UTC,0.391.1,26.1,mobile_phone
2025-12-29 01:57:32 UTC,iPhone15ProMax,ios,Olivine City,Johto,US,2024-08-05 16:25:04 UTC,0.391.1,26.1,mobile_phone
2025-12-29 16:02:49 UTC,iPhone15ProMax,ios,Cerulean City,Kanto,US,2024-08-05 16:25:04 UTC,0.391.1,26.1,mobile_phone
2025-12-29 06:15:12 UTC,iPhone15ProMax,ios,Olivine City,Johto,US,2024-08-05 16:25:04 UTC,0.391.1,26.1,mobile_phone
2025-04-02 02:28:46 UTC,iPhone15ProMax,ios,Olivine City,Johto,US,2024-08-05 16:25:04 UTC,0.353.2,18.3.2,mobile_phone
2025-04-02 00:30:07 UTC,iPhone15ProMax,ios,Celadon City,Kanto,US,2024-08-05 16:25:04 UTC,0.353.2,18.3.2,mobile_phone
2025-08-27 14:30:22 UTC,iPhone15ProMax,ios,Pallet Town,Kanto,US,2024-08-05 16:25:04 UTC,0.375.1,18.6.2,mobile_phone
2025-08-27 14:52:53 UTC,iPhone15ProMax,ios,Pallet Town,Kanto,US,2024-08-05 16:25:04 UTC,0.375.1,18.6.2,mobile_phone
2025-04-26 21:23:12 UTC,iPhone15ProMax,ios,Pallet Town,Kanto,US,2024-08-05 16:25:04 UTC,0.357.2,18.4.1,mobile_phone
2024-06-04 18:12:29 UTC,iPhone15ProMax,ios,Olivine City,Johto,US,2023-12-26 17:08:09 UTC,0.315.1,17.5.1,phone
2024-06-04 01:51:11 UTC,iPhone15ProMax,ios,Olivine City,Johto,US,2023-12-26 17:08:09 UTC,0.315.1,17.5.1,phone
2024-06-04 06:48:58 UTC,iPhone15ProMax,ios,Olivine City,Johto,US,2023-12-26 17:08:09 UTC,0.315.1,17.5.1,phone
2024-06-04 15:49:34 UTC,iPhone15ProMax,ios,Olivine City,Johto,US,2023-12-26 17:08:09 UTC,0.315.1,17.5.1,phone
2024-11-21 16:46:35 UTC,iPhone15ProMax,ios,Olivine City,Johto,US,2024-08-05 16:25:04 UTC,0.339.0,18.1,mobile_phone
2024-05-13 14:04:59 UTC,iPhone15ProMax,ios,Olivine City,Johto,US,2023-12-26 17:08:09 UTC,0.311.3,17.4.1,phone
2024-05-13 01:59:53 UTC,iPhone15ProMax,ios,Olivine City,Johto,US,2023-12-26 17:08:09 UTC,0.311.3,17.4.1,phone
2025-06-25 22:46:30 UTC,iPhone15ProMax,ios,Olivine City,Johto,US,2024-08-05 16:25:04 UTC,0.365.1,18.5,mobile_phone
2025-06-25 02:11:45 UTC,iPhone15ProMax,ios,Olivine City,Johto,US,2024-08-05 16:25:04 UTC,0.365.1,18.5,mobile_phone
2025-06-25 05:19:20 UTC,iPhone15ProMax,ios,Olivine City,Johto,US,2024-08-05 16:25:04 UTC,0.365.1,18.5,mobile_phone
2025-06-25 18:50:52 UTC,iPhone15ProMax,ios,Olivine City,Johto,US,2024-08-05 16:25:04 UTC,0.365.1,18.5,mobile_phone
2023-11-19 21:10:53 UTC,Pixel 4a,android,Pallet Town,Kanto,US,2023-01-04 22:41:42 UTC,0.289.0,13,phone
2024-11-15 14:54:41 UTC,iPhone15ProMax,ios,Ecruteak City,Johto,US,2024-08-05 16:25:04 UTC,0.339.0,18.0.1,mobile_phone
2022-02-27 06:08:31 UTC,SM-G986U,android,Pallet Town,Kanto,US,2022-02-27 06:08:31 UTC,0.229.2,12,phone
2024-02-08 03:40:03 UTC,iPhone15ProMax,ios,Olivine City,Johto,US,2023-12-26 17:08:09 UTC,0.299.0,17.2.1,phone
2023-01-13 16:44:52 UTC,SM-G986U,android,Olivine City,Johto,US,2023-01-09 02:58:29 UTC,0.257.1,13,phone
2024-09-05 03:57:44 UTC,iPhone15ProMax,ios,Olivine City,Johto,US,2024-08-05 16:25:04 UTC,0.329.2,17.6.1,mobile_phone
2024-09-05 14:59:23 UTC,iPhone15ProMax,ios,Olivine City,Johto,US,2024-08-05 16:25:04 UTC,0.329.2,17.6.1,mobile_phone
2024-09-05 18:53:26 UTC,iPhone15ProMax,ios,Olivine City,Johto,US,2024-08-05 16:25:04 UTC,0.329.2,17.6.1,mobile_phone
2024-09-05 14:28:37 UTC,iPhone15ProMax,ios,Olivine City,Johto,US,2024-08-05 16:25:04 UTC,0.329.2,17.6.1,mobile_phone
2024-09-05 22:06:10 UTC,iPhone15ProMax,ios,Pallet Town,Kanto,US,2024-08-05 16:25:04 UTC,0.329.2,17.6.1,mobile_phone
2024-05-31 00:23:34 UTC,iPhone15ProMax,ios,Olivine City,Johto,US,2023-12-26 17:08:09 UTC,0.315.1,17.5.1,phone
2024-05-31 04:53:34 UTC,iPhone15ProMax,ios,Olivine City,Johto,US,2023-12-26 17:08:09 UTC,0.315.1,17.5.1,phone
2024-05-31 23:43:35 UTC,iPhone15ProMax,ios,Olivine City,Johto,US,2023-12-26 17:08:09 UTC,0.315.1,17.5.1,phone
2024-05-31 04:33:52 UTC,iPhone15ProMax,ios,Olivine City,Johto,US,2023-12-26 17:08:09 UTC,0.315.1,17.5.1,phone
2024-05-31 18:56:26 UTC,iPhone15ProMax,ios,Olivine City,Johto,US,2023-12-26 17:08:09 UTC,0.315.1,17.5.1,phone
2026-03-04 14:59:28 UTC,iPhone15ProMax,ios,Goldenrod City,Johto,US,2024-08-05 16:25:04 UTC,0.399.1,26.3,mobile_phone
2026-03-04 01:21:43 UTC,iPhone15ProMax,ios,Olivine City,Johto,US,2024-08-05 16:25:04 UTC,0.399.1,26.3,mobile_phone
2024-06-08 20:10:13 UTC,iPhone15ProMax,ios,Olivine City,Johto,US,2023-12-26 17:08:09 UTC,0.315.2,17.5.1,phone
2024-06-08 08:38:51 UTC,iPhone15ProMax,ios,Olivine City,Johto,US,2023-12-26 17:08:09 UTC,0.315.2,17.5.1,phone
2024-06-08 04:11:10 UTC,iPhone15ProMax,ios,Olivine City,Johto,US,2023-12-26 17:08:09 UTC,0.315.2,17.5.1,phone
2024-06-08 03:48:21 UTC,iPhone15ProMax,ios,Olivine City,Johto,US,2023-12-26 17:08:09 UTC,0.315.2,17.5.1,phone
2024-09-13 02:48:03 UTC,iPhone15ProMax,ios,Olivine City,Johto,US,2024-08-05 16:25:04 UTC,0.329.2,17.6.1,mobile_phone
2024-09-13 02:19:38 UTC,iPhone15ProMax,ios,Olivine City,Johto,US,2024-08-05 16:25:04 UTC,0.329.2,17.6.1,mobile_phone
2024-09-13 01:45:21 UTC,iPhone15ProMax,ios,Cerulean City,Kanto,US,2024-08-05 16:25:04 UTC,0.329.2,17.6.1,mobile_phone
2024-09-13 07:32:40 UTC,iPhone15ProMax,ios,Olivine City,Johto,US,2024-08-05 16:25:04 UTC,0.329.2,17.6.1,mobile_phone
2024-09-13 23:11:44 UTC,iPhone15ProMax,ios,Olivine City,Johto,US,2024-08-05 16:25:04 UTC,0.329.2,17.6.1,mobile_phone
2025-01-28 17:20:15 UTC,iPhone15ProMax,ios,Olivine City,Johto,US,2024-08-05 16:25:04 UTC,0.345.0,18.2.1,mobile_phone
2025-01-28 00:47:48 UTC,iPhone15ProMax,ios,Goldenrod City,Johto,US,2024-08-05 16:25:04 UTC,0.345.0,18.2.1,mobile_phone
2025-01-28 02:49:15 UTC,iPhone15ProMax,ios,Olivine City,Johto,US,2024-08-05 16:25:04 UTC,0.345.0,18.2.1,mobile_phone
2025-05-24 21:51:52 UTC,iPhone15ProMax,ios,Goldenrod City,Johto,US,2024-08-05 16:25:04 UTC,0.361.0,18.4.1,mobile_phone
2025-05-24 21:39:35 UTC,iPhone15ProMax,ios,Goldenrod City,Johto,US,2024-08-05 16:25:04 UTC,0.361.0,18.4.1,mobile_phone
2026-01-01 03:49:06 UTC,iPhone15ProMax,ios,Olivine City,Johto,US,2024-08-05 16:25:04 UTC,0.391.1,26.1,mobile_phone
2026-01-01 07:19:43 UTC,iPhone15ProMax,ios,Olivine City,Johto,US,2024-08-05 16:25:04 UTC,0.391.1,26.1,mobile_phone
2024-07-15 05:53:23 UTC,iPhone15ProMax,ios,Viridian City,Kanto,US,2023-12-26 17:08:09 UTC,0.319.0,17.5.1,mobile_phone
2024-07-15 04:14:05 UTC,iPhone15ProMax,ios,Viridian City,Kanto,US,2023-12-26 17:08:09 UTC,0.319.0,17.5.1,mobile_phone
2024-07-15 16:33:41 UTC,iPhone15ProMax,ios,Olivine City,Johto,US,2023-12-26 17:08:09 UTC,0.319.0,17.5.1,mobile_phone
2024-07-15 03:10:20 UTC,iPhone15ProMax,ios,Viridian City,Kanto,US,2023-12-26 17:08:09 UTC,0.319.0,17.5.1,mobile_phone
2025-05-19 23:32:23 UTC,iPhone15ProMax,ios,Olivine City,Johto,US,2024-08-05 16:25:04 UTC,0.361.0,18.4.1,mobile_phone
2026-03-22 08:32:04 UTC,iPhone15ProMax,ios,Olivine City,Johto,US,2024-08-05 16:25:04 UTC,0.403.1,26.3.1,mobile_phone
2024-08-12 14:48:00 UTC,iPhone15ProMax,ios,Celadon City,Kanto,US,2024-08-05 16:25:04 UTC,0.325.1,17.6.1,mobile_phone
2024-08-12 14:33:18 UTC,iPhone15ProMax,ios,Celadon City,Kanto,US,2024-08-05 16:25:04 UTC,0.325.1,17.6.1,mobile_phone
2024-08-12 14:21:43 UTC,iPhone15ProMax,ios,Olivine City,Johto,US,2024-08-05 16:25:04 UTC,0.325.1,17.6.1,mobile_phone
2024-08-12 01:14:47 UTC,iPhone15ProMax,ios,Cerulean City,Kanto,US,2024-08-05 16:25:04 UTC,0.325.1,17.6.1,mobile_phone
2026-07-17 03:57:40 UTC,iPhone15ProMax,ios,Ecruteak City,Johto,US,2024-08-05 16:25:04 UTC,0.417.6,26.5.2,mobile_phone
2025-04-18 19:45:51 UTC,iPhone15ProMax,ios,Olivine City,Johto,US,2024-08-05 16:25:04 UTC,0.357.2,18.4,mobile_phone
2024-06-11 23:11:41 UTC,iPhone15ProMax,ios,Olivine City,Johto,US,2023-12-26 17:08:09 UTC,0.315.2,17.5.1,phone
2024-06-11 05:30:04 UTC,iPhone15ProMax,ios,Olivine City,Johto,US,2023-12-26 17:08:09 UTC,0.315.2,17.5.1,phone
2023-02-26 01:31:32 UTC,Pixel 4a,android,Olivine City,Johto,US,2023-02-23 19:14:35 UTC,0.261.3,13,phone
2022-05-11 01:19:17 UTC,SM-G986U,android,New Bark Town,Johto,US,2022-04-21 18:52:51 UTC,0.237.0,12,phone
2025-03-12 14:19:39 UTC,iPhone15ProMax,ios,Olivine City,Johto,US,2024-08-05 16:25:04 UTC,0.351.0,18.3.1,mobile_phone
2025-03-12 01:20:22 UTC,iPhone15ProMax,ios,Olivine City,Johto,US,2024-08-05 16:25:04 UTC,0.351.0,18.3.1,mobile_phone
2024-12-24 23:48:54 UTC,iPhone15ProMax,ios,Olivine City,Johto,US,2024-08-05 16:25:04 UTC,0.343.0,18.2,mobile_phone
2026-07-02 19:09:52 UTC,iPhone15ProMax,ios,Cerulean City,Kanto,US,2024-08-05 16:25:04 UTC,0.417.1,26.5,mobile_phone
2025-01-23 14:40:42 UTC,iPhone15ProMax,ios,Olivine City,Johto,US,2024-08-05 16:25:04 UTC,0.343.2,18.2.1,mobile_phone
2025-01-23 15:07:50 UTC,iPhone15ProMax,ios,Olivine City,Johto,US,2024-08-05 16:25:04 UTC,0.343.2,18.2.1,mobile_phone
2025-01-23 01:28:25 UTC,iPhone15ProMax,ios,Viridian City,Kanto,US,2024-08-05 16:25:04 UTC,0.343.2,18.2.1,mobile_phone
2025-11-01 03:01:32 UTC,iPhone15ProMax,ios,Olivine City,Johto,US,2024-08-05 16:25:04 UTC,0.385.0,26.0.1,mobile_phone
2025-11-01 04:09:12 UTC,iPhone15ProMax,ios,Olivine City,Johto,US,2024-08-05 16:25:04 UTC,0.385.0,26.0.1,mobile_phone
2025-11-01 23:15:10 UTC,iPhone15ProMax,ios,Olivine City,Johto,US,2024-08-05 16:25:04 UTC,0.385.0,26.0.1,mobile_phone
2025-11-01 01:19:27 UTC,iPhone15ProMax,ios,Olivine City,Johto,US,2024-08-05 16:25:04 UTC,0.385.0,26.0.1,mobile_phone
2025-11-01 19:22:12 UTC,iPhone15ProMax,ios,Olivine City,Johto,US,2024-08-05 16:25:04 UTC,0.385.0,26.0.1,mobile_phone
2024-07-07 17:41:32 UTC,iPhone15ProMax,ios,Pallet Town,Kanto,US,2023-12-26 17:08:09 UTC,0.319.0,17.5.1,mobile_phone
2024-07-07 03:19:58 UTC,iPhone15ProMax,ios,Viridian City,Kanto,US,2023-12-26 17:08:09 UTC,0.319.0,17.5.1,mobile_phone
2024-07-07 21:08:45 UTC,iPhone15ProMax,ios,Pallet Town,Kanto,US,2023-12-26 17:08:09 UTC,0.319.0,17.5.1,mobile_phone
2024-07-07 08:29:39 UTC,iPhone15ProMax,ios,Viridian City,Kanto,US,2023-12-26 17:08:09 UTC,0.319.0,17.5.1,mobile_phone
2024-07-07 04:33:12 UTC,iPhone15ProMax,ios,Viridian City,Kanto,US,2023-12-26 17:08:09 UTC,0.319.0,17.5.1,mobile_phone
2025-06-21 15:04:38 UTC,iPhone15ProMax,ios,Olivine City,Johto,US,2024-08-05 16:25:04 UTC,0.365.1,18.5,mobile_phone
2025-06-21 23:48:15 UTC,iPhone15ProMax,ios,Pallet Town,Kanto,US,2024-08-05 16:25:04 UTC,0.365.1,18.5,mobile_phone
2025-06-21 23:59:02 UTC,iPhone15ProMax,ios,Pallet Town,Kanto,US,2024-08-05 16:25:04 UTC,0.365.1,18.5,mobile_phone
2022-03-15 18:47:22 UTC,SM-G986U,android,Pallet Town,Kanto,US,2022-02-27 06:08:31 UTC,0.231.0,12,phone
2022-03-15 15:35:54 UTC,SM-G986U,android,Pallet Town,Kanto,US,2022-02-27 06:08:31 UTC,0.231.0,12,phone
2022-03-15 18:33:12 UTC,SM-G986U,android,Pallet Town,Kanto,US,2022-02-27 06:08:31 UTC,0.231.0,12,phone
2025-09-13 18:17:07 UTC,iPhone15ProMax,ios,Olivine City,Johto,US,2024-08-05 16:25:04 UTC,0.377.1,18.6.2,mobile_phone
2025-09-13 03:39:03 UTC,iPhone15ProMax,ios,Olivine City,Johto,US,2024-08-05 16:25:04 UTC,0.377.1,18.6.2,mobile_phone
2023-01-24 22:52:44 UTC,SM-G986U,android,Olivine City,Johto,US,2023-01-09 02:58:29 UTC,0.257.1,13,phone
2025-04-28 00:12:23 UTC,iPhone15ProMax,ios,Viridian City,Kanto,US,2024-08-05 16:25:04 UTC,0.357.2,18.4.1,mobile_phone
2022-07-24 04:50:53 UTC,Pixel 4a,android,Cerulean City,Kanto,US,2021-07-01 16:46:46 UTC,0.243.0,12,phone
2024-02-05 06:51:58 UTC,iPhone15ProMax,ios,Olivine City,Johto,US,2023-12-26 17:08:09 UTC,0.297.0,17.2.1,phone
2024-02-05 15:20:48 UTC,iPhone15ProMax,ios,Olivine City,Johto,US,2023-12-26 17:08:09 UTC,0.297.0,17.2.1,phone
2024-09-21 20:35:37 UTC,iPhone15ProMax,ios,Olivine City,Johto,US,2024-08-05 16:25:04 UTC,0.331.1,18.0,mobile_phone
2024-09-21 04:55:32 UTC,iPhone15ProMax,ios,Olivine City,Johto,US,2024-08-05 16:25:04 UTC,0.331.1,18.0,mobile_phone
2024-09-21 02:00:53 UTC,iPhone15ProMax,ios,Goldenrod City,Johto,US,2024-08-05 16:25:04 UTC,0.331.1,18.0,mobile_phone
2025-01-31 18:38:16 UTC,iPhone15ProMax,ios,Olivine City,Johto,US,2024-08-05 16:25:04 UTC,0.345.0,18.2.1,mobile_phone
2025-01-31 17:35:53 UTC,iPhone15ProMax,ios,Olivine City,Johto,US,2024-08-05 16:25:04 UTC,0.345.0,18.2.1,mobile_phone
2022-06-06 06:15:34 UTC,SM-G986U,android,Cerulean City,Kanto,US,2022-06-01 10:44:54 UTC,0.239.0,12,phone
2022-06-02 06:52:18 UTC,SM-G986U,android,Pallet Town,Kanto,US,2022-06-01 10:44:54 UTC,0.239.0,12,phone
2026-07-26 04:07:37 UTC,iPhone15ProMax,ios,Olivine City,Johto,US,2024-08-05 16:25:04 UTC,0.421.0,26.5.2,mobile_phone
2025-07-10 01:42:24 UTC,iPhone15ProMax,ios,Goldenrod City,Johto,US,2024-08-05 16:25:04 UTC,0.367.2,18.5,mobile_phone
2025-07-10 14:20:08 UTC,iPhone15ProMax,ios,Olivine City,Johto,US,2024-08-05 16:25:04 UTC,0.367.2,18.5,mobile_phone
2025-06-02 15:09:38 UTC,iPhone15ProMax,ios,Pallet Town,Kanto,US,2024-08-05 16:25:04 UTC,0.361.0,18.5,mobile_phone
2026-03-16 15:06:09 UTC,iPhone15ProMax,ios,Pallet Town,Kanto,US,2024-08-05 16:25:04 UTC,0.401.1,26.3.1,mobile_phone
2023-03-08 23:45:10 UTC,Pixel 4a,android,Olivine City,Johto,US,2023-02-23 19:14:35 UTC,0.263.1,13,phone
2024-07-06 22:43:12 UTC,iPhone15ProMax,ios,Viridian City,Kanto,US,2023-12-26 17:08:09 UTC,0.319.0,17.5.1,mobile_phone
2024-07-06 19:57:13 UTC,iPhone15ProMax,ios,Viridian City,Kanto,US,2023-12-26 17:08:09 UTC,0.319.0,17.5.1,mobile_phone
2024-07-06 00:29:51 UTC,iPhone15ProMax,ios,Olivine City,Johto,US,2023-12-26 17:08:09 UTC,0.319.0,17.5.1,mobile_phone
2024-07-06 03:49:53 UTC,iPhone15ProMax,ios,Viridian City,Kanto,US,2023-12-26 17:08:09 UTC,0.319.0,17.5.1,mobile_phone
2023-01-16 21:37:24 UTC,SM-G986U,android,Olivine City,Johto,US,2023-01-09 02:58:29 UTC,0.257.1,13,phone
2023-01-22 00:32:58 UTC,SM-G986U,android,Olivine City,Johto,US,2023-01-09 02:58:29 UTC,0.257.1,13,phone
2026-02-17 00:36:54 UTC,iPhone15ProMax,ios,Olivine City,Johto,US,2024-08-05 16:25:04 UTC,0.397.1,26.2.1,mobile_phone
2024-12-22 21:08:37 UTC,iPhone15ProMax,ios,Viridian City,Kanto,US,2024-08-05 16:25:04 UTC,0.343.0,18.2,mobile_phone
2024-12-22 00:25:45 UTC,iPhone15ProMax,ios,Olivine City,Johto,US,2024-08-05 16:25:04 UTC,0.343.0,18.2,mobile_phone
2024-09-26 07:13:38 UTC,iPhone15ProMax,ios,Olivine City,Johto,US,2024-08-05 16:25:04 UTC,0.331.1,18.0,mobile_phone
2024-09-26 14:45:17 UTC,iPhone15ProMax,ios,Celadon City,Kanto,US,2024-08-05 16:25:04 UTC,0.331.1,18.0,mobile_phone
2024-09-26 02:49:54 UTC,iPhone15ProMax,ios,Olivine City,Johto,US,2024-08-05 16:25:04 UTC,0.331.1,18.0,mobile_phone
2024-09-26 14:55:28 UTC,iPhone15ProMax,ios,Celadon City,Kanto,US,2024-08-05 16:25:04 UTC,0.331.1,18.0,mobile_phone
2024-09-26 17:57:17 UTC,iPhone15ProMax,ios,Olivine City,Johto,US,2024-08-05 16:25:04 UTC,0.331.1,18.0,mobile_phone
2025-09-24 14:35:09 UTC,iPhone15ProMax,ios,Viridian City,Kanto,US,2024-08-05 16:25:04 UTC,0.377.1,26.0,mobile_phone
2025-09-24 17:03:06 UTC,iPhone15ProMax,ios,Viridian City,Kanto,US,2024-08-05 16:25:04 UTC,0.377.1,26.0,mobile_phone
2025-05-20 01:09:43 UTC,iPhone15ProMax,ios,Olivine City,Johto,US,2024-08-05 16:25:04 UTC,0.361.0,18.4.1,mobile_phone
2026-07-13 05:19:40 UTC,iPhone15ProMax,ios,Viridian City,Kanto,US,2024-08-05 16:25:04 UTC,0.417.5,26.5.2,mobile_phone
2026-07-13 01:12:22 UTC,iPhone15ProMax,ios,Viridian City,Kanto,US,2024-08-05 16:25:04 UTC,0.417.2,26.5.2,mobile_phone
2026-04-18 19:34:38 UTC,iPhone15ProMax,ios,Goldenrod City,Johto,US,2024-08-05 16:25:04 UTC,0.407.0,26.3.1,mobile_phone
2026-04-18 01:15:56 UTC,iPhone15ProMax,ios,Goldenrod City,Johto,US,2024-08-05 16:25:04 UTC,0.407.0,26.3.1,mobile_phone
2024-04-09 15:05:40 UTC,iPhone15ProMax,ios,Olivine City,Johto,US,2023-12-26 17:08:09 UTC,0.307.1,17.4.1,phone
2024-09-03 02:58:58 UTC,iPhone15ProMax,ios,Olivine City,Johto,US,2024-08-05 16:25:04 UTC,0.329.1,17.6.1,mobile_phone
2024-09-03 01:32:38 UTC,iPhone15ProMax,ios,Olivine City,Johto,US,2024-08-05 16:25:04 UTC,0.329.1,17.6.1,mobile_phone
2024-09-03 22:26:20 UTC,iPhone15ProMax,ios,Olivine City,Johto,US,2024-08-05 16:25:04 UTC,0.329.1,17.6.1,mobile_phone
2024-09-03 19:22:35 UTC,iPhone15ProMax,ios,Olivine City,Johto,US,2024-08-05 16:25:04 UTC,0.329.1,17.6.1,mobile_phone
2024-09-03 16:50:40 UTC,iPhone15ProMax,ios,Olivine City,Johto,US,2024-08-05 16:25:04 UTC,0.329.1,17.6.1,mobile_phone
2024-09-03 15:49:31 UTC,iPhone15ProMax,ios,Olivine City,Johto,US,2024-08-05 16:25:04 UTC,0.329.1,17.6.1,mobile_phone
2025-11-19 14:55:07 UTC,iPhone15ProMax,ios,Olivine City,Johto,US,2024-08-05 16:25:04 UTC,0.387.0,26.1,mobile_phone
2025-11-19 23:28:53 UTC,iPhone15ProMax,ios,Ecruteak City,Johto,US,2024-08-05 16:25:04 UTC,0.387.0,26.1,mobile_phone
2025-11-19 14:17:16 UTC,iPhone15ProMax,ios,Olivine City,Johto,US,2024-08-05 16:25:04 UTC,0.387.0,26.1,mobile_phone
2024-05-05 01:21:40 UTC,iPhone15ProMax,ios,Viridian City,Kanto,US,2023-12-26 17:08:09 UTC,0.311.1,17.4.1,phone
2022-06-07 03:47:05 UTC,SM-G986U,android,Olivine City,Johto,US,2022-06-01 10:44:54 UTC,0.239.1,12,phone
2025-02-11 20:03:44 UTC,iPhone15ProMax,ios,Olivine City,Johto,US,2024-08-05 16:25:04 UTC,0.347.0,18.3,mobile_phone
2024-03-26 05:56:44 UTC,iPhone15ProMax,ios,Olivine City,Johto,US,2023-12-26 17:08:09 UTC,0.305.1,17.3.1,phone
2022-05-12 06:42:32 UTC,SM-G986U,android,Pallet Town,Kanto,US,2022-04-21 18:52:51 UTC,0.237.0,12,phone
2024-09-17 17:59:56 UTC,iPhone15ProMax,ios,Olivine City,Johto,US,2024-08-05 16:25:04 UTC,0.331.0,18.0,mobile_phone
2024-09-17 01:24:20 UTC,iPhone15ProMax,ios,Olivine City,Johto,US,2024-08-05 16:25:04 UTC,0.331.0,18.0,mobile_phone
2025-12-23 06:36:45 UTC,iPhone15ProMax,ios,Olivine City,Johto,US,2024-08-05 16:25:04 UTC,0.391.1,26.1,mobile_phone
2025-12-23 06:51:28 UTC,iPhone15ProMax,ios,Olivine City,Johto,US,2024-08-05 16:25:04 UTC,0.391.1,26.1,mobile_phone
2025-12-25 21:50:05 UTC,iPhone15ProMax,ios,Olivine City,Johto,US,2024-08-05 16:25:04 UTC,0.391.1,26.1,mobile_phone
2025-12-25 04:51:42 UTC,iPhone15ProMax,ios,Olivine City,Johto,US,2024-08-05 16:25:04 UTC,0.391.1,26.1,mobile_phone
2025-12-25 03:08:37 UTC,iPhone15ProMax,ios,Cerulean City,Kanto,US,2024-08-05 16:25:04 UTC,0.391.1,26.1,mobile_phone
2025-12-25 03:19:26 UTC,iPhone15ProMax,ios,Cerulean City,Kanto,US,2024-08-05 16:25:04 UTC,0.391.1,26.1,mobile_phone
2022-03-09 22:22:30 UTC,SM-G986U,android,Pallet Town,Kanto,US,2022-02-27 06:08:31 UTC,0.231.0,12,phone
2022-03-09 15:11:57 UTC,SM-G986U,android,Pallet Town,Kanto,US,2022-02-27 06:08:31 UTC,0.231.0,12,phone
2022-03-09 16:05:30 UTC,SM-G986U,android,Pallet Town,Kanto,US,2022-02-27 06:08:31 UTC,0.231.0,12,phone
2024-06-25 16:13:50 UTC,iPhone15ProMax,ios,Pallet Town,Kanto,US,2023-12-26 17:08:09 UTC,0.319.0,17.5.1,mobile_phone
2024-06-25 20:15:03 UTC,iPhone15ProMax,ios,Viridian City,Kanto,US,2023-12-26 17:08:09 UTC,0.319.0,17.5.1,mobile_phone
2024-06-25 05:45:17 UTC,iPhone15ProMax,ios,Viridian City,Kanto,US,2023-12-26 17:08:09 UTC,0.317.0,17.5.1,mobile_phone
2024-12-18 17:57:54 UTC,iPhone15ProMax,ios,Olivine City,Johto,US,2024-08-05 16:25:04 UTC,0.341.2,18.2,mobile_phone
2024-12-18 04:27:08 UTC,iPhone15ProMax,ios,Olivine City,Johto,US,2024-08-05 16:25:04 UTC,0.341.2,18.2,mobile_phone
2024-12-18 04:43:07 UTC,iPhone15ProMax,ios,Olivine City,Johto,US,2024-08-05 16:25:04 UTC,0.341.2,18.2,mobile_phone
2024-12-18 04:16:48 UTC,iPhone15ProMax,ios,Olivine City,Johto,US,2024-08-05 16:25:04 UTC,0.341.2,18.2,mobile_phone
2024-12-18 20:11:32 UTC,iPhone15ProMax,ios,Olivine City,Johto,US,2024-08-05 16:25:04 UTC,0.343.0,18.2,mobile_phone
2023-03-12 02:34:50 UTC,Pixel 4a,android,Olivine City,Johto,US,2023-02-23 19:14:35 UTC,0.263.1,13,phone
2022-06-17 14:16:27 UTC,SM-G986U,android,Cerulean City,Kanto,US,2022-06-01 10:44:54 UTC,0.239.2,12,phone
2022-06-17 17:42:55 UTC,SM-G986U,android,Cerulean City,Kanto,US,2022-06-01 10:44:54 UTC,0.239.2,12,phone
2025-01-08 01:15:03 UTC,iPhone15ProMax,ios,Olivine City,Johto,US,2024-08-05 16:25:04 UTC,0.343.1,18.2,mobile_phone
2024-09-07 03:17:53 UTC,iPhone15ProMax,ios,Olivine City,Johto,US,2024-08-05 16:25:04 UTC,0.329.2,17.6.1,mobile_phone
2024-09-07 21:12:15 UTC,iPhone15ProMax,ios,Goldenrod City,Johto,US,2024-08-05 16:25:04 UTC,0.329.2,17.6.1,mobile_phone
2024-09-07 16:42:14 UTC,iPhone15ProMax,ios,Olivine City,Johto,US,2024-08-05 16:25:04 UTC,0.329.2,17.6.1,mobile_phone
2023-11-18 03:35:55 UTC,Pixel 4a,android,Pallet Town,Kanto,US,2023-01-04 22:41:42 UTC,0.289.0,13,phone
2026-03-02 00:01:29 UTC,iPhone15ProMax,ios,Olivine City,Johto,US,2024-08-05 16:25:04 UTC,0.399.1,26.3,mobile_phone
2026-03-02 14:23:53 UTC,iPhone15ProMax,ios,Cerulean City,Kanto,US,2024-08-05 16:25:04 UTC,0.399.1,26.3,mobile_phone
2024-03-25 05:23:47 UTC,iPhone15ProMax,ios,Olivine City,Johto,US,2023-12-26 17:08:09 UTC,0.305.1,17.3.1,phone
2025-02-05 00:49:03 UTC,iPhone15ProMax,ios,Pallet Town,Kanto,US,2024-08-05 16:25:04 UTC,0.345.0,18.3,mobile_phone
2025-02-05 20:22:58 UTC,iPhone15ProMax,ios,Celadon City,Kanto,US,2024-08-05 16:25:04 UTC,0.347.0,18.3,mobile_phone
2025-02-05 21:50:41 UTC,iPhone15ProMax,ios,Olivine City,Johto,US,2024-08-05 16:25:04 UTC,0.347.0,18.3,mobile_phone
2025-02-14 03:34:15 UTC,iPhone15ProMax,ios,Olivine City,Johto,US,2024-08-05 16:25:04 UTC,0.347.0,18.3.1,mobile_phone
2024-06-03 06:39:56 UTC,iPhone15ProMax,ios,Olivine City,Johto,US,2023-12-26 17:08:09 UTC,0.315.1,17.5.1,phone
2024-06-03 20:27:38 UTC,iPhone15ProMax,ios,Olivine City,Johto,US,2023-12-26 17:08:09 UTC,0.315.1,17.5.1,phone
2024-06-03 05:16:06 UTC,iPhone15ProMax,ios,Olivine City,Johto,US,2023-12-26 17:08:09 UTC,0.315.1,17.5.1,phone
2024-02-06 00:29:18 UTC,iPhone15ProMax,ios,Olivine City,Johto,US,2023-12-26 17:08:09 UTC,0.297.0,17.2.1,phone
2024-11-17 19:17:19 UTC,iPhone15ProMax,ios,Olivine City,Johto,US,2024-08-05 16:25:04 UTC,0.339.0,18.1,mobile_phone
2025-01-24 02:21:48 UTC,iPhone15ProMax,ios,Olivine City,Johto,US,2024-08-05 16:25:04 UTC,0.345.0,18.2.1,mobile_phone
2025-01-24 19:50:51 UTC,iPhone15ProMax,ios,Celadon City,Kanto,US,2024-08-05 16:25:04 UTC,0.345.0,18.2.1,mobile_phone
2024-05-26 04:46:35 UTC,iPhone15ProMax,ios,Olivine City,Johto,US,2023-12-26 17:08:09 UTC,0.313.1,17.5.1,phone
2024-05-26 03:06:10 UTC,iPhone15ProMax,ios,Olivine City,Johto,US,2023-12-26 17:08:09 UTC,0.313.1,17.5.1,phone
2024-05-26 05:24:36 UTC,iPhone15ProMax,ios,Olivine City,Johto,US,2023-12-26 17:08:09 UTC,0.313.1,17.5.1,phone
2024-05-26 01:44:50 UTC,iPhone15ProMax,ios,Olivine City,Johto,US,2023-12-26 17:08:09 UTC,0.313.1,17.5.1,phone
2026-05-29 15:30:25 UTC,iPhone15ProMax,ios,Celadon City,Kanto,US,2024-08-05 16:25:04 UTC,0.413.0,26.5,mobile_phone
2026-05-29 01:48:26 UTC,iPhone15ProMax,ios,Olivine City,Johto,US,2024-08-05 16:25:04 UTC,0.413.0,26.5,mobile_phone
2025-01-16 02:06:24 UTC,iPhone15ProMax,ios,Goldenrod City,Johto,US,2024-08-05 16:25:04 UTC,0.343.2,18.2.1,mobile_phone
2025-01-16 06:30:28 UTC,iPhone15ProMax,ios,Olivine City,Johto,US,2024-08-05 16:25:04 UTC,0.343.2,18.2.1,mobile_phone
2025-01-16 14:47:58 UTC,iPhone15ProMax,ios,Pallet Town,Kanto,US,2024-08-05 16:25:04 UTC,0.343.2,18.2.1,mobile_phone
2025-01-16 01:43:18 UTC,iPhone15ProMax,ios,Goldenrod City,Johto,US,2024-08-05 16:25:04 UTC,0.343.2,18.2.1,mobile_phone
2024-10-27 17:17:49 UTC,iPhone15ProMax,ios,Olivine City,Johto,US,2024-08-05 16:25:04 UTC,0.335.1,18.0.1,mobile_phone
2024-10-27 18:30:13 UTC,iPhone15ProMax,ios,Goldenrod City,Johto,US,2024-08-05 16:25:04 UTC,0.335.1,18.0.1,mobile_phone
2025-08-11 04:46:59 UTC,iPhone15ProMax,ios,Olivine City,Johto,US,2024-08-05 16:25:04 UTC,0.373.1,18.6,mobile_phone
2025-08-11 02:53:27 UTC,iPhone15ProMax,ios,Olivine City,Johto,US,2024-08-05 16:25:04 UTC,0.373.1,18.6,mobile_phone
2025-08-11 18:46:39 UTC,iPhone15ProMax,ios,Olivine City,Johto,US,2024-08-05 16:25:04 UTC,0.373.2,18.6,mobile_phone
2025-08-11 02:33:35 UTC,iPhone15ProMax,ios,Olivine City,Johto,US,2024-08-05 16:25:04 UTC,0.373.1,18.6,mobile_phone
2024-05-28 21:11:18 UTC,iPhone15ProMax,ios,Olivine City,Johto,US,2023-12-26 17:08:09 UTC,0.313.1,17.5.1,phone
2024-05-28 22:24:36 UTC,iPhone15ProMax,ios,Olivine City,Johto,US,2023-12-26 17:08:09 UTC,0.313.1,17.5.1,phone
2024-05-28 22:06:18 UTC,iPhone15ProMax,ios,Olivine City,Johto,US,2023-12-26 17:08:09 UTC,0.313.1,17.5.1,phone
2024-05-28 04:19:26 UTC,iPhone15ProMax,ios,Olivine City,Johto,US,2023-12-26 17:08:09 UTC,0.313.1,17.5.1,phone
2024-05-28 17:03:59 UTC,iPhone15ProMax,ios,Olivine City,Johto,US,2023-12-26 17:08:09 UTC,0.313.1,17.5.1,phone
2022-05-04 01:51:52 UTC,SM-G986U,android,Pallet Town,Kanto,US,2022-04-21 18:52:51 UTC,0.235.0,12,phone
2026-06-20 21:14:47 UTC,iPhone15ProMax,ios,Olivine City,Johto,US,2024-08-05 16:25:04 UTC,0.415.2,26.5,mobile_phone
2026-06-20 22:46:41 UTC,iPhone15ProMax,ios,Olivine City,Johto,US,2024-08-05 16:25:04 UTC,0.415.2,26.5,mobile_phone
2022-05-18 23:57:02 UTC,SM-G986U,android,Pallet Town,Kanto,US,2022-04-21 18:52:51 UTC,0.237.0,12,phone
2022-05-18 01:01:33 UTC,SM-G986U,android,Pallet Town,Kanto,US,2022-04-21 18:52:51 UTC,0.237.0,12,phone
2025-05-23 21:44:57 UTC,iPhone15ProMax,ios,Olivine City,Johto,US,2024-08-05 16:25:04 UTC,0.361.0,18.4.1,mobile_phone
2025-05-23 19:26:49 UTC,iPhone15ProMax,ios,New Bark Town,Johto,US,2024-08-05 16:25:04 UTC,0.361.0,18.4.1,mobile_phone
2022-03-05 03:42:40 UTC,SM-G986U,android,Pallet Town,Kanto,US,2022-02-27 06:08:31 UTC,0.231.0,12,phone
2026-06-26 03:23:38 UTC,iPhone15ProMax,ios,Olivine City,Johto,US,2024-08-05 16:25:04 UTC,0.415.3,26.5,mobile_phone
2026-01-04 21:30:14 UTC,iPhone15ProMax,ios,New Bark Town,Johto,US,2024-08-05 16:25:04 UTC,0.391.1,26.1,mobile_phone
2026-01-04 18:40:05 UTC,iPhone15ProMax,ios,New Bark Town,Johto,US,2024-08-05 16:25:04 UTC,0.391.1,26.1,mobile_phone
2026-01-04 21:22:06 UTC,iPhone12,ios,Olivine City,Johto,US,2025-10-08 02:02:25 UTC,0.391.1,26.1,mobile_phone
2025-03-01 21:04:42 UTC,iPhone15ProMax,ios,Pallet Town,Kanto,US,2024-08-05 16:25:04 UTC,0.349.1,18.3.1,mobile_phone
2025-03-01 01:50:12 UTC,iPhone15ProMax,ios,Pallet Town,Kanto,US,2024-08-05 16:25:04 UTC,0.349.1,18.3.1,mobile_phone
2025-03-01 01:16:35 UTC,iPhone15ProMax,ios,Pallet Town,Kanto,US,2024-08-05 16:25:04 UTC,0.349.1,18.3.1,mobile_phone
2025-03-01 01:32:30 UTC,iPhone15ProMax,ios,Pallet Town,Kanto,US,2024-08-05 16:25:04 UTC,0.349.1,18.3.1,mobile_phone
2025-03-01 00:18:32 UTC,iPhone15ProMax,ios,Pallet Town,Kanto,US,2024-08-05 16:25:04 UTC,0.349.1,18.3.1,mobile_phone
2024-10-26 17:34:57 UTC,iPhone15ProMax,ios,Olivine City,Johto,US,2024-08-05 16:25:04 UTC,0.335.1,18.0.1,mobile_phone
2025-10-03 14:01:23 UTC,iPhone15ProMax,ios,Viridian City,Kanto,US,2024-08-05 16:25:04 UTC,0.381.2,26.0.1,mobile_phone
2026-05-19 04:52:27 UTC,iPhone15ProMax,ios,Olivine City,Johto,US,2024-08-05 16:25:04 UTC,0.411.1,26.4.2,mobile_phone
2024-12-23 00:11:56 UTC,iPhone15ProMax,ios,Viridian City,Kanto,US,2024-08-05 16:25:04 UTC,0.343.0,18.2,mobile_phone
2026-02-16 17:27:44 UTC,iPhone15ProMax,ios,Celadon City,Kanto,US,2024-08-05 16:25:04 UTC,0.397.1,26.2.1,mobile_phone
2026-02-16 23:26:12 UTC,iPhone15ProMax,ios,Olivine City,Johto,US,2024-08-05 16:25:04 UTC,0.397.1,26.2.1,mobile_phone
2022-06-13 05:36:33 UTC,SM-G986U,android,Cerulean City,Kanto,US,2022-06-01 10:44:54 UTC,0.239.2,12,phone
2022-05-02 16:10:12 UTC,SM-G986U,android,Pallet Town,Kanto,US,2022-04-21 18:52:51 UTC,0.235.0,12,phone
2022-05-02 13:09:55 UTC,SM-G986U,android,Pallet Town,Kanto,US,2022-04-21 18:52:51 UTC,0.235.0,12,phone
2024-04-05 23:16:14 UTC,iPhone15ProMax,ios,Olivine City,Johto,US,2023-12-26 17:08:09 UTC,0.307.1,17.4.1,phone
2024-06-26 03:02:52 UTC,iPhone15ProMax,ios,Celadon City,Kanto,US,2023-12-26 17:08:09 UTC,0.319.0,17.5.1,mobile_phone
2023-03-01 02:35:30 UTC,Pixel 4a,android,Olivine City,Johto,US,2023-02-23 19:14:35 UTC,0.263.0,13,phone
2025-05-02 15:40:15 UTC,iPhone15ProMax,ios,Olivine City,Johto,US,2024-08-05 16:25:04 UTC,0.359.0,18.4.1,mobile_phone
2024-08-13 01:46:37 UTC,iPhone15ProMax,ios,Olivine City,Johto,US,2024-08-05 16:25:04 UTC,0.325.1,17.6.1,mobile_phone
2024-08-13 16:03:35 UTC,iPhone15ProMax,ios,Olivine City,Johto,US,2024-08-05 16:25:04 UTC,0.325.2,17.6.1,mobile_phone
2025-04-07 22:26:14 UTC,iPhone15ProMax,ios,Olivine City,Johto,US,2024-08-05 16:25:04 UTC,0.355.0,18.4,mobile_phone
2025-10-12 04:28:25 UTC,iPhone15ProMax,ios,Olivine City,Johto,US,2024-08-05 16:25:04 UTC,0.381.4,26.0.1,mobile_phone
2025-10-12 20:26:58 UTC,iPhone15ProMax,ios,Olivine City,Johto,US,2024-08-05 16:25:04 UTC,0.381.4,26.0.1,mobile_phone
2025-10-12 14:55:48 UTC,iPhone15ProMax,ios,Olivine City,Johto,US,2024-08-05 16:25:04 UTC,0.381.4,26.0.1,mobile_phone
2026-07-16 21:27:19 UTC,iPhone15ProMax,ios,Ecruteak City,Johto,US,2024-08-05 16:25:04 UTC,0.417.6,26.5.2,mobile_phone
2025-08-02 01:36:34 UTC,iPhone15ProMax,ios,Olivine City,Johto,US,2024-08-05 16:25:04 UTC,0.371.0,18.5,mobile_phone
2025-08-02 19:29:27 UTC,iPhone15ProMax,ios,Ecruteak City,Johto,US,2024-08-05 16:25:04 UTC,0.371.0,18.5,mobile_phone
2025-08-02 04:09:43 UTC,iPhone15ProMax,ios,Olivine City,Johto,US,2024-08-05 16:25:04 UTC,0.371.0,18.5,mobile_phone
2024-09-06 02:14:08 UTC,iPhone15ProMax,ios,Olivine City,Johto,US,2024-08-05 16:25:04 UTC,0.329.2,17.6.1,mobile_phone
2024-09-06 01:20:55 UTC,iPhone15ProMax,ios,Olivine City,Johto,US,2024-08-05 16:25:04 UTC,0.329.2,17.6.1,mobile_phone
2024-09-06 14:51:19 UTC,iPhone15ProMax,ios,Pallet Town,Kanto,US,2024-08-05 16:25:04 UTC,0.329.2,17.6.1,mobile_phone
2024-09-06 16:03:30 UTC,iPhone15ProMax,ios,Olivine City,Johto,US,2024-08-05 16:25:04 UTC,0.329.2,17.6.1,mobile_phone
2024-09-06 19:55:38 UTC,iPhone15ProMax,ios,Pallet Town,Kanto,US,2024-08-05 16:25:04 UTC,0.329.2,17.6.1,mobile_phone
2025-06-30 19:54:02 UTC,iPhone15ProMax,ios,Olivine City,Johto,US,2024-08-05 16:25:04 UTC,0.367.1,18.5,mobile_phone
2025-06-30 00:00:15 UTC,iPhone15ProMax,ios,Pallet Town,Kanto,US,2024-08-05 16:25:04 UTC,0.367.1,18.5,mobile_phone
2025-06-30 14:15:48 UTC,iPhone15ProMax,ios,Viridian City,Kanto,US,2024-08-05 16:25:04 UTC,0.367.1,18.5,mobile_phone
2025-06-30 01:24:10 UTC,iPhone15ProMax,ios,Olivine City,Johto,US,2024-08-05 16:25:04 UTC,0.367.1,18.5,mobile_phone
2025-10-13 03:27:04 UTC,iPhone15ProMax,ios,Olivine City,Johto,US,2024-08-05 16:25:04 UTC,0.381.4,26.0.1,mobile_phone
2025-02-09 03:08:28 UTC,iPhone15ProMax,ios,Goldenrod City,Johto,US,2024-08-05 16:25:04 UTC,0.347.0,18.3,mobile_phone
2025-02-09 21:33:27 UTC,iPhone15ProMax,ios,New Bark Town,Johto,US,2024-08-05 16:25:04 UTC,0.347.0,18.3,mobile_phone
2025-02-09 07:22:18 UTC,iPhone15ProMax,ios,Olivine City,Johto,US,2024-08-05 16:25:04 UTC,0.347.0,18.3,mobile_phone
2025-03-28 01:30:38 UTC,iPhone15ProMax,ios,Olivine City,Johto,US,2024-08-05 16:25:04 UTC,0.353.2,18.3.2,mobile_phone
2025-03-28 18:18:57 UTC,iPhone15ProMax,ios,Olivine City,Johto,US,2024-08-05 16:25:04 UTC,0.353.2,18.3.2,mobile_phone
2025-03-02 22:28:54 UTC,iPhone15ProMax,ios,Olivine City,Johto,US,2024-08-05 16:25:04 UTC,0.349.1,18.3.1,mobile_phone
2025-03-02 17:24:22 UTC,iPhone15ProMax,ios,Olivine City,Johto,US,2024-08-05 16:25:04 UTC,0.349.1,18.3.1,mobile_phone
2025-03-02 01:12:35 UTC,iPhone15ProMax,ios,Pallet Town,Kanto,US,2024-08-05 16:25:04 UTC,0.349.1,18.3.1,mobile_phone
2025-03-02 00:11:21 UTC,iPhone15ProMax,ios,Pallet Town,Kanto,US,2024-08-05 16:25:04 UTC,0.349.1,18.3.1,mobile_phone
2025-03-02 17:35:52 UTC,iPhone15ProMax,ios,Olivine City,Johto,US,2024-08-05 16:25:04 UTC,0.349.1,18.3.1,mobile_phone
2025-03-02 06:57:17 UTC,iPhone15ProMax,ios,Olivine City,Johto,US,2024-08-05 16:25:04 UTC,0.349.1,18.3.1,mobile_phone
2024-04-29 16:30:55 UTC,iPhone15ProMax,ios,Viridian City,Kanto,US,2023-12-26 17:08:09 UTC,0.309.1,17.4.1,phone
2026-01-21 01:17:05 UTC,iPhone15ProMax,ios,Olivine City,Johto,US,2024-08-05 16:25:04 UTC,0.393.0,26.2,mobile_phone
2024-05-07 14:37:55 UTC,iPhone15ProMax,ios,Viridian City,Kanto,US,2023-12-26 17:08:09 UTC,0.311.1,17.4.1,phone
2024-05-07 04:03:34 UTC,iPhone15ProMax,ios,Viridian City,Kanto,US,2023-12-26 17:08:09 UTC,0.311.1,17.4.1,phone
2024-05-07 21:00:54 UTC,iPhone15ProMax,ios,Viridian City,Kanto,US,2023-12-26 17:08:09 UTC,0.311.1,17.4.1,phone
2026-07-31 03:19:58 UTC,iPhone15ProMax,ios,Olivine City,Johto,US,2024-08-05 16:25:04 UTC,0.421.0,26.5.2,mobile_phone
2024-08-28 22:32:33 UTC,iPhone15ProMax,ios,Olivine City,Johto,US,2024-08-05 16:25:04 UTC,0.327.0,17.6.1,mobile_phone
2024-08-28 17:07:03 UTC,iPhone15ProMax,ios,Goldenrod City,Johto,US,2024-08-05 16:25:04 UTC,0.327.0,17.6.1,mobile_phone
2024-08-28 02:36:17 UTC,iPhone15ProMax,ios,Celadon City,Kanto,US,2024-08-05 16:25:04 UTC,0.327.0,17.6.1,mobile_phone
2024-08-28 01:45:52 UTC,iPhone15ProMax,ios,Celadon City,Kanto,US,2024-08-05 16:25:04 UTC,0.327.0,17.6.1,mobile_phone
2023-03-29 19:44:05 UTC,Pixel 4a,android,Olivine City,Johto,US,2023-02-23 19:14:35 UTC,0.265.0,13,phone
2024-11-02 18:02:29 UTC,iPhone15ProMax,ios,Viridian City,Kanto,US,2024-08-05 16:25:04 UTC,0.335.1,18.0.1,mobile_phone
2026-07-24 20:21:36 UTC,iPhone15ProMax,ios,New Bark Town,Johto,US,2024-08-05 16:25:04 UTC,0.417.6,26.5.2,mobile_phone
2025-12-02 02:26:31 UTC,iPhone15ProMax,ios,Goldenrod City,Johto,US,2024-08-05 16:25:04 UTC,0.387.1,26.1,mobile_phone
2025-12-02 20:16:43 UTC,iPhone15ProMax,ios,New Bark Town,Johto,US,2024-08-05 16:25:04 UTC,0.387.1,26.1,mobile_phone
2025-12-28 21:11:25 UTC,iPhone15ProMax,ios,Olivine City,Johto,US,2024-08-05 16:25:04 UTC,0.391.1,26.1,mobile_phone
2025-12-28 22:24:49 UTC,iPhone15ProMax,ios,New Bark Town,Johto,US,2024-08-05 16:25:04 UTC,0.391.1,26.1,mobile_phone
2025-12-28 21:22:38 UTC,iPhone15ProMax,ios,Olivine City,Johto,US,2024-08-05 16:25:04 UTC,0.391.1,26.1,mobile_phone
2026-07-27 15:13:07 UTC,iPhone15ProMax,ios,Pallet Town,Kanto,US,2024-08-05 16:25:04 UTC,0.421.0,26.5.2,mobile_phone
2022-03-02 13:16:08 UTC,SM-G986U,android,Pallet Town,Kanto,US,2022-02-27 06:08:31 UTC,0.229.2,12,phone
2022-03-02 19:11:59 UTC,SM-G986U,android,Pallet Town,Kanto,US,2022-02-27 06:08:31 UTC,0.229.2,12,phone
2022-03-02 16:24:41 UTC,SM-G986U,android,Pallet Town,Kanto,US,2022-02-27 06:08:31 UTC,0.229.2,12,phone
2022-03-02 16:00:45 UTC,SM-G986U,android,Pallet Town,Kanto,US,2022-02-27 06:08:31 UTC,0.229.2,12,phone
2025-10-17 18:08:36 UTC,iPhone15ProMax,ios,Celadon City,Kanto,US,2024-08-05 16:25:04 UTC,0.383.1,26.0.1,mobile_phone
2025-10-17 02:16:09 UTC,iPhone15ProMax,ios,Olivine City,Johto,US,2024-08-05 16:25:04 UTC,0.383.0,26.0.1,mobile_phone
2025-10-17 03:34:37 UTC,iPhone15ProMax,ios,Olivine City,Johto,US,2024-08-05 16:25:04 UTC,0.383.0,26.0.1,mobile_phone
2024-11-22 05:44:19 UTC,iPhone15ProMax,ios,Olivine City,Johto,US,2024-08-05 16:25:04 UTC,0.339.1,18.1,mobile_phone
2024-11-22 00:48:52 UTC,iPhone15ProMax,ios,Olivine City,Johto,US,2024-08-05 16:25:04 UTC,0.339.1,18.1,mobile_phone
2024-11-22 05:10:48 UTC,iPhone15ProMax,ios,Olivine City,Johto,US,2024-08-05 16:25:04 UTC,0.339.1,18.1,mobile_phone
2024-11-22 16:41:31 UTC,iPhone15ProMax,ios,Olivine City,Johto,US,2024-08-05 16:25:04 UTC,0.339.1,18.1,mobile_phone
2024-11-22 21:26:53 UTC,iPhone15ProMax,ios,Olivine City,Johto,US,2024-08-05 16:25:04 UTC,0.339.1,18.1,mobile_phone
2023-11-22 21:25:42 UTC,Pixel 4a,android,Olivine City,Johto,US,2023-01-04 22:41:42 UTC,0.291.0,13,phone
2026-08-07 17:54:16 UTC,iPhone15ProMax,ios,Olivine City,Johto,US,2024-08-05 16:25:04 UTC,0.423.0,26.5.2,mobile_phone
2022-09-09 14:32:36 UTC,Pixel 4a,android,Olivine City,Johto,US,2021-07-01 16:46:46 UTC,0.247.1,12,phone
2024-05-10 22:12:50 UTC,iPhone15ProMax,ios,Viridian City,Kanto,US,2023-12-26 17:08:09 UTC,0.311.2,17.4.1,phone
2024-05-10 20:47:32 UTC,iPhone15ProMax,ios,Viridian City,Kanto,US,2023-12-26 17:08:09 UTC,0.311.2,17.4.1,phone
2024-05-10 05:32:30 UTC,iPhone15ProMax,ios,Viridian City,Kanto,US,2023-12-26 17:08:09 UTC,0.311.2,17.4.1,phone
2024-09-20 14:54:46 UTC,iPhone15ProMax,ios,Goldenrod City,Johto,US,2024-08-05 16:25:04 UTC,0.331.1,18.0,mobile_phone
2024-09-20 01:43:42 UTC,iPhone15ProMax,ios,Viridian City,Kanto,US,2024-08-05 16:25:04 UTC,0.331.0,18.0,mobile_phone
2024-09-20 05:06:11 UTC,iPhone15ProMax,ios,Olivine City,Johto,US,2024-08-05 16:25:04 UTC,0.331.0,18.0,mobile_phone
2026-03-31 14:01:54 UTC,iPhone15ProMax,ios,Goldenrod City,Johto,US,2024-08-05 16:25:04 UTC,0.403.1,26.3.1,mobile_phone
2024-05-27 18:49:05 UTC,iPhone15ProMax,ios,Olivine City,Johto,US,2023-12-26 17:08:09 UTC,0.313.1,17.5.1,phone
2024-05-27 16:42:00 UTC,iPhone15ProMax,ios,Olivine City,Johto,US,2023-12-26 17:08:09 UTC,0.313.1,17.5.1,phone
2024-05-27 01:37:17 UTC,iPhone15ProMax,ios,Olivine City,Johto,US,2023-12-26 17:08:09 UTC,0.313.1,17.5.1,phone
2024-05-27 17:30:16 UTC,iPhone15ProMax,ios,Olivine City,Johto,US,2023-12-26 17:08:09 UTC,0.313.1,17.5.1,phone
2022-05-01 20:02:50 UTC,SM-G986U,android,Pallet Town,Kanto,US,2022-04-21 18:52:51 UTC,0.235.0,12,phone
2022-05-01 20:55:32 UTC,SM-G986U,android,Pallet Town,Kanto,US,2022-04-21 18:52:51 UTC,0.235.0,12,phone
2026-05-23 20:56:04 UTC,iPhone15ProMax,ios,Olivine City,Johto,US,2024-08-05 16:25:04 UTC,0.411.2,26.4.2,mobile_phone
2022-06-30 14:30:52 UTC,SM-G986U,android,Cerulean City,Kanto,US,2022-06-01 10:44:54 UTC,0.241.0,12,phone
2024-01-11 02:48:22 UTC,iPhone15ProMax,ios,Olivine City,Johto,US,2023-12-26 17:08:09 UTC,0.293.1,17.1.2,phone
2024-05-29 06:15:45 UTC,iPhone15ProMax,ios,Olivine City,Johto,US,2023-12-26 17:08:09 UTC,0.313.1,17.5.1,phone
2024-05-29 04:15:44 UTC,iPhone15ProMax,ios,Olivine City,Johto,US,2023-12-26 17:08:09 UTC,0.313.1,17.5.1,phone
2024-05-29 21:28:54 UTC,iPhone15ProMax,ios,Olivine City,Johto,US,2023-12-26 17:08:09 UTC,0.313.1,17.5.1,phone
2024-05-29 00:14:51 UTC,iPhone15ProMax,ios,Olivine City,Johto,US,2023-12-26 17:08:09 UTC,0.313.1,17.5.1,phone
2024-06-22 03:20:37 UTC,iPhone15ProMax,ios,Cerulean City,Kanto,US,2023-12-26 17:08:09 UTC,0.317.0,17.5.1,mobile_phone
2024-06-22 00:34:49 UTC,iPhone15ProMax,ios,Viridian City,Kanto,US,2023-12-26 17:08:09 UTC,0.317.0,17.5.1,mobile_phone
2024-06-22 20:15:59 UTC,iPhone15ProMax,ios,Viridian City,Kanto,US,2023-12-26 17:08:09 UTC,0.317.0,17.5.1,mobile_phone
2024-06-22 22:55:03 UTC,iPhone15ProMax,ios,Cerulean City,Kanto,US,2023-12-26 17:08:09 UTC,0.317.0,17.5.1,mobile_phone
2024-07-21 19:29:01 UTC,iPhone15ProMax,ios,Cerulean City,Kanto,US,2023-12-26 17:08:09 UTC,0.321.0,17.5.1,mobile_phone
2024-07-21 16:02:29 UTC,iPhone15ProMax,ios,Cerulean City,Kanto,US,2023-12-26 17:08:09 UTC,0.321.0,17.5.1,mobile_phone
2024-07-21 22:31:23 UTC,iPhone15ProMax,ios,Olivine City,Johto,US,2023-12-26 17:08:09 UTC,0.321.0,17.5.1,mobile_phone
2025-01-27 05:28:06 UTC,iPhone15ProMax,ios,Olivine City,Johto,US,2024-08-05 16:25:04 UTC,0.345.0,18.2.1,mobile_phone
2022-03-21 12:19:22 UTC,SM-G986U,android,Pallet Town,Kanto,US,2022-02-27 06:08:31 UTC,0.231.0,12,phone
2022-03-21 19:15:25 UTC,SM-G986U,android,Pallet Town,Kanto,US,2022-02-27 06:08:31 UTC,0.231.0,12,phone
2022-03-21 04:32:32 UTC,SM-G986U,android,Pallet Town,Kanto,US,2022-02-27 06:08:31 UTC,0.231.0,12,phone
2022-08-19 19:43:32 UTC,Pixel 4a,android,Olivine City,Johto,US,2021-07-01 16:46:46 UTC,0.245.2,12,phone
2024-08-23 18:12:47 UTC,iPhone15ProMax,ios,Olivine City,Johto,US,2024-08-05 16:25:04 UTC,0.327.0,17.6.1,mobile_phone
2024-08-23 15:46:27 UTC,iPhone15ProMax,ios,Celadon City,Kanto,US,2024-08-05 16:25:04 UTC,0.327.0,17.6.1,mobile_phone
2024-08-23 04:22:32 UTC,iPhone15ProMax,ios,Olivine City,Johto,US,2024-08-05 16:25:04 UTC,0.327.0,17.6.1,mobile_phone
2024-08-23 00:39:46 UTC,iPhone15ProMax,ios,Celadon City,Kanto,US,2024-08-05 16:25:04 UTC,0.327.0,17.6.1,mobile_phone
2024-08-23 15:20:17 UTC,iPhone15ProMax,ios,Celadon City,Kanto,US,2024-08-05 16:25:04 UTC,0.327.0,17.6.1,mobile_phone
2024-08-23 01:51:27 UTC,iPhone15ProMax,ios,Olivine City,Johto,US,2024-08-05 16:25:04 UTC,0.327.0,17.6.1,mobile_phone
2024-08-23 18:33:35 UTC,iPhone15ProMax,ios,Olivine City,Johto,US,2024-08-05 16:25:04 UTC,0.327.0,17.6.1,mobile_phone
2022-08-27 17:14:22 UTC,SM-G986U,android,Olivine City,Johto,US,2022-07-02 20:03:18 UTC,0.245.2,12,phone
2025-10-11 20:58:31 UTC,iPhone15ProMax,ios,Olivine City,Johto,US,2024-08-05 16:25:04 UTC,0.381.4,26.0.1,mobile_phone
2025-10-06 04:01:32 UTC,iPhone15ProMax,ios,Olivine City,Johto,US,2024-08-05 16:25:04 UTC,0.381.3,26.0.1,mobile_phone
2022-05-26 21:17:13 UTC,SM-G986U,android,Pallet Town,Kanto,US,2022-04-21 18:52:51 UTC,0.237.0,12,phone
2022-05-26 02:20:45 UTC,SM-G986U,android,Pallet Town,Kanto,US,2022-04-21 18:52:51 UTC,0.237.0,12,phone
2023-01-30 17:27:48 UTC,SM-G986U,android,Olivine City,Johto,US,2023-01-09 02:58:29 UTC,0.257.1,13,phone
2024-04-25 07:48:49 UTC,iPhone15ProMax,ios,Viridian City,Kanto,US,2023-12-26 17:08:09 UTC,0.309.1,17.4.1,phone
2024-05-16 17:22:18 UTC,iPhone15ProMax,ios,Olivine City,Johto,US,2023-12-26 17:08:09 UTC,0.313.0,17.4.1,phone
2026-01-17 19:08:20 UTC,iPhone15ProMax,ios,Viridian City,Kanto,US,2024-08-05 16:25:04 UTC,0.393.0,26.2,mobile_phone
2024-11-26 02:15:43 UTC,iPhone15ProMax,ios,Olivine City,Johto,US,2024-08-05 16:25:04 UTC,0.339.1,18.1.1,mobile_phone
2024-08-05 00:37:11 UTC,iPhone15ProMax,ios,Cerulean City,Kanto,CA,2023-12-26 17:08:09 UTC,0.323.1,17.5.1,mobile_phone
2024-08-05 22:18:16 UTC,iPhone15ProMax,ios,Celadon City,Kanto,US,2024-08-05 16:25:04 UTC,0.323.1,17.5.1,mobile_phone
2024-08-05 21:42:08 UTC,iPhone15ProMax,ios,Olivine City,Johto,US,2024-08-05 16:25:04 UTC,0.323.1,17.5.1,mobile_phone
2024-08-05 01:59:35 UTC,iPhone15ProMax,ios,Cerulean City,Kanto,CA,2023-12-26 17:08:09 UTC,0.323.1,17.5.1,mobile_phone
2024-08-05 01:37:39 UTC,iPhone15ProMax,ios,Cerulean City,Kanto,CA,2023-12-26 17:08:09 UTC,0.323.1,17.5.1,mobile_phone
2025-03-23 01:09:00 UTC,iPhone15ProMax,ios,Pallet Town,Kanto,US,2024-08-05 16:25:04 UTC,0.353.1,18.3.2,mobile_phone
2025-03-23 03:48:06 UTC,iPhone15ProMax,ios,Olivine City,Johto,US,2024-08-05 16:25:04 UTC,0.353.1,18.3.2,mobile_phone
2025-03-23 17:22:23 UTC,iPhone15ProMax,ios,Olivine City,Johto,US,2024-08-05 16:25:04 UTC,0.353.1,18.3.2,mobile_phone
2024-10-17 01:44:57 UTC,iPhone15ProMax,ios,Olivine City,Johto,US,2024-08-05 16:25:04 UTC,0.335.0,18.0.1,mobile_phone
2024-10-17 17:03:45 UTC,iPhone15ProMax,ios,Goldenrod City,Johto,US,2024-08-05 16:25:04 UTC,0.335.0,18.0.1,mobile_phone
2024-06-23 08:25:01 UTC,iPhone15ProMax,ios,Viridian City,Kanto,US,2023-12-26 17:08:09 UTC,0.317.0,17.5.1,mobile_phone
2024-06-23 09:19:49 UTC,iPhone15ProMax,ios,Viridian City,Kanto,US,2023-12-26 17:08:09 UTC,0.317.0,17.5.1,mobile_phone
2024-06-23 22:06:10 UTC,iPhone15ProMax,ios,Viridian City,Kanto,US,2023-12-26 17:08:09 UTC,0.317.0,17.5.1,mobile_phone
2024-06-23 02:36:10 UTC,iPhone15ProMax,ios,Viridian City,Kanto,US,2023-12-26 17:08:09 UTC,0.317.0,17.5.1,mobile_phone
2024-05-08 06:50:04 UTC,iPhone15ProMax,ios,Viridian City,Kanto,US,2023-12-26 17:08:09 UTC,0.311.1,17.4.1,phone
2024-05-08 01:18:02 UTC,iPhone15ProMax,ios,Olivine City,Johto,US,2023-12-26 17:08:09 UTC,0.311.1,17.4.1,phone
2024-05-08 04:47:19 UTC,iPhone15ProMax,ios,Viridian City,Kanto,US,2023-12-26 17:08:09 UTC,0.311.1,17.4.1,phone
2024-05-08 21:09:41 UTC,iPhone15ProMax,ios,Olivine City,Johto,US,2023-12-26 17:08:09 UTC,0.311.1,17.4.1,phone
2024-12-06 16:43:24 UTC,iPhone15ProMax,ios,Olivine City,Johto,US,2024-08-05 16:25:04 UTC,0.341.2,18.1.1,mobile_phone
2024-12-06 19:42:46 UTC,iPhone15ProMax,ios,Olivine City,Johto,US,2024-08-05 16:25:04 UTC,0.341.2,18.1.1,mobile_phone
2023-03-20 22:58:49 UTC,SM-G986U,android,Olivine City,Johto,US,2023-01-09 02:58:29 UTC,0.265.0,13,phone
2023-02-02 18:17:11 UTC,SM-G986U,android,Olivine City,Johto,US,2023-01-09 02:58:29 UTC,0.257.1,13,phone
2024-09-14 18:53:25 UTC,iPhone15ProMax,ios,Ecruteak City,Johto,US,2024-08-05 16:25:04 UTC,0.329.2,17.6.1,mobile_phone
2024-09-14 19:23:13 UTC,iPhone15ProMax,ios,Ecruteak City,Johto,US,2024-08-05 16:25:04 UTC,0.329.2,17.6.1,mobile_phone
2024-09-14 01:02:03 UTC,iPhone15ProMax,ios,Olivine City,Johto,US,2024-08-05 16:25:04 UTC,0.329.2,17.6.1,mobile_phone
2024-06-10 01:01:07 UTC,iPhone15ProMax,ios,Olivine City,Johto,US,2023-12-26 17:08:09 UTC,0.315.2,17.5.1,phone
2024-06-10 04:14:57 UTC,iPhone15ProMax,ios,Olivine City,Johto,US,2023-12-26 17:08:09 UTC,0.315.2,17.5.1,phone
2026-04-15 15:16:55 UTC,iPhone15ProMax,ios,Olivine City,Johto,US,2024-08-05 16:25:04 UTC,0.407.0,26.3.1,mobile_phone
2025-04-11 23:23:34 UTC,iPhone15ProMax,ios,Olivine City,Johto,US,2024-08-05 16:25:04 UTC,0.355.0,18.4,mobile_phone
2025-03-20 22:06:34 UTC,iPhone15ProMax,ios,Olivine City,Johto,US,2024-08-05 16:25:04 UTC,0.353.0,18.3.2,mobile_phone
2025-03-20 03:58:41 UTC,iPhone15ProMax,ios,Olivine City,Johto,US,2024-08-05 16:25:04 UTC,0.353.0,18.3.2,mobile_phone
2025-03-20 01:05:07 UTC,iPhone15ProMax,ios,Pallet Town,Kanto,US,2024-08-05 16:25:04 UTC,0.353.0,18.3.2,mobile_phone
2023-03-09 22:57:04 UTC,Pixel 4a,android,Olivine City,Johto,US,2023-02-23 19:14:35 UTC,0.263.1,13,phone
2023-05-02 16:08:44 UTC,Pixel 4a,android,Olivine City,Johto,US,2023-02-23 19:14:35 UTC,0.267.1,13,phone
2025-06-05 01:37:52 UTC,iPhone15ProMax,ios,Goldenrod City,Johto,US,2024-08-05 16:25:04 UTC,0.363.2,18.5,mobile_phone
2022-03-22 21:27:23 UTC,SM-G986U,android,Pallet Town,Kanto,US,2022-02-27 06:08:31 UTC,0.231.0,12,phone
2022-03-22 13:07:05 UTC,SM-G986U,android,Pallet Town,Kanto,US,2022-02-27 06:08:31 UTC,0.231.0,12,phone
2026-03-11 15:20:38 UTC,iPhone15ProMax,ios,Goldenrod City,Johto,US,2024-08-05 16:25:04 UTC,0.401.1,26.3.1,mobile_phone
2026-03-11 15:41:07 UTC,iPhone15ProMax,ios,Goldenrod City,Johto,US,2024-08-05 16:25:04 UTC,0.401.1,26.3.1,mobile_phone
2025-06-23 03:08:24 UTC,iPhone15ProMax,ios,Celadon City,Kanto,US,2024-08-05 16:25:04 UTC,0.365.1,18.5,mobile_phone
2025-06-23 02:43:59 UTC,iPhone15ProMax,ios,Celadon City,Kanto,US,2024-08-05 16:25:04 UTC,0.365.1,18.5,mobile_phone
2024-09-22 06:04:19 UTC,iPhone15ProMax,ios,Olivine City,Johto,US,2024-08-05 16:25:04 UTC,0.331.1,18.0,mobile_phone
2024-09-22 21:35:01 UTC,iPhone15ProMax,ios,Goldenrod City,Johto,US,2024-08-05 16:25:04 UTC,0.331.1,18.0,mobile_phone
2024-09-22 03:22:53 UTC,iPhone15ProMax,ios,Goldenrod City,Johto,US,2024-08-05 16:25:04 UTC,0.331.1,18.0,mobile_phone
2024-09-22 08:43:16 UTC,iPhone15ProMax,ios,Olivine City,Johto,US,2024-08-05 16:25:04 UTC,0.331.1,18.0,mobile_phone
2024-09-22 16:10:48 UTC,iPhone15ProMax,ios,Olivine City,Johto,US,2024-08-05 16:25:04 UTC,0.331.1,18.0,mobile_phone
2026-01-26 18:02:24 UTC,iPhone15ProMax,ios,Olivine City,Johto,US,2024-08-05 16:25:04 UTC,0.395.1,26.2,mobile_phone
2026-01-26 03:33:10 UTC,iPhone15ProMax,ios,Olivine City,Johto,US,2024-08-05 16:25:04 UTC,0.395.0,26.2,mobile_phone
2026-02-22 21:31:23 UTC,iPhone15ProMax,ios,Viridian City,Kanto,US,2024-08-05 16:25:04 UTC,0.399.1,26.2.1,mobile_phone
2026-02-22 17:19:40 UTC,iPhone15ProMax,ios,Celadon City,Kanto,US,2024-08-05 16:25:04 UTC,0.399.1,26.2.1,mobile_phone
2026-02-22 17:32:29 UTC,iPhone15,ios,Pallet Town,Kanto,US,2025-02-06 11:14:11 UTC,0.399.1,26.2.1,mobile_phone
2025-02-23 05:10:29 UTC,iPhone15ProMax,ios,Olivine City,Johto,US,2024-08-05 16:25:04 UTC,0.349.0,18.3.1,mobile_phone
2025-02-23 19:28:01 UTC,iPhone15ProMax,ios,Olivine City,Johto,US,2024-08-05 16:25:04 UTC,0.349.0,18.3.1,mobile_phone
2025-02-23 03:19:46 UTC,iPhone15ProMax,ios,Olivine City,Johto,US,2024-08-05 16:25:04 UTC,0.349.0,18.3.1,mobile_phone
2025-02-23 02:05:02 UTC,iPhone15ProMax,ios,Pallet Town,Kanto,US,2024-08-05 16:25:04 UTC,0.349.0,18.3.1,mobile_phone
2024-01-23 14:30:18 UTC,iPhone15ProMax,ios,Olivine City,Johto,US,2023-12-26 17:08:09 UTC,0.293.1,17.2.1,phone
2024-01-20 22:04:37 UTC,iPhone15ProMax,ios,Olivine City,Johto,US,2023-12-26 17:08:09 UTC,0.293.1,17.2.1,phone
2026-05-27 00:13:26 UTC,iPhone15ProMax,ios,Olivine City,Johto,US,2024-08-05 16:25:04 UTC,0.411.3,26.5,mobile_phone
2026-05-27 15:44:28 UTC,iPhone15ProMax,ios,Pallet Town,Kanto,US,2024-08-05 16:25:04 UTC,0.413.0,26.5,mobile_phone
2025-08-04 04:31:20 UTC,iPhone15ProMax,ios,Olivine City,Johto,US,2024-08-05 16:25:04 UTC,0.371.0,18.6,mobile_phone
2022-05-03 16:55:01 UTC,SM-G986U,android,Pallet Town,Kanto,US,2022-04-21 18:52:51 UTC,0.235.0,12,phone
2022-05-03 14:41:15 UTC,SM-G986U,android,Pallet Town,Kanto,US,2022-04-21 18:52:51 UTC,0.235.0,12,phone
2025-02-02 16:51:18 UTC,iPhone15ProMax,ios,Goldenrod City,Johto,US,2024-08-05 16:25:04 UTC,0.345.0,18.3,mobile_phone
2025-02-02 00:57:13 UTC,iPhone15ProMax,ios,Olivine City,Johto,US,2024-08-05 16:25:04 UTC,0.345.0,18.3,mobile_phone
2025-02-02 01:57:40 UTC,iPhone15ProMax,ios,Olivine City,Johto,US,2024-08-05 16:25:04 UTC,0.345.0,18.3,mobile_phone
2026-04-09 16:55:45 UTC,iPhone15ProMax,ios,Olivine City,Johto,US,2024-08-05 16:25:04 UTC,0.405.0,26.3.1,mobile_phone
2025-01-11 23:21:03 UTC,iPhone15ProMax,ios,Olivine City,Johto,US,2024-08-05 16:25:04 UTC,0.343.2,18.2.1,mobile_phone
2025-01-11 05:12:06 UTC,iPhone15ProMax,ios,Olivine City,Johto,US,2024-08-05 16:25:04 UTC,0.343.2,18.2.1,mobile_phone
2025-01-11 22:00:26 UTC,iPhone15ProMax,ios,Olivine City,Johto,US,2024-08-05 16:25:04 UTC,0.343.2,18.2.1,mobile_phone
2025-01-11 23:43:51 UTC,iPhone15ProMax,ios,Olivine City,Johto,US,2024-08-05 16:25:04 UTC,0.343.2,18.2.1,mobile_phone
2025-11-27 01:39:37 UTC,iPhone15ProMax,ios,Olivine City,Johto,US,2024-08-05 16:25:04 UTC,0.387.1,26.1,mobile_phone
2025-11-27 21:04:33 UTC,iPhone15ProMax,ios,Olivine City,Johto,US,2024-08-05 16:25:04 UTC,0.387.1,26.1,mobile_phone
2025-11-27 01:03:41 UTC,iPhone15ProMax,ios,New Bark Town,Johto,US,2024-08-05 16:25:04 UTC,0.387.1,26.1,mobile_phone
2025-09-07 21:26:24 UTC,iPhone15ProMax,ios,Cerulean City,Kanto,US,2024-08-05 16:25:04 UTC,0.375.2,18.6.2,mobile_phone
2025-09-07 00:01:53 UTC,iPhone15ProMax,ios,Olivine City,Johto,US,2024-08-05 16:25:04 UTC,0.375.2,18.6.2,mobile_phone
2025-09-07 23:08:58 UTC,iPhone15ProMax,ios,Olivine City,Johto,US,2024-08-05 16:25:04 UTC,0.375.2,18.6.2,mobile_phone
2025-09-07 04:35:11 UTC,iPhone15ProMax,ios,Olivine City,Johto,US,2024-08-05 16:25:04 UTC,0.375.2,18.6.2,mobile_phone
2025-02-12 01:15:46 UTC,iPhone15ProMax,ios,Goldenrod City,Johto,US,2024-08-05 16:25:04 UTC,0.347.0,18.3,mobile_phone
2025-02-12 15:59:56 UTC,iPhone15ProMax,ios,Olivine City,Johto,US,2024-08-05 16:25:04 UTC,0.347.0,18.3,mobile_phone
2025-02-12 04:25:03 UTC,iPhone15ProMax,ios,Olivine City,Johto,US,2024-08-05 16:25:04 UTC,0.347.0,18.3,mobile_phone
2024-09-25 02:23:32 UTC,iPhone15ProMax,ios,Olivine City,Johto,US,2024-08-05 16:25:04 UTC,0.331.1,18.0,mobile_phone
2024-09-25 05:48:21 UTC,iPhone15ProMax,ios,Olivine City,Johto,US,2024-08-05 16:25:04 UTC,0.331.1,18.0,mobile_phone
2023-03-07 23:05:53 UTC,Pixel 4a,android,Olivine City,Johto,US,2023-02-23 19:14:35 UTC,0.263.1,13,phone
2025-01-05 21:57:23 UTC,iPhone15ProMax,ios,New Bark Town,Johto,US,2024-08-05 16:25:04 UTC,0.343.1,18.2,mobile_phone
2025-01-05 21:45:20 UTC,iPhone15ProMax,ios,New Bark Town,Johto,US,2024-08-05 16:25:04 UTC,0.343.1,18.2,mobile_phone
2025-01-05 22:08:35 UTC,iPhone15ProMax,ios,New Bark Town,Johto,US,2024-08-05 16:25:04 UTC,0.343.1,18.2,mobile_phone
2023-02-07 01:15:11 UTC,SM-G986U,android,Olivine City,Johto,US,2023-01-09 02:58:29 UTC,0.261.1,13,phone
2022-04-04 12:10:47 UTC,SM-G986U,android,Pallet Town,Kanto,US,2022-04-04 05:03:56 UTC,0.233.0,12,phone
2022-04-04 18:08:08 UTC,SM-G986U,android,Pallet Town,Kanto,US,2022-04-04 05:03:56 UTC,0.233.0,12,phone
2022-04-04 00:22:50 UTC,SM-G986U,android,Olivine City,Johto,US,2022-03-25 07:16:03 UTC,0.233.0,12,phone
2022-04-04 05:45:53 UTC,SM-G986U,android,Pallet Town,Kanto,US,2022-04-04 05:03:56 UTC,0.233.0,12,phone
2024-11-25 04:39:32 UTC,iPhone15ProMax,ios,Olivine City,Johto,US,2024-08-05 16:25:04 UTC,0.339.1,18.1.1,mobile_phone
2024-11-25 00:23:00 UTC,iPhone15ProMax,ios,Pallet Town,Kanto,US,2024-08-05 16:25:04 UTC,0.339.1,18.1.1,mobile_phone
2023-03-05 23:49:48 UTC,Pixel 4a,android,Olivine City,Johto,US,2023-02-23 19:14:35 UTC,0.263.0,13,phone
2024-07-09 18:09:58 UTC,iPhone15ProMax,ios,Viridian City,Kanto,US,2023-12-26 17:08:09 UTC,0.319.0,17.5.1,mobile_phone
2024-07-09 05:22:13 UTC,iPhone15ProMax,ios,Viridian City,Kanto,US,2023-12-26 17:08:09 UTC,0.319.0,17.5.1,mobile_phone
2024-07-09 18:59:51 UTC,iPhone15ProMax,ios,Viridian City,Kanto,US,2023-12-26 17:08:09 UTC,0.319.0,17.5.1,mobile_phone
2024-07-09 03:56:21 UTC,iPhone15ProMax,ios,Olivine City,Johto,US,2023-12-26 17:08:09 UTC,0.319.0,17.5.1,mobile_phone
2024-07-09 22:45:48 UTC,iPhone15ProMax,ios,Viridian City,Kanto,US,2023-12-26 17:08:09 UTC,0.319.0,17.5.1,mobile_phone
2024-07-09 04:07:27 UTC,iPhone15ProMax,ios,Olivine City,Johto,US,2023-12-26 17:08:09 UTC,0.319.0,17.5.1,mobile_phone
2024-07-09 23:18:03 UTC,iPhone15ProMax,ios,Viridian City,Kanto,US,2023-12-26 17:08:09 UTC,0.319.0,17.5.1,mobile_phone
2022-05-06 18:40:34 UTC,SM-G986U,android,Pallet Town,Kanto,US,2022-04-21 18:52:51 UTC,0.235.0,12,phone
2026-01-10 01:21:02 UTC,iPhone15ProMax,ios,Olivine City,Johto,US,2024-08-05 16:25:04 UTC,0.393.0,26.2,mobile_phone
2022-08-16 18:42:53 UTC,Pixel 4a,android,Olivine City,Johto,US,2021-07-01 16:46:46 UTC,0.245.2,12,phone
2025-12-10 02:25:31 UTC,iPhone15ProMax,ios,New Bark Town,Johto,US,2024-08-05 16:25:04 UTC,0.389.2,26.1,mobile_phone
2025-12-10 02:06:03 UTC,iPhone15ProMax,ios,New Bark Town,Johto,US,2024-08-05 16:25:04 UTC,0.389.2,26.1,mobile_phone
2025-08-08 02:44:24 UTC,iPhone15ProMax,ios,Olivine City,Johto,US,2024-08-05 16:25:04 UTC,0.373.0,18.6,mobile_phone
2026-05-18 05:06:51 UTC,iPhone15ProMax,ios,Olivine City,Johto,US,2024-08-05 16:25:04 UTC,0.411.1,26.4.2,mobile_phone
2024-12-08 20:57:53 UTC,iPhone15ProMax,ios,Viridian City,Kanto,US,2024-08-05 16:25:04 UTC,0.341.2,18.1.1,mobile_phone
2024-12-08 22:53:29 UTC,iPhone15ProMax,ios,Viridian City,Kanto,US,2024-08-05 16:25:04 UTC,0.341.2,18.1.1,mobile_phone
2024-12-08 05:22:07 UTC,iPhone15ProMax,ios,Olivine City,Johto,US,2024-08-05 16:25:04 UTC,0.341.2,18.1.1,mobile_phone
2025-11-10 02:40:08 UTC,iPhone15ProMax,ios,Olivine City,Johto,US,2024-08-05 16:25:04 UTC,0.385.2,26.0.1,mobile_phone
2025-11-10 13:39:08 UTC,iPhone15ProMax,ios,Cerulean City,Kanto,US,2024-08-05 16:25:04 UTC,0.385.2,26.0.1,mobile_phone
2025-06-19 20:24:44 UTC,iPhone15ProMax,ios,Olivine City,Johto,US,2024-08-05 16:25:04 UTC,0.365.1,18.5,mobile_phone
2025-06-19 01:19:22 UTC,iPhone15ProMax,ios,Pallet Town,Kanto,US,2024-08-05 16:25:04 UTC,0.365.1,18.5,mobile_phone
2024-07-29 04:56:44 UTC,iPhone15ProMax,ios,Olivine City,Johto,US,2023-12-26 17:08:09 UTC,0.323.1,17.5.1,mobile_phone
2024-07-29 05:57:34 UTC,iPhone15ProMax,ios,Olivine City,Johto,US,2023-12-26 17:08:09 UTC,0.323.1,17.5.1,mobile_phone
2024-07-29 01:41:50 UTC,iPhone15ProMax,ios,Goldenrod City,Johto,US,2023-12-26 17:08:09 UTC,0.323.1,17.5.1,mobile_phone
2025-10-18 23:01:55 UTC,iPhone15ProMax,ios,Cerulean City,Kanto,US,2024-08-05 16:25:04 UTC,0.383.2,26.0.1,mobile_phone
2025-10-18 21:40:28 UTC,iPhone15ProMax,ios,Cerulean City,Kanto,US,2024-08-05 16:25:04 UTC,0.383.2,26.0.1,mobile_phone
2025-10-18 23:49:52 UTC,iPhone15ProMax,ios,Goldenrod City,Johto,US,2024-08-05 16:25:04 UTC,0.383.2,26.0.1,mobile_phone
2025-10-18 04:18:19 UTC,iPhone15ProMax,ios,Olivine City,Johto,US,2024-08-05 16:25:04 UTC,0.383.1,26.0.1,mobile_phone
2025-10-18 02:44:11 UTC,iPhone15ProMax,ios,Olivine City,Johto,US,2024-08-05 16:25:04 UTC,0.383.1,26.0.1,mobile_phone
2022-03-01 15:23:45 UTC,SM-G986U,android,Pallet Town,Kanto,US,2022-02-27 06:08:31 UTC,0.229.2,12,phone
2022-03-01 13:42:01 UTC,SM-G986U,android,Pallet Town,Kanto,US,2022-02-27 06:08:31 UTC,0.229.2,12,phone
2022-03-01 17:24:10 UTC,SM-G986U,android,Pallet Town,Kanto,US,2022-02-27 06:08:31 UTC,0.229.2,12,phone
2025-12-24 00:11:48 UTC,iPhone15ProMax,ios,Goldenrod City,Johto,US,2024-08-05 16:25:04 UTC,0.391.1,26.1,mobile_phone
2025-12-24 15:43:21 UTC,iPhone15ProMax,ios,Cerulean City,Kanto,US,2024-08-05 16:25:04 UTC,0.391.1,26.1,mobile_phone
2024-10-04 06:16:52 UTC,iPhone15ProMax,ios,Olivine City,Johto,US,2024-08-05 16:25:04 UTC,0.333.0,18.0,mobile_phone
2024-10-04 06:37:37 UTC,iPhone15ProMax,ios,Olivine City,Johto,US,2024-08-05 16:25:04 UTC,0.333.0,18.0,mobile_phone
2024-10-04 15:29:43 UTC,iPhone15ProMax,ios,Pallet Town,Kanto,US,2024-08-05 16:25:04 UTC,0.333.0,18.0,mobile_phone
2024-10-04 18:19:19 UTC,iPhone15ProMax,ios,Pallet Town,Kanto,US,2024-08-05 16:25:04 UTC,0.333.0,18.0,mobile_phone
2024-09-11 13:44:53 UTC,iPhone15ProMax,ios,Olivine City,Johto,US,2024-08-05 16:25:04 UTC,0.329.2,17.6.1,mobile_phone
2024-09-11 20:04:13 UTC,iPhone15ProMax,ios,Olivine City,Johto,US,2024-08-05 16:25:04 UTC,0.329.2,17.6.1,mobile_phone
2024-09-11 04:07:59 UTC,iPhone15ProMax,ios,Olivine City,Johto,US,2024-08-05 16:25:04 UTC,0.329.2,17.6.1,mobile_phone
2024-09-11 19:30:21 UTC,iPhone15ProMax,ios,Olivine City,Johto,US,2024-08-05 16:25:04 UTC,0.329.2,17.6.1,mobile_phone
2024-09-11 02:00:24 UTC,iPhone15ProMax,ios,Olivine City,Johto,US,2024-08-05 16:25:04 UTC,0.329.2,17.6.1,mobile_phone
2025-10-05 02:59:03 UTC,iPhone15ProMax,ios,Olivine City,Johto,US,2024-08-05 16:25:04 UTC,0.381.2,26.0.1,mobile_phone
2025-10-05 01:24:38 UTC,iPhone15ProMax,ios,Olivine City,Johto,US,2024-08-05 16:25:04 UTC,0.381.2,26.0.1,mobile_phone
2023-01-28 17:07:22 UTC,SM-G986U,android,Olivine City,Johto,US,2023-01-09 02:58:29 UTC,0.257.1,13,phone
2022-04-08 15:14:15 UTC,SM-G986U,android,Pallet Town,Kanto,US,2022-04-04 05:03:56 UTC,0.233.1,12,phone
2022-04-08 01:14:06 UTC,SM-G986U,android,Pallet Town,Kanto,US,2022-04-04 05:03:56 UTC,0.233.0,12,phone
2024-08-11 07:51:58 UTC,iPhone15ProMax,ios,Olivine City,Johto,US,2024-08-05 16:25:04 UTC,0.325.1,17.6.1,mobile_phone
2024-08-11 20:02:01 UTC,iPhone15ProMax,ios,Olivine City,Johto,US,2024-08-05 16:25:04 UTC,0.325.1,17.6.1,mobile_phone
2024-08-11 18:19:51 UTC,iPhone15ProMax,ios,Olivine City,Johto,US,2024-08-05 16:25:04 UTC,0.325.1,17.6.1,mobile_phone
2024-08-11 00:08:37 UTC,iPhone15ProMax,ios,Cerulean City,Kanto,US,2024-08-05 16:25:04 UTC,0.325.1,17.6.1,mobile_phone
2024-08-11 19:08:50 UTC,iPhone15ProMax,ios,Olivine City,Johto,US,2024-08-05 16:25:04 UTC,0.325.1,17.6.1,mobile_phone
2025-07-20 21:04:44 UTC,iPhone15ProMax,ios,New Bark Town,Johto,US,2024-08-05 16:25:04 UTC,0.369.1,18.5,mobile_phone
2025-07-20 22:28:59 UTC,iPhone15ProMax,ios,New Bark Town,Johto,US,2024-08-05 16:25:04 UTC,0.369.1,18.5,mobile_phone
2025-07-20 21:57:47 UTC,iPhone15ProMax,ios,New Bark Town,Johto,US,2024-08-05 16:25:04 UTC,0.369.1,18.5,mobile_phone
2025-08-10 22:04:25 UTC,iPhone15ProMax,ios,Olivine City,Johto,US,2024-08-05 16:25:04 UTC,0.373.1,18.6,mobile_phone
2025-08-10 19:08:40 UTC,iPhone15ProMax,ios,Olivine City,Johto,US,2024-08-05 16:25:04 UTC,0.373.1,18.6,mobile_phone
2025-08-10 18:11:48 UTC,iPhone15ProMax,ios,Pallet Town,Kanto,US,2024-08-05 16:25:04 UTC,0.373.1,18.6,mobile_phone
2025-08-10 18:22:20 UTC,iPhone15ProMax,ios,Olivine City,Johto,US,2024-08-05 16:25:04 UTC,0.373.1,18.6,mobile_phone
2025-08-10 17:38:56 UTC,iPhone15ProMax,ios,Pallet Town,Kanto,US,2024-08-05 16:25:04 UTC,0.373.1,18.6,mobile_phone
2025-06-07 20:30:06 UTC,iPhone15ProMax,ios,Olivine City,Johto,US,2024-08-05 16:25:04 UTC,0.363.2,18.5,mobile_phone
2025-06-07 22:24:10 UTC,iPhone15ProMax,ios,Ecruteak City,Johto,US,2024-08-05 16:25:04 UTC,0.363.2,18.5,mobile_phone
2025-06-07 03:23:36 UTC,iPhone15ProMax,ios,Olivine City,Johto,US,2024-08-05 16:25:04 UTC,0.363.2,18.5,mobile_phone
2025-01-18 22:55:19 UTC,iPhone15ProMax,ios,Olivine City,Johto,US,2024-08-05 16:25:04 UTC,0.343.2,18.2.1,mobile_phone
2025-01-18 17:07:18 UTC,iPhone15ProMax,ios,Olivine City,Johto,US,2024-08-05 16:25:04 UTC,0.343.2,18.2.1,mobile_phone
2023-01-15 15:51:09 UTC,SM-G986U,android,Olivine City,Johto,US,2023-01-09 02:58:29 UTC,0.257.1,13,phone
2024-02-01 21:44:24 UTC,iPhone15ProMax,ios,Olivine City,Johto,US,2023-12-26 17:08:09 UTC,0.297.0,17.2.1,phone
2025-12-27 22:21:54 UTC,iPhone15ProMax,ios,New Bark Town,Johto,US,2024-08-05 16:25:04 UTC,0.391.1,26.1,mobile_phone
2025-12-27 00:30:41 UTC,iPhone15ProMax,ios,Olivine City,Johto,US,2024-08-05 16:25:04 UTC,0.391.1,26.1,mobile_phone
2025-12-27 00:18:00 UTC,iPhone15ProMax,ios,Olivine City,Johto,US,2024-08-05 16:25:04 UTC,0.391.1,26.1,mobile_phone
2025-01-20 16:48:09 UTC,iPhone15ProMax,ios,Olivine City,Johto,US,2024-08-05 16:25:04 UTC,0.343.2,18.2.1,mobile_phone
2025-01-20 01:36:23 UTC,iPhone15ProMax,ios,Olivine City,Johto,US,2024-08-05 16:25:04 UTC,0.343.2,18.2.1,mobile_phone
2022-05-08 05:43:04 UTC,SM-G986U,android,Pallet Town,Kanto,US,2022-04-21 18:52:51 UTC,0.237.0,12,phone
2022-05-08 04:58:29 UTC,SM-G986U,android,Pallet Town,Kanto,US,2022-04-21 18:52:51 UTC,0.237.0,12,phone
2025-08-19 23:12:02 UTC,iPhone15ProMax,ios,Celadon City,Kanto,US,2024-08-05 16:25:04 UTC,0.373.2,18.6.1,mobile_phone
2025-08-19 02:04:02 UTC,iPhone15ProMax,ios,Olivine City,Johto,US,2024-08-05 16:25:04 UTC,0.373.2,18.6.1,mobile_phone
2025-08-19 15:11:46 UTC,iPhone15ProMax,ios,Celadon City,Kanto,US,2024-08-05 16:25:04 UTC,0.373.2,18.6.1,mobile_phone
2025-08-19 14:20:25 UTC,iPhone15ProMax,ios,Celadon City,Kanto,US,2024-08-05 16:25:04 UTC,0.373.2,18.6.1,mobile_phone
2025-08-19 14:56:03 UTC,iPhone15ProMax,ios,Celadon City,Kanto,US,2024-08-05 16:25:04 UTC,0.373.2,18.6.1,mobile_phone
2025-06-03 01:42:35 UTC,iPhone15ProMax,ios,Olivine City,Johto,US,2024-08-05 16:25:04 UTC,0.361.0,18.5,mobile_phone
2026-04-24 20:21:48 UTC,iPhone15ProMax,ios,Olivine City,Johto,US,2024-08-05 16:25:04 UTC,0.407.0,26.3.1,mobile_phone
2024-06-20 15:50:17 UTC,iPhone15ProMax,ios,Olivine City,Johto,US,2023-12-26 17:08:09 UTC,0.317.0,17.5.1,unknown_device_category
2024-06-20 01:16:20 UTC,iPhone15ProMax,ios,Cerulean City,Kanto,US,2023-12-26 17:08:09 UTC,0.317.0,17.5.1,unknown_device_category
2024-11-01 17:19:29 UTC,iPhone15ProMax,ios,Olivine City,Johto,US,2024-08-05 16:25:04 UTC,0.335.1,18.0.1,mobile_phone
2024-11-01 00:39:04 UTC,iPhone15ProMax,ios,Pallet Town,Kanto,US,2024-08-05 16:25:04 UTC,0.335.1,18.0.1,mobile_phone
2024-12-29 22:03:58 UTC,iPhone15ProMax,ios,Ecruteak City,Johto,US,2024-08-05 16:25:04 UTC,0.343.0,18.2,mobile_phone
2024-12-29 19:16:31 UTC,iPhone15ProMax,ios,Ecruteak City,Johto,US,2024-08-05 16:25:04 UTC,0.343.0,18.2,mobile_phone
2025-01-14 01:54:54 UTC,iPhone15ProMax,ios,Goldenrod City,Johto,US,2024-08-05 16:25:04 UTC,0.343.2,18.2.1,mobile_phone
2025-01-14 03:05:38 UTC,iPhone15ProMax,ios,Olivine City,Johto,US,2024-08-05 16:25:04 UTC,0.343.2,18.2.1,mobile_phone
2026-04-13 03:13:19 UTC,iPhone15ProMax,ios,Olivine City,Johto,US,2024-08-05 16:25:04 UTC,0.405.1,26.3.1,mobile_phone
2026-01-06 01:43:30 UTC,iPhone15ProMax,ios,Olivine City,Johto,US,2024-08-05 16:25:04 UTC,0.391.1,26.1,mobile_phone
2025-07-21 01:07:38 UTC,iPhone15ProMax,ios,Olivine City,Johto,US,2024-08-05 16:25:04 UTC,0.369.1,18.5,mobile_phone
2026-02-05 02:59:25 UTC,iPhone15ProMax,ios,Olivine City,Johto,US,2024-08-05 16:25:04 UTC,0.395.1,26.2.1,mobile_phone
2026-02-05 14:51:58 UTC,iPhone15ProMax,ios,Olivine City,Johto,US,2024-08-05 16:25:04 UTC,0.397.0,26.2.1,mobile_phone
2025-05-29 20:24:18 UTC,iPhone15ProMax,ios,Ecruteak City,Johto,US,2024-08-05 16:25:04 UTC,0.361.0,18.5,mobile_phone
2025-05-29 23:59:49 UTC,iPhone15ProMax,ios,Olivine City,Johto,US,2024-08-05 16:25:04 UTC,0.361.0,18.5,mobile_phone
2025-05-29 03:59:35 UTC,iPhone15ProMax,ios,Olivine City,Johto,US,2024-08-05 16:25:04 UTC,0.361.0,18.5,mobile_phone
2025-05-29 06:01:47 UTC,iPhone15ProMax,ios,Olivine City,Johto,US,2024-08-05 16:25:04 UTC,0.361.0,18.5,mobile_phone
2025-05-29 01:49:05 UTC,iPhone15ProMax,ios,Goldenrod City,Johto,US,2024-08-05 16:25:04 UTC,0.361.0,18.5,mobile_phone
2025-05-29 03:09:15 UTC,iPhone15ProMax,ios,Olivine City,Johto,US,2024-08-05 16:25:04 UTC,0.361.0,18.5,mobile_phone
2026-02-25 05:18:28 UTC,iPhone15ProMax,ios,Olivine City,Johto,US,2024-08-05 16:25:04 UTC,0.399.1,26.2.1,mobile_phone
2026-02-25 04:07:09 UTC,iPhone15ProMax,ios,Olivine City,Johto,US,2024-08-05 16:25:04 UTC,0.399.1,26.2.1,mobile_phone
2026-02-25 15:43:54 UTC,iPhone15ProMax,ios,Pallet Town,Kanto,US,2024-08-05 16:25:04 UTC,0.399.1,26.3,mobile_phone
2026-02-25 15:12:54 UTC,iPhone15ProMax,ios,Pallet Town,Kanto,US,2024-08-05 16:25:04 UTC,0.399.1,26.3,mobile_phone
2025-06-26 02:04:39 UTC,iPhone15ProMax,ios,Olivine City,Johto,US,2024-08-05 16:25:04 UTC,0.365.1,18.5,mobile_phone
2025-06-26 19:38:12 UTC,iPhone15ProMax,ios,Olivine City,Johto,US,2024-08-05 16:25:04 UTC,0.367.1,18.5,mobile_phone
2025-06-26 05:41:14 UTC,iPhone15ProMax,ios,Olivine City,Johto,US,2024-08-05 16:25:04 UTC,0.365.1,18.5,mobile_phone
2025-02-08 05:37:03 UTC,iPhone15ProMax,ios,Olivine City,Johto,US,2024-08-05 16:25:04 UTC,0.347.0,18.3,mobile_phone
2025-02-08 17:59:00 UTC,iPhone15ProMax,ios,Goldenrod City,Johto,US,2024-08-05 16:25:04 UTC,0.347.0,18.3,mobile_phone
2024-04-07 02:12:13 UTC,iPhone15ProMax,ios,New Bark Town,Johto,US,2023-12-26 17:08:09 UTC,0.307.1,17.4.1,phone
2024-04-07 23:07:21 UTC,iPhone15ProMax,ios,Olivine City,Johto,US,2023-12-26 17:08:09 UTC,0.307.1,17.4.1,phone
2024-04-07 19:12:35 UTC,iPhone15ProMax,ios,Pallet Town,Kanto,US,2023-12-26 17:08:09 UTC,0.307.1,17.4.1,phone
2022-03-08 14:00:58 UTC,SM-G986U,android,Pallet Town,Kanto,US,2022-02-27 06:08:31 UTC,0.231.0,12,phone
2022-03-08 02:37:33 UTC,SM-G986U,android,Pallet Town,Kanto,US,2022-02-27 06:08:31 UTC,0.231.0,12,phone
2022-03-08 17:47:19 UTC,SM-G986U,android,Pallet Town,Kanto,US,2022-02-27 06:08:31 UTC,0.231.0,12,phone
2026-03-05 00:30:04 UTC,iPhone15ProMax,ios,Celadon City,Kanto,US,2024-08-05 16:25:04 UTC,0.399.1,26.3,mobile_phone
2026-03-05 20:04:47 UTC,iPhone15ProMax,ios,Goldenrod City,Johto,US,2024-08-05 16:25:04 UTC,0.401.0,26.3,mobile_phone
2026-03-18 07:11:26 UTC,iPhone15ProMax,ios,Olivine City,Johto,US,2024-08-05 16:25:04 UTC,0.403.0,26.3.1,mobile_phone
2025-01-29 15:47:51 UTC,iPhone15ProMax,ios,Olivine City,Johto,US,2024-08-05 16:25:04 UTC,0.345.0,18.2.1,mobile_phone
2025-01-29 17:54:51 UTC,iPhone15ProMax,ios,Olivine City,Johto,US,2024-08-05 16:25:04 UTC,0.345.0,18.2.1,mobile_phone
2023-01-26 19:32:07 UTC,SM-G986U,android,Olivine City,Johto,US,2023-01-09 02:58:29 UTC,0.257.1,13,phone
2023-01-26 15:36:24 UTC,SM-G986U,android,Olivine City,Johto,US,2023-01-09 02:58:29 UTC,0.257.1,13,phone
2024-07-17 02:16:28 UTC,iPhone15ProMax,ios,Goldenrod City,Johto,US,2023-12-26 17:08:09 UTC,0.319.0,17.5.1,mobile_phone
2024-07-17 03:22:51 UTC,iPhone15ProMax,ios,Goldenrod City,Johto,US,2023-12-26 17:08:09 UTC,0.319.0,17.5.1,mobile_phone
2024-10-02 00:50:25 UTC,iPhone15ProMax,ios,Olivine City,Johto,US,2024-08-05 16:25:04 UTC,0.333.0,18.0,mobile_phone
2024-10-02 20:10:51 UTC,iPhone15ProMax,ios,Olivine City,Johto,US,2024-08-05 16:25:04 UTC,0.333.0,18.0,mobile_phone
2024-10-02 18:39:35 UTC,iPhone15ProMax,ios,Olivine City,Johto,US,2024-08-05 16:25:04 UTC,0.333.0,18.0,mobile_phone
2025-02-04 17:54:58 UTC,iPhone15ProMax,ios,Olivine City,Johto,US,2024-08-05 16:25:04 UTC,0.345.0,18.3,mobile_phone
2025-02-04 20:08:09 UTC,iPhone15ProMax,ios,Olivine City,Johto,US,2024-08-05 16:25:04 UTC,0.345.0,18.3,mobile_phone
2026-01-15 14:37:20 UTC,iPhone15ProMax,ios,Ecruteak City,Johto,US,2024-08-05 16:25:04 UTC,0.393.0,26.2,mobile_phone
2024-01-28 21:47:48 UTC,iPhone15ProMax,ios,Olivine City,Johto,US,2023-12-26 17:08:09 UTC,0.297.0,17.2.1,phone
2024-08-16 05:38:23 UTC,iPhone15ProMax,ios,Olivine City,Johto,US,2024-08-05 16:25:04 UTC,0.325.2,17.6.1,mobile_phone
2024-08-16 15:13:56 UTC,iPhone15ProMax,ios,Olivine City,Johto,US,2024-08-05 16:25:04 UTC,0.325.2,17.6.1,mobile_phone
2024-08-16 07:39:39 UTC,iPhone15ProMax,ios,Olivine City,Johto,US,2024-08-05 16:25:04 UTC,0.325.2,17.6.1,mobile_phone
2024-08-16 01:34:33 UTC,iPhone15ProMax,ios,Celadon City,Kanto,US,2024-08-05 16:25:04 UTC,0.325.2,17.6.1,mobile_phone
2024-08-16 14:34:49 UTC,iPhone15ProMax,ios,Olivine City,Johto,US,2024-08-05 16:25:04 UTC,0.325.2,17.6.1,mobile_phone
2024-08-16 21:57:24 UTC,iPhone15ProMax,ios,Celadon City,Kanto,US,2024-08-05 16:25:04 UTC,0.325.2,17.6.1,mobile_phone
2024-03-23 05:47:51 UTC,iPhone15ProMax,ios,Viridian City,Kanto,US,2023-12-26 17:08:09 UTC,0.305.1,17.3.1,phone
2022-09-08 18:46:23 UTC,Pixel 4a,android,Olivine City,Johto,US,2021-07-01 16:46:46 UTC,0.247.1,12,phone
2022-04-05 14:02:48 UTC,SM-G986U,android,Pallet Town,Kanto,US,2022-04-04 05:03:56 UTC,0.233.0,12,phone
2022-04-05 15:37:36 UTC,SM-G986U,android,Pallet Town,Kanto,US,2022-04-04 05:03:56 UTC,0.233.0,12,phone
2024-06-15 01:25:50 UTC,iPhone15ProMax,ios,Olivine City,Johto,US,2023-12-26 17:08:09 UTC,0.317.0,17.5.1,phone
2024-06-15 23:33:48 UTC,iPhone15ProMax,ios,Olivine City,Johto,US,2023-12-26 17:08:09 UTC,0.317.0,17.5.1,phone
2024-06-15 20:52:04 UTC,iPhone15ProMax,ios,Olivine City,Johto,US,2023-12-26 17:08:09 UTC,0.317.0,17.5.1,phone
2025-05-10 19:57:16 UTC,iPhone15ProMax,ios,Olivine City,Johto,US,2024-08-05 16:25:04 UTC,0.359.0,18.4.1,mobile_phone
2025-05-10 21:38:06 UTC,iPhone15ProMax,ios,New Bark Town,Johto,US,2024-08-05 16:25:04 UTC,0.359.0,18.4.1,mobile_phone
2024-04-08 01:52:52 UTC,iPhone15ProMax,ios,Olivine City,Johto,US,2023-12-26 17:08:09 UTC,0.307.1,17.4.1,phone
2024-04-08 07:10:34 UTC,iPhone15ProMax,ios,Olivine City,Johto,US,2023-12-26 17:08:09 UTC,0.307.1,17.4.1,phone
2025-03-14 20:29:24 UTC,iPhone15ProMax,ios,Goldenrod City,Johto,US,2024-08-05 16:25:04 UTC,0.351.0,18.3.2,mobile_phone
2025-03-14 19:18:21 UTC,iPhone15ProMax,ios,Olivine City,Johto,US,2024-08-05 16:25:04 UTC,0.351.0,18.3.2,mobile_phone
2026-08-15 01:14:37 UTC,iPhone15ProMax,ios,Olivine City,Johto,US,2024-08-05 16:25:04 UTC,0.423.1,26.6,mobile_phone
2025-09-28 21:08:12 UTC,iPhone15ProMax,ios,Celadon City,Kanto,US,2024-08-05 16:25:04 UTC,0.379.0,26.0,mobile_phone
2025-09-28 03:03:06 UTC,iPhone15ProMax,ios,Pallet Town,Kanto,US,2024-08-05 16:25:04 UTC,0.379.0,26.0,mobile_phone
2025-09-28 02:14:36 UTC,iPhone15ProMax,ios,Pallet Town,Kanto,US,2024-08-05 16:25:04 UTC,0.379.0,26.0,mobile_phone
2024-05-14 06:37:19 UTC,iPhone15ProMax,ios,Olivine City,Johto,US,2023-12-26 17:08:09 UTC,0.311.3,17.4.1,phone
2025-10-04 23:14:01 UTC,iPhone15ProMax,ios,Olivine City,Johto,US,2024-08-05 16:25:04 UTC,0.381.2,26.0.1,mobile_phone
2025-10-04 20:57:30 UTC,iPhone15ProMax,ios,Olivine City,Johto,US,2024-08-05 16:25:04 UTC,0.381.2,26.0.1,mobile_phone
2025-10-04 16:39:07 UTC,iPhone15ProMax,ios,Olivine City,Johto,US,2024-08-05 16:25:04 UTC,0.381.2,26.0.1,mobile_phone
2025-10-04 01:22:49 UTC,iPhone15ProMax,ios,Olivine City,Johto,US,2024-08-05 16:25:04 UTC,0.381.2,26.0.1,mobile_phone
2024-02-26 02:50:57 UTC,iPhone15ProMax,ios,Olivine City,Johto,US,2023-12-26 17:08:09 UTC,0.299.1,17.3.1,phone
2024-02-26 18:01:45 UTC,iPhone15ProMax,ios,Pallet Town,Kanto,US,2023-12-26 17:08:09 UTC,0.299.1,17.3.1,phone
2024-02-26 17:47:17 UTC,iPhone15ProMax,ios,Olivine City,Johto,US,2023-12-26 17:08:09 UTC,0.299.1,17.3.1,phone
2024-08-08 02:34:31 UTC,iPhone15ProMax,ios,Olivine City,Johto,US,2024-08-05 16:25:04 UTC,0.325.0,17.5.1,mobile_phone
2024-08-08 06:52:06 UTC,iPhone15ProMax,ios,Cerulean City,Kanto,CA,2024-08-05 16:25:04 UTC,0.325.1,17.5.1,mobile_phone
2024-08-08 18:54:34 UTC,iPhone15ProMax,ios,Cerulean City,Kanto,US,2024-08-05 16:25:04 UTC,0.325.1,17.5.1,mobile_phone
2024-08-08 17:57:48 UTC,iPhone15ProMax,ios,Cerulean City,Kanto,CA,2024-08-05 16:25:04 UTC,0.325.1,17.5.1,mobile_phone
2024-08-08 03:37:49 UTC,iPhone15ProMax,ios,Olivine City,Johto,US,2024-08-05 16:25:04 UTC,0.325.1,17.5.1,mobile_phone
2022-05-19 01:04:05 UTC,SM-G986U,android,Pallet Town,Kanto,US,2022-04-21 18:52:51 UTC,0.237.0,12,phone
2022-04-13 23:03:55 UTC,SM-G986U,android,Pallet Town,Kanto,US,2022-04-04 05:03:56 UTC,0.233.1,12,phone
2022-04-13 13:36:11 UTC,SM-G986U,android,Pallet Town,Kanto,US,2022-04-04 05:03:56 UTC,0.233.1,12,phone
2022-04-13 15:05:21 UTC,SM-G986U,android,Pallet Town,Kanto,US,2022-04-04 05:03:56 UTC,0.233.1,12,phone
2023-02-27 23:12:10 UTC,Pixel 4a,android,Olivine City,Johto,US,2023-02-23 19:14:35 UTC,0.263.0,13,phone
2026-02-01 13:03:14 UTC,iPhone15ProMax,ios,Olivine City,Johto,US,2024-08-05 16:25:04 UTC,0.395.1,26.2,mobile_phone
2026-02-01 01:41:00 UTC,iPhone15ProMax,ios,Olivine City,Johto,US,2024-08-05 16:25:04 UTC,0.395.1,26.2,mobile_phone
2026-04-28 14:40:24 UTC,iPhone15ProMax,ios,Pallet Town,Kanto,US,2024-08-05 16:25:04 UTC,0.407.0,26.3.1,mobile_phone
2025-05-18 22:19:33 UTC,iPhone15ProMax,ios,Cerulean City,Kanto,US,2024-08-05 16:25:04 UTC,0.361.0,18.4.1,mobile_phone
2025-05-18 00:32:16 UTC,iPhone15ProMax,ios,Olivine City,Johto,US,2024-08-05 16:25:04 UTC,0.361.0,18.4.1,mobile_phone
2025-05-18 22:32:53 UTC,iPhone15ProMax,ios,Cerulean City,Kanto,US,2024-08-05 16:25:04 UTC,0.361.0,18.4.1,mobile_phone
2025-04-22 01:40:24 UTC,iPhone15ProMax,ios,Olivine City,Johto,US,2024-08-05 16:25:04 UTC,0.357.2,18.4.1,mobile_phone
2025-04-22 20:22:34 UTC,iPhone15ProMax,ios,Olivine City,Johto,US,2024-08-05 16:25:04 UTC,0.357.2,18.4.1,mobile_phone
2024-08-22 07:44:05 UTC,iPhone15ProMax,ios,Olivine City,Johto,US,2024-08-05 16:25:04 UTC,0.327.0,17.6.1,mobile_phone
2024-08-22 16:22:09 UTC,iPhone15ProMax,ios,Cerulean City,Kanto,US,2024-08-05 16:25:04 UTC,0.327.0,17.6.1,mobile_phone
2024-08-22 16:35:21 UTC,iPhone15ProMax,ios,Cerulean City,Kanto,US,2024-08-05 16:25:04 UTC,0.327.0,17.6.1,mobile_phone
2024-08-22 02:05:16 UTC,iPhone15ProMax,ios,Pallet Town,Kanto,US,2024-08-05 16:25:04 UTC,0.327.0,17.6.1,mobile_phone
2024-08-22 14:15:22 UTC,iPhone15ProMax,ios,Olivine City,Johto,US,2024-08-05 16:25:04 UTC,0.327.0,17.6.1,mobile_phone
2024-11-10 05:57:35 UTC,iPhone15ProMax,ios,Olivine City,Johto,US,2024-08-05 16:25:04 UTC,0.337.0,18.0.1,mobile_phone
2025-09-02 17:08:55 UTC,iPhone15ProMax,ios,Goldenrod City,Johto,US,2024-08-05 16:25:04 UTC,0.375.2,18.6.2,mobile_phone
2025-09-02 04:40:02 UTC,iPhone15ProMax,ios,Olivine City,Johto,US,2024-08-05 16:25:04 UTC,0.375.2,18.6.2,mobile_phone
2025-10-28 00:54:52 UTC,iPhone15ProMax,ios,Olivine City,Johto,US,2024-08-05 16:25:04 UTC,0.383.2,26.0.1,mobile_phone
2025-10-28 15:21:03 UTC,iPhone15ProMax,ios,Celadon City,Kanto,US,2024-08-05 16:25:04 UTC,0.383.2,26.0.1,mobile_phone
2024-08-01 00:57:05 UTC,iPhone15ProMax,ios,Olivine City,Johto,US,2023-12-26 17:08:09 UTC,0.323.1,17.5.1,mobile_phone
2024-08-01 01:55:20 UTC,iPhone15ProMax,ios,Pallet Town,Kanto,US,2023-12-26 17:08:09 UTC,0.323.1,17.5.1,mobile_phone
2024-06-21 01:01:45 UTC,iPhone15ProMax,ios,Viridian City,Kanto,US,2023-12-26 17:08:09 UTC,0.317.0,17.5.1,mobile_phone
2024-06-21 03:36:26 UTC,iPhone15ProMax,ios,Viridian City,Kanto,US,2023-12-26 17:08:09 UTC,0.317.0,17.5.1,mobile_phone
2024-06-21 07:05:09 UTC,iPhone15ProMax,ios,Viridian City,Kanto,US,2023-12-26 17:08:09 UTC,0.317.0,17.5.1,mobile_phone
2024-06-21 17:17:55 UTC,iPhone15ProMax,ios,Viridian City,Kanto,US,2023-12-26 17:08:09 UTC,0.317.0,17.5.1,mobile_phone
2026-01-22 01:48:29 UTC,iPhone15ProMax,ios,Olivine City,Johto,US,2024-08-05 16:25:04 UTC,0.393.0,26.2,mobile_phone
2026-07-10 14:20:32 UTC,iPhone15ProMax,ios,Olivine City,Johto,US,2024-08-05 16:25:04 UTC,0.417.2,26.5,mobile_phone
2026-07-10 03:05:02 UTC,iPhone15ProMax,ios,Olivine City,Johto,US,2024-08-05 16:25:04 UTC,0.417.2,26.5,mobile_phone
2026-07-10 23:18:37 UTC,iPhone15ProMax,ios,Olivine City,Johto,US,2024-08-05 16:25:04 UTC,0.417.2,26.5,mobile_phone
2025-06-24 22:29:56 UTC,iPhone15ProMax,ios,Olivine City,Johto,US,2024-08-05 16:25:04 UTC,0.365.1,18.5,mobile_phone
2025-06-24 20:21:48 UTC,iPhone15ProMax,ios,Olivine City,Johto,US,2024-08-05 16:25:04 UTC,0.365.1,18.5,mobile_phone
2024-07-04 00:06:06 UTC,iPhone15ProMax,ios,Viridian City,Kanto,US,2023-12-26 17:08:09 UTC,0.319.0,17.5.1,mobile_phone
2024-07-04 13:18:08 UTC,iPhone15ProMax,ios,Viridian City,Kanto,US,2023-12-26 17:08:09 UTC,0.319.0,17.5.1,mobile_phone
2024-07-04 08:13:55 UTC,iPhone15ProMax,ios,Viridian City,Kanto,US,2023-12-26 17:08:09 UTC,0.319.0,17.5.1,mobile_phone
2024-07-04 02:02:40 UTC,iPhone15ProMax,ios,Viridian City,Kanto,US,2023-12-26 17:08:09 UTC,0.319.0,17.5.1,mobile_phone
2025-01-22 17:25:06 UTC,iPhone15ProMax,ios,Olivine City,Johto,US,2024-08-05 16:25:04 UTC,0.343.2,18.2.1,mobile_phone
2024-06-29 02:05:41 UTC,iPhone15ProMax,ios,Viridian City,Kanto,US,2023-12-26 17:08:09 UTC,0.319.0,17.5.1,mobile_phone
2024-06-29 03:53:25 UTC,iPhone15ProMax,ios,Viridian City,Kanto,US,2023-12-26 17:08:09 UTC,0.319.0,17.5.1,mobile_phone
2024-06-29 20:04:37 UTC,iPhone15ProMax,ios,Viridian City,Kanto,US,2023-12-26 17:08:09 UTC,0.319.0,17.5.1,mobile_phone
2024-06-29 06:28:03 UTC,iPhone15ProMax,ios,Viridian City,Kanto,US,2023-12-26 17:08:09 UTC,0.319.0,17.5.1,mobile_phone
2023-04-11 03:55:09 UTC,Pixel 4a,android,Olivine City,Johto,US,2023-02-23 19:14:35 UTC,0.265.0,13,phone
2024-10-14 02:57:36 UTC,iPhone15ProMax,ios,Olivine City,Johto,US,2024-08-05 16:25:04 UTC,0.333.0,18.0.1,mobile_phone
2024-10-14 03:41:41 UTC,iPhone15ProMax,ios,Olivine City,Johto,US,2024-08-05 16:25:04 UTC,0.333.0,18.0.1,mobile_phone
2025-08-01 22:59:23 UTC,iPhone15ProMax,ios,Olivine City,Johto,US,2024-08-05 16:25:04 UTC,0.371.0,18.5,mobile_phone
2026-02-03 01:15:38 UTC,iPhone15ProMax,ios,Olivine City,Johto,US,2024-08-05 16:25:04 UTC,0.395.1,26.2.1,mobile_phone
2026-05-25 03:11:16 UTC,iPhone15ProMax,ios,Olivine City,Johto,US,2024-08-05 16:25:04 UTC,0.411.3,26.4.2,mobile_phone
2025-11-12 22:57:38 UTC,iPhone15ProMax,ios,Olivine City,Johto,US,2024-08-05 16:25:04 UTC,0.385.2,26.0.1,mobile_phone
2025-11-12 16:51:09 UTC,iPhone15ProMax,ios,Celadon City,Kanto,US,2024-08-05 16:25:04 UTC,0.385.2,26.0.1,mobile_phone
2023-02-18 15:34:24 UTC,SM-G986U,android,Olivine City,Johto,US,2023-01-09 02:58:29 UTC,0.261.3,13,phone
2024-09-09 01:42:24 UTC,iPhone15ProMax,ios,Olivine City,Johto,US,2024-08-05 16:25:04 UTC,0.329.2,17.6.1,mobile_phone
2024-09-09 18:57:42 UTC,iPhone15ProMax,ios,Olivine City,Johto,US,2024-08-05 16:25:04 UTC,0.329.2,17.6.1,mobile_phone
2024-09-09 07:26:05 UTC,iPhone15ProMax,ios,Olivine City,Johto,US,2024-08-05 16:25:04 UTC,0.329.2,17.6.1,mobile_phone
2024-09-09 15:51:14 UTC,iPhone15ProMax,ios,Olivine City,Johto,US,2024-08-05 16:25:04 UTC,0.329.2,17.6.1,mobile_phone
2024-09-09 13:49:11 UTC,iPhone15ProMax,ios,Olivine City,Johto,US,2024-08-05 16:25:04 UTC,0.329.2,17.6.1,mobile_phone
2022-03-31 13:02:05 UTC,SM-G986U,android,Olivine City,Johto,US,2022-03-25 07:16:03 UTC,0.233.0,12,phone
2022-03-31 04:55:06 UTC,SM-G986U,android,Pallet Town,Kanto,US,2022-03-25 07:16:03 UTC,0.233.0,12,phone
2022-04-18 03:13:02 UTC,SM-G986U,android,Cerulean City,Kanto,US,2022-04-04 05:03:56 UTC,0.235.0,12,phone
2025-04-23 01:16:14 UTC,iPhone15ProMax,ios,Viridian City,Kanto,US,2024-08-05 16:25:04 UTC,0.357.2,18.4.1,mobile_phone
2025-04-23 01:01:33 UTC,iPhone15ProMax,ios,Viridian City,Kanto,US,2024-08-05 16:25:04 UTC,0.357.2,18.4.1,mobile_phone
2024-03-08 22:23:52 UTC,iPhone15ProMax,ios,Olivine City,Johto,US,2023-12-26 17:08:09 UTC,0.303.0,17.3.1,phone
2024-03-08 03:48:06 UTC,iPhone15ProMax,ios,Olivine City,Johto,US,2023-12-26 17:08:09 UTC,0.301.0,17.3.1,phone
2024-03-08 04:01:40 UTC,iPhone15ProMax,ios,Olivine City,Johto,US,2023-12-26 17:08:09 UTC,0.301.0,17.3.1,phone
2024-11-27 01:43:19 UTC,iPhone15ProMax,ios,New Bark Town,Johto,US,2024-08-05 16:25:04 UTC,0.339.1,18.1.1,mobile_phone
2024-11-27 21:07:08 UTC,iPhone15ProMax,ios,Ecruteak City,Johto,US,2024-08-05 16:25:04 UTC,0.339.1,18.1.1,mobile_phone
2024-09-16 01:57:26 UTC,iPhone15ProMax,ios,Olivine City,Johto,US,2024-08-05 16:25:04 UTC,0.329.2,17.6.1,mobile_phone
2024-09-16 20:03:00 UTC,iPhone15ProMax,ios,Pallet Town,Kanto,US,2024-08-05 16:25:04 UTC,0.329.2,17.6.1,mobile_phone
2024-09-16 04:51:19 UTC,iPhone15ProMax,ios,Olivine City,Johto,US,2024-08-05 16:25:04 UTC,0.329.2,17.6.1,mobile_phone
2024-09-16 22:39:51 UTC,iPhone15ProMax,ios,Olivine City,Johto,US,2024-08-05 16:25:04 UTC,0.329.2,17.6.1,mobile_phone
2025-10-21 00:21:48 UTC,iPhone15ProMax,ios,Cerulean City,Kanto,US,2024-08-05 16:25:04 UTC,0.383.2,26.0.1,mobile_phone
2025-10-21 14:11:41 UTC,iPhone15ProMax,ios,Cerulean City,Kanto,US,2024-08-05 16:25:04 UTC,0.383.2,26.0.1,mobile_phone
2025-09-16 04:17:18 UTC,iPhone15ProMax,ios,Olivine City,Johto,US,2024-08-05 16:25:04 UTC,0.377.1,18.6.2,mobile_phone
2026-08-02 06:49:38 UTC,iPhone15ProMax,ios,Olivine City,Johto,US,2024-08-05 16:25:04 UTC,0.421.1,26.5.2,mobile_phone
2025-02-17 18:09:51 UTC,iPhone15ProMax,ios,Pallet Town,Kanto,US,2024-08-05 16:25:04 UTC,0.347.0,18.3.1,mobile_phone
2025-02-17 23:17:17 UTC,iPhone15ProMax,ios,Pallet Town,Kanto,US,2024-08-05 16:25:04 UTC,0.347.0,18.3.1,mobile_phone
2025-02-17 21:28:51 UTC,iPhone15ProMax,ios,Pallet Town,Kanto,US,2024-08-05 16:25:04 UTC,0.347.0,18.3.1,mobile_phone
2023-02-23 00:48:56 UTC,SM-G986U,android,Olivine City,Johto,US,2023-01-09 02:58:29 UTC,0.261.3,13,phone
2025-10-19 00:03:20 UTC,iPhone15ProMax,ios,Cerulean City,Kanto,US,2024-08-05 16:25:04 UTC,0.383.2,26.0.1,mobile_phone
2024-01-24 18:48:21 UTC,iPhone15ProMax,ios,Olivine City,Johto,US,2023-12-26 17:08:09 UTC,0.297.0,17.2.1,phone
2026-02-02 05:40:16 UTC,iPhone15ProMax,ios,Olivine City,Johto,US,2024-08-05 16:25:04 UTC,0.395.1,26.2.1,mobile_phone
2024-10-12 03:04:26 UTC,iPhone15ProMax,ios,Olivine City,Johto,US,2024-08-05 16:25:04 UTC,0.333.0,18.0.1,mobile_phone
2024-10-12 21:36:14 UTC,iPhone15ProMax,ios,Cerulean City,Kanto,US,2024-08-05 16:25:04 UTC,0.333.0,18.0.1,mobile_phone
2024-10-12 22:33:48 UTC,iPhone15ProMax,ios,Olivine City,Johto,US,2024-08-05 16:25:04 UTC,0.333.0,18.0.1,mobile_phone
2025-07-07 07:37:04 UTC,iPhone15ProMax,ios,Olivine City,Johto,US,2024-08-05 16:25:04 UTC,0.367.2,18.5,mobile_phone
2025-07-07 19:20:27 UTC,iPhone15ProMax,ios,Goldenrod City,Johto,US,2024-08-05 16:25:04 UTC,0.367.2,18.5,mobile_phone
2025-07-07 16:54:46 UTC,iPhone15ProMax,ios,Goldenrod City,Johto,US,2024-08-05 16:25:04 UTC,0.367.2,18.5,mobile_phone
2025-07-07 23:59:05 UTC,iPhone15ProMax,ios,Olivine City,Johto,US,2024-08-05 16:25:04 UTC,0.367.2,18.5,mobile_phone
2026-01-27 19:04:26 UTC,iPhone15ProMax,ios,Olivine City,Johto,US,2024-08-05 16:25:04 UTC,0.395.1,26.2,mobile_phone
2026-01-27 15:20:32 UTC,iPhone15ProMax,ios,Olivine City,Johto,US,2024-08-05 16:25:04 UTC,0.395.1,26.2,mobile_phone
2025-01-21 17:29:11 UTC,iPhone15ProMax,ios,Olivine City,Johto,US,2024-08-05 16:25:04 UTC,0.343.2,18.2.1,mobile_phone
2025-01-21 19:21:01 UTC,iPhone15ProMax,ios,Olivine City,Johto,US,2024-08-05 16:25:04 UTC,0.343.2,18.2.1,mobile_phone
2025-01-21 01:09:40 UTC,iPhone15ProMax,ios,Cerulean City,Kanto,US,2024-08-05 16:25:04 UTC,0.343.2,18.2.1,mobile_phone
2023-02-25 15:56:42 UTC,Pixel 4a,android,Olivine City,Johto,US,2023-02-23 19:14:35 UTC,0.261.3,13,phone
2022-06-14 00:14:53 UTC,SM-G986U,android,Cerulean City,Kanto,US,2022-06-01 10:44:54 UTC,0.239.2,12,phone
2022-06-14 22:59:07 UTC,SM-G986U,android,Cerulean City,Kanto,US,2022-06-01 10:44:54 UTC,0.239.2,12,phone
2024-07-18 23:15:24 UTC,iPhone15ProMax,ios,Olivine City,Johto,US,2023-12-26 17:08:09 UTC,0.321.0,17.5.1,mobile_phone
2024-07-18 01:58:07 UTC,iPhone15ProMax,ios,Goldenrod City,Johto,US,2023-12-26 17:08:09 UTC,0.321.0,17.5.1,mobile_phone
2024-07-18 02:34:00 UTC,iPhone15ProMax,ios,Olivine City,Johto,US,2023-12-26 17:08:09 UTC,0.321.0,17.5.1,mobile_phone
2025-10-16 02:35:27 UTC,iPhone15ProMax,ios,Olivine City,Johto,US,2024-08-05 16:25:04 UTC,0.383.0,26.0.1,mobile_phone
2025-10-16 01:33:53 UTC,iPhone15ProMax,ios,Celadon City,Kanto,US,2024-08-05 16:25:04 UTC,0.383.0,26.0.1,mobile_phone
2025-10-16 01:23:49 UTC,iPhone15ProMax,ios,Celadon City,Kanto,US,2024-08-05 16:25:04 UTC,0.383.0,26.0.1,mobile_phone
2025-10-16 20:19:08 UTC,iPhone15ProMax,ios,Olivine City,Johto,US,2024-08-05 16:25:04 UTC,0.383.0,26.0.1,mobile_phone
2026-06-06 20:07:27 UTC,iPhone15ProMax,ios,Olivine City,Johto,US,2024-08-05 16:25:04 UTC,0.413.2,26.5,mobile_phone
2024-06-06 01:56:56 UTC,iPhone15ProMax,ios,Olivine City,Johto,US,2023-12-26 17:08:09 UTC,0.315.1,17.5.1,phone
2024-06-06 08:04:38 UTC,iPhone15ProMax,ios,Olivine City,Johto,US,2023-12-26 17:08:09 UTC,0.315.1,17.5.1,phone
2024-06-06 18:10:48 UTC,iPhone15ProMax,ios,Olivine City,Johto,US,2023-12-26 17:08:09 UTC,0.315.2,17.5.1,phone
2024-05-01 01:51:32 UTC,iPhone15ProMax,ios,Olivine City,Johto,US,2023-12-26 17:08:09 UTC,0.309.1,17.4.1,phone
2024-05-01 02:02:12 UTC,iPhone15ProMax,ios,Olivine City,Johto,US,2023-12-26 17:08:09 UTC,0.309.1,17.4.1,phone
2024-05-01 19:11:58 UTC,iPhone15ProMax,ios,Olivine City,Johto,US,2023-12-26 17:08:09 UTC,0.309.1,17.4.1,phone
2024-05-01 01:22:49 UTC,iPhone15ProMax,ios,Olivine City,Johto,US,2023-12-26 17:08:09 UTC,0.309.1,17.4.1,phone
2024-05-01 07:06:45 UTC,iPhone15ProMax,ios,Viridian City,Kanto,US,2023-12-26 17:08:09 UTC,0.309.1,17.4.1,phone
2025-12-12 23:55:02 UTC,iPhone15ProMax,ios,Goldenrod City,Johto,US,2024-08-05 16:25:04 UTC,0.389.2,26.1,mobile_phone
2025-06-22 22:21:35 UTC,iPhone15ProMax,ios,Celadon City,Kanto,US,2024-08-05 16:25:04 UTC,0.365.1,18.5,mobile_phone
2025-06-22 23:43:34 UTC,iPhone15ProMax,ios,Olivine City,Johto,US,2024-08-05 16:25:04 UTC,0.365.1,18.5,mobile_phone
2025-08-29 18:25:18 UTC,iPhone15ProMax,ios,Goldenrod City,Johto,US,2024-08-05 16:25:04 UTC,0.375.2,18.6.2,mobile_phone
2026-05-13 02:34:38 UTC,iPhone15ProMax,ios,Olivine City,Johto,US,2024-08-05 16:25:04 UTC,0.409.0,26.4.2,mobile_phone
2022-04-07 20:39:25 UTC,SM-G986U,android,Pallet Town,Kanto,US,2022-04-04 05:03:56 UTC,0.233.0,12,phone
2022-04-07 23:10:44 UTC,SM-G986U,android,Pallet Town,Kanto,US,2022-04-04 05:03:56 UTC,0.233.0,12,phone
2022-04-07 21:26:54 UTC,SM-G986U,android,Pallet Town,Kanto,US,2022-04-04 05:03:56 UTC,0.233.0,12,phone
2025-05-01 05:07:11 UTC,iPhone15ProMax,ios,Olivine City,Johto,US,2024-08-05 16:25:04 UTC,0.359.0,18.4.1,mobile_phone
2025-05-01 01:58:25 UTC,iPhone15ProMax,ios,Pallet Town,Kanto,US,2024-08-05 16:25:04 UTC,0.359.0,18.4.1,mobile_phone
2022-03-16 20:03:10 UTC,SM-G986U,android,Pallet Town,Kanto,US,2022-02-27 06:08:31 UTC,0.231.0,12,phone
2022-03-16 07:05:42 UTC,SM-G986U,android,Pallet Town,Kanto,US,2022-02-27 06:08:31 UTC,0.231.0,12,phone
2024-09-24 04:22:00 UTC,iPhone15ProMax,ios,Olivine City,Johto,US,2024-08-05 16:25:04 UTC,0.331.1,18.0,mobile_phone
2024-09-24 06:47:55 UTC,iPhone15ProMax,ios,Olivine City,Johto,US,2024-08-05 16:25:04 UTC,0.331.1,18.0,mobile_phone
2022-03-10 07:53:50 UTC,SM-G986U,android,Pallet Town,Kanto,US,2022-02-27 06:08:31 UTC,0.231.0,12,phone
2025-02-07 03:01:09 UTC,iPhone15ProMax,ios,Olivine City,Johto,US,2024-08-05 16:25:04 UTC,0.347.0,18.3,mobile_phone
2025-02-07 23:55:25 UTC,iPhone15ProMax,ios,Olivine City,Johto,US,2024-08-05 16:25:04 UTC,0.347.0,18.3,mobile_phone
2025-10-26 20:00:47 UTC,iPhone15ProMax,ios,Olivine City,Johto,US,2024-08-05 16:25:04 UTC,0.383.2,26.0.1,mobile_phone
2025-10-07 22:48:32 UTC,iPhone15ProMax,ios,Goldenrod City,Johto,US,2024-08-05 16:25:04 UTC,0.381.3,26.0.1,mobile_phone
2025-09-26 01:14:25 UTC,iPhone15ProMax,ios,Viridian City,Kanto,US,2024-08-05 16:25:04 UTC,0.377.1,26.0,mobile_phone
2025-07-05 07:18:00 UTC,iPhone15ProMax,ios,Olivine City,Johto,US,2024-08-05 16:25:04 UTC,0.367.2,18.5,mobile_phone
2025-07-05 01:03:59 UTC,iPhone15ProMax,ios,Olivine City,Johto,US,2024-08-05 16:25:04 UTC,0.367.2,18.5,mobile_phone
2025-07-05 23:47:30 UTC,iPhone15ProMax,ios,Goldenrod City,Johto,US,2024-08-05 16:25:04 UTC,0.367.2,18.5,mobile_phone
2025-07-05 23:15:57 UTC,iPhone15ProMax,ios,Goldenrod City,Johto,US,2024-08-05 16:25:04 UTC,0.367.2,18.5,mobile_phone
2025-07-05 19:03:12 UTC,iPhone15ProMax,ios,Olivine City,Johto,US,2024-08-05 16:25:04 UTC,0.367.2,18.5,mobile_phone
2026-04-29 15:22:29 UTC,iPhone15ProMax,ios,Pallet Town,Kanto,US,2024-08-05 16:25:04 UTC,0.407.0,26.3.1,mobile_phone
2026-04-29 14:55:03 UTC,iPhone15ProMax,ios,Pallet Town,Kanto,US,2024-08-05 16:25:04 UTC,0.407.0,26.3.1,mobile_phone
2022-03-30 18:01:26 UTC,SM-G986U,android,Pallet Town,Kanto,US,2022-03-25 07:16:03 UTC,0.233.0,12,phone
2022-03-30 07:11:57 UTC,SM-G986U,android,Pallet Town,Kanto,US,2022-03-25 07:16:03 UTC,0.233.0,12,phone
2022-03-30 02:18:49 UTC,SM-G986U,android,Pallet Town,Kanto,US,2022-03-25 07:16:03 UTC,0.233.0,12,phone
2025-06-20 01:41:10 UTC,iPhone15ProMax,ios,Olivine City,Johto,US,2024-08-05 16:25:04 UTC,0.365.1,18.5,mobile_phone
2026-03-28 16:25:27 UTC,iPhone15ProMax,ios,Olivine City,Johto,US,2024-08-05 16:25:04 UTC,0.403.1,26.3.1,mobile_phone
2026-03-28 16:05:08 UTC,iPhone15ProMax,ios,Olivine City,Johto,US,2024-08-05 16:25:04 UTC,0.403.1,26.3.1,mobile_phone
2026-03-28 22:57:36 UTC,iPhone15ProMax,ios,Olivine City,Johto,US,2024-08-05 16:25:04 UTC,0.403.1,26.3.1,mobile_phone
2026-03-28 21:46:12 UTC,iPhone15ProMax,ios,Olivine City,Johto,US,2024-08-05 16:25:04 UTC,0.403.1,26.3.1,mobile_phone
2026-03-28 22:17:54 UTC,iPhone15ProMax,ios,Olivine City,Johto,US,2024-08-05 16:25:04 UTC,0.403.1,26.3.1,mobile_phone
2024-04-16 01:56:10 UTC,iPhone15ProMax,ios,Viridian City,Kanto,US,2023-12-26 17:08:09 UTC,0.309.0,17.4.1,phone
2024-04-16 15:10:43 UTC,iPhone15ProMax,ios,Viridian City,Kanto,US,2023-12-26 17:08:09 UTC,0.309.0,17.4.1,phone
2024-04-30 15:11:58 UTC,iPhone15ProMax,ios,Viridian City,Kanto,US,2023-12-26 17:08:09 UTC,0.309.1,17.4.1,phone
2024-04-30 19:17:05 UTC,iPhone15ProMax,ios,Viridian City,Kanto,US,2023-12-26 17:08:09 UTC,0.309.1,17.4.1,phone
2025-11-02 17:30:35 UTC,iPhone15ProMax,ios,Olivine City,Johto,US,2024-08-05 16:25:04 UTC,0.385.0,26.0.1,mobile_phone
2025-11-02 05:02:14 UTC,iPhone15ProMax,ios,Olivine City,Johto,US,2024-08-05 16:25:04 UTC,0.385.0,26.0.1,mobile_phone
2025-11-02 04:39:14 UTC,iPhone15ProMax,ios,Olivine City,Johto,US,2024-08-05 16:25:04 UTC,0.385.0,26.0.1,mobile_phone
2025-11-02 02:04:52 UTC,iPhone15ProMax,ios,Olivine City,Johto,US,2024-08-05 16:25:04 UTC,0.385.0,26.0.1,mobile_phone
2024-09-04 20:04:26 UTC,iPhone15ProMax,ios,Viridian City,Kanto,US,2024-08-05 16:25:04 UTC,0.329.1,17.6.1,mobile_phone
2024-09-04 01:14:25 UTC,iPhone15ProMax,ios,Viridian City,Kanto,US,2024-08-05 16:25:04 UTC,0.329.1,17.6.1,mobile_phone
2024-09-04 06:21:27 UTC,iPhone15ProMax,ios,Olivine City,Johto,US,2024-08-05 16:25:04 UTC,0.329.1,17.6.1,mobile_phone
2024-09-04 05:16:49 UTC,iPhone15ProMax,ios,Olivine City,Johto,US,2024-08-05 16:25:04 UTC,0.329.1,17.6.1,mobile_phone
2024-09-04 01:59:41 UTC,iPhone15ProMax,ios,Olivine City,Johto,US,2024-08-05 16:25:04 UTC,0.329.1,17.6.1,mobile_phone
2025-07-01 18:49:29 UTC,iPhone15ProMax,ios,Celadon City,Kanto,US,2024-08-05 16:25:04 UTC,0.367.1,18.5,mobile_phone
2024-05-15 22:35:20 UTC,iPhone15ProMax,ios,Olivine City,Johto,US,2023-12-26 17:08:09 UTC,0.313.0,17.4.1,phone
2024-03-11 00:26:05 UTC,iPhone15ProMax,ios,Olivine City,Johto,US,2023-12-26 17:08:09 UTC,0.303.0,17.3.1,phone
2024-03-11 04:06:35 UTC,iPhone15ProMax,ios,Ecruteak City,Johto,US,2023-12-26 17:08:09 UTC,0.303.0,17.3.1,phone
2026-06-30 15:30:42 UTC,iPhone15ProMax,ios,Viridian City,Kanto,US,2024-08-05 16:25:04 UTC,0.415.3,26.5,mobile_phone
2026-01-02 22:16:03 UTC,iPhone15ProMax,ios,Ecruteak City,Johto,US,2024-08-05 16:25:04 UTC,0.391.1,26.1,mobile_phone
2026-01-02 20:12:38 UTC,iPhone15ProMax,ios,Ecruteak City,Johto,US,2024-08-05 16:25:04 UTC,0.391.1,26.1,mobile_phone
2026-04-19 21:29:11 UTC,iPhone15ProMax,ios,Goldenrod City,Johto,US,2024-08-05 16:25:04 UTC,0.407.0,26.3.1,mobile_phone
2025-08-28 01:58:20 UTC,iPhone15ProMax,ios,Goldenrod City,Johto,US,2024-08-05 16:25:04 UTC,0.375.1,18.6.2,mobile_phone
2025-08-28 02:20:19 UTC,iPhone15ProMax,ios,Olivine City,Johto,US,2024-08-05 16:25:04 UTC,0.375.1,18.6.2,mobile_phone
2025-11-16 23:00:11 UTC,iPhone15ProMax,ios,Olivine City,Johto,US,2024-08-05 16:25:04 UTC,0.385.2,26.0.1,mobile_phone
2025-11-16 03:53:49 UTC,iPhone15ProMax,ios,Olivine City,Johto,US,2024-08-05 16:25:04 UTC,0.385.2,26.0.1,mobile_phone
2025-11-16 01:58:24 UTC,iPhone15ProMax,ios,Olivine City,Johto,US,2024-08-05 16:25:04 UTC,0.385.2,26.0.1,mobile_phone
2025-11-16 03:34:28 UTC,iPhone15ProMax,ios,Olivine City,Johto,US,2024-08-05 16:25:04 UTC,0.385.2,26.0.1,mobile_phone
2025-11-16 19:49:02 UTC,iPhone15ProMax,ios,Olivine City,Johto,US,2024-08-05 16:25:04 UTC,0.385.2,26.0.1,mobile_phone
2025-06-09 20:19:40 UTC,iPhone15ProMax,ios,Celadon City,Kanto,US,2024-08-05 16:25:04 UTC,0.363.2,18.5,mobile_phone
2022-05-25 01:28:32 UTC,SM-G986U,android,Pallet Town,Kanto,US,2022-04-21 18:52:51 UTC,0.237.0,12,phone
2024-03-22 17:40:40 UTC,iPhone15ProMax,ios,Olivine City,Johto,US,2023-12-26 17:08:09 UTC,0.305.1,17.3.1,phone
2025-08-22 06:29:10 UTC,iPhone15ProMax,ios,Olivine City,Johto,US,2024-08-05 16:25:04 UTC,0.373.2,18.6.2,mobile_phone
2025-08-22 01:32:32 UTC,iPhone15ProMax,ios,Celadon City,Kanto,US,2024-08-05 16:25:04 UTC,0.373.2,18.6.2,mobile_phone
2025-08-22 15:14:30 UTC,iPhone15ProMax,ios,Pallet Town,Kanto,US,2024-08-05 16:25:04 UTC,0.373.2,18.6.2,mobile_phone
2025-08-22 17:36:05 UTC,iPhone15ProMax,ios,Goldenrod City,Johto,US,2024-08-05 16:25:04 UTC,0.373.2,18.6.2,mobile_phone
2025-08-22 18:05:29 UTC,iPhone15ProMax,ios,Goldenrod City,Johto,US,2024-08-05 16:25:04 UTC,0.373.2,18.6.2,mobile_phone
2025-08-22 14:26:22 UTC,iPhone15ProMax,ios,Pallet Town,Kanto,US,2024-08-05 16:25:04 UTC,0.373.2,18.6.2,mobile_phone
2023-01-09 03:03:12 UTC,SM-G986U,android,Olivine City,Johto,US,2023-01-09 02:58:29 UTC,0.257.1,13,phone
2025-05-26 21:24:05 UTC,iPhone15ProMax,ios,Olivine City,Johto,US,2024-08-05 16:25:04 UTC,0.361.0,18.5,mobile_phone
2025-05-26 16:08:54 UTC,iPhone15ProMax,ios,Olivine City,Johto,US,2024-08-05 16:25:04 UTC,0.361.0,18.5,mobile_phone
2024-07-26 05:15:16 UTC,iPhone15ProMax,ios,Olivine City,Johto,US,2023-12-26 17:08:09 UTC,0.323.0,17.5.1,mobile_phone
2024-07-26 17:03:19 UTC,iPhone15ProMax,ios,Olivine City,Johto,US,2023-12-26 17:08:09 UTC,0.323.0,17.5.1,mobile_phone
2024-07-26 00:33:39 UTC,iPhone15ProMax,ios,Ecruteak City,Johto,US,2023-12-26 17:08:09 UTC,0.323.0,17.5.1,mobile_phone
2025-08-20 04:48:03 UTC,iPhone15ProMax,ios,Olivine City,Johto,US,2024-08-05 16:25:04 UTC,0.373.2,18.6.1,mobile_phone
2025-08-20 15:10:01 UTC,iPhone15ProMax,ios,Pallet Town,Kanto,US,2024-08-05 16:25:04 UTC,0.373.2,18.6.1,mobile_phone
2025-08-20 13:23:31 UTC,iPhone15ProMax,ios,Olivine City,Johto,US,2024-08-05 16:25:04 UTC,0.373.2,18.6.1,mobile_phone
2025-08-20 16:22:08 UTC,iPhone15ProMax,ios,Pallet Town,Kanto,US,2024-08-05 16:25:04 UTC,0.373.2,18.6.1,mobile_phone
2024-04-28 05:01:53 UTC,iPhone15ProMax,ios,Viridian City,Kanto,US,2023-12-26 17:08:09 UTC,0.309.1,17.4.1,phone
2024-04-28 03:00:39 UTC,iPhone15ProMax,ios,Pallet Town,Kanto,US,2023-12-26 17:08:09 UTC,0.309.1,17.4.1,phone
2026-01-23 03:14:38 UTC,iPhone15ProMax,ios,Cerulean City,Kanto,US,2024-08-05 16:25:04 UTC,0.395.0,26.2,mobile_phone
2026-01-23 03:03:53 UTC,iPhone15ProMax,ios,Cerulean City,Kanto,US,2024-08-05 16:25:04 UTC,0.395.0,26.2,mobile_phone
2026-01-23 03:50:36 UTC,iPhone15ProMax,ios,Olivine City,Johto,US,2024-08-05 16:25:04 UTC,0.395.0,26.2,mobile_phone
2023-06-07 16:08:25 UTC,Pixel 4a,android,Olivine City,Johto,US,2023-02-23 19:14:35 UTC,0.271.2,13,phone
2025-03-18 02:53:39 UTC,iPhone15ProMax,ios,Pallet Town,Kanto,US,2024-08-05 16:25:04 UTC,0.351.0,18.3.2,mobile_phone
2025-03-18 01:36:03 UTC,iPhone15ProMax,ios,Pallet Town,Kanto,US,2024-08-05 16:25:04 UTC,0.351.0,18.3.2,mobile_phone
2025-03-18 19:24:20 UTC,iPhone15ProMax,ios,Pallet Town,Kanto,US,2024-08-05 16:25:04 UTC,0.353.0,18.3.2,mobile_phone
2024-07-25 00:54:58 UTC,iPhone15ProMax,ios,Olivine City,Johto,US,2023-12-26 17:08:09 UTC,0.323.0,17.5.1,mobile_phone
2024-07-25 04:47:24 UTC,iPhone15ProMax,ios,Olivine City,Johto,US,2023-12-26 17:08:09 UTC,0.323.0,17.5.1,mobile_phone
2023-01-12 18:02:06 UTC,SM-G986U,android,Olivine City,Johto,US,2023-01-09 02:58:29 UTC,0.257.1,13,phone
2023-01-12 06:53:37 UTC,SM-G986U,android,Olivine City,Johto,US,2023-01-09 02:58:29 UTC,0.257.1,13,phone
2026-02-20 16:53:57 UTC,iPhone15ProMax,ios,Celadon City,Kanto,US,2024-08-05 16:25:04 UTC,0.399.1,26.2.1,mobile_phone
2026-02-20 22:39:38 UTC,iPhone15ProMax,ios,Celadon City,Kanto,US,2024-08-05 16:25:04 UTC,0.399.1,26.2.1,mobile_phone
2026-02-20 21:37:29 UTC,iPhone15ProMax,ios,Celadon City,Kanto,US,2024-08-05 16:25:04 UTC,0.399.1,26.2.1,mobile_phone
2026-02-20 16:43:03 UTC,iPhone15ProMax,ios,Celadon City,Kanto,US,2024-08-05 16:25:04 UTC,0.399.1,26.2.1,mobile_phone
2026-02-20 20:56:33 UTC,iPhone15ProMax,ios,Celadon City,Kanto,US,2024-08-05 16:25:04 UTC,0.399.1,26.2.1,mobile_phone
2026-02-20 04:33:45 UTC,iPhone15ProMax,ios,Celadon City,Kanto,US,2024-08-05 16:25:04 UTC,0.397.1,26.2.1,mobile_phone
2023-03-13 23:16:39 UTC,Pixel 4a,android,Olivine City,Johto,US,2023-02-23 19:14:35 UTC,0.263.1,13,phone
2025-01-17 16:49:50 UTC,iPhone15ProMax,ios,Viridian City,Kanto,US,2024-08-05 16:25:04 UTC,0.343.2,18.2.1,mobile_phone
2025-01-17 20:21:02 UTC,iPhone15ProMax,ios,Viridian City,Kanto,US,2024-08-05 16:25:04 UTC,0.343.2,18.2.1,mobile_phone
2025-01-17 19:26:20 UTC,iPhone15ProMax,ios,Viridian City,Kanto,US,2024-08-05 16:25:04 UTC,0.343.2,18.2.1,mobile_phone
2024-12-28 17:43:50 UTC,iPhone15ProMax,ios,Olivine City,Johto,US,2024-08-05 16:25:04 UTC,0.343.0,18.2,mobile_phone
2025-05-09 16:25:58 UTC,iPhone15ProMax,ios,Olivine City,Johto,US,2024-08-05 16:25:04 UTC,0.359.0,18.4.1,mobile_phone
2022-04-14 04:18:22 UTC,SM-G986U,android,Pallet Town,Kanto,US,2022-04-04 05:03:56 UTC,0.233.1,12,phone
2022-04-14 19:41:00 UTC,SM-G986U,android,Pallet Town,Kanto,US,2022-04-04 05:03:56 UTC,0.233.1,12,phone
2022-04-14 20:35:21 UTC,SM-G986U,android,Pallet Town,Kanto,US,2022-04-04 05:03:56 UTC,0.233.1,12,phone
2023-01-19 19:08:53 UTC,SM-G986U,android,Olivine City,Johto,US,2023-01-09 02:58:29 UTC,0.257.1,13,phone
2023-02-10 21:43:32 UTC,SM-G986U,android,Olivine City,Johto,US,2023-01-09 02:58:29 UTC,0.261.1,13,phone
2025-11-04 05:21:12 UTC,iPhone15ProMax,ios,Olivine City,Johto,US,2024-08-05 16:25:04 UTC,0.385.0,26.0.1,mobile_phone
2025-11-04 21:28:40 UTC,iPhone15ProMax,ios,Olivine City,Johto,US,2024-08-05 16:25:04 UTC,0.385.0,26.0.1,mobile_phone
2026-03-26 14:40:14 UTC,iPhone15ProMax,ios,Olivine City,Johto,US,2024-08-05 16:25:04 UTC,0.403.1,26.3.1,mobile_phone
2024-09-27 14:31:04 UTC,iPhone15ProMax,ios,Olivine City,Johto,US,2024-08-05 16:25:04 UTC,0.331.1,18.0,mobile_phone
2024-09-27 15:49:00 UTC,iPhone15ProMax,ios,Olivine City,Johto,US,2024-08-05 16:25:04 UTC,0.331.1,18.0,mobile_phone
2024-09-27 23:31:23 UTC,iPhone15ProMax,ios,Olivine City,Johto,US,2024-08-05 16:25:04 UTC,0.331.1,18.0,mobile_phone
2025-12-20 05:47:17 UTC,iPhone15ProMax,ios,Olivine City,Johto,US,2024-08-05 16:25:04 UTC,0.391.1,26.1,mobile_phone
2024-02-23 02:46:39 UTC,iPhone15ProMax,ios,Olivine City,Johto,US,2023-12-26 17:08:09 UTC,0.299.1,17.3.1,phone
2024-02-23 18:51:37 UTC,iPhone15ProMax,ios,Olivine City,Johto,US,2023-12-26 17:08:09 UTC,0.299.1,17.3.1,phone
2024-02-23 19:17:31 UTC,iPhone15ProMax,ios,Olivine City,Johto,US,2023-12-26 17:08:09 UTC,0.299.1,17.3.1,phone
2025-06-13 03:31:54 UTC,iPhone15ProMax,ios,Celadon City,Kanto,US,2024-08-05 16:25:04 UTC,0.363.2,18.5,mobile_phone
2026-08-12 23:32:20 UTC,iPhone15ProMax,ios,Viridian City,Kanto,US,2024-08-05 16:25:04 UTC,0.423.1,26.6,mobile_phone
2024-03-02 22:59:05 UTC,iPhone15ProMax,ios,Pallet Town,Kanto,US,2023-12-26 17:08:09 UTC,0.301.0,17.3.1,phone
2024-03-02 07:55:42 UTC,iPhone15ProMax,ios,Olivine City,Johto,US,2023-12-26 17:08:09 UTC,0.301.0,17.3.1,phone
2026-01-12 14:28:53 UTC,iPhone15ProMax,ios,New Bark Town,Johto,US,2024-08-05 16:25:04 UTC,0.393.0,26.2,mobile_phone
2025-03-21 01:50:27 UTC,iPhone15ProMax,ios,Goldenrod City,Johto,US,2024-08-05 16:25:04 UTC,0.353.0,18.3.2,mobile_phone
2022-06-12 23:40:05 UTC,SM-G986U,android,Cerulean City,Kanto,US,2022-06-01 10:44:54 UTC,0.239.2,12,phone
2025-04-24 01:46:12 UTC,iPhone15ProMax,ios,Olivine City,Johto,US,2024-08-05 16:25:04 UTC,0.357.2,18.4.1,mobile_phone
2025-04-24 18:17:16 UTC,iPhone15ProMax,ios,Viridian City,Kanto,US,2024-08-05 16:25:04 UTC,0.357.2,18.4.1,mobile_phone
2025-04-24 00:50:29 UTC,iPhone15ProMax,ios,Olivine City,Johto,US,2024-08-05 16:25:04 UTC,0.357.2,18.4.1,mobile_phone
2022-06-04 20:59:01 UTC,SM-G986U,android,Pallet Town,Kanto,US,2022-06-01 10:44:54 UTC,0.239.0,12,phone
2022-06-04 20:36:05 UTC,SM-G986U,android,Pallet Town,Kanto,US,2022-06-01 10:44:54 UTC,0.239.0,12,phone
2026-01-25 19:13:12 UTC,iPhone15ProMax,ios,Olivine City,Johto,US,2024-08-05 16:25:04 UTC,0.395.0,26.2,mobile_phone
2026-01-25 02:35:04 UTC,iPhone15ProMax,ios,Olivine City,Johto,US,2024-08-05 16:25:04 UTC,0.395.0,26.2,mobile_phone
2023-02-22 23:08:11 UTC,SM-G986U,android,Olivine City,Johto,US,2023-01-09 02:58:29 UTC,0.261.3,13,phone
2022-05-15 05:00:52 UTC,SM-G986U,android,Pallet Town,Kanto,US,2022-04-21 18:52:51 UTC,0.237.0,12,phone
2025-01-12 01:32:11 UTC,iPhone15ProMax,ios,Olivine City,Johto,US,2024-08-05 16:25:04 UTC,0.343.2,18.2.1,mobile_phone
2025-11-22 17:15:43 UTC,iPhone15ProMax,ios,Viridian City,Kanto,US,2024-08-05 16:25:04 UTC,0.387.0,26.1,mobile_phone
2025-11-22 00:47:07 UTC,iPhone15ProMax,ios,Olivine City,Johto,US,2024-08-05 16:25:04 UTC,0.387.0,26.1,mobile_phone
2025-11-22 00:24:30 UTC,iPhone15ProMax,ios,Viridian City,Kanto,US,2024-08-05 16:25:04 UTC,0.387.0,26.1,mobile_phone
2025-11-22 16:51:55 UTC,iPhone15ProMax,ios,Viridian City,Kanto,US,2024-08-05 16:25:04 UTC,0.387.0,26.1,mobile_phone
2025-02-26 02:54:12 UTC,iPhone15ProMax,ios,Pallet Town,Kanto,US,2024-08-05 16:25:04 UTC,0.349.1,18.3.1,mobile_phone
2025-02-26 21:19:46 UTC,iPhone15ProMax,ios,Pallet Town,Kanto,US,2024-08-05 16:25:04 UTC,0.349.1,18.3.1,mobile_phone
2025-02-26 02:23:08 UTC,iPhone15ProMax,ios,Pallet Town,Kanto,US,2024-08-05 16:25:04 UTC,0.349.1,18.3.1,mobile_phone
2025-02-26 14:28:28 UTC,iPhone15ProMax,ios,Olivine City,Johto,US,2024-08-05 16:25:04 UTC,0.349.1,18.3.1,mobile_phone
2025-02-06 04:15:42 UTC,iPhone15ProMax,ios,Olivine City,Johto,US,2024-08-05 16:25:04 UTC,0.347.0,18.3,mobile_phone
2025-02-06 02:49:25 UTC,iPhone15ProMax,ios,Olivine City,Johto,US,2024-08-05 16:25:04 UTC,0.347.0,18.3,mobile_phone
2025-02-06 18:13:56 UTC,iPhone15ProMax,ios,Olivine City,Johto,US,2024-08-05 16:25:04 UTC,0.347.0,18.3,mobile_phone
2025-02-06 22:57:00 UTC,iPhone15ProMax,ios,Olivine City,Johto,US,2024-08-05 16:25:04 UTC,0.347.0,18.3,mobile_phone
2024-05-09 23:50:13 UTC,iPhone15ProMax,ios,Viridian City,Kanto,US,2023-12-26 17:08:09 UTC,0.311.2,17.4.1,phone
2024-05-09 06:04:19 UTC,iPhone15ProMax,ios,Olivine City,Johto,US,2023-12-26 17:08:09 UTC,0.311.1,17.4.1,phone
2024-05-09 01:03:19 UTC,iPhone15ProMax,ios,Olivine City,Johto,US,2023-12-26 17:08:09 UTC,0.311.1,17.4.1,phone
2024-05-09 15:40:44 UTC,iPhone15ProMax,ios,Olivine City,Johto,US,2023-12-26 17:08:09 UTC,0.311.1,17.4.1,phone
2024-12-13 03:51:41 UTC,iPhone15ProMax,ios,Cerulean City,Kanto,US,2024-08-05 16:25:04 UTC,0.341.2,18.2,mobile_phone
2024-12-13 02:23:02 UTC,iPhone15ProMax,ios,Olivine City,Johto,US,2024-08-05 16:25:04 UTC,0.341.2,18.2,mobile_phone
2024-12-13 15:35:37 UTC,iPhone15ProMax,ios,Celadon City,Kanto,US,2024-08-05 16:25:04 UTC,0.341.2,18.2,mobile_phone
2024-12-13 21:48:42 UTC,iPhone15ProMax,ios,Olivine City,Johto,US,2024-08-05 16:25:04 UTC,0.341.2,18.2,mobile_phone
2025-10-29 01:28:50 UTC,iPhone15ProMax,ios,Pallet Town,Kanto,US,2024-08-05 16:25:04 UTC,0.383.2,26.0.1,mobile_phone
2025-10-29 03:43:49 UTC,iPhone15ProMax,ios,Olivine City,Johto,US,2024-08-05 16:25:04 UTC,0.383.2,26.0.1,mobile_phone
2024-03-29 15:32:28 UTC,iPhone15ProMax,ios,Olivine City,Johto,US,2023-12-26 17:08:09 UTC,0.305.1,17.3.1,phone
2024-03-29 22:02:04 UTC,iPhone15ProMax,ios,New Bark Town,Johto,US,2023-12-26 17:08:09 UTC,0.305.1,17.3.1,phone
2024-05-30 08:26:52 UTC,iPhone15ProMax,ios,Olivine City,Johto,US,2023-12-26 17:08:09 UTC,0.315.1,17.5.1,phone
2024-05-30 23:25:12 UTC,iPhone15ProMax,ios,Olivine City,Johto,US,2023-12-26 17:08:09 UTC,0.315.1,17.5.1,phone
2024-05-30 08:08:52 UTC,iPhone15ProMax,ios,Olivine City,Johto,US,2023-12-26 17:08:09 UTC,0.315.1,17.5.1,phone
2024-05-30 05:10:55 UTC,iPhone15ProMax,ios,Olivine City,Johto,US,2023-12-26 17:08:09 UTC,0.315.1,17.5.1,phone
2024-05-30 02:27:59 UTC,iPhone15ProMax,ios,Olivine City,Johto,US,2023-12-26 17:08:09 UTC,0.313.1,17.5.1,phone
2024-03-04 06:41:47 UTC,iPhone15ProMax,ios,Olivine City,Johto,US,2023-12-26 17:08:09 UTC,0.301.0,17.3.1,phone
2024-03-04 05:10:48 UTC,iPhone15ProMax,ios,Olivine City,Johto,US,2023-12-26 17:08:09 UTC,0.301.0,17.3.1,phone
2025-04-21 19:29:41 UTC,iPhone15ProMax,ios,Olivine City,Johto,US,2024-08-05 16:25:04 UTC,0.357.2,18.4.1,mobile_phone
2025-04-21 05:38:04 UTC,iPhone15ProMax,ios,Olivine City,Johto,US,2024-08-05 16:25:04 UTC,0.357.2,18.4.1,mobile_phone
2025-04-21 18:18:18 UTC,iPhone15ProMax,ios,Olivine City,Johto,US,2024-08-05 16:25:04 UTC,0.357.2,18.4.1,mobile_phone
2025-09-23 15:52:24 UTC,iPhone15ProMax,ios,Ecruteak City,Johto,US,2024-08-05 16:25:04 UTC,0.377.1,26.0,mobile_phone
2025-09-23 15:16:49 UTC,iPhone15ProMax,ios,Ecruteak City,Johto,US,2024-08-05 16:25:04 UTC,0.377.1,26.0,mobile_phone
2025-06-28 08:18:05 UTC,iPhone15ProMax,ios,Olivine City,Johto,US,2024-08-05 16:25:04 UTC,0.367.1,18.5,mobile_phone
2025-06-28 01:11:15 UTC,iPhone15ProMax,ios,Olivine City,Johto,US,2024-08-05 16:25:04 UTC,0.367.1,18.5,mobile_phone
2025-06-28 23:45:31 UTC,iPhone15ProMax,ios,Olivine City,Johto,US,2024-08-05 16:25:04 UTC,0.367.1,18.5,mobile_phone
2025-06-28 05:06:00 UTC,iPhone15ProMax,ios,Olivine City,Johto,US,2024-08-05 16:25:04 UTC,0.367.1,18.5,mobile_phone
2025-06-28 01:39:44 UTC,iPhone15ProMax,ios,Olivine City,Johto,US,2024-08-05 16:25:04 UTC,0.367.1,18.5,mobile_phone
2025-06-28 02:06:52 UTC,iPhone15ProMax,ios,Olivine City,Johto,US,2024-08-05 16:25:04 UTC,0.367.1,18.5,mobile_phone
2025-06-28 02:51:39 UTC,iPhone15ProMax,ios,Olivine City,Johto,US,2024-08-05 16:25:04 UTC,0.367.1,18.5,mobile_phone
2023-03-06 23:11:27 UTC,Pixel 4a,android,Olivine City,Johto,US,2023-02-23 19:14:35 UTC,0.263.1,13,phone
2023-01-11 00:40:38 UTC,SM-G986U,android,Olivine City,Johto,US,2023-01-09 02:58:29 UTC,0.257.1,13,phone
2024-12-20 22:42:38 UTC,iPhone15ProMax,ios,Olivine City,Johto,US,2024-08-05 16:25:04 UTC,0.343.0,18.2,mobile_phone
2024-12-20 03:13:54 UTC,iPhone15ProMax,ios,Olivine City,Johto,US,2024-08-05 16:25:04 UTC,0.343.0,18.2,mobile_phone
2025-05-07 23:39:34 UTC,iPhone15ProMax,ios,Olivine City,Johto,US,2024-08-05 16:25:04 UTC,0.359.0,18.4.1,mobile_phone
2025-05-07 03:13:00 UTC,iPhone15ProMax,ios,Olivine City,Johto,US,2024-08-05 16:25:04 UTC,0.359.0,18.4.1,mobile_phone
2024-08-24 03:34:20 UTC,iPhone15ProMax,ios,Pallet Town,Kanto,US,2024-08-05 16:25:04 UTC,0.327.0,17.6.1,mobile_phone
2024-08-24 04:47:32 UTC,iPhone15ProMax,ios,Olivine City,Johto,US,2024-08-05 16:25:04 UTC,0.327.0,17.6.1,mobile_phone
2024-08-24 04:30:07 UTC,iPhone15ProMax,ios,Pallet Town,Kanto,US,2024-08-05 16:25:04 UTC,0.327.0,17.6.1,mobile_phone
2024-08-24 09:16:08 UTC,iPhone15ProMax,ios,Olivine City,Johto,US,2024-08-05 16:25:04 UTC,0.327.0,17.6.1,mobile_phone
2024-08-24 07:21:29 UTC,iPhone15ProMax,ios,Olivine City,Johto,US,2024-08-05 16:25:04 UTC,0.327.0,17.6.1,mobile_phone
2024-10-28 22:15:28 UTC,iPhone15ProMax,ios,Goldenrod City,Johto,US,2024-08-05 16:25:04 UTC,0.335.1,18.0.1,mobile_phone
2024-03-13 20:16:53 UTC,iPhone15ProMax,ios,Olivine City,Johto,US,2023-12-26 17:08:09 UTC,0.303.2,17.3.1,phone
2024-03-13 08:13:25 UTC,iPhone15ProMax,ios,Olivine City,Johto,US,2023-12-26 17:08:09 UTC,0.303.2,17.3.1,phone
2024-10-25 17:37:29 UTC,iPhone15ProMax,ios,Pallet Town,Kanto,US,2024-08-05 16:25:04 UTC,0.335.1,18.0.1,mobile_phone
2024-10-23 18:38:21 UTC,iPhone15ProMax,ios,Goldenrod City,Johto,US,2024-08-05 16:25:04 UTC,0.335.1,18.0.1,mobile_phone
2024-10-23 06:47:32 UTC,iPhone15ProMax,ios,Olivine City,Johto,US,2024-08-05 16:25:04 UTC,0.335.1,18.0.1,mobile_phone
2022-09-04 18:49:10 UTC,Pixel 4a,android,Olivine City,Johto,US,2021-07-01 16:46:46 UTC,0.245.2,12,phone
2025-02-13 17:01:46 UTC,iPhone15ProMax,ios,Olivine City,Johto,US,2024-08-05 16:25:04 UTC,0.347.0,18.3,mobile_phone
2025-02-13 22:16:30 UTC,iPhone15ProMax,ios,Olivine City,Johto,US,2024-08-05 16:25:04 UTC,0.347.0,18.3.1,mobile_phone
2025-02-13 01:24:29 UTC,iPhone15ProMax,ios,Goldenrod City,Johto,US,2024-08-05 16:25:04 UTC,0.347.0,18.3,mobile_phone
2025-10-15 21:33:14 UTC,iPhone15ProMax,ios,Celadon City,Kanto,US,2024-08-05 16:25:04 UTC,0.383.0,26.0.1,mobile_phone
2025-10-15 14:07:45 UTC,iPhone15ProMax,ios,Olivine City,Johto,US,2024-08-05 16:25:04 UTC,0.383.0,26.0.1,mobile_phone
2025-05-14 03:15:46 UTC,iPhone15ProMax,ios,Olivine City,Johto,US,2024-08-05 16:25:04 UTC,0.359.0,18.4.1,mobile_phone
2025-05-14 01:19:37 UTC,iPhone15ProMax,ios,Olivine City,Johto,US,2024-08-05 16:25:04 UTC,0.359.0,18.4.1,mobile_phone
2025-09-12 19:27:10 UTC,iPhone15ProMax,ios,Goldenrod City,Johto,US,2024-08-05 16:25:04 UTC,0.377.1,18.6.2,mobile_phone
2025-09-12 14:55:59 UTC,iPhone15ProMax,ios,Goldenrod City,Johto,US,2024-08-05 16:25:04 UTC,0.377.1,18.6.2,mobile_phone
2023-02-03 00:47:27 UTC,SM-G986U,android,Olivine City,Johto,US,2023-01-09 02:58:29 UTC,0.257.1,13,phone
2024-07-01 12:53:02 UTC,iPhone15ProMax,ios,Viridian City,Kanto,US,2023-12-26 17:08:09 UTC,0.319.0,17.5.1,mobile_phone
2024-07-01 01:27:48 UTC,iPhone15ProMax,ios,Viridian City,Kanto,US,2023-12-26 17:08:09 UTC,0.319.0,17.5.1,mobile_phone
2024-07-01 06:33:59 UTC,iPhone15ProMax,ios,Viridian City,Kanto,US,2023-12-26 17:08:09 UTC,0.319.0,17.5.1,mobile_phone
2025-06-27 15:05:44 UTC,iPhone15ProMax,ios,Olivine City,Johto,US,2024-08-05 16:25:04 UTC,0.367.1,18.5,mobile_phone
2025-06-27 20:51:42 UTC,iPhone15ProMax,ios,Olivine City,Johto,US,2024-08-05 16:25:04 UTC,0.367.1,18.5,mobile_phone
2025-06-27 17:22:17 UTC,iPhone15ProMax,ios,Olivine City,Johto,US,2024-08-05 16:25:04 UTC,0.367.1,18.5,mobile_phone
2025-06-27 19:22:07 UTC,iPhone15ProMax,ios,Olivine City,Johto,US,2024-08-05 16:25:04 UTC,0.367.1,18.5,mobile_phone
2025-03-30 01:10:09 UTC,iPhone15ProMax,ios,Olivine City,Johto,US,2024-08-05 16:25:04 UTC,0.353.2,18.3.2,mobile_phone
2024-04-14 21:41:29 UTC,iPhone15ProMax,ios,Pallet Town,Kanto,US,2023-12-26 17:08:09 UTC,0.307.1,17.4.1,phone
2024-04-14 08:04:12 UTC,iPhone15ProMax,ios,Viridian City,Kanto,US,2023-12-26 17:08:09 UTC,0.307.1,17.4.1,phone
2024-04-14 04:53:52 UTC,iPhone15ProMax,ios,Viridian City,Kanto,US,2023-12-26 17:08:09 UTC,0.307.1,17.4.1,phone
2026-03-01 16:29:05 UTC,iPhone15ProMax,ios,Olivine City,Johto,US,2024-08-05 16:25:04 UTC,0.399.1,26.3,mobile_phone
2026-03-01 22:14:36 UTC,iPhone15ProMax,ios,Cerulean City,Kanto,US,2024-08-05 16:25:04 UTC,0.399.1,26.3,mobile_phone
2026-03-01 02:36:52 UTC,iPhone15ProMax,ios,Olivine City,Johto,US,2024-08-05 16:25:04 UTC,0.399.1,26.3,mobile_phone
2026-03-01 00:42:51 UTC,iPhone15ProMax,ios,Cerulean City,Kanto,US,2024-08-05 16:25:04 UTC,0.399.1,26.3,mobile_phone
2026-03-01 17:44:03 UTC,iPhone15ProMax,ios,Cerulean City,Kanto,US,2024-08-05 16:25:04 UTC,0.399.1,26.3,mobile_phone
2026-03-01 03:01:22 UTC,iPhone15ProMax,ios,Olivine City,Johto,US,2024-08-05 16:25:04 UTC,0.399.1,26.3,mobile_phone
2026-03-01 03:34:15 UTC,iPhone15ProMax,ios,Olivine City,Johto,US,2024-08-05 16:25:04 UTC,0.399.1,26.3,mobile_phone
2022-06-15 19:52:20 UTC,SM-G986U,android,Cerulean City,Kanto,US,2022-06-01 10:44:54 UTC,0.239.2,12,phone
2022-06-15 00:57:37 UTC,SM-G986U,android,Pallet Town,Kanto,US,2022-06-01 10:44:54 UTC,0.239.2,12,phone
2024-03-17 07:37:30 UTC,iPhone15ProMax,ios,Olivine City,Johto,US,2023-12-26 17:08:09 UTC,0.303.2,17.3.1,phone
2024-03-17 02:52:26 UTC,iPhone15ProMax,ios,Olivine City,Johto,US,2023-12-26 17:08:09 UTC,0.303.2,17.3.1,phone
2024-03-17 08:42:04 UTC,iPhone15ProMax,ios,Olivine City,Johto,US,2023-12-26 17:08:09 UTC,0.303.2,17.3.1,phone
2024-03-17 05:53:11 UTC,iPhone15ProMax,ios,Celadon City,Kanto,US,2023-12-26 17:08:09 UTC,0.303.2,17.3.1,phone
2025-05-21 18:56:00 UTC,iPhone15ProMax,ios,Olivine City,Johto,US,2024-08-05 16:25:04 UTC,0.361.0,18.4.1,mobile_phone
2026-01-20 13:17:51 UTC,iPhone15ProMax,ios,Olivine City,Johto,US,2024-08-05 16:25:04 UTC,0.393.0,26.2,mobile_phone
2026-01-20 15:28:17 UTC,iPhone15ProMax,ios,Cerulean City,Kanto,US,2024-08-05 16:25:04 UTC,0.393.0,26.2,mobile_phone
2024-03-05 21:49:53 UTC,iPhone15ProMax,ios,New Bark Town,Johto,US,2023-12-26 17:08:09 UTC,0.301.0,17.3.1,phone
2024-03-05 06:34:50 UTC,iPhone15ProMax,ios,Celadon City,Kanto,US,2023-12-26 17:08:09 UTC,0.301.0,17.3.1,phone
2024-03-05 06:55:46 UTC,iPhone15ProMax,ios,Celadon City,Kanto,US,2023-12-26 17:08:09 UTC,0.301.0,17.3.1,phone
2025-10-10 03:44:52 UTC,iPhone15ProMax,ios,Olivine City,Johto,US,2024-08-05 16:25:04 UTC,0.381.3,26.0.1,mobile_phone
2025-07-18 16:15:28 UTC,iPhone15ProMax,ios,Cerulean City,Kanto,US,2024-08-05 16:25:04 UTC,0.369.1,18.5,mobile_phone
2025-07-18 14:54:11 UTC,iPhone15ProMax,ios,Cerulean City,Kanto,US,2024-08-05 16:25:04 UTC,0.369.1,18.5,mobile_phone
2025-08-14 01:36:36 UTC,iPhone15ProMax,ios,Olivine City,Johto,US,2024-08-05 16:25:04 UTC,0.373.2,18.6,mobile_phone
2025-08-14 00:52:56 UTC,iPhone15ProMax,ios,Olivine City,Johto,US,2024-08-05 16:25:04 UTC,0.373.2,18.6,mobile_phone
2024-07-02 19:59:40 UTC,iPhone15ProMax,ios,Viridian City,Kanto,US,2023-12-26 17:08:09 UTC,0.319.0,17.5.1,mobile_phone
2024-07-02 04:22:39 UTC,iPhone15ProMax,ios,Pallet Town,Kanto,US,2023-12-26 17:08:09 UTC,0.319.0,17.5.1,mobile_phone
2024-07-02 00:13:28 UTC,iPhone15ProMax,ios,Viridian City,Kanto,US,2023-12-26 17:08:09 UTC,0.319.0,17.5.1,mobile_phone
2025-10-01 14:34:39 UTC,iPhone15ProMax,ios,Viridian City,Kanto,US,2024-08-05 16:25:04 UTC,0.379.0,26.0.1,mobile_phone
2025-10-01 00:30:51 UTC,iPhone15ProMax,ios,Olivine City,Johto,US,2024-08-05 16:25:04 UTC,0.379.0,26.0.1,mobile_phone
2025-03-04 23:39:44 UTC,iPhone15ProMax,ios,Olivine City,Johto,US,2024-08-05 16:25:04 UTC,0.349.1,18.3.1,mobile_phone
2025-03-04 23:18:06 UTC,iPhone15ProMax,ios,Olivine City,Johto,US,2024-08-05 16:25:04 UTC,0.349.1,18.3.1,mobile_phone
2024-07-28 01:05:08 UTC,iPhone15ProMax,ios,Olivine City,Johto,US,2023-12-26 17:08:09 UTC,0.323.1,17.5.1,mobile_phone
2024-07-28 03:08:14 UTC,iPhone15ProMax,ios,Olivine City,Johto,US,2023-12-26 17:08:09 UTC,0.323.1,17.5.1,mobile_phone
2025-03-19 03:13:16 UTC,iPhone15ProMax,ios,Olivine City,Johto,US,2024-08-05 16:25:04 UTC,0.353.0,18.3.2,mobile_phone
2025-03-19 02:10:49 UTC,iPhone15ProMax,ios,Pallet Town,Kanto,US,2024-08-05 16:25:04 UTC,0.353.0,18.3.2,mobile_phone
2024-02-22 23:59:43 UTC,iPhone15ProMax,ios,Olivine City,Johto,US,2023-12-26 17:08:09 UTC,0.299.1,17.3.1,phone
2024-02-22 01:13:27 UTC,iPhone15ProMax,ios,New Bark Town,Johto,US,2023-12-26 17:08:09 UTC,0.299.1,17.3.1,phone
2024-02-22 20:02:28 UTC,iPhone15ProMax,ios,Olivine City,Johto,US,2023-12-26 17:08:09 UTC,0.299.1,17.3.1,phone
2024-02-22 23:01:25 UTC,iPhone15ProMax,ios,Olivine City,Johto,US,2023-12-26 17:08:09 UTC,0.299.1,17.3.1,phone
2024-08-03 18:01:12 UTC,iPhone15ProMax,ios,Cerulean City,Kanto,CA,2023-12-26 17:08:09 UTC,0.323.1,17.5.1,mobile_phone
2024-08-03 19:16:38 UTC,iPhone15ProMax,ios,Cerulean City,Kanto,CA,2023-12-26 17:08:09 UTC,0.323.1,17.5.1,mobile_phone
2024-08-03 06:49:38 UTC,iPhone15ProMax,ios,Cerulean City,Kanto,CA,2023-12-26 17:08:09 UTC,0.323.1,17.5.1,mobile_phone
2024-08-03 18:21:44 UTC,iPhone15ProMax,ios,Cerulean City,Kanto,CA,2023-12-26 17:08:09 UTC,0.323.1,17.5.1,mobile_phone
2025-07-14 17:56:58 UTC,iPhone15ProMax,ios,Goldenrod City,Johto,US,2024-08-05 16:25:04 UTC,0.369.0,18.5,mobile_phone
2025-07-14 14:27:13 UTC,iPhone15ProMax,ios,Goldenrod City,Johto,US,2024-08-05 16:25:04 UTC,0.369.0,18.5,mobile_phone
2025-07-14 02:53:44 UTC,iPhone15ProMax,ios,Celadon City,Kanto,US,2024-08-05 16:25:04 UTC,0.369.0,18.5,mobile_phone
2022-09-05 16:19:13 UTC,Pixel 4a,android,Olivine City,Johto,US,2021-07-01 16:46:46 UTC,0.247.1,12,phone
2022-04-15 04:31:30 UTC,SM-G986U,android,Pallet Town,Kanto,US,2022-04-04 05:03:56 UTC,0.233.1,12,phone
2023-06-06 17:04:25 UTC,Pixel 4a,android,Olivine City,Johto,US,2023-02-23 19:14:35 UTC,0.271.2,13,phone
2025-09-06 21:42:25 UTC,iPhone15ProMax,ios,Celadon City,Kanto,US,2024-08-05 16:25:04 UTC,0.375.2,18.6.2,mobile_phone
2025-09-06 20:13:58 UTC,iPhone15ProMax,ios,Celadon City,Kanto,US,2024-08-05 16:25:04 UTC,0.375.2,18.6.2,mobile_phone
2025-09-06 01:47:38 UTC,iPhone15ProMax,ios,Olivine City,Johto,US,2024-08-05 16:25:04 UTC,0.375.2,18.6.2,mobile_phone
2024-04-27 06:44:47 UTC,iPhone15ProMax,ios,Viridian City,Kanto,US,2023-12-26 17:08:09 UTC,0.309.1,17.4.1,phone
2024-04-27 03:48:34 UTC,iPhone15ProMax,ios,Viridian City,Kanto,US,2023-12-26 17:08:09 UTC,0.309.1,17.4.1,phone
2024-05-04 21:08:55 UTC,iPhone15ProMax,ios,Olivine City,Johto,US,2023-12-26 17:08:09 UTC,0.311.1,17.4.1,phone
2024-05-04 04:22:42 UTC,iPhone15ProMax,ios,Viridian City,Kanto,US,2023-12-26 17:08:09 UTC,0.311.0,17.4.1,phone
2024-05-04 01:02:21 UTC,iPhone15ProMax,ios,Viridian City,Kanto,US,2023-12-26 17:08:09 UTC,0.311.0,17.4.1,phone
2024-11-20 00:53:45 UTC,iPhone15ProMax,ios,Olivine City,Johto,US,2024-08-05 16:25:04 UTC,0.339.0,18.1,mobile_phone
2024-11-20 01:56:17 UTC,iPhone15ProMax,ios,Olivine City,Johto,US,2024-08-05 16:25:04 UTC,0.339.0,18.1,mobile_phone
2024-11-20 00:42:57 UTC,iPhone15ProMax,ios,Olivine City,Johto,US,2024-08-05 16:25:04 UTC,0.339.0,18.1,mobile_phone
2026-06-27 18:55:18 UTC,iPhone15ProMax,ios,Celadon City,Kanto,US,2024-08-05 16:25:04 UTC,0.415.3,26.5,mobile_phone
2026-06-27 22:50:54 UTC,iPhone15ProMax,ios,Celadon City,Kanto,US,2024-08-05 16:25:04 UTC,0.415.3,26.5,mobile_phone
2026-06-27 22:13:14 UTC,iPhone15ProMax,ios,Celadon City,Kanto,US,2024-08-05 16:25:04 UTC,0.415.3,26.5,mobile_phone
2024-11-24 02:57:49 UTC,iPhone15ProMax,ios,Olivine City,Johto,US,2024-08-05 16:25:04 UTC,0.339.1,18.1.1,mobile_phone
2024-11-24 23:00:06 UTC,iPhone15ProMax,ios,Pallet Town,Kanto,US,2024-08-05 16:25:04 UTC,0.339.1,18.1.1,mobile_phone
2024-11-24 19:58:00 UTC,iPhone15ProMax,ios,Pallet Town,Kanto,US,2024-08-05 16:25:04 UTC,0.339.1,18.1.1,mobile_phone
2024-11-24 01:27:46 UTC,iPhone15ProMax,ios,Olivine City,Johto,US,2024-08-05 16:25:04 UTC,0.339.1,18.1.1,mobile_phone
2025-08-25 15:17:54 UTC,iPhone15ProMax,ios,Olivine City,Johto,US,2024-08-05 16:25:04 UTC,0.373.2,18.6.2,mobile_phone
2022-04-09 07:19:19 UTC,SM-G986U,android,Pallet Town,Kanto,US,2022-04-04 05:03:56 UTC,0.233.1,12,phone
2022-04-09 23:46:00 UTC,SM-G986U,android,Pallet Town,Kanto,US,2022-04-04 05:03:56 UTC,0.233.1,12,phone
2026-04-12 00:55:29 UTC,iPhone15ProMax,ios,Olivine City,Johto,US,2024-08-05 16:25:04 UTC,0.405.1,26.3.1,mobile_phone
2026-07-29 04:55:56 UTC,iPhone15ProMax,ios,Olivine City,Johto,US,2024-08-05 16:25:04 UTC,0.421.0,26.5.2,mobile_phone
2025-01-02 00:53:54 UTC,iPhone15ProMax,ios,Celadon City,Kanto,US,2024-08-05 16:25:04 UTC,0.343.0,18.2,mobile_phone
2025-01-02 01:30:54 UTC,iPhone15ProMax,ios,Celadon City,Kanto,US,2024-08-05 16:25:04 UTC,0.343.0,18.2,mobile_phone
2026-01-13 14:40:54 UTC,iPhone15ProMax,ios,New Bark Town,Johto,US,2024-08-05 16:25:04 UTC,0.393.0,26.2,mobile_phone
2025-07-04 03:38:30 UTC,iPhone15ProMax,ios,Olivine City,Johto,US,2024-08-05 16:25:04 UTC,0.367.2,18.5,mobile_phone
2025-07-04 19:56:55 UTC,iPhone15ProMax,ios,Olivine City,Johto,US,2024-08-05 16:25:04 UTC,0.367.2,18.5,mobile_phone
2025-07-04 22:45:49 UTC,iPhone15ProMax,ios,Olivine City,Johto,US,2024-08-05 16:25:04 UTC,0.367.2,18.5,mobile_phone
2025-07-04 16:48:45 UTC,iPhone15ProMax,ios,Olivine City,Johto,US,2024-08-05 16:25:04 UTC,0.367.2,18.5,mobile_phone
2022-02-28 15:44:33 UTC,SM-G986U,android,Pallet Town,Kanto,US,2022-02-27 06:08:31 UTC,0.229.2,12,phone
2022-02-28 00:51:18 UTC,SM-G986U,android,Pallet Town,Kanto,US,2022-02-27 06:08:31 UTC,0.229.2,12,phone
2022-02-28 22:12:25 UTC,SM-G986U,android,Pallet Town,Kanto,US,2022-02-27 06:08:31 UTC,0.229.2,12,phone
2025-12-16 00:40:26 UTC,iPhone15ProMax,ios,Ecruteak City,Johto,US,2024-08-05 16:25:04 UTC,0.391.0,26.1,mobile_phone
2025-12-16 02:24:00 UTC,iPhone15ProMax,ios,Olivine City,Johto,US,2024-08-05 16:25:04 UTC,0.391.0,26.1,mobile_phone
2025-12-16 00:29:09 UTC,iPhone15ProMax,ios,Ecruteak City,Johto,US,2024-08-05 16:25:04 UTC,0.391.0,26.1,mobile_phone
2022-04-24 03:43:51 UTC,SM-G986U,android,Pallet Town,Kanto,US,2022-04-21 18:52:51 UTC,0.235.0,12,phone
2022-04-24 06:12:06 UTC,SM-G986U,android,Pallet Town,Kanto,US,2022-04-21 18:52:51 UTC,0.235.0,12,phone
2022-04-24 18:59:20 UTC,SM-G986U,android,Pallet Town,Kanto,US,2022-04-21 18:52:51 UTC,0.235.0,12,phone
2023-04-29 15:39:09 UTC,Pixel 4a,android,Olivine City,Johto,US,2023-02-23 19:14:35 UTC,0.267.1,13,phone
2024-02-25 00:40:49 UTC,iPhone15ProMax,ios,Cerulean City,Kanto,US,2023-12-26 17:08:09 UTC,0.299.1,17.3.1,phone
2024-02-25 20:43:33 UTC,iPhone15ProMax,ios,Olivine City,Johto,US,2023-12-26 17:08:09 UTC,0.299.1,17.3.1,phone
2024-02-25 04:59:18 UTC,iPhone15ProMax,ios,Pallet Town,Kanto,US,2023-12-26 17:08:09 UTC,0.299.1,17.3.1,phone
2022-05-10 03:15:53 UTC,SM-G986U,android,New Bark Town,Johto,US,2022-04-21 18:52:51 UTC,0.237.0,12,phone
2022-05-10 03:52:35 UTC,SM-G986U,android,New Bark Town,Johto,US,2022-04-21 18:52:51 UTC,0.237.0,12,phone
2025-02-01 22:49:51 UTC,iPhone15ProMax,ios,Goldenrod City,Johto,US,2024-08-05 16:25:04 UTC,0.345.0,18.3,mobile_phone
2025-02-01 21:40:23 UTC,iPhone15ProMax,ios,Goldenrod City,Johto,US,2024-08-05 16:25:04 UTC,0.345.0,18.3,mobile_phone
2025-02-01 21:19:16 UTC,iPhone15ProMax,ios,Goldenrod City,Johto,US,2024-08-05 16:25:04 UTC,0.345.0,18.3,mobile_phone
2026-04-20 01:23:15 UTC,iPhone15ProMax,ios,Olivine City,Johto,US,2024-08-05 16:25:04 UTC,0.407.0,26.3.1,mobile_phone
2025-12-04 03:42:00 UTC,iPhone15ProMax,ios,Olivine City,Johto,US,2024-08-05 16:25:04 UTC,0.389.2,26.1,mobile_phone
2022-05-29 05:27:58 UTC,SM-G986U,android,Pallet Town,Kanto,US,2022-04-21 18:52:51 UTC,0.237.0,12,phone
2022-05-29 22:59:46 UTC,SM-G986U,android,Pallet Town,Kanto,US,2022-04-21 18:52:51 UTC,0.237.0,12,phone
2026-02-23 18:28:38 UTC,iPhone15ProMax,ios,Viridian City,Kanto,US,2024-08-05 16:25:04 UTC,0.399.1,26.2.1,mobile_phone
2026-02-23 20:54:21 UTC,iPhone15ProMax,ios,Viridian City,Kanto,US,2024-08-05 16:25:04 UTC,0.399.1,26.2.1,mobile_phone
2026-02-23 23:18:07 UTC,iPhone15ProMax,ios,Viridian City,Kanto,US,2024-08-05 16:25:04 UTC,0.399.1,26.2.1,mobile_phone
2026-02-23 07:58:59 UTC,iPhone15ProMax,ios,Olivine City,Johto,US,2024-08-05 16:25:04 UTC,0.399.1,26.2.1,mobile_phone
2026-02-23 00:24:51 UTC,iPhone15ProMax,ios,Viridian City,Kanto,US,2024-08-05 16:25:04 UTC,0.399.1,26.2.1,mobile_phone
2025-11-08 23:34:07 UTC,iPhone15ProMax,ios,Olivine City,Johto,US,2024-08-05 16:25:04 UTC,0.385.2,26.0.1,mobile_phone
2025-11-08 21:26:40 UTC,iPhone15ProMax,ios,Ecruteak City,Johto,US,2024-08-05 16:25:04 UTC,0.385.2,26.0.1,mobile_phone
2025-11-08 03:13:44 UTC,iPhone15ProMax,ios,Olivine City,Johto,US,2024-08-05 16:25:04 UTC,0.385.2,26.0.1,mobile_phone
2026-05-05 01:30:33 UTC,iPhone15ProMax,ios,Pallet Town,Kanto,US,2024-08-05 16:25:04 UTC,0.409.0,26.3.1,mobile_phone
2025-03-25 06:50:13 UTC,iPhone15ProMax,ios,Olivine City,Johto,US,2024-08-05 16:25:04 UTC,0.353.1,18.3.2,mobile_phone
2026-07-30 15:38:46 UTC,iPhone15ProMax,ios,Olivine City,Johto,US,2024-08-05 16:25:04 UTC,0.421.0,26.5.2,mobile_phone
2025-08-31 06:55:51 UTC,iPhone15ProMax,ios,Olivine City,Johto,US,2024-08-05 16:25:04 UTC,0.375.2,18.6.2,mobile_phone
2025-08-31 01:33:01 UTC,iPhone15ProMax,ios,Olivine City,Johto,US,2024-08-05 16:25:04 UTC,0.375.2,18.6.2,mobile_phone
2025-08-31 01:03:55 UTC,iPhone15ProMax,ios,Olivine City,Johto,US,2024-08-05 16:25:04 UTC,0.375.2,18.6.2,mobile_phone
2025-08-31 21:00:31 UTC,iPhone15ProMax,ios,Goldenrod City,Johto,US,2024-08-05 16:25:04 UTC,0.375.2,18.6.2,mobile_phone
2024-03-09 18:40:50 UTC,iPhone15ProMax,ios,Cerulean City,Kanto,US,2023-12-26 17:08:09 UTC,0.303.0,17.3.1,phone
2024-03-09 05:17:30 UTC,iPhone15ProMax,ios,Cerulean City,Kanto,US,2023-12-26 17:08:09 UTC,0.303.0,17.3.1,phone
2024-03-09 22:20:13 UTC,iPhone15ProMax,ios,Cerulean City,Kanto,US,2023-12-26 17:08:09 UTC,0.303.0,17.3.1,phone
2026-02-09 19:26:00 UTC,iPhone15ProMax,ios,Cerulean City,Kanto,US,2024-08-05 16:25:04 UTC,0.397.0,26.2.1,mobile_phone
2026-02-09 00:20:13 UTC,iPhone15ProMax,ios,Olivine City,Johto,US,2024-08-05 16:25:04 UTC,0.397.0,26.2.1,mobile_phone
2026-02-09 13:14:07 UTC,iPhone15ProMax,ios,Olivine City,Johto,US,2024-08-05 16:25:04 UTC,0.397.0,26.2.1,mobile_phone
2026-02-09 02:14:32 UTC,iPhone15ProMax,ios,Olivine City,Johto,US,2024-08-05 16:25:04 UTC,0.397.0,26.2.1,mobile_phone
2024-08-02 22:09:22 UTC,iPhone15ProMax,ios,Cerulean City,Kanto,CA,2023-12-26 17:08:09 UTC,0.323.1,17.5.1,mobile_phone
2024-08-02 23:08:10 UTC,iPhone15ProMax,ios,Cerulean City,Kanto,CA,2023-12-26 17:08:09 UTC,0.323.1,17.5.1,mobile_phone
2025-06-14 18:57:44 UTC,iPhone15ProMax,ios,Olivine City,Johto,US,2024-08-05 16:25:04 UTC,0.363.2,18.5,mobile_phone
2025-06-14 17:25:09 UTC,iPhone15ProMax,ios,Olivine City,Johto,US,2024-08-05 16:25:04 UTC,0.363.2,18.5,mobile_phone
2026-07-15 00:42:51 UTC,iPhone15ProMax,ios,New Bark Town,Johto,US,2024-08-05 16:25:04 UTC,0.417.5,26.5.2,mobile_phone
2025-08-07 04:31:44 UTC,iPhone15ProMax,ios,Olivine City,Johto,US,2024-08-05 16:25:04 UTC,0.373.0,18.6,mobile_phone
2025-08-07 00:44:11 UTC,iPhone15ProMax,ios,Olivine City,Johto,US,2024-08-05 16:25:04 UTC,0.373.0,18.6,mobile_phone
2025-11-09 07:59:21 UTC,iPhone15ProMax,ios,Olivine City,Johto,US,2024-08-05 16:25:04 UTC,0.385.2,26.0.1,mobile_phone
2025-11-09 03:01:53 UTC,iPhone15ProMax,ios,Olivine City,Johto,US,2024-08-05 16:25:04 UTC,0.385.2,26.0.1,mobile_phone
2025-11-09 02:11:32 UTC,iPhone15ProMax,ios,Olivine City,Johto,US,2024-08-05 16:25:04 UTC,0.385.2,26.0.1,mobile_phone
2025-11-09 05:46:50 UTC,iPhone15ProMax,ios,Olivine City,Johto,US,2024-08-05 16:25:04 UTC,0.385.2,26.0.1,mobile_phone
2024-10-05 03:02:25 UTC,iPhone15ProMax,ios,New Bark Town,Johto,US,2024-08-05 16:25:04 UTC,0.333.0,18.0,mobile_phone
2024-10-05 01:27:44 UTC,iPhone15ProMax,ios,New Bark Town,Johto,US,2024-08-05 16:25:04 UTC,0.333.0,18.0,mobile_phone
2024-10-05 21:58:49 UTC,iPhone15ProMax,ios,Goldenrod City,Johto,US,2024-08-05 16:25:04 UTC,0.333.0,18.0,mobile_phone
2024-10-05 20:41:34 UTC,iPhone15ProMax,ios,Olivine City,Johto,US,2024-08-05 16:25:04 UTC,0.333.0,18.0,mobile_phone
2024-07-27 18:15:09 UTC,iPhone15ProMax,ios,Goldenrod City,Johto,US,2023-12-26 17:08:09 UTC,0.323.1,17.5.1,mobile_phone
2024-07-27 21:49:00 UTC,iPhone15ProMax,ios,Goldenrod City,Johto,US,2023-12-26 17:08:09 UTC,0.323.1,17.5.1,mobile_phone
2024-07-27 19:25:38 UTC,iPhone15ProMax,ios,Goldenrod City,Johto,US,2023-12-26 17:08:09 UTC,0.323.1,17.5.1,mobile_phone
2024-07-27 01:31:35 UTC,iPhone15ProMax,ios,Olivine City,Johto,US,2023-12-26 17:08:09 UTC,0.323.0,17.5.1,mobile_phone
2024-07-27 02:01:13 UTC,iPhone15ProMax,ios,Olivine City,Johto,US,2023-12-26 17:08:09 UTC,0.323.0,17.5.1,mobile_phone
2024-02-29 22:43:40 UTC,iPhone15ProMax,ios,Olivine City,Johto,US,2023-12-26 17:08:09 UTC,0.301.0,17.3.1,phone
2024-02-29 03:55:50 UTC,iPhone15ProMax,ios,Olivine City,Johto,US,2023-12-26 17:08:09 UTC,0.301.0,17.3.1,phone
2024-02-29 02:50:18 UTC,iPhone15ProMax,ios,Olivine City,Johto,US,2023-12-26 17:08:09 UTC,0.301.0,17.3.1,phone
2024-02-29 05:40:03 UTC,iPhone15ProMax,ios,Olivine City,Johto,US,2023-12-26 17:08:09 UTC,0.301.0,17.3.1,phone
2024-12-31 04:51:16 UTC,iPhone15ProMax,ios,Olivine City,Johto,US,2024-08-05 16:25:04 UTC,0.343.0,18.2,mobile_phone
2026-03-12 01:44:12 UTC,iPhone15ProMax,ios,Olivine City,Johto,US,2024-08-05 16:25:04 UTC,0.401.1,26.3.1,mobile_phone
2025-09-18 04:47:23 UTC,iPhone15ProMax,ios,Viridian City,Kanto,US,2024-08-05 16:25:04 UTC,0.377.1,26.0,mobile_phone
2025-05-28 23:45:43 UTC,iPhone15ProMax,ios,Olivine City,Johto,US,2024-08-05 16:25:04 UTC,0.361.0,18.5,mobile_phone
2025-05-28 03:11:17 UTC,iPhone15ProMax,ios,Olivine City,Johto,US,2024-08-05 16:25:04 UTC,0.361.0,18.5,mobile_phone
2025-04-08 17:58:45 UTC,iPhone15ProMax,ios,Olivine City,Johto,US,2024-08-05 16:25:04 UTC,0.355.0,18.4,mobile_phone
2024-09-01 18:44:49 UTC,iPhone15ProMax,ios,Olivine City,Johto,US,2024-08-05 16:25:04 UTC,0.329.1,17.6.1,mobile_phone
2024-09-01 22:20:19 UTC,iPhone15ProMax,ios,Olivine City,Johto,US,2024-08-05 16:25:04 UTC,0.329.1,17.6.1,mobile_phone
2024-09-01 01:00:58 UTC,iPhone15ProMax,ios,Olivine City,Johto,US,2024-08-05 16:25:04 UTC,0.327.0,17.6.1,mobile_phone
2024-07-22 03:21:59 UTC,iPhone15ProMax,ios,Olivine City,Johto,US,2023-12-26 17:08:09 UTC,0.321.0,17.5.1,mobile_phone
2024-07-22 03:05:41 UTC,iPhone15ProMax,ios,Cerulean City,Kanto,US,2023-12-26 17:08:09 UTC,0.321.0,17.5.1,mobile_phone
2025-04-16 20:59:26 UTC,iPhone15ProMax,ios,Olivine City,Johto,US,2024-08-05 16:25:04 UTC,0.357.1,18.4,mobile_phone
2025-04-16 00:58:08 UTC,iPhone15ProMax,ios,Olivine City,Johto,US,2024-08-05 16:25:04 UTC,0.357.0,18.4,mobile_phone
2025-04-16 01:44:08 UTC,iPhone15ProMax,ios,Olivine City,Johto,US,2024-08-05 16:25:04 UTC,0.357.0,18.4,mobile_phone
2025-12-30 17:21:40 UTC,iPhone15ProMax,ios,Pallet Town,Kanto,US,2024-08-05 16:25:04 UTC,0.391.1,26.1,mobile_phone
2025-12-30 17:36:55 UTC,iPhone15ProMax,ios,Pallet Town,Kanto,US,2024-08-05 16:25:04 UTC,0.391.1,26.1,mobile_phone
2025-12-30 07:30:49 UTC,iPhone15ProMax,ios,Olivine City,Johto,US,2024-08-05 16:25:04 UTC,0.391.1,26.1,mobile_phone
2026-01-19 17:48:37 UTC,iPhone15ProMax,ios,Viridian City,Kanto,US,2024-08-05 16:25:04 UTC,0.393.0,26.2,mobile_phone
2026-01-19 17:22:12 UTC,iPhone15ProMax,ios,Viridian City,Kanto,US,2024-08-05 16:25:04 UTC,0.393.0,26.2,mobile_phone
2024-12-12 02:21:18 UTC,iPhone15ProMax,ios,Olivine City,Johto,US,2024-08-05 16:25:04 UTC,0.341.2,18.1.1,mobile_phone
2024-12-12 17:13:00 UTC,iPhone15ProMax,ios,New Bark Town,Johto,US,2024-08-05 16:25:04 UTC,0.341.2,18.2,mobile_phone
2024-08-07 02:56:19 UTC,iPhone15ProMax,ios,Olivine City,Johto,US,2024-08-05 16:25:04 UTC,0.325.0,17.5.1,mobile_phone
2024-08-07 02:46:02 UTC,iPhone15ProMax,ios,Olivine City,Johto,US,2024-08-05 16:25:04 UTC,0.325.0,17.5.1,mobile_phone
2024-08-07 01:51:19 UTC,iPhone15ProMax,ios,Celadon City,Kanto,US,2024-08-05 16:25:04 UTC,0.325.0,17.5.1,mobile_phone
2025-02-25 17:48:25 UTC,iPhone15ProMax,ios,Olivine City,Johto,US,2024-08-05 16:25:04 UTC,0.349.1,18.3.1,mobile_phone
2025-02-25 21:12:31 UTC,iPhone15ProMax,ios,Pallet Town,Kanto,US,2024-08-05 16:25:04 UTC,0.349.1,18.3.1,mobile_phone
2025-02-25 19:16:09 UTC,iPhone15ProMax,ios,Pallet Town,Kanto,US,2024-08-05 16:25:04 UTC,0.349.1,18.3.1,mobile_phone
2025-02-25 14:53:06 UTC,iPhone15ProMax,ios,Pallet Town,Kanto,US,2024-08-05 16:25:04 UTC,0.349.0,18.3.1,mobile_phone
2025-02-25 02:11:51 UTC,iPhone15ProMax,ios,Pallet Town,Kanto,US,2024-08-05 16:25:04 UTC,0.349.0,18.3.1,mobile_phone
2025-02-25 00:34:06 UTC,iPhone15ProMax,ios,Olivine City,Johto,US,2024-08-05 16:25:04 UTC,0.349.0,18.3.1,mobile_phone
2024-07-19 03:30:04 UTC,iPhone15ProMax,ios,Olivine City,Johto,US,2023-12-26 17:08:09 UTC,0.321.0,17.5.1,mobile_phone
2024-07-19 02:05:56 UTC,iPhone15ProMax,ios,Cerulean City,Kanto,US,2023-12-26 17:08:09 UTC,0.321.0,17.5.1,mobile_phone
2024-07-19 04:10:54 UTC,iPhone15ProMax,ios,Olivine City,Johto,US,2023-12-26 17:08:09 UTC,0.321.0,17.5.1,mobile_phone
2025-04-03 02:02:04 UTC,iPhone15ProMax,ios,Celadon City,Kanto,US,2024-08-05 16:25:04 UTC,0.353.2,18.3.2,mobile_phone
2025-04-03 19:59:59 UTC,iPhone15ProMax,ios,Olivine City,Johto,US,2024-08-05 16:25:04 UTC,0.355.0,18.3.2,mobile_phone
2024-03-19 19:06:42 UTC,iPhone15ProMax,ios,Olivine City,Johto,US,2023-12-26 17:08:09 UTC,0.303.2,17.3.1,phone
2025-08-15 04:27:33 UTC,iPhone15ProMax,ios,Olivine City,Johto,US,2024-08-05 16:25:04 UTC,0.373.2,18.6,mobile_phone
2025-08-15 05:55:45 UTC,iPhone15ProMax,ios,Olivine City,Johto,US,2024-08-05 16:25:04 UTC,0.373.2,18.6,mobile_phone
2025-08-15 23:23:36 UTC,iPhone15ProMax,ios,Pallet Town,Kanto,US,2024-08-05 16:25:04 UTC,0.373.2,18.6,mobile_phone
2025-02-03 18:10:56 UTC,iPhone15ProMax,ios,Olivine City,Johto,US,2024-08-05 16:25:04 UTC,0.345.0,18.3,mobile_phone
2025-02-03 16:44:15 UTC,iPhone15ProMax,ios,Celadon City,Kanto,US,2024-08-05 16:25:04 UTC,0.345.0,18.3,mobile_phone
2025-02-03 19:12:19 UTC,iPhone15ProMax,ios,Olivine City,Johto,US,2024-08-05 16:25:04 UTC,0.345.0,18.3,mobile_phone
2025-04-17 01:44:15 UTC,iPhone15ProMax,ios,Pallet Town,Kanto,US,2024-08-05 16:25:04 UTC,0.357.1,18.4,mobile_phone
2025-04-17 04:41:56 UTC,iPhone15ProMax,ios,Olivine City,Johto,US,2024-08-05 16:25:04 UTC,0.357.1,18.4,mobile_phone
2025-04-17 08:05:57 UTC,iPhone15ProMax,ios,Olivine City,Johto,US,2024-08-05 16:25:04 UTC,0.357.1,18.4,mobile_phone
2025-04-17 15:20:24 UTC,iPhone15ProMax,ios,Olivine City,Johto,US,2024-08-05 16:25:04 UTC,0.357.1,18.4,mobile_phone
2026-03-15 18:32:23 UTC,iPhone15ProMax,ios,Olivine City,Johto,US,2024-08-05 16:25:04 UTC,0.401.1,26.3.1,mobile_phone
2026-05-16 21:16:55 UTC,iPhone15ProMax,ios,Olivine City,Johto,US,2024-08-05 16:25:04 UTC,0.411.1,26.4.2,mobile_phone
2022-05-05 02:03:08 UTC,SM-G986U,android,Pallet Town,Kanto,US,2022-04-21 18:52:51 UTC,0.235.0,12,phone
2022-05-05 01:51:08 UTC,SM-G986U,android,Pallet Town,Kanto,US,2022-04-21 18:52:51 UTC,0.235.0,12,phone
2024-10-20 01:01:09 UTC,iPhone15ProMax,ios,Olivine City,Johto,US,2024-08-05 16:25:04 UTC,0.335.0,18.0.1,mobile_phone
2023-04-24 19:01:14 UTC,Pixel 4a,android,Olivine City,Johto,US,2023-02-23 19:14:35 UTC,0.267.1,13,phone
2025-09-09 17:44:30 UTC,iPhone15ProMax,ios,Goldenrod City,Johto,US,2024-08-05 16:25:04 UTC,0.377.1,18.6.2,mobile_phone
2025-09-09 14:16:14 UTC,iPhone15ProMax,ios,Goldenrod City,Johto,US,2024-08-05 16:25:04 UTC,0.377.1,18.6.2,mobile_phone
2025-09-08 04:37:08 UTC,iPhone15ProMax,ios,Olivine City,Johto,US,2024-08-05 16:25:04 UTC,0.377.1,18.6.2,mobile_phone
2025-02-27 23:10:58 UTC,iPhone15ProMax,ios,Olivine City,Johto,US,2024-08-05 16:25:04 UTC,0.349.1,18.3.1,mobile_phone
2025-02-27 20:26:42 UTC,iPhone15ProMax,ios,Olivine City,Johto,US,2024-08-05 16:25:04 UTC,0.349.1,18.3.1,mobile_phone
2025-02-27 00:07:38 UTC,iPhone15ProMax,ios,Pallet Town,Kanto,US,2024-08-05 16:25:04 UTC,0.349.1,18.3.1,mobile_phone
2025-02-27 23:38:24 UTC,iPhone15ProMax,ios,Olivine City,Johto,US,2024-08-05 16:25:04 UTC,0.349.1,18.3.1,mobile_phone
2025-02-27 19:11:36 UTC,iPhone15ProMax,ios,Olivine City,Johto,US,2024-08-05 16:25:04 UTC,0.349.1,18.3.1,mobile_phone
2025-02-27 04:47:10 UTC,iPhone15ProMax,ios,Olivine City,Johto,US,2024-08-05 16:25:04 UTC,0.349.1,18.3.1,mobile_phone
2026-05-30 20:03:17 UTC,iPhone15ProMax,ios,Celadon City,Kanto,US,2024-08-05 16:25:04 UTC,0.413.1,26.5,mobile_phone
2026-05-30 02:57:15 UTC,iPhone15ProMax,ios,Olivine City,Johto,US,2024-08-05 16:25:04 UTC,0.413.1,26.5,mobile_phone
2024-01-01 02:33:12 UTC,iPhone15ProMax,ios,Goldenrod City,Johto,US,2023-12-26 17:08:09 UTC,0.293.1,17.1.2,phone
2022-04-30 03:35:02 UTC,SM-G986U,android,Pallet Town,Kanto,US,2022-04-21 18:52:51 UTC,0.235.0,12,phone
2022-04-30 11:54:10 UTC,SM-G986U,android,Pallet Town,Kanto,US,2022-04-21 18:52:51 UTC,0.235.0,12,phone
2026-01-16 03:50:36 UTC,iPhone15ProMax,ios,Ecruteak City,Johto,US,2024-08-05 16:25:04 UTC,0.393.0,26.2,mobile_phone
2024-05-02 15:06:32 UTC,iPhone15ProMax,ios,Viridian City,Kanto,US,2023-12-26 17:08:09 UTC,0.309.1,17.4.1,phone
2024-05-02 15:45:25 UTC,iPhone15ProMax,ios,Viridian City,Kanto,US,2023-12-26 17:08:09 UTC,0.309.1,17.4.1,phone
2024-05-02 19:20:39 UTC,iPhone15ProMax,ios,Viridian City,Kanto,US,2023-12-26 17:08:09 UTC,0.311.0,17.4.1,phone
2026-02-24 15:08:18 UTC,iPhone15ProMax,ios,Olivine City,Johto,US,2024-08-05 16:25:04 UTC,0.399.1,26.2.1,mobile_phone
2024-08-31 01:37:15 UTC,iPhone15ProMax,ios,Olivine City,Johto,US,2024-08-05 16:25:04 UTC,0.327.0,17.6.1,mobile_phone
2024-08-31 05:34:01 UTC,iPhone15ProMax,ios,Olivine City,Johto,US,2024-08-05 16:25:04 UTC,0.327.0,17.6.1,mobile_phone
2024-08-31 20:43:29 UTC,iPhone15ProMax,ios,Olivine City,Johto,US,2024-08-05 16:25:04 UTC,0.327.0,17.6.1,mobile_phone
2024-08-31 02:55:17 UTC,iPhone15ProMax,ios,Olivine City,Johto,US,2024-08-05 16:25:04 UTC,0.327.0,17.6.1,mobile_phone
2025-06-01 17:04:45 UTC,iPhone15ProMax,ios,Olivine City,Johto,US,2024-08-05 16:25:04 UTC,0.361.0,18.5,mobile_phone
2025-06-01 20:35:41 UTC,iPhone15ProMax,ios,Pallet Town,Kanto,US,2024-08-05 16:25:04 UTC,0.361.0,18.5,mobile_phone
2025-06-01 22:08:58 UTC,iPhone15ProMax,ios,Pallet Town,Kanto,US,2024-08-05 16:25:04 UTC,0.361.0,18.5,mobile_phone
2025-06-01 02:29:37 UTC,iPhone15ProMax,ios,Olivine City,Johto,US,2024-08-05 16:25:04 UTC,0.361.0,18.5,mobile_phone
2024-10-22 23:52:06 UTC,iPhone15ProMax,ios,Olivine City,Johto,US,2024-08-05 16:25:04 UTC,0.335.1,18.0.1,mobile_phone
2024-10-11 04:48:40 UTC,iPhone15ProMax,ios,Olivine City,Johto,US,2024-08-05 16:25:04 UTC,0.333.0,18.0.1,mobile_phone
2024-10-11 21:59:57 UTC,iPhone15ProMax,ios,Olivine City,Johto,US,2024-08-05 16:25:04 UTC,0.333.0,18.0.1,mobile_phone
2024-06-07 07:16:42 UTC,iPhone15ProMax,ios,Olivine City,Johto,US,2023-12-26 17:08:09 UTC,0.315.2,17.5.1,phone
2024-06-07 07:28:48 UTC,iPhone15ProMax,ios,Olivine City,Johto,US,2023-12-26 17:08:09 UTC,0.315.2,17.5.1,phone
2024-06-07 23:52:50 UTC,iPhone15ProMax,ios,Olivine City,Johto,US,2023-12-26 17:08:09 UTC,0.315.2,17.5.1,phone
2024-06-07 03:03:06 UTC,iPhone15ProMax,ios,Olivine City,Johto,US,2023-12-26 17:08:09 UTC,0.315.2,17.5.1,phone
2024-06-13 02:03:02 UTC,iPhone15ProMax,ios,Olivine City,Johto,US,2023-12-26 17:08:09 UTC,0.317.0,17.5.1,phone
2024-06-13 06:38:35 UTC,iPhone15ProMax,ios,Olivine City,Johto,US,2023-12-26 17:08:09 UTC,0.317.0,17.5.1,phone
2025-12-03 02:01:35 UTC,iPhone15ProMax,ios,Olivine City,Johto,US,2024-08-05 16:25:04 UTC,0.387.1,26.1,mobile_phone
2025-07-17 04:11:21 UTC,iPhone15ProMax,ios,Olivine City,Johto,US,2024-08-05 16:25:04 UTC,0.369.1,18.5,mobile_phone
2025-07-17 18:49:54 UTC,iPhone15ProMax,ios,New Bark Town,Johto,US,2024-08-05 16:25:04 UTC,0.369.1,18.5,mobile_phone
2025-07-17 00:55:51 UTC,iPhone15ProMax,ios,Cerulean City,Kanto,US,2024-08-05 16:25:04 UTC,0.369.1,18.5,mobile_phone
2025-07-23 01:47:03 UTC,iPhone15ProMax,ios,Pallet Town,Kanto,US,2024-08-05 16:25:04 UTC,0.371.0,18.5,mobile_phone
2025-07-23 04:53:20 UTC,iPhone15ProMax,ios,Pallet Town,Kanto,US,2024-08-05 16:25:04 UTC,0.371.0,18.5,mobile_phone
2025-07-23 17:00:22 UTC,iPhone15ProMax,ios,Celadon City,Kanto,US,2024-08-05 16:25:04 UTC,0.371.0,18.5,mobile_phone
2025-01-30 19:12:47 UTC,iPhone15ProMax,ios,Olivine City,Johto,US,2024-08-05 16:25:04 UTC,0.345.0,18.2.1,mobile_phone
2025-01-30 22:54:46 UTC,iPhone15ProMax,ios,Olivine City,Johto,US,2024-08-05 16:25:04 UTC,0.345.0,18.2.1,mobile_phone
2025-01-30 17:32:35 UTC,iPhone15ProMax,ios,Olivine City,Johto,US,2024-08-05 16:25:04 UTC,0.345.0,18.2.1,mobile_phone
2025-11-29 22:05:43 UTC,iPhone15ProMax,ios,New Bark Town,Johto,US,2024-08-05 16:25:04 UTC,0.387.1,26.1,mobile_phone
2025-11-29 20:05:28 UTC,iPhone15ProMax,ios,New Bark Town,Johto,US,2024-08-05 16:25:04 UTC,0.387.1,26.1,mobile_phone
2025-11-29 01:01:41 UTC,iPhone15ProMax,ios,Olivine City,Johto,US,2024-08-05 16:25:04 UTC,0.387.1,26.1,mobile_phone
2024-11-19 03:15:10 UTC,iPhone15ProMax,ios,Olivine City,Johto,US,2024-08-05 16:25:04 UTC,0.339.0,18.1,mobile_phone
2024-08-29 05:07:09 UTC,iPhone15ProMax,ios,Olivine City,Johto,US,2024-08-05 16:25:04 UTC,0.327.0,17.6.1,mobile_phone
2024-08-29 03:50:16 UTC,iPhone15ProMax,ios,Olivine City,Johto,US,2024-08-05 16:25:04 UTC,0.327.0,17.6.1,mobile_phone
2024-08-29 01:20:20 UTC,iPhone15ProMax,ios,Cerulean City,Kanto,US,2024-08-05 16:25:04 UTC,0.327.0,17.6.1,mobile_phone
2024-08-29 01:40:06 UTC,iPhone15ProMax,ios,Cerulean City,Kanto,US,2024-08-05 16:25:04 UTC,0.327.0,17.6.1,mobile_phone
2024-06-30 07:44:06 UTC,iPhone15ProMax,ios,Viridian City,Kanto,US,2023-12-26 17:08:09 UTC,0.319.0,17.5.1,mobile_phone
2024-06-30 01:32:47 UTC,iPhone15ProMax,ios,Viridian City,Kanto,US,2023-12-26 17:08:09 UTC,0.319.0,17.5.1,mobile_phone
2024-06-30 05:29:00 UTC,iPhone15ProMax,ios,Viridian City,Kanto,US,2023-12-26 17:08:09 UTC,0.319.0,17.5.1,mobile_phone
2024-06-30 02:12:15 UTC,iPhone15ProMax,ios,Viridian City,Kanto,US,2023-12-26 17:08:09 UTC,0.319.0,17.5.1,mobile_phone
2024-06-30 02:30:36 UTC,iPhone15ProMax,ios,Viridian City,Kanto,US,2023-12-26 17:08:09 UTC,0.319.0,17.5.1,mobile_phone
2024-07-23 00:21:56 UTC,iPhone15ProMax,ios,Olivine City,Johto,US,2023-12-26 17:08:09 UTC,0.321.0,17.5.1,mobile_phone
2024-07-23 04:22:31 UTC,iPhone15ProMax,ios,Olivine City,Johto,US,2023-12-26 17:08:09 UTC,0.321.0,17.5.1,mobile_phone
2022-07-12 15:49:21 UTC,SM-G986U,android,Cerulean City,Kanto,US,2022-07-02 20:03:18 UTC,0.241.1,12,phone
2023-01-21 20:19:26 UTC,SM-G986U,android,Olivine City,Johto,US,2023-01-09 02:58:29 UTC,0.257.1,13,phone
2025-12-09 00:36:11 UTC,iPhone15ProMax,ios,Olivine City,Johto,US,2024-08-05 16:25:04 UTC,0.389.2,26.1,mobile_phone
2026-01-18 23:59:46 UTC,iPhone15ProMax,ios,Viridian City,Kanto,US,2024-08-05 16:25:04 UTC,0.393.0,26.2,mobile_phone
2026-01-18 23:15:06 UTC,iPhone15ProMax,ios,Viridian City,Kanto,US,2024-08-05 16:25:04 UTC,0.393.0,26.2,mobile_phone
2025-11-30 23:47:58 UTC,iPhone15ProMax,ios,Olivine City,Johto,US,2024-08-05 16:25:04 UTC,0.387.1,26.1,mobile_phone
2025-11-30 21:21:19 UTC,iPhone15ProMax,ios,Olivine City,Johto,US,2024-08-05 16:25:04 UTC,0.387.1,26.1,mobile_phone
2025-11-30 21:50:33 UTC,iPhone15ProMax,ios,Olivine City,Johto,US,2024-08-05 16:25:04 UTC,0.387.1,26.1,mobile_phone
2024-03-06 06:27:52 UTC,iPhone15ProMax,ios,Olivine City,Johto,US,2023-12-26 17:08:09 UTC,0.301.0,17.3.1,phone
2024-03-06 00:00:39 UTC,iPhone15ProMax,ios,Olivine City,Johto,US,2023-12-26 17:08:09 UTC,0.301.0,17.3.1,phone
2026-04-21 18:59:40 UTC,iPhone15ProMax,ios,Pallet Town,Kanto,US,2024-08-05 16:25:04 UTC,0.407.0,26.3.1,mobile_phone
2026-04-21 16:05:01 UTC,iPhone15ProMax,ios,Pallet Town,Kanto,US,2024-08-05 16:25:04 UTC,0.407.0,26.3.1,mobile_phone
2022-06-22 12:58:23 UTC,SM-G986U,android,Cerulean City,Kanto,US,2022-06-01 10:44:54 UTC,0.239.2,12,phone
2022-06-22 14:25:49 UTC,SM-G986U,android,Cerulean City,Kanto,US,2022-06-01 10:44:54 UTC,0.239.2,12,phone
2025-08-30 17:16:54 UTC,iPhone15ProMax,ios,Olivine City,Johto,US,2024-08-05 16:25:04 UTC,0.375.2,18.6.2,mobile_phone
2025-08-30 22:11:05 UTC,iPhone15ProMax,ios,Goldenrod City,Johto,US,2024-08-05 16:25:04 UTC,0.375.2,18.6.2,mobile_phone
2022-06-26 19:28:49 UTC,SM-G986U,android,Cerulean City,Kanto,US,2022-06-01 10:44:54 UTC,0.239.2,12,phone
2022-07-02 23:15:35 UTC,SM-G986U,android,Cerulean City,Kanto,US,2022-07-02 20:03:18 UTC,0.241.1,12,phone
2022-07-02 21:47:22 UTC,SM-G986U,android,Cerulean City,Kanto,US,2022-07-02 20:03:18 UTC,0.241.1,12,phone
2025-08-13 19:31:58 UTC,iPhone15ProMax,ios,Olivine City,Johto,US,2024-08-05 16:25:04 UTC,0.373.2,18.6,mobile_phone
2026-03-17 01:51:31 UTC,iPhone15ProMax,ios,Olivine City,Johto,US,2024-08-05 16:25:04 UTC,0.401.1,26.3.1,mobile_phone
2024-10-06 23:19:46 UTC,iPhone15ProMax,ios,Goldenrod City,Johto,US,2024-08-05 16:25:04 UTC,0.333.0,18.0,mobile_phone
2024-10-06 19:36:42 UTC,iPhone15ProMax,ios,Goldenrod City,Johto,US,2024-08-05 16:25:04 UTC,0.333.0,18.0,mobile_phone
2025-04-01 15:07:56 UTC,iPhone15ProMax,ios,Olivine City,Johto,US,2024-08-05 16:25:04 UTC,0.353.2,18.3.2,mobile_phone
2025-04-01 16:40:04 UTC,iPhone15ProMax,ios,Olivine City,Johto,US,2024-08-05 16:25:04 UTC,0.353.2,18.3.2,mobile_phone
2026-03-24 02:59:37 UTC,iPhone15ProMax,ios,Ecruteak City,Johto,US,2024-08-05 16:25:04 UTC,0.403.1,26.3.1,mobile_phone
2024-07-24 16:15:43 UTC,iPhone15ProMax,ios,Olivine City,Johto,US,2023-12-26 17:08:09 UTC,0.321.1,17.5.1,mobile_phone
2024-07-24 19:57:53 UTC,iPhone15ProMax,ios,Goldenrod City,Johto,US,2023-12-26 17:08:09 UTC,0.321.1,17.5.1,mobile_phone
2024-07-24 02:07:57 UTC,iPhone15ProMax,ios,Ecruteak City,Johto,US,2023-12-26 17:08:09 UTC,0.321.1,17.5.1,mobile_phone
2024-07-24 22:28:27 UTC,iPhone15ProMax,ios,Olivine City,Johto,US,2023-12-26 17:08:09 UTC,0.323.0,17.5.1,mobile_phone
2025-06-08 15:41:00 UTC,iPhone15ProMax,ios,Olivine City,Johto,US,2024-08-05 16:25:04 UTC,0.363.2,18.5,mobile_phone
2024-04-01 00:17:22 UTC,iPhone15ProMax,ios,Cerulean City,Kanto,US,2023-12-26 17:08:09 UTC,0.305.1,17.3.1,phone
2024-08-17 20:31:47 UTC,iPhone15ProMax,ios,Olivine City,Johto,US,2024-08-05 16:25:04 UTC,0.325.2,17.6.1,mobile_phone
2024-08-17 01:59:19 UTC,iPhone15ProMax,ios,Celadon City,Kanto,US,2024-08-05 16:25:04 UTC,0.325.2,17.6.1,mobile_phone
2024-08-17 02:57:48 UTC,iPhone15ProMax,ios,Olivine City,Johto,US,2024-08-05 16:25:04 UTC,0.325.2,17.6.1,mobile_phone
2024-03-15 22:44:56 UTC,iPhone15ProMax,ios,Olivine City,Johto,US,2023-12-26 17:08:09 UTC,0.303.2,17.3.1,phone
2025-12-21 00:18:45 UTC,iPhone15ProMax,ios,Olivine City,Johto,US,2024-08-05 16:25:04 UTC,0.391.1,26.1,mobile_phone
2025-12-21 19:56:23 UTC,iPhone15ProMax,ios,Pallet Town,Kanto,US,2024-08-05 16:25:04 UTC,0.391.1,26.1,mobile_phone
2025-12-21 00:03:34 UTC,iPhone15ProMax,ios,Olivine City,Johto,US,2024-08-05 16:25:04 UTC,0.391.1,26.1,mobile_phone
2025-12-21 05:16:41 UTC,iPhone15ProMax,ios,Olivine City,Johto,US,2024-08-05 16:25:04 UTC,0.391.1,26.1,mobile_phone
2025-12-21 19:31:31 UTC,iPhone15ProMax,ios,Pallet Town,Kanto,US,2024-08-05 16:25:04 UTC,0.391.1,26.1,mobile_phone
2025-12-21 17:48:20 UTC,iPhone15ProMax,ios,Pallet Town,Kanto,US,2024-08-05 16:25:04 UTC,0.391.1,26.1,mobile_phone
2025-12-21 22:23:39 UTC,iPhone15ProMax,ios,Pallet Town,Kanto,US,2024-08-05 16:25:04 UTC,0.391.1,26.1,mobile_phone
2025-01-04 19:48:01 UTC,iPhone15ProMax,ios,New Bark Town,Johto,US,2024-08-05 16:25:04 UTC,0.343.1,18.2,mobile_phone
2025-01-04 19:12:28 UTC,iPhone15ProMax,ios,New Bark Town,Johto,US,2024-08-05 16:25:04 UTC,0.343.1,18.2,mobile_phone
2025-01-04 01:45:04 UTC,iPhone15ProMax,ios,Olivine City,Johto,US,2024-08-05 16:25:04 UTC,0.343.0,18.2,mobile_phone
2025-01-04 04:20:56 UTC,iPhone15ProMax,ios,Olivine City,Johto,US,2024-08-05 16:25:04 UTC,0.343.0,18.2,mobile_phone
2022-04-02 03:52:42 UTC,SM-G986U,android,Viridian City,Kanto,US,2022-03-25 07:16:03 UTC,0.233.0,12,phone
2022-04-02 01:20:34 UTC,SM-G986U,android,Viridian City,Kanto,US,2022-03-25 07:16:03 UTC,0.233.0,12,phone
2022-04-02 00:03:52 UTC,SM-G986U,android,Pallet Town,Kanto,US,2022-03-25 07:16:03 UTC,0.233.0,12,phone
2025-12-05 03:20:34 UTC,iPhone15ProMax,ios,New Bark Town,Johto,US,2024-08-05 16:25:04 UTC,0.389.2,26.1,mobile_phone
2023-02-09 22:53:53 UTC,SM-G986U,android,Olivine City,Johto,US,2023-01-09 02:58:29 UTC,0.261.1,13,phone
2023-02-09 02:22:55 UTC,SM-G986U,android,Olivine City,Johto,US,2023-01-09 02:58:29 UTC,0.261.1,13,phone
2024-03-01 17:33:41 UTC,iPhone15ProMax,ios,Olivine City,Johto,US,2023-12-26 17:08:09 UTC,0.301.0,17.3.1,phone
2024-03-01 19:21:23 UTC,iPhone15ProMax,ios,Olivine City,Johto,US,2023-12-26 17:08:09 UTC,0.301.0,17.3.1,phone
2024-03-01 18:32:57 UTC,iPhone15ProMax,ios,Olivine City,Johto,US,2023-12-26 17:08:09 UTC,0.301.0,17.3.1,phone
2025-04-29 05:16:47 UTC,iPhone15ProMax,ios,Olivine City,Johto,US,2024-08-05 16:25:04 UTC,0.357.2,18.4.1,mobile_phone
2024-08-20 07:29:19 UTC,iPhone15ProMax,ios,Olivine City,Johto,US,2024-08-05 16:25:04 UTC,0.325.2,17.6.1,mobile_phone
2024-08-20 20:30:43 UTC,iPhone15ProMax,ios,Olivine City,Johto,US,2024-08-05 16:25:04 UTC,0.327.0,17.6.1,mobile_phone
2024-08-20 14:07:51 UTC,iPhone15ProMax,ios,Olivine City,Johto,US,2024-08-05 16:25:04 UTC,0.327.0,17.6.1,mobile_phone
2024-08-20 19:52:55 UTC,iPhone15ProMax,ios,Olivine City,Johto,US,2024-08-05 16:25:04 UTC,0.327.0,17.6.1,mobile_phone
2023-04-10 14:27:50 UTC,Pixel 4a,android,Olivine City,Johto,US,2023-02-23 19:14:35 UTC,0.265.0,13,phone
2025-03-07 02:00:02 UTC,iPhone15ProMax,ios,Goldenrod City,Johto,US,2024-08-05 16:25:04 UTC,0.351.0,18.3.1,mobile_phone
2025-03-07 03:09:33 UTC,iPhone15ProMax,ios,Goldenrod City,Johto,US,2024-08-05 16:25:04 UTC,0.351.0,18.3.1,mobile_phone
2025-03-29 01:17:38 UTC,iPhone15ProMax,ios,Cerulean City,Kanto,US,2024-08-05 16:25:04 UTC,0.353.2,18.3.2,mobile_phone
2025-03-29 22:21:33 UTC,iPhone15ProMax,ios,Cerulean City,Kanto,US,2024-08-05 16:25:04 UTC,0.353.2,18.3.2,mobile_phone
2025-03-29 23:24:29 UTC,iPhone15ProMax,ios,Cerulean City,Kanto,US,2024-08-05 16:25:04 UTC,0.353.2,18.3.2,mobile_phone
2024-10-08 17:32:37 UTC,iPhone15ProMax,ios,Olivine City,Johto,US,2024-08-05 16:25:04 UTC,0.333.0,18.0,mobile_phone
2025-11-07 02:53:55 UTC,iPhone15ProMax,ios,Olivine City,Johto,US,2024-08-05 16:25:04 UTC,0.385.2,26.0.1,mobile_phone
2025-11-07 04:32:41 UTC,iPhone15ProMax,ios,Olivine City,Johto,US,2024-08-05 16:25:04 UTC,0.385.2,26.0.1,mobile_phone
2025-11-07 21:38:26 UTC,iPhone15ProMax,ios,Olivine City,Johto,US,2024-08-05 16:25:04 UTC,0.385.2,26.0.1,mobile_phone
2023-01-31 01:31:58 UTC,SM-G986U,android,Olivine City,Johto,US,2023-01-09 02:58:29 UTC,0.257.1,13,phone
2025-03-05 02:57:24 UTC,iPhone15ProMax,ios,Olivine City,Johto,US,2024-08-05 16:25:04 UTC,0.349.1,18.3.1,mobile_phone
2025-03-05 20:44:53 UTC,iPhone15ProMax,ios,Olivine City,Johto,US,2024-08-05 16:25:04 UTC,0.349.1,18.3.1,mobile_phone
2025-03-05 23:50:13 UTC,iPhone15ProMax,ios,Olivine City,Johto,US,2024-08-05 16:25:04 UTC,0.349.1,18.3.1,mobile_phone
2026-04-25 19:10:04 UTC,iPhone15ProMax,ios,Olivine City,Johto,US,2024-08-05 16:25:04 UTC,0.407.0,26.3.1,mobile_phone
2026-04-25 20:35:47 UTC,iPhone15ProMax,ios,Olivine City,Johto,US,2024-08-05 16:25:04 UTC,0.407.0,26.3.1,mobile_phone
2026-04-25 20:57:32 UTC,iPhone15ProMax,ios,Olivine City,Johto,US,2024-08-05 16:25:04 UTC,0.407.0,26.3.1,mobile_phone
2025-02-10 18:35:08 UTC,iPhone15ProMax,ios,Olivine City,Johto,US,2024-08-05 16:25:04 UTC,0.347.0,18.3,mobile_phone
2025-02-10 14:59:02 UTC,iPhone15ProMax,ios,Olivine City,Johto,US,2024-08-05 16:25:04 UTC,0.347.0,18.3,mobile_phone
2026-01-30 22:37:31 UTC,iPhone15ProMax,ios,Cerulean City,Kanto,US,2024-08-05 16:25:04 UTC,0.395.1,26.2,mobile_phone
2026-01-30 23:26:49 UTC,iPhone15ProMax,ios,Olivine City,Johto,US,2024-08-05 16:25:04 UTC,0.395.1,26.2,mobile_phone
2026-05-28 07:23:58 UTC,iPhone15ProMax,ios,Olivine City,Johto,US,2024-08-05 16:25:04 UTC,0.413.0,26.5,mobile_phone
2026-05-28 16:51:53 UTC,iPhone15ProMax,ios,Celadon City,Kanto,US,2024-08-05 16:25:04 UTC,0.413.0,26.5,mobile_phone
2026-05-28 23:45:12 UTC,iPhone15ProMax,ios,Celadon City,Kanto,US,2024-08-05 16:25:04 UTC,0.413.0,26.5,mobile_phone
2025-11-17 01:56:25 UTC,iPhone15ProMax,ios,Olivine City,Johto,US,2024-08-05 16:25:04 UTC,0.385.2,26.0.1,mobile_phone
2025-11-17 14:11:07 UTC,iPhone15ProMax,ios,Olivine City,Johto,US,2024-08-05 16:25:04 UTC,0.385.2,26.1,mobile_phone
2025-11-05 13:33:54 UTC,iPhone15ProMax,ios,Olivine City,Johto,US,2024-08-05 16:25:04 UTC,0.385.0,26.0.1,mobile_phone
2026-02-06 23:39:31 UTC,iPhone15ProMax,ios,Goldenrod City,Johto,US,2024-08-05 16:25:04 UTC,0.397.0,26.2.1,mobile_phone
2026-02-06 16:02:01 UTC,iPhone15ProMax,ios,Goldenrod City,Johto,US,2024-08-05 16:25:04 UTC,0.397.0,26.2.1,mobile_phone
2026-05-24 20:02:01 UTC,iPhone15ProMax,ios,Olivine City,Johto,US,2024-08-05 16:25:04 UTC,0.411.3,26.4.2,mobile_phone
2025-08-21 19:37:35 UTC,iPhone15ProMax,ios,Pallet Town,Kanto,US,2024-08-05 16:25:04 UTC,0.373.2,18.6.2,mobile_phone
2025-08-21 03:49:14 UTC,iPhone15ProMax,ios,Olivine City,Johto,US,2024-08-05 16:25:04 UTC,0.373.2,18.6.1,mobile_phone
2025-08-21 23:50:42 UTC,iPhone15ProMax,ios,Pallet Town,Kanto,US,2024-08-05 16:25:04 UTC,0.373.2,18.6.2,mobile_phone
2025-08-21 14:07:07 UTC,iPhone15ProMax,ios,Viridian City,Kanto,US,2024-08-05 16:25:04 UTC,0.373.2,18.6.1,mobile_phone
2025-03-13 00:22:06 UTC,iPhone15ProMax,ios,Olivine City,Johto,US,2024-08-05 16:25:04 UTC,0.351.0,18.3.1,mobile_phone
2025-03-13 21:05:03 UTC,iPhone15ProMax,ios,Celadon City,Kanto,US,2024-08-05 16:25:04 UTC,0.351.0,18.3.1,mobile_phone
2024-12-03 18:27:51 UTC,iPhone15ProMax,ios,Cerulean City,Kanto,US,2024-08-05 16:25:04 UTC,0.341.2,18.1.1,mobile_phone
2024-12-03 03:06:05 UTC,iPhone15ProMax,ios,Olivine City,Johto,US,2024-08-05 16:25:04 UTC,0.341.0,18.1.1,mobile_phone
2025-07-31 14:02:43 UTC,iPhone15ProMax,ios,Ecruteak City,Johto,US,2024-08-05 16:25:04 UTC,0.371.0,18.5,mobile_phone
2022-04-21 17:44:24 UTC,SM-G986U,android,Pallet Town,Kanto,US,2022-04-04 05:03:56 UTC,0.235.0,12,phone
2022-04-21 02:13:09 UTC,SM-G986U,android,Pallet Town,Kanto,US,2022-04-04 05:03:56 UTC,0.235.0,12,phone
2022-04-21 13:08:01 UTC,SM-G986U,android,Pallet Town,Kanto,US,2022-04-04 05:03:56 UTC,0.235.0,12,phone
2022-04-21 05:16:09 UTC,SM-G986U,android,Pallet Town,Kanto,US,2022-04-04 05:03:56 UTC,0.235.0,12,phone
2025-08-24 18:28:04 UTC,iPhone15ProMax,ios,Celadon City,Kanto,US,2024-08-05 16:25:04 UTC,0.373.2,18.6.2,mobile_phone
2025-08-24 18:03:21 UTC,iPhone15ProMax,ios,Celadon City,Kanto,US,2024-08-05 16:25:04 UTC,0.373.2,18.6.2,mobile_phone
2025-08-24 01:03:06 UTC,iPhone15ProMax,ios,Olivine City,Johto,US,2024-08-05 16:25:04 UTC,0.373.2,18.6.2,mobile_phone
2025-08-24 00:40:16 UTC,iPhone15ProMax,ios,Olivine City,Johto,US,2024-08-05 16:25:04 UTC,0.373.2,18.6.2,mobile_phone
2025-07-06 04:36:52 UTC,iPhone15ProMax,ios,Olivine City,Johto,US,2024-08-05 16:25:04 UTC,0.367.2,18.5,mobile_phone
2025-07-06 23:58:57 UTC,iPhone15ProMax,ios,Olivine City,Johto,US,2024-08-05 16:25:04 UTC,0.367.2,18.5,mobile_phone
2025-07-06 17:56:03 UTC,iPhone15ProMax,ios,Olivine City,Johto,US,2024-08-05 16:25:04 UTC,0.367.2,18.5,mobile_phone
2025-01-01 20:12:38 UTC,iPhone15ProMax,ios,Olivine City,Johto,US,2024-08-05 16:25:04 UTC,0.343.0,18.2,mobile_phone
2025-01-01 19:19:24 UTC,iPhone15ProMax,ios,Olivine City,Johto,US,2024-08-05 16:25:04 UTC,0.343.0,18.2,mobile_phone
2025-01-01 02:15:58 UTC,iPhone15ProMax,ios,Olivine City,Johto,US,2024-08-05 16:25:04 UTC,0.343.0,18.2,mobile_phone
2025-10-02 03:46:33 UTC,iPhone15ProMax,ios,Olivine City,Johto,US,2024-08-05 16:25:04 UTC,0.381.1,26.0.1,mobile_phone
2025-10-02 05:27:52 UTC,iPhone15ProMax,ios,Olivine City,Johto,US,2024-08-05 16:25:04 UTC,0.381.1,26.0.1,mobile_phone
2025-10-02 01:07:31 UTC,iPhone15ProMax,ios,Cerulean City,Kanto,US,2024-08-05 16:25:04 UTC,0.381.1,26.0.1,mobile_phone
2024-03-18 03:33:21 UTC,iPhone15ProMax,ios,Olivine City,Johto,US,2023-12-26 17:08:09 UTC,0.303.2,17.3.1,phone
2024-03-18 00:16:32 UTC,iPhone15ProMax,ios,Cerulean City,Kanto,US,2023-12-26 17:08:09 UTC,0.303.2,17.3.1,phone
2026-05-03 20:14:31 UTC,iPhone15ProMax,ios,Olivine City,Johto,US,2024-08-05 16:25:04 UTC,0.409.0,26.3.1,mobile_phone
2024-09-18 04:01:08 UTC,iPhone15ProMax,ios,Olivine City,Johto,US,2024-08-05 16:25:04 UTC,0.331.0,18.0,mobile_phone
2024-09-18 21:12:38 UTC,iPhone15ProMax,ios,Olivine City,Johto,US,2024-08-05 16:25:04 UTC,0.331.0,18.0,mobile_phone
2024-09-18 15:23:11 UTC,iPhone15ProMax,ios,Olivine City,Johto,US,2024-08-05 16:25:04 UTC,0.331.0,18.0,mobile_phone
2024-09-18 17:24:25 UTC,iPhone15ProMax,ios,Olivine City,Johto,US,2024-08-05 16:25:04 UTC,0.331.0,18.0,mobile_phone
2026-07-25 21:47:46 UTC,iPhone15ProMax,ios,Olivine City,Johto,US,2024-08-05 16:25:04 UTC,0.421.0,26.5.2,mobile_phone
2026-07-25 06:51:16 UTC,iPhone15ProMax,ios,Olivine City,Johto,US,2024-08-05 16:25:04 UTC,0.421.0,26.5.2,mobile_phone
2024-10-13 01:59:02 UTC,iPhone15ProMax,ios,Olivine City,Johto,US,2024-08-05 16:25:04 UTC,0.333.0,18.0.1,mobile_phone
2024-10-13 00:36:21 UTC,iPhone15ProMax,ios,Olivine City,Johto,US,2024-08-05 16:25:04 UTC,0.333.0,18.0.1,mobile_phone
2024-10-13 14:47:59 UTC,iPhone15ProMax,ios,Olivine City,Johto,US,2024-08-05 16:25:04 UTC,0.333.0,18.0.1,mobile_phone
2022-03-13 18:41:12 UTC,SM-G986U,android,Pallet Town,Kanto,US,2022-02-27 06:08:31 UTC,0.231.0,12,phone
2025-10-09 01:41:43 UTC,iPhone15ProMax,ios,Ecruteak City,Johto,US,2024-08-05 16:25:04 UTC,0.381.3,26.0.1,mobile_phone
2025-10-09 15:04:54 UTC,iPhone15ProMax,ios,Ecruteak City,Johto,US,2024-08-05 16:25:04 UTC,0.381.3,26.0.1,mobile_phone
2025-10-09 04:27:37 UTC,iPhone15ProMax,ios,Ecruteak City,Johto,US,2024-08-05 16:25:04 UTC,0.381.3,26.0.1,mobile_phone
2025-10-09 20:36:30 UTC,iPhone12,ios,Olivine City,Johto,US,2025-10-08 02:02:25 UTC,0.381.3,26.0.1,mobile_phone
2024-12-25 02:08:51 UTC,iPhone15ProMax,ios,New Bark Town,Johto,US,2024-08-05 16:25:04 UTC,0.343.0,18.2,mobile_phone
2024-12-25 03:39:38 UTC,iPhone15ProMax,ios,New Bark Town,Johto,US,2024-08-05 16:25:04 UTC,0.343.0,18.2,mobile_phone
2022-03-11 02:21:46 UTC,SM-G986U,android,Pallet Town,Kanto,US,2022-02-27 06:08:31 UTC,0.231.0,12,phone
2022-06-18 02:51:00 UTC,SM-G986U,android,Cerulean City,Kanto,US,2022-06-01 10:44:54 UTC,0.239.2,12,phone
2022-06-18 05:56:07 UTC,SM-G986U,android,Cerulean City,Kanto,US,2022-06-01 10:44:54 UTC,0.239.2,12,phone
2022-06-27 13:19:53 UTC,SM-G986U,android,Cerulean City,Kanto,US,2022-06-01 10:44:54 UTC,0.239.2,12,phone
2025-06-16 01:04:22 UTC,iPhone15ProMax,ios,Goldenrod City,Johto,US,2024-08-05 16:25:04 UTC,0.363.2,18.5,mobile_phone
2025-06-16 17:00:38 UTC,iPhone15ProMax,ios,Goldenrod City,Johto,US,2024-08-05 16:25:04 UTC,0.363.2,18.5,mobile_phone
2026-01-31 21:55:55 UTC,iPhone15ProMax,ios,Cerulean City,Kanto,US,2024-08-05 16:25:04 UTC,0.395.1,26.2,mobile_phone
2026-01-31 18:55:45 UTC,iPhone15ProMax,ios,Cerulean City,Kanto,US,2024-08-05 16:25:04 UTC,0.395.1,26.2,mobile_phone
2026-04-11 07:58:05 UTC,iPhone15ProMax,ios,Olivine City,Johto,US,2024-08-05 16:25:04 UTC,0.405.0,26.3.1,mobile_phone
2026-04-11 14:36:42 UTC,iPhone15ProMax,ios,Olivine City,Johto,US,2024-08-05 16:25:04 UTC,0.405.0,26.3.1,mobile_phone
2024-09-15 06:57:52 UTC,iPhone15ProMax,ios,Olivine City,Johto,US,2024-08-05 16:25:04 UTC,0.329.2,17.6.1,mobile_phone
2024-09-15 00:44:44 UTC,iPhone15ProMax,ios,Olivine City,Johto,US,2024-08-05 16:25:04 UTC,0.329.2,17.6.1,mobile_phone
2024-09-15 01:27:46 UTC,iPhone15ProMax,ios,Olivine City,Johto,US,2024-08-05 16:25:04 UTC,0.329.2,17.6.1,mobile_phone
2026-01-03 04:12:05 UTC,iPhone15ProMax,ios,Olivine City,Johto,US,2024-08-05 16:25:04 UTC,0.391.1,26.1,mobile_phone
2026-01-03 17:26:17 UTC,iPhone15ProMax,ios,Olivine City,Johto,US,2024-08-05 16:25:04 UTC,0.391.1,26.1,mobile_phone
2026-01-03 16:22:41 UTC,iPhone15ProMax,ios,Ecruteak City,Johto,US,2024-08-05 16:25:04 UTC,0.391.1,26.1,mobile_phone
2022-05-14 21:13:31 UTC,SM-G986U,android,Celadon City,Kanto,US,2022-04-21 18:52:51 UTC,0.237.0,12,phone
2024-12-15 23:07:48 UTC,iPhone15ProMax,ios,Celadon City,Kanto,US,2024-08-05 16:25:04 UTC,0.341.2,18.2,mobile_phone
2024-12-15 23:57:25 UTC,iPhone15ProMax,ios,Celadon City,Kanto,US,2024-08-05 16:25:04 UTC,0.341.2,18.2,mobile_phone
2023-05-27 06:16:13 UTC,Pixel 4a,android,Olivine City,Johto,US,2023-02-23 19:14:35 UTC,0.271.2,13,phone
2025-05-03 22:18:22 UTC,iPhone15ProMax,ios,Pallet Town,Kanto,US,2024-08-05 16:25:04 UTC,0.359.0,18.4.1,mobile_phone
2025-05-03 07:27:08 UTC,iPhone15ProMax,ios,Olivine City,Johto,US,2024-08-05 16:25:04 UTC,0.359.0,18.4.1,mobile_phone
2025-05-03 00:18:18 UTC,iPhone15ProMax,ios,Pallet Town,Kanto,US,2024-08-05 16:25:04 UTC,0.359.0,18.4.1,mobile_phone
2022-07-14 02:32:00 UTC,SM-G986U,android,Cerulean City,Kanto,US,2022-07-02 20:03:18 UTC,0.241.1,12,phone
2026-02-21 00:55:11 UTC,iPhone15ProMax,ios,Celadon City,Kanto,US,2024-08-05 16:25:04 UTC,0.399.1,26.2.1,mobile_phone
2026-02-21 20:06:50 UTC,iPhone15ProMax,ios,Celadon City,Kanto,US,2024-08-05 16:25:04 UTC,0.399.1,26.2.1,mobile_phone
2026-02-21 01:35:43 UTC,iPhone15ProMax,ios,Celadon City,Kanto,US,2024-08-05 16:25:04 UTC,0.399.1,26.2.1,mobile_phone
2026-02-21 06:25:59 UTC,iPhone15ProMax,ios,Celadon City,Kanto,US,2024-08-05 16:25:04 UTC,0.399.1,26.2.1,mobile_phone
2026-05-31 03:28:36 UTC,iPhone15ProMax,ios,Goldenrod City,Johto,US,2024-08-05 16:25:04 UTC,0.413.1,26.5,mobile_phone
2025-09-29 17:08:46 UTC,iPhone15ProMax,ios,Viridian City,Kanto,US,2024-08-05 16:25:04 UTC,0.379.0,26.0,mobile_phone
2025-09-29 02:42:00 UTC,iPhone15ProMax,ios,Olivine City,Johto,US,2024-08-05 16:25:04 UTC,0.379.0,26.0,mobile_phone
2026-08-25 01:57:18 UTC,iPhone15ProMax,ios,Olivine City,Johto,US,2024-08-05 16:25:04 UTC,0.423.1,26.6,mobile_phone
2024-03-24 07:56:19 UTC,iPhone15ProMax,ios,Olivine City,Johto,US,2023-12-26 17:08:09 UTC,0.305.1,17.3.1,phone
2024-03-24 07:22:38 UTC,iPhone15ProMax,ios,Olivine City,Johto,US,2023-12-26 17:08:09 UTC,0.305.1,17.3.1,phone
2025-04-12 07:20:24 UTC,iPhone15ProMax,ios,Olivine City,Johto,US,2024-08-05 16:25:04 UTC,0.355.0,18.4,mobile_phone
2025-04-12 17:26:14 UTC,iPhone15ProMax,ios,Olivine City,Johto,US,2024-08-05 16:25:04 UTC,0.355.0,18.4,mobile_phone
2025-02-20 18:05:33 UTC,iPhone15ProMax,ios,Olivine City,Johto,US,2024-08-05 16:25:04 UTC,0.349.0,18.3.1,mobile_phone
2025-02-20 22:46:38 UTC,iPhone15ProMax,ios,Cerulean City,Kanto,US,2024-08-05 16:25:04 UTC,0.349.0,18.3.1,mobile_phone
2025-02-20 15:04:30 UTC,iPhone15ProMax,ios,Cerulean City,Kanto,US,2024-08-05 16:25:04 UTC,0.349.0,18.3.1,mobile_phone
2025-02-20 00:58:42 UTC,iPhone15ProMax,ios,Cerulean City,Kanto,US,2024-08-05 16:25:04 UTC,0.349.0,18.3.1,mobile_phone
2025-02-20 01:50:54 UTC,iPhone15ProMax,ios,Cerulean City,Kanto,US,2024-08-05 16:25:04 UTC,0.349.0,18.3.1,mobile_phone
2025-02-20 23:18:40 UTC,iPhone13ProMax,ios,Pallet Town,Kanto,US,2025-02-15 23:17:23 UTC,0.349.0,18.3.1,mobile_phone
2024-08-09 14:57:43 UTC,iPhone15ProMax,ios,Olivine City,Johto,US,2024-08-05 16:25:04 UTC,0.325.1,17.5.1,mobile_phone
2024-08-09 08:28:02 UTC,iPhone15ProMax,ios,Olivine City,Johto,US,2024-08-05 16:25:04 UTC,0.325.1,17.5.1,mobile_phone
2024-08-09 17:36:29 UTC,iPhone15ProMax,ios,Olivine City,Johto,US,2024-08-05 16:25:04 UTC,0.325.1,17.5.1,mobile_phone
2024-08-09 15:52:27 UTC,iPhone15ProMax,ios,Olivine City,Johto,US,2024-08-05 16:25:04 UTC,0.325.1,17.5.1,mobile_phone
2024-11-14 06:35:29 UTC,iPhone15ProMax,ios,Olivine City,Johto,US,2024-08-05 16:25:04 UTC,0.339.0,18.0.1,mobile_phone
2025-04-05 21:23:33 UTC,iPhone15ProMax,ios,Ecruteak City,Johto,US,2024-08-05 16:25:04 UTC,0.355.0,18.4,mobile_phone
2025-04-05 23:50:18 UTC,iPhone15ProMax,ios,Ecruteak City,Johto,US,2024-08-05 16:25:04 UTC,0.355.0,18.4,mobile_phone
2024-04-12 01:05:49 UTC,iPhone15ProMax,ios,Viridian City,Kanto,US,2023-12-26 17:08:09 UTC,0.307.1,17.4.1,phone
2024-04-12 02:59:32 UTC,iPhone15ProMax,ios,Viridian City,Kanto,US,2023-12-26 17:08:09 UTC,0.307.1,17.4.1,phone
2024-04-12 21:02:41 UTC,iPhone15ProMax,ios,Viridian City,Kanto,US,2023-12-26 17:08:09 UTC,0.307.1,17.4.1,phone
2024-08-19 22:25:11 UTC,iPhone15ProMax,ios,Olivine City,Johto,US,2024-08-05 16:25:04 UTC,0.325.2,17.6.1,mobile_phone
2024-08-19 18:38:28 UTC,iPhone15ProMax,ios,Olivine City,Johto,US,2024-08-05 16:25:04 UTC,0.325.2,17.6.1,mobile_phone
2024-08-19 21:04:41 UTC,iPhone15ProMax,ios,Olivine City,Johto,US,2024-08-05 16:25:04 UTC,0.325.2,17.6.1,mobile_phone
2024-08-19 04:44:50 UTC,iPhone15ProMax,ios,Olivine City,Johto,US,2024-08-05 16:25:04 UTC,0.325.2,17.6.1,mobile_phone
2026-08-04 06:51:47 UTC,iPhone15ProMax,ios,Olivine City,Johto,US,2024-08-05 16:25:04 UTC,0.421.1,26.5.2,mobile_phone
2022-05-07 03:32:39 UTC,Pixel 4a,android,Pallet Town,Kanto,US,2021-07-01 16:46:46 UTC,0.235.0,12,phone
2024-10-09 18:09:22 UTC,iPhone15ProMax,ios,Olivine City,Johto,US,2024-08-05 16:25:04 UTC,0.333.0,18.0.1,mobile_phone
2024-10-09 19:27:44 UTC,iPhone15ProMax,ios,Olivine City,Johto,US,2024-08-05 16:25:04 UTC,0.333.0,18.0.1,mobile_phone
2024-10-09 17:20:23 UTC,iPhone15ProMax,ios,Olivine City,Johto,US,2024-08-05 16:25:04 UTC,0.333.0,18.0.1,mobile_phone
2023-11-15 02:04:47 UTC,Pixel 4a,android,Pallet Town,Kanto,US,2023-01-04 22:41:42 UTC,0.289.0,13,phone
2025-03-24 22:39:02 UTC,iPhone15ProMax,ios,Goldenrod City,Johto,US,2024-08-05 16:25:04 UTC,0.353.1,18.3.2,mobile_phone
2023-01-10 15:40:02 UTC,SM-G986U,android,Olivine City,Johto,US,2023-01-09 02:58:29 UTC,0.257.1,13,phone
2023-01-10 16:47:00 UTC,SM-G986U,android,Olivine City,Johto,US,2023-01-09 02:58:29 UTC,0.257.1,13,phone
2025-08-23 01:15:06 UTC,iPhone15ProMax,ios,Celadon City,Kanto,US,2024-08-05 16:25:04 UTC,0.373.2,18.6.2,mobile_phone
2025-08-23 23:11:07 UTC,iPhone15ProMax,ios,Celadon City,Kanto,US,2024-08-05 16:25:04 UTC,0.373.2,18.6.2,mobile_phone
2025-08-23 01:45:14 UTC,iPhone15ProMax,ios,Celadon City,Kanto,US,2024-08-05 16:25:04 UTC,0.373.2,18.6.2,mobile_phone
2025-08-23 20:15:45 UTC,iPhone15ProMax,ios,Celadon City,Kanto,US,2024-08-05 16:25:04 UTC,0.373.2,18.6.2,mobile_phone
2025-08-23 06:08:32 UTC,iPhone15ProMax,ios,Olivine City,Johto,US,2024-08-05 16:25:04 UTC,0.373.2,18.6.2,mobile_phone
2025-08-23 19:34:42 UTC,iPhone15ProMax,ios,Celadon City,Kanto,US,2024-08-05 16:25:04 UTC,0.373.2,18.6.2,mobile_phone
2024-09-02 16:30:12 UTC,iPhone15ProMax,ios,Pallet Town,Kanto,US,2024-08-05 16:25:04 UTC,0.329.1,17.6.1,mobile_phone
2024-09-02 19:40:00 UTC,iPhone15ProMax,ios,Olivine City,Johto,US,2024-08-05 16:25:04 UTC,0.329.1,17.6.1,mobile_phone
2024-09-02 01:51:25 UTC,iPhone15ProMax,ios,Viridian City,Kanto,US,2024-08-05 16:25:04 UTC,0.329.1,17.6.1,mobile_phone
2024-09-02 05:38:31 UTC,iPhone15ProMax,ios,Olivine City,Johto,US,2024-08-05 16:25:04 UTC,0.329.1,17.6.1,mobile_phone
2024-09-02 01:54:35 UTC,iPadPro4thGen,ios,Cerulean City,Kanto,US,2024-07-17 01:14:11 UTC,0.327.0,17.6.1,tablet
2023-08-14 22:43:02 UTC,SM-G986U,android,Olivine City,Johto,US,2023-08-14 22:43:02 UTC,0.279.2,13,phone
2025-05-30 04:54:44 UTC,iPhone15ProMax,ios,Olivine City,Johto,US,2024-08-05 16:25:04 UTC,0.361.0,18.5,mobile_phone
2025-05-30 04:22:46 UTC,iPhone15ProMax,ios,Olivine City,Johto,US,2024-08-05 16:25:04 UTC,0.361.0,18.5,mobile_phone
2022-04-19 13:55:12 UTC,SM-G986U,android,Pallet Town,Kanto,US,2022-04-04 05:03:56 UTC,0.235.0,12,phone
2022-04-19 03:51:33 UTC,SM-G986U,android,Pallet Town,Kanto,US,2022-04-04 05:03:56 UTC,0.235.0,12,phone
2025-07-08 01:39:04 UTC,iPhone15ProMax,ios,Olivine City,Johto,US,2024-08-05 16:25:04 UTC,0.367.2,18.5,mobile_phone
2025-07-08 00:56:39 UTC,iPhone15ProMax,ios,Olivine City,Johto,US,2024-08-05 16:25:04 UTC,0.367.2,18.5,mobile_phone
2025-07-08 17:30:41 UTC,iPhone15ProMax,ios,Cerulean City,Kanto,US,2024-08-05 16:25:04 UTC,0.367.2,18.5,mobile_phone
2025-07-08 16:54:39 UTC,iPhone15ProMax,ios,Cerulean City,Kanto,US,2024-08-05 16:25:04 UTC,0.367.2,18.5,mobile_phone
2025-07-08 18:17:28 UTC,iPhone15ProMax,ios,Cerulean City,Kanto,US,2024-08-05 16:25:04 UTC,0.367.2,18.5,mobile_phone
2022-06-03 20:48:56 UTC,SM-G986U,android,Pallet Town,Kanto,US,2022-06-01 10:44:54 UTC,0.239.0,12,phone
2025-07-30 15:49:49 UTC,iPhone15ProMax,ios,Ecruteak City,Johto,US,2024-08-05 16:25:04 UTC,0.371.0,18.5,mobile_phone
2025-01-06 01:22:44 UTC,iPhone15ProMax,ios,Olivine City,Johto,US,2024-08-05 16:25:04 UTC,0.343.1,18.2,mobile_phone
2025-01-06 21:31:31 UTC,iPhone15ProMax,ios,Olivine City,Johto,US,2024-08-05 16:25:04 UTC,0.343.1,18.2,mobile_phone
2025-12-07 00:25:59 UTC,iPhone15ProMax,ios,Viridian City,Kanto,US,2024-08-05 16:25:04 UTC,0.389.2,26.1,mobile_phone
2025-12-07 04:08:12 UTC,iPhone15ProMax,ios,Viridian City,Kanto,US,2024-08-05 16:25:04 UTC,0.389.2,26.1,mobile_phone
2025-12-07 03:28:51 UTC,iPhone15ProMax,ios,Viridian City,Kanto,US,2024-08-05 16:25:04 UTC,0.389.2,26.1,mobile_phone
2025-12-07 22:08:12 UTC,iPhone15ProMax,ios,Pallet Town,Kanto,US,2024-08-05 16:25:04 UTC,0.389.2,26.1,mobile_phone
2024-04-17 04:22:34 UTC,iPhone15ProMax,ios,Viridian City,Kanto,US,2023-12-26 17:08:09 UTC,0.309.0,17.4.1,phone
2024-04-17 00:54:15 UTC,iPhone15ProMax,ios,Goldenrod City,Johto,US,2023-12-26 17:08:09 UTC,0.309.0,17.4.1,phone
2024-04-17 17:49:38 UTC,iPhone15ProMax,ios,Viridian City,Kanto,US,2023-12-26 17:08:09 UTC,0.309.0,17.4.1,phone
2026-06-05 04:47:14 UTC,iPhone15ProMax,ios,Olivine City,Johto,US,2024-08-05 16:25:04 UTC,0.413.1,26.5,mobile_phone
2025-01-25 00:34:22 UTC,iPhone15ProMax,ios,Ecruteak City,Johto,US,2024-08-05 16:25:04 UTC,0.345.0,18.2.1,mobile_phone
2025-01-25 01:43:24 UTC,iPhone15ProMax,ios,Olivine City,Johto,US,2024-08-05 16:25:04 UTC,0.345.0,18.2.1,mobile_phone
2025-01-25 02:13:12 UTC,iPhone15ProMax,ios,Olivine City,Johto,US,2024-08-05 16:25:04 UTC,0.345.0,18.2.1,mobile_phone
2025-01-25 17:03:32 UTC,iPhone15ProMax,ios,Olivine City,Johto,US,2024-08-05 16:25:04 UTC,0.345.0,18.2.1,mobile_phone
2024-09-23 06:09:20 UTC,iPhone15ProMax,ios,Olivine City,Johto,US,2024-08-05 16:25:04 UTC,0.331.1,18.0,mobile_phone
2024-09-23 00:56:05 UTC,iPhone15ProMax,ios,Olivine City,Johto,US,2024-08-05 16:25:04 UTC,0.331.1,18.0,mobile_phone
2024-09-23 02:02:28 UTC,iPhone15ProMax,ios,Goldenrod City,Johto,US,2024-08-05 16:25:04 UTC,0.331.1,18.0,mobile_phone
2025-11-14 15:13:20 UTC,iPhone15ProMax,ios,Pallet Town,Kanto,US,2024-08-05 16:25:04 UTC,0.385.2,26.0.1,mobile_phone
2022-07-25 15:35:37 UTC,Pixel 4a,android,Cerulean City,Kanto,US,2021-07-01 16:46:46 UTC,0.243.0,12,phone
2025-05-25 20:24:59 UTC,iPhone15ProMax,ios,Goldenrod City,Johto,US,2024-08-05 16:25:04 UTC,0.361.0,18.4.1,mobile_phone
2025-05-25 23:06:17 UTC,iPhone15ProMax,ios,Goldenrod City,Johto,US,2024-08-05 16:25:04 UTC,0.361.0,18.4.1,mobile_phone
2025-05-25 20:35:04 UTC,iPhone15ProMax,ios,Olivine City,Johto,US,2024-08-05 16:25:04 UTC,0.361.0,18.4.1,mobile_phone
2025-06-15 23:37:13 UTC,iPhone15ProMax,ios,Olivine City,Johto,US,2024-08-05 16:25:04 UTC,0.363.2,18.5,mobile_phone
2025-06-15 21:12:49 UTC,iPhone15ProMax,ios,Pallet Town,Kanto,US,2024-08-05 16:25:04 UTC,0.363.2,18.5,mobile_phone
2025-10-08 00:44:08 UTC,iPhone15ProMax,ios,Goldenrod City,Johto,US,2024-08-05 16:25:04 UTC,0.381.3,26.0.1,mobile_phone
2025-10-08 02:29:18 UTC,iPhone15ProMax,ios,Olivine City,Johto,US,2024-08-05 16:25:04 UTC,0.381.3,26.0.1,mobile_phone
2024-02-27 05:53:36 UTC,iPhone15ProMax,ios,Pallet Town,Kanto,US,2023-12-26 17:08:09 UTC,0.299.1,17.3.1,phone
2024-02-27 20:44:58 UTC,iPhone15ProMax,ios,Olivine City,Johto,US,2023-12-26 17:08:09 UTC,0.299.1,17.3.1,phone
2024-02-27 16:11:11 UTC,iPhone15ProMax,ios,Olivine City,Johto,US,2023-12-26 17:08:09 UTC,0.299.1,17.3.1,phone
2024-02-27 05:38:47 UTC,iPhone15ProMax,ios,Pallet Town,Kanto,US,2023-12-26 17:08:09 UTC,0.299.1,17.3.1,phone
2025-03-26 01:55:41 UTC,iPhone15ProMax,ios,Cerulean City,Kanto,US,2024-08-05 16:25:04 UTC,0.353.1,18.3.2,mobile_phone
2025-03-26 00:38:17 UTC,iPhone15ProMax,ios,Cerulean City,Kanto,US,2024-08-05 16:25:04 UTC,0.353.1,18.3.2,mobile_phone
2024-10-24 21:39:28 UTC,iPhone15ProMax,ios,Goldenrod City,Johto,US,2024-08-05 16:25:04 UTC,0.335.1,18.0.1,mobile_phone
2022-06-05 15:57:57 UTC,SM-G986U,android,Pallet Town,Kanto,US,2022-06-01 10:44:54 UTC,0.239.0,12,phone
2022-06-05 08:29:02 UTC,SM-G986U,android,Pallet Town,Kanto,US,2022-06-01 10:44:54 UTC,0.239.0,12,phone
2024-12-05 07:31:18 UTC,iPhone15ProMax,ios,Olivine City,Johto,US,2024-08-05 16:25:04 UTC,0.341.2,18.1.1,mobile_phone
2024-12-05 08:46:21 UTC,iPhone15ProMax,ios,Olivine City,Johto,US,2024-08-05 16:25:04 UTC,0.341.2,18.1.1,mobile_phone
2025-12-18 03:28:13 UTC,iPhone15ProMax,ios,Viridian City,Kanto,US,2024-08-05 16:25:04 UTC,0.391.0,26.1,mobile_phone
2025-12-18 16:24:15 UTC,iPhone15ProMax,ios,Viridian City,Kanto,US,2024-08-05 16:25:04 UTC,0.391.0,26.1,mobile_phone
2024-08-27 02:22:02 UTC,iPhone15ProMax,ios,Olivine City,Johto,US,2024-08-05 16:25:04 UTC,0.327.0,17.6.1,mobile_phone
2024-08-27 07:42:39 UTC,iPhone15ProMax,ios,Olivine City,Johto,US,2024-08-05 16:25:04 UTC,0.327.0,17.6.1,mobile_phone
2024-08-27 17:21:26 UTC,iPhone15ProMax,ios,Olivine City,Johto,US,2024-08-05 16:25:04 UTC,0.327.0,17.6.1,mobile_phone
2024-08-27 00:43:48 UTC,iPhone15ProMax,ios,Celadon City,Kanto,US,2024-08-05 16:25:04 UTC,0.327.0,17.6.1,mobile_phone
2024-08-27 16:36:38 UTC,iPhone15ProMax,ios,Celadon City,Kanto,US,2024-08-05 16:25:04 UTC,0.327.0,17.6.1,mobile_phone
2024-08-27 17:58:27 UTC,iPhone15ProMax,ios,Celadon City,Kanto,US,2024-08-05 16:25:04 UTC,0.327.0,17.6.1,mobile_phone
2024-08-27 23:17:01 UTC,iPhone15ProMax,ios,Celadon City,Kanto,US,2024-08-05 16:25:04 UTC,0.327.0,17.6.1,mobile_phone
2026-02-10 14:00:33 UTC,iPhone15ProMax,ios,Viridian City,Kanto,US,2024-08-05 16:25:04 UTC,0.397.0,26.2.1,mobile_phone
2026-02-10 19:36:44 UTC,iPhone15ProMax,ios,Viridian City,Kanto,US,2024-08-05 16:25:04 UTC,0.397.0,26.2.1,mobile_phone
2025-08-05 14:17:56 UTC,iPhone15ProMax,ios,Olivine City,Johto,US,2024-08-05 16:25:04 UTC,0.371.0,18.6,mobile_phone
2025-03-11 01:03:39 UTC,iPhone15ProMax,ios,Olivine City,Johto,US,2024-08-05 16:25:04 UTC,0.351.0,18.3.1,mobile_phone
2025-03-11 02:09:15 UTC,iPhone15ProMax,ios,Olivine City,Johto,US,2024-08-05 16:25:04 UTC,0.351.0,18.3.1,mobile_phone
2025-03-11 20:30:02 UTC,iPhone15ProMax,ios,Olivine City,Johto,US,2024-08-05 16:25:04 UTC,0.351.0,18.3.1,mobile_phone
2025-12-01 01:31:08 UTC,iPhone15ProMax,ios,Olivine City,Johto,US,2024-08-05 16:25:04 UTC,0.387.1,26.1,mobile_phone
2023-11-08 04:05:24 UTC,Pixel 4a,android,Olivine City,Johto,US,2023-01-04 22:41:42 UTC,0.287.0,13,phone
2025-12-31 15:54:53 UTC,iPhone15ProMax,ios,Ecruteak City,Johto,US,2024-08-05 16:25:04 UTC,0.391.1,26.1,mobile_phone
2025-12-31 19:07:08 UTC,iPhone15ProMax,ios,Olivine City,Johto,US,2024-08-05 16:25:04 UTC,0.391.1,26.1,mobile_phone
2025-12-31 18:00:32 UTC,iPhone15ProMax,ios,Olivine City,Johto,US,2024-08-05 16:25:04 UTC,0.391.1,26.1,mobile_phone
2025-12-26 18:05:02 UTC,iPhone15ProMax,ios,Ecruteak City,Johto,US,2024-08-05 16:25:04 UTC,0.391.1,26.1,mobile_phone
2025-12-26 00:28:15 UTC,iPhone15ProMax,ios,Olivine City,Johto,US,2024-08-05 16:25:04 UTC,0.391.1,26.1,mobile_phone
2025-12-26 01:54:05 UTC,iPhone15ProMax,ios,Olivine City,Johto,US,2024-08-05 16:25:04 UTC,0.391.1,26.1,mobile_phone
2022-05-16 03:09:55 UTC,SM-G986U,android,Pallet Town,Kanto,US,2022-04-21 18:52:51 UTC,0.237.0,12,phone
2025-09-11 03:55:50 UTC,iPhone15ProMax,ios,Olivine City,Johto,US,2024-08-05 16:25:04 UTC,0.377.1,18.6.2,mobile_phone
2025-09-11 15:14:38 UTC,iPhone15ProMax,ios,Olivine City,Johto,US,2024-08-05 16:25:04 UTC,0.377.1,18.6.2,mobile_phone
2025-09-11 23:59:46 UTC,iPhone15ProMax,ios,Goldenrod City,Johto,US,2024-08-05 16:25:04 UTC,0.377.1,18.6.2,mobile_phone
2025-04-09 22:59:41 UTC,iPhone15ProMax,ios,Olivine City,Johto,US,2024-08-05 16:25:04 UTC,0.355.0,18.4,mobile_phone
2025-04-09 19:04:14 UTC,iPhone15ProMax,ios,Olivine City,Johto,US,2024-08-05 16:25:04 UTC,0.355.0,18.4,mobile_phone
2024-04-11 17:54:46 UTC,iPhone15ProMax,ios,Viridian City,Kanto,US,2023-12-26 17:08:09 UTC,0.307.1,17.4.1,phone
2024-12-14 03:57:33 UTC,iPhone15ProMax,ios,Olivine City,Johto,US,2024-08-05 16:25:04 UTC,0.341.2,18.2,mobile_phone
2024-12-14 18:21:42 UTC,iPhone15ProMax,ios,Pallet Town,Kanto,US,2024-08-05 16:25:04 UTC,0.341.2,18.2,mobile_phone
2024-12-14 05:02:43 UTC,iPhone15ProMax,ios,Olivine City,Johto,US,2024-08-05 16:25:04 UTC,0.341.2,18.2,mobile_phone
2024-12-14 08:04:54 UTC,iPhone15ProMax,ios,Olivine City,Johto,US,2024-08-05 16:25:04 UTC,0.341.2,18.2,mobile_phone
2024-12-14 21:38:42 UTC,iPhone15ProMax,ios,Viridian City,Kanto,US,2024-08-05 16:25:04 UTC,0.341.2,18.2,mobile_phone
2024-12-30 02:38:03 UTC,iPhone15ProMax,ios,Olivine City,Johto,US,2024-08-05 16:25:04 UTC,0.343.0,18.2,mobile_phone
2025-07-25 19:21:33 UTC,iPhone15ProMax,ios,Pallet Town,Kanto,US,2024-08-05 16:25:04 UTC,0.371.0,18.5,mobile_phone
2025-07-25 05:41:19 UTC,iPhone15ProMax,ios,Olivine City,Johto,US,2024-08-05 16:25:04 UTC,0.371.0,18.5,mobile_phone
2025-10-27 14:57:46 UTC,iPhone15ProMax,ios,Cerulean City,Kanto,US,2024-08-05 16:25:04 UTC,0.383.2,26.0.1,mobile_phone
2024-07-14 20:42:52 UTC,iPhone15ProMax,ios,Olivine City,Johto,US,2023-12-26 17:08:09 UTC,0.319.0,17.5.1,mobile_phone
2024-07-14 05:21:26 UTC,iPhone15ProMax,ios,Viridian City,Kanto,US,2023-12-26 17:08:09 UTC,0.319.0,17.5.1,mobile_phone
2024-07-14 17:34:00 UTC,iPhone15ProMax,ios,Viridian City,Kanto,US,2023-12-26 17:08:09 UTC,0.319.0,17.5.1,mobile_phone
2024-07-14 02:04:27 UTC,iPhone15ProMax,ios,Viridian City,Kanto,US,2023-12-26 17:08:09 UTC,0.319.0,17.5.1,mobile_phone
2024-07-14 22:20:54 UTC,iPhone15ProMax,ios,Cerulean City,Kanto,US,2023-12-26 17:08:09 UTC,0.319.0,17.5.1,mobile_phone
2024-07-14 17:45:33 UTC,iPhone15ProMax,ios,Viridian City,Kanto,US,2023-12-26 17:08:09 UTC,0.319.0,17.5.1,mobile_phone
2025-05-16 07:10:35 UTC,iPhone15ProMax,ios,Olivine City,Johto,US,2024-08-05 16:25:04 UTC,0.361.0,18.4.1,mobile_phone
2025-05-16 00:27:59 UTC,iPhone15ProMax,ios,Olivine City,Johto,US,2024-08-05 16:25:04 UTC,0.361.0,18.4.1,mobile_phone
2025-11-24 20:15:05 UTC,iPhone15ProMax,ios,New Bark Town,Johto,US,2024-08-05 16:25:04 UTC,0.387.0,26.1,mobile_phone
2025-11-24 02:37:28 UTC,iPhone15ProMax,ios,Olivine City,Johto,US,2024-08-05 16:25:04 UTC,0.387.0,26.1,mobile_phone
2025-11-24 03:41:08 UTC,iPhone15ProMax,ios,Olivine City,Johto,US,2024-08-05 16:25:04 UTC,0.387.0,26.1,mobile_phone
2025-07-24 01:49:02 UTC,iPhone15ProMax,ios,Celadon City,Kanto,US,2024-08-05 16:25:04 UTC,0.371.0,18.5,mobile_phone
2025-07-24 04:08:38 UTC,iPhone15ProMax,ios,Celadon City,Kanto,US,2024-08-05 16:25:04 UTC,0.371.0,18.5,mobile_phone
2026-01-24 08:58:12 UTC,iPhone15ProMax,ios,Olivine City,Johto,US,2024-08-05 16:25:04 UTC,0.395.0,26.2,mobile_phone
2026-01-24 23:12:23 UTC,iPhone15ProMax,ios,Olivine City,Johto,US,2024-08-05 16:25:04 UTC,0.395.0,26.2,mobile_phone
2026-01-24 03:32:12 UTC,iPhone15ProMax,ios,Olivine City,Johto,US,2024-08-05 16:25:04 UTC,0.395.0,26.2,mobile_phone
2025-01-09 01:58:29 UTC,iPhone15ProMax,ios,Olivine City,Johto,US,2024-08-05 16:25:04 UTC,0.343.1,18.2,mobile_phone
2025-01-09 03:45:34 UTC,iPhone15ProMax,ios,Olivine City,Johto,US,2024-08-05 16:25:04 UTC,0.343.1,18.2,mobile_phone
2025-08-12 23:42:44 UTC,iPhone15ProMax,ios,Pallet Town,Kanto,US,2024-08-05 16:25:04 UTC,0.373.2,18.6,mobile_phone
2026-07-23 22:37:40 UTC,iPhone15ProMax,ios,Olivine City,Johto,US,2024-08-05 16:25:04 UTC,0.417.6,26.5.2,mobile_phone
2022-06-11 19:54:12 UTC,SM-G986U,android,Cerulean City,Kanto,US,2022-06-01 10:44:54 UTC,0.239.2,12,phone
2022-06-11 07:45:19 UTC,SM-G986U,android,Cerulean City,Kanto,US,2022-06-01 10:44:54 UTC,0.239.2,12,phone
2025-01-10 14:24:39 UTC,iPhone15ProMax,ios,Olivine City,Johto,US,2024-08-05 16:25:04 UTC,0.343.2,18.2.1,mobile_phone
2025-01-10 18:40:40 UTC,iPhone15ProMax,ios,Olivine City,Johto,US,2024-08-05 16:25:04 UTC,0.343.2,18.2.1,mobile_phone
2025-03-17 01:23:25 UTC,iPhone15ProMax,ios,Pallet Town,Kanto,US,2024-08-05 16:25:04 UTC,0.351.0,18.3.2,mobile_phone
2025-03-17 17:07:38 UTC,iPhone15ProMax,ios,Olivine City,Johto,US,2024-08-05 16:25:04 UTC,0.351.0,18.3.2,mobile_phone
2025-03-17 18:13:15 UTC,iPhone15ProMax,ios,Olivine City,Johto,US,2024-08-05 16:25:04 UTC,0.351.0,18.3.2,mobile_phone
2025-11-11 02:37:44 UTC,iPhone15ProMax,ios,Goldenrod City,Johto,US,2024-08-05 16:25:04 UTC,0.385.2,26.0.1,mobile_phone
2024-08-30 06:01:48 UTC,iPhone15ProMax,ios,Olivine City,Johto,US,2024-08-05 16:25:04 UTC,0.327.0,17.6.1,mobile_phone
2024-08-30 21:38:32 UTC,iPhone15ProMax,ios,Olivine City,Johto,US,2024-08-05 16:25:04 UTC,0.327.0,17.6.1,mobile_phone
2024-08-30 22:12:31 UTC,iPhone15ProMax,ios,Goldenrod City,Johto,US,2024-08-05 16:25:04 UTC,0.327.0,17.6.1,mobile_phone
2024-08-30 14:19:37 UTC,iPhone15ProMax,ios,Olivine City,Johto,US,2024-08-05 16:25:04 UTC,0.327.0,17.6.1,mobile_phone
2024-10-29 18:44:35 UTC,iPhone15ProMax,ios,Celadon City,Kanto,US,2024-08-05 16:25:04 UTC,0.335.1,18.0.1,mobile_phone
2022-03-23 07:29:11 UTC,SM-G986U,android,Pallet Town,Kanto,US,2022-02-27 06:08:31 UTC,0.231.0,12,phone
2022-03-23 18:31:16 UTC,SM-G986U,android,Pallet Town,Kanto,US,2022-02-27 06:08:31 UTC,0.231.0,12,phone
2026-05-26 03:15:06 UTC,iPhone15ProMax,ios,Olivine City,Johto,US,2024-08-05 16:25:04 UTC,0.411.3,26.4.2,mobile_phone
2026-05-26 02:00:14 UTC,iPhone15ProMax,ios,Olivine City,Johto,US,2024-08-05 16:25:04 UTC,0.411.3,26.4.2,mobile_phone
2025-05-13 23:47:38 UTC,iPhone15ProMax,ios,Cerulean City,Kanto,US,2024-08-05 16:25:04 UTC,0.359.0,18.4.1,mobile_phone
2026-07-21 17:59:16 UTC,iPhone15ProMax,ios,Olivine City,Johto,US,2024-08-05 16:25:04 UTC,0.417.6,26.5.2,mobile_phone
2022-04-11 16:21:02 UTC,SM-G986U,android,Pallet Town,Kanto,US,2022-04-04 05:03:56 UTC,0.233.1,12,phone
2022-04-11 05:06:02 UTC,SM-G986U,android,Pallet Town,Kanto,US,2022-04-04 05:03:56 UTC,0.233.1,12,phone
2025-05-15 01:46:02 UTC,iPhone15ProMax,ios,Cerulean City,Kanto,US,2024-08-05 16:25:04 UTC,0.361.0,18.4.1,mobile_phone
2025-05-15 14:45:40 UTC,iPhone15ProMax,ios,Cerulean City,Kanto,US,2024-08-05 16:25:04 UTC,0.361.0,18.4.1,mobile_phone
2025-07-12 20:00:52 UTC,iPhone15ProMax,ios,Olivine City,Johto,US,2024-08-05 16:25:04 UTC,0.369.0,18.5,mobile_phone
2025-07-12 02:21:12 UTC,iPhone15ProMax,ios,Cerulean City,Kanto,US,2024-08-05 16:25:04 UTC,0.369.0,18.5,mobile_phone
2025-07-12 02:10:36 UTC,iPhone15ProMax,ios,Cerulean City,Kanto,US,2024-08-05 16:25:04 UTC,0.369.0,18.5,mobile_phone
2025-07-12 22:02:28 UTC,iPhone15ProMax,ios,Cerulean City,Kanto,US,2024-08-05 16:25:04 UTC,0.369.0,18.5,mobile_phone
2026-03-08 16:42:54 UTC,iPhone15ProMax,ios,Olivine City,Johto,US,2024-08-05 16:25:04 UTC,0.401.0,26.3.1,mobile_phone
2026-03-08 21:53:19 UTC,iPhone15ProMax,ios,Olivine City,Johto,US,2024-08-05 16:25:04 UTC,0.401.0,26.3.1,mobile_phone
2026-03-08 04:03:02 UTC,iPhone15ProMax,ios,Celadon City,Kanto,US,2024-08-05 16:25:04 UTC,0.401.0,26.3.1,mobile_phone
2026-03-08 18:35:33 UTC,iPhone15ProMax,ios,Olivine City,Johto,US,2024-08-05 16:25:04 UTC,0.401.0,26.3.1,mobile_phone
2024-06-27 03:15:55 UTC,iPhone15ProMax,ios,Viridian City,Kanto,US,2023-12-26 17:08:09 UTC,0.319.0,17.5.1,mobile_phone
2024-06-27 01:39:42 UTC,iPhone15ProMax,ios,New Bark Town,Johto,US,2023-12-26 17:08:09 UTC,0.319.0,17.5.1,mobile_phone
2024-06-27 01:50:36 UTC,iPhone15ProMax,ios,New Bark Town,Johto,US,2023-12-26 17:08:09 UTC,0.319.0,17.5.1,mobile_phone
2024-12-21 22:00:24 UTC,iPhone15ProMax,ios,Olivine City,Johto,US,2024-08-05 16:25:04 UTC,0.343.0,18.2,mobile_phone
2024-12-21 22:25:54 UTC,iPhone15ProMax,ios,Viridian City,Kanto,US,2024-08-05 16:25:04 UTC,0.343.0,18.2,mobile_phone
2024-08-25 18:58:33 UTC,iPhone15ProMax,ios,Olivine City,Johto,US,2024-08-05 16:25:04 UTC,0.327.0,17.6.1,mobile_phone
2024-08-25 19:19:51 UTC,iPhone15ProMax,ios,Olivine City,Johto,US,2024-08-05 16:25:04 UTC,0.327.0,17.6.1,mobile_phone
2024-08-25 08:06:52 UTC,iPhone15ProMax,ios,Olivine City,Johto,US,2024-08-05 16:25:04 UTC,0.327.0,17.6.1,mobile_phone
2024-08-25 20:29:47 UTC,iPhone15ProMax,ios,Olivine City,Johto,US,2024-08-05 16:25:04 UTC,0.327.0,17.6.1,mobile_phone
2025-11-13 14:28:09 UTC,iPhone15ProMax,ios,Celadon City,Kanto,US,2024-08-05 16:25:04 UTC,0.385.2,26.0.1,mobile_phone
2022-04-22 15:14:41 UTC,SM-G986U,android,Pallet Town,Kanto,US,2022-04-21 18:52:51 UTC,0.235.0,12,phone
2022-04-22 14:16:23 UTC,SM-G986U,android,Pallet Town,Kanto,US,2022-04-21 18:52:51 UTC,0.235.0,12,phone
2022-04-22 19:42:18 UTC,SM-G986U,android,Pallet Town,Kanto,US,2022-04-21 18:52:51 UTC,0.235.0,12,phone
2022-04-22 23:53:24 UTC,SM-G986U,android,Pallet Town,Kanto,US,2022-04-21 18:52:51 UTC,0.235.0,12,phone
2025-02-28 05:13:16 UTC,iPhone15ProMax,ios,Olivine City,Johto,US,2024-08-05 16:25:04 UTC,0.349.1,18.3.1,mobile_phone
2025-02-28 00:01:45 UTC,iPhone15ProMax,ios,Olivine City,Johto,US,2024-08-05 16:25:04 UTC,0.349.1,18.3.1,mobile_phone
2025-02-28 04:56:09 UTC,iPhone15ProMax,ios,Olivine City,Johto,US,2024-08-05 16:25:04 UTC,0.349.1,18.3.1,mobile_phone
2025-02-28 04:31:26 UTC,iPhone15ProMax,ios,Olivine City,Johto,US,2024-08-05 16:25:04 UTC,0.349.1,18.3.1,mobile_phone
2025-02-28 00:14:05 UTC,iPhone15ProMax,ios,Pallet Town,Kanto,US,2024-08-05 16:25:04 UTC,0.349.1,18.3.1,mobile_phone
2026-04-01 23:10:17 UTC,iPhone15ProMax,ios,Celadon City,Kanto,US,2024-08-05 16:25:04 UTC,0.403.1,26.3.1,mobile_phone
2022-07-09 01:22:48 UTC,SM-G986U,android,Cerulean City,Kanto,US,2022-07-02 20:03:18 UTC,0.241.1,12,phone
2025-12-22 00:44:06 UTC,iPhone15ProMax,ios,Pallet Town,Kanto,US,2024-08-05 16:25:04 UTC,0.391.1,26.1,mobile_phone
2025-12-22 02:34:35 UTC,iPhone15ProMax,ios,Olivine City,Johto,US,2024-08-05 16:25:04 UTC,0.391.1,26.1,mobile_phone
2025-12-22 03:53:37 UTC,iPhone15ProMax,ios,Pallet Town,Kanto,US,2024-08-05 16:25:04 UTC,0.391.1,26.1,mobile_phone
2026-02-11 17:27:07 UTC,iPhone15ProMax,ios,Viridian City,Kanto,US,2024-08-05 16:25:04 UTC,0.397.0,26.2.1,mobile_phone
2026-02-11 04:52:29 UTC,iPhone15ProMax,ios,Celadon City,Kanto,US,2024-08-05 16:25:04 UTC,0.397.0,26.2.1,mobile_phone
2025-12-14 03:04:29 UTC,iPhone15ProMax,ios,Cerulean City,Kanto,US,2024-08-05 16:25:04 UTC,0.389.2,26.1,mobile_phone
2025-12-14 23:03:15 UTC,iPhone15ProMax,ios,Cerulean City,Kanto,US,2024-08-05 16:25:04 UTC,0.389.2,26.1,mobile_phone
2025-12-14 00:27:09 UTC,iPhone15ProMax,ios,Cerulean City,Kanto,US,2024-08-05 16:25:04 UTC,0.389.2,26.1,mobile_phone
2022-07-17 23:04:53 UTC,SM-G986U,android,Cerulean City,Kanto,US,2022-07-02 20:03:18 UTC,0.241.1,12,phone
2022-04-01 21:01:46 UTC,SM-G986U,android,Pallet Town,Kanto,US,2022-03-25 07:16:03 UTC,0.233.0,12,phone
2022-04-01 19:37:59 UTC,SM-G986U,android,Pallet Town,Kanto,US,2022-03-25 07:16:03 UTC,0.233.0,12,phone
2026-01-07 00:33:35 UTC,iPhone15ProMax,ios,New Bark Town,Johto,US,2024-08-05 16:25:04 UTC,0.391.1,26.1,mobile_phone
2026-01-07 14:30:53 UTC,iPhone15ProMax,ios,Olivine City,Johto,US,2024-08-05 16:25:04 UTC,0.391.1,26.2,mobile_phone
2025-04-25 01:38:44 UTC,iPhone15ProMax,ios,Pallet Town,Kanto,US,2024-08-05 16:25:04 UTC,0.357.2,18.4.1,mobile_phone
2025-04-25 01:12:00 UTC,iPhone15ProMax,ios,Pallet Town,Kanto,US,2024-08-05 16:25:04 UTC,0.357.2,18.4.1,mobile_phone
2022-04-16 02:02:16 UTC,SM-G986U,android,Pallet Town,Kanto,US,2022-04-04 05:03:56 UTC,0.233.1,12,phone
2022-07-22 22:18:09 UTC,Pixel 4a,android,Cerulean City,Kanto,US,2021-07-01 16:46:46 UTC,0.243.0,12,phone
2025-11-20 20:39:36 UTC,iPhone15ProMax,ios,Ecruteak City,Johto,US,2024-08-05 16:25:04 UTC,0.387.0,26.1,mobile_phone
2026-04-04 19:01:39 UTC,iPhone15ProMax,ios,Celadon City,Kanto,US,2024-08-05 16:25:04 UTC,0.405.0,26.3.1,mobile_phone
2026-04-04 18:35:17 UTC,iPhone15ProMax,ios,Celadon City,Kanto,US,2024-08-05 16:25:04 UTC,0.405.0,26.3.1,mobile_phone
2026-08-05 03:50:06 UTC,iPhone15ProMax,ios,Olivine City,Johto,US,2024-08-05 16:25:04 UTC,0.421.1,26.5.2,mobile_phone
2026-02-07 19:31:36 UTC,iPhone15ProMax,ios,Olivine City,Johto,US,2024-08-05 16:25:04 UTC,0.397.0,26.2.1,mobile_phone
2026-02-07 22:53:35 UTC,iPhone15ProMax,ios,Goldenrod City,Johto,US,2024-08-05 16:25:04 UTC,0.397.0,26.2.1,mobile_phone
2026-02-07 17:08:12 UTC,iPhone15ProMax,ios,Olivine City,Johto,US,2024-08-05 16:25:04 UTC,0.397.0,26.2.1,mobile_phone
2022-04-23 00:56:21 UTC,SM-G986U,android,Pallet Town,Kanto,US,2022-04-21 18:52:51 UTC,0.235.0,12,phone
2022-04-23 06:29:00 UTC,SM-G986U,android,Pallet Town,Kanto,US,2022-04-21 18:52:51 UTC,0.235.0,12,phone
2022-04-23 07:00:44 UTC,SM-G986U,android,Pallet Town,Kanto,US,2022-04-21 18:52:51 UTC,0.235.0,12,phone
2022-04-23 21:17:35 UTC,SM-G986U,android,Pallet Town,Kanto,US,2022-04-21 18:52:51 UTC,0.235.0,12,phone
2026-06-04 03:55:02 UTC,iPhone12,ios,Olivine City,Johto,US,2025-10-08 02:02:25 UTC,0.413.1,26.4.2,mobile_phone
2024-02-28 00:04:56 UTC,iPhone15ProMax,ios,Olivine City,Johto,US,2023-12-26 17:08:09 UTC,0.299.1,17.3.1,phone
2024-02-28 04:19:25 UTC,iPhone15ProMax,ios,Celadon City,Kanto,US,2023-12-26 17:08:09 UTC,0.301.0,17.3.1,phone
2024-02-28 05:55:16 UTC,iPhone15ProMax,ios,Olivine City,Johto,US,2023-12-26 17:08:09 UTC,0.301.0,17.3.1,phone
2024-02-28 06:08:06 UTC,iPhone15ProMax,ios,Olivine City,Johto,US,2023-12-26 17:08:09 UTC,0.301.0,17.3.1,phone
2024-02-28 07:36:45 UTC,iPhone15ProMax,ios,Olivine City,Johto,US,2023-12-26 17:08:09 UTC,0.301.0,17.3.1,phone
2024-06-17 18:13:03 UTC,iPhone15ProMax,ios,Olivine City,Johto,US,2023-12-26 17:08:09 UTC,0.317.0,17.5.1,unknown_device_category
2024-06-17 20:10:41 UTC,iPhone15ProMax,ios,Olivine City,Johto,US,2023-12-26 17:08:09 UTC,0.317.0,17.5.1,unknown_device_category
2024-06-17 16:29:46 UTC,iPhone15ProMax,ios,Olivine City,Johto,US,2023-12-26 17:08:09 UTC,0.317.0,17.5.1,unknown_device_category
2024-06-17 16:18:39 UTC,iPhone15ProMax,ios,Olivine City,Johto,US,2023-12-26 17:08:09 UTC,0.317.0,17.5.1,unknown_device_category
2024-02-11 16:30:03 UTC,iPhone15ProMax,ios,Olivine City,Johto,US,2023-12-26 17:08:09 UTC,0.299.1,17.3.1,phone
2024-02-11 19:50:22 UTC,iPhone15ProMax,ios,Pallet Town,Kanto,US,2023-12-26 17:08:09 UTC,0.299.1,17.3.1,phone
2024-05-11 23:38:58 UTC,iPhone15ProMax,ios,Olivine City,Johto,US,2023-12-26 17:08:09 UTC,0.311.3,17.4.1,phone
2025-07-28 03:55:46 UTC,iPhone15ProMax,ios,Olivine City,Johto,US,2024-08-05 16:25:04 UTC,0.371.0,18.5,mobile_phone
2025-07-28 04:23:19 UTC,iPhone15ProMax,ios,Olivine City,Johto,US,2024-08-05 16:25:04 UTC,0.371.0,18.5,mobile_phone
2024-05-06 21:00:52 UTC,iPhone15ProMax,ios,Viridian City,Kanto,US,2023-12-26 17:08:09 UTC,0.311.1,17.4.1,phone
2024-05-06 15:14:29 UTC,iPhone15ProMax,ios,Viridian City,Kanto,US,2023-12-26 17:08:09 UTC,0.311.1,17.4.1,phone
2026-02-15 22:28:24 UTC,iPhone15ProMax,ios,Celadon City,Kanto,US,2024-08-05 16:25:04 UTC,0.397.1,26.2.1,mobile_phone
2026-02-15 16:50:24 UTC,iPhone15ProMax,ios,Celadon City,Kanto,US,2024-08-05 16:25:04 UTC,0.397.1,26.2.1,mobile_phone
2026-02-15 22:50:50 UTC,iPhone15ProMax,ios,Celadon City,Kanto,US,2024-08-05 16:25:04 UTC,0.397.1,26.2.1,mobile_phone
2024-10-19 06:54:13 UTC,iPhone15ProMax,ios,Olivine City,Johto,US,2024-08-05 16:25:04 UTC,0.335.0,18.0.1,mobile_phone
2024-10-19 23:32:06 UTC,iPhone15ProMax,ios,Olivine City,Johto,US,2024-08-05 16:25:04 UTC,0.335.0,18.0.1,mobile_phone
2024-06-05 18:43:43 UTC,iPhone15ProMax,ios,Olivine City,Johto,US,2023-12-26 17:08:09 UTC,0.315.1,17.5.1,phone
2024-06-05 01:37:27 UTC,iPhone15ProMax,ios,Olivine City,Johto,US,2023-12-26 17:08:09 UTC,0.315.1,17.5.1,phone
2025-08-18 03:18:33 UTC,iPhone15ProMax,ios,Olivine City,Johto,US,2024-08-05 16:25:04 UTC,0.373.2,18.6.1,mobile_phone
2025-08-18 16:59:48 UTC,iPhone15ProMax,ios,Olivine City,Johto,US,2024-08-05 16:25:04 UTC,0.373.2,18.6.1,mobile_phone
2025-08-18 21:14:29 UTC,iPhone15ProMax,ios,Pallet Town,Kanto,US,2024-08-05 16:25:04 UTC,0.373.2,18.6.1,mobile_phone
2025-08-18 16:22:56 UTC,iPhone15ProMax,ios,Olivine City,Johto,US,2024-08-05 16:25:04 UTC,0.373.2,18.6.1,mobile_phone
2025-08-18 01:18:34 UTC,iPhone15ProMax,ios,Olivine City,Johto,US,2024-08-05 16:25:04 UTC,0.373.2,18.6.1,mobile_phone
2024-07-31 22:38:24 UTC,iPhone15ProMax,ios,Olivine City,Johto,US,2023-12-26 17:08:09 UTC,0.323.1,17.5.1,mobile_phone
2024-07-31 17:40:02 UTC,iPhone15ProMax,ios,Olivine City,Johto,US,2023-12-26 17:08:09 UTC,0.323.1,17.5.1,mobile_phone
2024-07-31 09:00:23 UTC,iPhone15ProMax,ios,Olivine City,Johto,US,2023-12-26 17:08:09 UTC,0.323.1,17.5.1,mobile_phone
2025-09-05 01:31:09 UTC,iPhone15ProMax,ios,Olivine City,Johto,US,2024-08-05 16:25:04 UTC,0.375.2,18.6.2,mobile_phone
2026-01-14 23:55:48 UTC,iPhone15ProMax,ios,Ecruteak City,Johto,US,2024-08-05 16:25:04 UTC,0.393.0,26.2,mobile_phone
2024-08-06 21:27:20 UTC,iPhone15ProMax,ios,Olivine City,Johto,US,2024-08-05 16:25:04 UTC,0.325.0,17.5.1,mobile_phone
2024-08-06 03:20:27 UTC,iPhone15ProMax,ios,Olivine City,Johto,US,2024-08-05 16:25:04 UTC,0.323.1,17.5.1,mobile_phone
2024-08-06 03:35:35 UTC,iPhone15ProMax,ios,Olivine City,Johto,US,2024-08-05 16:25:04 UTC,0.323.1,17.5.1,mobile_phone
2026-07-03 20:19:38 UTC,iPhone15ProMax,ios,Cerulean City,Kanto,US,2024-08-05 16:25:04 UTC,0.417.1,26.5,mobile_phone
2026-07-03 07:38:27 UTC,iPhone15ProMax,ios,Olivine City,Johto,US,2024-08-05 16:25:04 UTC,0.417.1,26.5,mobile_phone
2026-03-09 23:10:20 UTC,iPhone15ProMax,ios,Ecruteak City,Johto,US,2024-08-05 16:25:04 UTC,0.401.0,26.3.1,mobile_phone
2026-03-09 01:00:25 UTC,iPhone15ProMax,ios,Celadon City,Kanto,US,2024-08-05 16:25:04 UTC,0.401.0,26.3.1,mobile_phone
2024-08-14 20:26:28 UTC,iPhone15ProMax,ios,Olivine City,Johto,US,2024-08-05 16:25:04 UTC,0.325.2,17.6.1,mobile_phone
2024-08-14 14:38:26 UTC,iPhone15ProMax,ios,Olivine City,Johto,US,2024-08-05 16:25:04 UTC,0.325.2,17.6.1,mobile_phone
2024-08-14 22:14:54 UTC,iPhone15ProMax,ios,Celadon City,Kanto,US,2024-08-05 16:25:04 UTC,0.325.2,17.6.1,mobile_phone
2025-07-16 14:53:37 UTC,iPhone15ProMax,ios,Cerulean City,Kanto,US,2024-08-05 16:25:04 UTC,0.369.1,18.5,mobile_phone
2025-07-16 14:18:27 UTC,iPhone15ProMax,ios,Cerulean City,Kanto,US,2024-08-05 16:25:04 UTC,0.369.0,18.5,mobile_phone
2022-03-03 03:08:23 UTC,SM-G986U,android,Pallet Town,Kanto,US,2022-02-27 06:08:31 UTC,0.229.2,12,phone
2022-03-03 07:16:52 UTC,SM-G986U,android,Pallet Town,Kanto,US,2022-02-27 06:08:31 UTC,0.229.2,12,phone
2022-03-03 21:19:46 UTC,SM-G986U,android,Pallet Town,Kanto,US,2022-02-27 06:08:31 UTC,0.229.2,12,phone
2022-03-03 16:06:18 UTC,SM-G986U,android,Pallet Town,Kanto,US,2022-02-27 06:08:31 UTC,0.229.2,12,phone
2022-09-03 03:26:33 UTC,SM-G986U,android,Olivine City,Johto,US,2022-07-02 20:03:18 UTC,0.245.2,12,phone
2025-02-22 03:08:32 UTC,iPhone15ProMax,ios,Cerulean City,Kanto,US,2024-08-05 16:25:04 UTC,0.349.0,18.3.1,mobile_phone
2025-02-22 18:24:08 UTC,iPhone15ProMax,ios,Pallet Town,Kanto,US,2024-08-05 16:25:04 UTC,0.349.0,18.3.1,mobile_phone
2025-02-22 21:21:38 UTC,iPhone15ProMax,ios,Olivine City,Johto,US,2024-08-05 16:25:04 UTC,0.349.0,18.3.1,mobile_phone
2025-09-25 01:26:13 UTC,iPhone15ProMax,ios,Pallet Town,Kanto,US,2024-08-05 16:25:04 UTC,0.377.1,26.0,mobile_phone
2025-03-08 17:57:09 UTC,iPhone15ProMax,ios,Olivine City,Johto,US,2024-08-05 16:25:04 UTC,0.351.0,18.3.1,mobile_phone
2025-03-08 23:18:40 UTC,iPhone15ProMax,ios,Olivine City,Johto,US,2024-08-05 16:25:04 UTC,0.351.0,18.3.1,mobile_phone
2025-03-08 22:13:58 UTC,iPhone15ProMax,ios,Olivine City,Johto,US,2024-08-05 16:25:04 UTC,0.351.0,18.3.1,mobile_phone
2022-04-28 12:47:41 UTC,SM-G986U,android,Pallet Town,Kanto,US,2022-04-21 18:52:51 UTC,0.235.0,12,phone
2022-04-28 01:38:57 UTC,SM-G986U,android,Pallet Town,Kanto,US,2022-04-21 18:52:51 UTC,0.235.0,12,phone
2022-04-28 03:36:40 UTC,SM-G986U,android,Viridian City,Kanto,US,2022-04-21 18:52:51 UTC,0.235.0,12,phone
2022-03-17 05:22:55 UTC,SM-G986U,android,Pallet Town,Kanto,US,2022-02-27 06:08:31 UTC,0.231.0,12,phone
2022-03-17 14:16:51 UTC,SM-G986U,android,Pallet Town,Kanto,US,2022-02-27 06:08:31 UTC,0.231.0,12,phone
2025-04-10 01:19:28 UTC,iPhone15ProMax,ios,Olivine City,Johto,US,2024-08-05 16:25:04 UTC,0.355.0,18.4,mobile_phone
2026-07-12 17:13:21 UTC,iPhone15ProMax,ios,Viridian City,Kanto,US,2024-08-05 16:25:04 UTC,0.417.2,26.5.2,mobile_phone
2026-07-12 16:32:26 UTC,iPhone15ProMax,ios,Viridian City,Kanto,US,2024-08-05 16:25:04 UTC,0.417.2,26.5.2,mobile_phone
2026-07-12 22:59:30 UTC,iPhone15ProMax,ios,Viridian City,Kanto,US,2024-08-05 16:25:04 UTC,0.417.2,26.5.2,mobile_phone
2026-07-12 22:18:58 UTC,iPhone15ProMax,ios,Viridian City,Kanto,US,2024-08-05 16:25:04 UTC,0.417.2,26.5.2,mobile_phone
2026-07-12 19:07:33 UTC,iPhone15ProMax,ios,Viridian City,Kanto,US,2024-08-05 16:25:04 UTC,0.417.2,26.5.2,mobile_phone
2026-07-12 01:02:50 UTC,iPhone15ProMax,ios,Olivine City,Johto,US,2024-08-05 16:25:04 UTC,0.417.2,26.5,mobile_phone
2025-09-10 15:56:40 UTC,iPhone15ProMax,ios,Ecruteak City,Johto,US,2024-08-05 16:25:04 UTC,0.377.1,18.6.2,mobile_phone
2025-09-10 15:02:38 UTC,iPhone15ProMax,ios,Ecruteak City,Johto,US,2024-08-05 16:25:04 UTC,0.377.1,18.6.2,mobile_phone
2024-04-18 01:28:24 UTC,iPhone15ProMax,ios,Goldenrod City,Johto,US,2023-12-26 17:08:09 UTC,0.309.0,17.4.1,phone
2024-04-21 04:24:21 UTC,iPhone15ProMax,ios,Viridian City,Kanto,US,2023-12-26 17:08:09 UTC,0.309.1,17.4.1,phone
2022-06-23 19:15:30 UTC,SM-G986U,android,Cerulean City,Kanto,US,2022-06-01 10:44:54 UTC,0.239.2,12,phone
2022-09-06 22:20:18 UTC,SM-G986U,android,Olivine City,Johto,US,2022-07-02 20:03:18 UTC,0.247.1,12,phone
2024-03-12 22:19:17 UTC,iPhone15ProMax,ios,New Bark Town,Johto,US,2023-12-26 17:08:09 UTC,0.303.2,17.3.1,phone
2024-03-12 05:11:45 UTC,iPhone15ProMax,ios,Viridian City,Kanto,US,2023-12-26 17:08:09 UTC,0.303.0,17.3.1,phone
2023-11-21 18:04:05 UTC,Pixel 4a,android,Olivine City,Johto,US,2023-01-04 22:41:42 UTC,0.291.0,13,phone
2023-01-04 22:50:57 UTC,Pixel 4a,android,Olivine City,Johto,US,2023-01-04 22:42:41 UTC,0.257.0,12,phone
2025-05-27 08:02:31 UTC,iPhone15ProMax,ios,Olivine City,Johto,US,2024-08-05 16:25:04 UTC,0.361.0,18.5,mobile_phone
2024-06-09 05:39:10 UTC,iPhone15ProMax,ios,Olivine City,Johto,US,2023-12-26 17:08:09 UTC,0.315.2,17.5.1,phone
2024-06-09 07:48:29 UTC,iPhone15ProMax,ios,Olivine City,Johto,US,2023-12-26 17:08:09 UTC,0.315.2,17.5.1,phone
2024-06-09 09:10:30 UTC,iPhone15ProMax,ios,Olivine City,Johto,US,2023-12-26 17:08:09 UTC,0.315.2,17.5.1,phone
2024-06-09 02:06:20 UTC,iPhone15ProMax,ios,Olivine City,Johto,US,2023-12-26 17:08:09 UTC,0.315.2,17.5.1,phone
2026-03-23 03:02:10 UTC,iPhone15ProMax,ios,Celadon City,Kanto,US,2024-08-05 16:25:04 UTC,0.403.1,26.3.1,mobile_phone
2024-10-03 21:19:42 UTC,iPhone15ProMax,ios,New Bark Town,Johto,US,2024-08-05 16:25:04 UTC,0.333.0,18.0,mobile_phone
2024-10-03 01:20:56 UTC,iPhone15ProMax,ios,Goldenrod City,Johto,US,2024-08-05 16:25:04 UTC,0.333.0,18.0,mobile_phone
2024-10-03 01:08:53 UTC,iPhone15ProMax,ios,Goldenrod City,Johto,US,2024-08-05 16:25:04 UTC,0.333.0,18.0,mobile_phone
2026-05-12 02:59:28 UTC,iPhone15ProMax,ios,Goldenrod City,Johto,US,2024-08-05 16:25:04 UTC,0.409.0,26.4.2,mobile_phone
2025-11-15 07:42:41 UTC,iPhone15ProMax,ios,Olivine City,Johto,US,2024-08-05 16:25:04 UTC,0.385.2,26.0.1,mobile_phone
2025-11-15 18:55:00 UTC,iPhone15ProMax,ios,Olivine City,Johto,US,2024-08-05 16:25:04 UTC,0.385.2,26.0.1,mobile_phone
2025-11-15 22:05:05 UTC,iPhone15ProMax,ios,Olivine City,Johto,US,2024-08-05 16:25:04 UTC,0.385.2,26.0.1,mobile_phone
2025-11-15 00:32:51 UTC,iPhone15ProMax,ios,Olivine City,Johto,US,2024-08-05 16:25:04 UTC,0.385.2,26.0.1,mobile_phone
2025-11-15 19:43:48 UTC,iPhone15ProMax,ios,Olivine City,Johto,US,2024-08-05 16:25:04 UTC,0.385.2,26.0.1,mobile_phone
2025-11-15 06:21:11 UTC,iPhone15ProMax,ios,Olivine City,Johto,US,2024-08-05 16:25:04 UTC,0.385.2,26.0.1,mobile_phone
2025-11-15 06:50:10 UTC,iPhone12,ios,Olivine City,Johto,US,2025-10-08 02:02:25 UTC,0.385.2,26.0.1,mobile_phone
2025-03-10 15:27:03 UTC,iPhone15ProMax,ios,Olivine City,Johto,US,2024-08-05 16:25:04 UTC,0.351.0,18.3.1,mobile_phone
2025-03-10 06:18:27 UTC,iPhone15ProMax,ios,Olivine City,Johto,US,2024-08-05 16:25:04 UTC,0.351.0,18.3.1,mobile_phone
2024-08-04 02:13:50 UTC,iPhone15ProMax,ios,Goldenrod City,Johto,US,2023-12-26 17:08:09 UTC,0.323.1,17.5.1,mobile_phone
2024-08-04 02:53:16 UTC,iPhone15ProMax,ios,Olivine City,Johto,US,2023-12-26 17:08:09 UTC,0.323.1,17.5.1,mobile_phone
2024-08-04 06:32:46 UTC,Pixel 8,android,Viridian City,Kanto,US,2024-08-04 05:09:33 UTC,0.325.0,14,mobile_phone
2024-06-02 00:11:04 UTC,iPhone15ProMax,ios,Olivine City,Johto,US,2023-12-26 17:08:09 UTC,0.315.1,17.5.1,phone
2024-06-02 01:27:07 UTC,iPhone15ProMax,ios,Olivine City,Johto,US,2023-12-26 17:08:09 UTC,0.315.1,17.5.1,phone
2024-06-02 08:11:11 UTC,iPhone15ProMax,ios,Olivine City,Johto,US,2023-12-26 17:08:09 UTC,0.315.1,17.5.1,phone
2024-06-02 00:56:16 UTC,iPhone15ProMax,ios,Olivine City,Johto,US,2023-12-26 17:08:09 UTC,0.315.1,17.5.1,phone
2024-06-02 02:19:46 UTC,iPhone15ProMax,ios,Olivine City,Johto,US,2023-12-26 17:08:09 UTC,0.315.1,17.5.1,phone
2022-04-17 06:13:33 UTC,SM-G986U,android,Pallet Town,Kanto,US,2022-04-04 05:03:56 UTC,0.235.0,12,phone
2022-04-17 14:34:39 UTC,SM-G986U,android,Pallet Town,Kanto,US,2022-04-04 05:03:56 UTC,0.235.0,12,phone
2022-04-17 04:15:20 UTC,SM-G986U,android,Pallet Town,Kanto,US,2022-04-04 05:03:56 UTC,0.235.0,12,phone
2022-04-27 22:25:10 UTC,SM-G986U,android,Pallet Town,Kanto,US,2022-04-21 18:52:51 UTC,0.235.0,12,phone
2022-04-27 20:55:42 UTC,SM-G986U,android,Pallet Town,Kanto,US,2022-04-21 18:52:51 UTC,0.235.0,12,phone
2022-09-19 05:51:08 UTC,SM-G986U,android,Olivine City,Johto,US,2022-07-02 20:03:18 UTC,0.247.1,12,phone
2024-07-20 03:39:41 UTC,iPhone15ProMax,ios,Olivine City,Johto,US,2023-12-26 17:08:09 UTC,0.321.0,17.5.1,mobile_phone
2024-07-20 21:42:22 UTC,iPhone15ProMax,ios,Olivine City,Johto,US,2023-12-26 17:08:09 UTC,0.321.0,17.5.1,mobile_phone
2024-07-20 04:55:13 UTC,iPhone15ProMax,ios,Cerulean City,Kanto,US,2023-12-26 17:08:09 UTC,0.321.0,17.5.1,mobile_phone
2024-07-20 04:18:52 UTC,iPhone15ProMax,ios,Cerulean City,Kanto,US,2023-12-26 17:08:09 UTC,0.321.0,17.5.1,mobile_phone
2024-05-24 17:41:01 UTC,iPhone15ProMax,ios,Olivine City,Johto,US,2023-12-26 17:08:09 UTC,0.313.1,17.5.1,phone
2024-05-24 02:14:36 UTC,iPhone15ProMax,ios,Olivine City,Johto,US,2023-12-26 17:08:09 UTC,0.313.1,17.5.1,phone
2025-09-14 19:37:34 UTC,iPhone15ProMax,ios,Goldenrod City,Johto,US,2024-08-05 16:25:04 UTC,0.377.1,18.6.2,mobile_phone
2025-09-14 15:55:59 UTC,iPhone15ProMax,ios,Olivine City,Johto,US,2024-08-05 16:25:04 UTC,0.377.1,18.6.2,mobile_phone
2026-02-14 03:08:05 UTC,iPhone15ProMax,ios,Olivine City,Johto,US,2024-08-05 16:25:04 UTC,0.397.1,26.2.1,mobile_phone
2026-02-14 21:09:57 UTC,iPhone15ProMax,ios,Celadon City,Kanto,US,2024-08-05 16:25:04 UTC,0.397.1,26.2.1,mobile_phone
2026-02-14 03:49:57 UTC,iPhone15ProMax,ios,Celadon City,Kanto,US,2024-08-05 16:25:04 UTC,0.397.1,26.2.1,mobile_phone
2026-03-29 02:58:32 UTC,iPhone15ProMax,ios,Olivine City,Johto,US,2024-08-05 16:25:04 UTC,0.403.1,26.3.1,mobile_phone
2026-01-05 15:44:58 UTC,iPhone15ProMax,ios,New Bark Town,Johto,US,2024-08-05 16:25:04 UTC,0.391.1,26.1,mobile_phone
2025-04-13 21:53:21 UTC,iPhone15ProMax,ios,Olivine City,Johto,US,2024-08-05 16:25:04 UTC,0.355.0,18.4,mobile_phone
2025-04-13 22:40:47 UTC,iPhone15ProMax,ios,Olivine City,Johto,US,2024-08-05 16:25:04 UTC,0.355.0,18.4,mobile_phone
2026-06-03 15:02:55 UTC,iPhone15ProMax,ios,Viridian City,Kanto,US,2024-08-05 16:25:04 UTC,0.413.1,26.5,mobile_phone
2024-07-16 03:48:05 UTC,iPhone15ProMax,ios,Cerulean City,Kanto,US,2023-12-26 17:08:09 UTC,0.319.0,17.5.1,mobile_phone
2024-07-16 07:16:39 UTC,iPhone15ProMax,ios,Olivine City,Johto,US,2023-12-26 17:08:09 UTC,0.319.0,17.5.1,mobile_phone
2025-08-17 23:29:55 UTC,iPhone15ProMax,ios,Olivine City,Johto,US,2024-08-05 16:25:04 UTC,0.373.2,18.6,mobile_phone
2025-08-17 19:42:04 UTC,iPhone15ProMax,ios,Olivine City,Johto,US,2024-08-05 16:25:04 UTC,0.373.2,18.6,mobile_phone
2025-08-17 05:36:05 UTC,iPhone15ProMax,ios,Olivine City,Johto,US,2024-08-05 16:25:04 UTC,0.373.2,18.6,mobile_phone
2025-08-17 02:09:20 UTC,iPhone15ProMax,ios,Pallet Town,Kanto,US,2024-08-05 16:25:04 UTC,0.373.2,18.6,mobile_phone
2025-08-17 16:53:08 UTC,iPhone15ProMax,ios,Olivine City,Johto,US,2024-08-05 16:25:04 UTC,0.373.2,18.6,mobile_phone
2025-05-12 16:19:48 UTC,iPhone15ProMax,ios,Cerulean City,Kanto,US,2024-08-05 16:25:04 UTC,0.359.0,18.4.1,mobile_phone
2025-05-12 18:32:00 UTC,iPhone15ProMax,ios,Olivine City,Johto,US,2024-08-05 16:25:04 UTC,0.359.0,18.4.1,mobile_phone
2024-11-29 02:13:26 UTC,iPhone15ProMax,ios,Ecruteak City,Johto,US,2024-08-05 16:25:04 UTC,0.341.0,18.1.1,mobile_phone
2024-11-29 19:54:11 UTC,iPhone15ProMax,ios,Cerulean City,Kanto,US,2024-08-05 16:25:04 UTC,0.341.0,18.1.1,mobile_phone
2024-11-29 20:13:12 UTC,iPhone15ProMax,ios,Cerulean City,Kanto,US,2024-08-05 16:25:04 UTC,0.341.0,18.1.1,mobile_phone
2026-03-25 05:15:34 UTC,iPhone15ProMax,ios,Olivine City,Johto,US,2024-08-05 16:25:04 UTC,0.403.1,26.3.1,mobile_phone
2025-12-11 20:36:21 UTC,iPhone15ProMax,ios,Goldenrod City,Johto,US,2024-08-05 16:25:04 UTC,0.389.2,26.1,mobile_phone
2026-06-17 04:17:14 UTC,iPhone15ProMax,ios,Olivine City,Johto,US,2024-08-05 16:25:04 UTC,0.415.2,26.5,mobile_phone
2025-04-06 00:28:00 UTC,iPhone15ProMax,ios,Olivine City,Johto,US,2024-08-05 16:25:04 UTC,0.355.0,18.4,mobile_phone
2025-04-06 19:00:20 UTC,iPhone15ProMax,ios,Pallet Town,Kanto,US,2024-08-05 16:25:04 UTC,0.355.0,18.4,mobile_phone
2026-02-12 23:39:27 UTC,iPhone15ProMax,ios,Olivine City,Johto,US,2024-08-05 16:25:04 UTC,0.397.1,26.2.1,mobile_phone
2024-11-28 01:22:07 UTC,iPhone15ProMax,ios,Ecruteak City,Johto,US,2024-08-05 16:25:04 UTC,0.339.1,18.1.1,mobile_phone
2024-11-28 20:02:33 UTC,iPhone15ProMax,ios,Ecruteak City,Johto,US,2024-08-05 16:25:04 UTC,0.341.0,18.1.1,mobile_phone
2024-11-28 23:54:08 UTC,iPhone15ProMax,ios,Ecruteak City,Johto,US,2024-08-05 16:25:04 UTC,0.341.0,18.1.1,mobile_phone
2022-04-12 16:38:15 UTC,SM-G986U,android,Pallet Town,Kanto,US,2022-04-04 05:03:56 UTC,0.233.1,12,phone
2022-04-12 22:01:06 UTC,SM-G986U,android,Pallet Town,Kanto,US,2022-04-04 05:03:56 UTC,0.233.1,12,phone
2022-04-06 14:32:56 UTC,SM-G986U,android,Pallet Town,Kanto,US,2022-04-04 05:03:56 UTC,0.233.0,12,phone
2022-04-06 19:36:08 UTC,SM-G986U,android,Pallet Town,Kanto,US,2022-04-04 05:03:56 UTC,0.233.0,12,phone
2022-04-06 16:01:41 UTC,SM-G986U,android,Pallet Town,Kanto,US,2022-04-04 05:03:56 UTC,0.233.0,12,phone
2022-04-06 19:50:28 UTC,SM-G986U,android,Pallet Town,Kanto,US,2022-04-04 05:03:56 UTC,0.233.0,12,phone
2024-12-19 21:29:26 UTC,iPhone15ProMax,ios,Olivine City,Johto,US,2024-08-05 16:25:04 UTC,0.343.0,18.2,mobile_phone
2024-12-19 20:48:59 UTC,iPhone15ProMax,ios,Olivine City,Johto,US,2024-08-05 16:25:04 UTC,0.343.0,18.2,mobile_phone
2024-12-19 01:23:15 UTC,iPhone15ProMax,ios,Cerulean City,Kanto,US,2024-08-05 16:25:04 UTC,0.343.0,18.2,mobile_phone
2024-12-04 01:22:44 UTC,iPhone15ProMax,ios,Cerulean City,Kanto,US,2024-08-05 16:25:04 UTC,0.341.2,18.1.1,mobile_phone
2024-12-04 15:09:23 UTC,iPhone15ProMax,ios,Olivine City,Johto,US,2024-08-05 16:25:04 UTC,0.341.2,18.1.1,mobile_phone
2024-07-11 19:50:13 UTC,iPhone15ProMax,ios,Pallet Town,Kanto,US,2023-12-26 17:08:09 UTC,0.319.0,17.5.1,mobile_phone
2024-07-11 15:35:00 UTC,iPhone15ProMax,ios,Viridian City,Kanto,US,2023-12-26 17:08:09 UTC,0.319.0,17.5.1,mobile_phone
2024-07-11 15:22:39 UTC,iPhone15ProMax,ios,Viridian City,Kanto,US,2023-12-26 17:08:09 UTC,0.319.0,17.5.1,mobile_phone
2024-07-11 20:27:33 UTC,iPhone15ProMax,ios,Pallet Town,Kanto,US,2023-12-26 17:08:09 UTC,0.319.0,17.5.1,mobile_phone
2024-07-11 16:23:55 UTC,iPhone15ProMax,ios,Viridian City,Kanto,US,2023-12-26 17:08:09 UTC,0.319.0,17.5.1,mobile_phone
2026-02-08 21:14:38 UTC,iPhone15ProMax,ios,Olivine City,Johto,US,2024-08-05 16:25:04 UTC,0.397.0,26.2.1,mobile_phone
2026-02-08 22:17:55 UTC,iPhone15ProMax,ios,Olivine City,Johto,US,2024-08-05 16:25:04 UTC,0.397.0,26.2.1,mobile_phone
2026-02-08 01:39:43 UTC,iPhone15ProMax,ios,Goldenrod City,Johto,US,2024-08-05 16:25:04 UTC,0.397.0,26.2.1,mobile_phone
2026-02-08 00:58:30 UTC,iPhone15ProMax,ios,Goldenrod City,Johto,US,2024-08-05 16:25:04 UTC,0.397.0,26.2.1,mobile_phone
2025-03-16 17:13:56 UTC,iPhone15ProMax,ios,Pallet Town,Kanto,US,2024-08-05 16:25:04 UTC,0.351.0,18.3.2,mobile_phone
2025-03-16 21:12:20 UTC,iPhone15ProMax,ios,Pallet Town,Kanto,US,2024-08-05 16:25:04 UTC,0.351.0,18.3.2,mobile_phone
2025-03-16 22:57:56 UTC,iPhone15ProMax,ios,Pallet Town,Kanto,US,2024-08-05 16:25:04 UTC,0.351.0,18.3.2,mobile_phone
2025-03-16 00:02:08 UTC,iPhone15ProMax,ios,Pallet Town,Kanto,US,2024-08-05 16:25:04 UTC,0.351.0,18.3.2,mobile_phone
2025-03-16 18:04:37 UTC,iPhone15ProMax,ios,Pallet Town,Kanto,US,2024-08-05 16:25:04 UTC,0.351.0,18.3.2,mobile_phone
2022-08-30 02:38:12 UTC,SM-G986U,android,Olivine City,Johto,US,2022-07-02 20:03:18 UTC,0.245.2,12,phone
2025-07-13 01:40:22 UTC,iPhone15ProMax,ios,Olivine City,Johto,US,2024-08-05 16:25:04 UTC,0.369.0,18.5,mobile_phone
2025-07-13 21:46:30 UTC,iPhone15ProMax,ios,Goldenrod City,Johto,US,2024-08-05 16:25:04 UTC,0.369.0,18.5,mobile_phone
2025-07-13 19:12:18 UTC,iPhone15ProMax,ios,Goldenrod City,Johto,US,2024-08-05 16:25:04 UTC,0.369.0,18.5,mobile_phone
2026-01-11 16:00:16 UTC,iPhone15ProMax,ios,Olivine City,Johto,US,2024-08-05 16:25:04 UTC,0.393.0,26.2,mobile_phone
2024-10-15 19:27:38 UTC,iPhone15ProMax,ios,Olivine City,Johto,US,2024-08-05 16:25:04 UTC,0.335.0,18.0.1,mobile_phone
2024-10-15 00:09:42 UTC,iPhone15ProMax,ios,Olivine City,Johto,US,2024-08-05 16:25:04 UTC,0.333.0,18.0.1,mobile_phone
2024-10-15 05:03:03 UTC,iPhone15ProMax,ios,Olivine City,Johto,US,2024-08-05 16:25:04 UTC,0.333.0,18.0.1,mobile_phone
2025-07-03 06:55:38 UTC,iPhone15ProMax,ios,Olivine City,Johto,US,2024-08-05 16:25:04 UTC,0.367.1,18.5,mobile_phone
2025-07-03 01:17:38 UTC,iPhone15ProMax,ios,Cerulean City,Kanto,US,2024-08-05 16:25:04 UTC,0.367.1,18.5,mobile_phone
2025-07-03 06:03:13 UTC,iPhone15ProMax,ios,Olivine City,Johto,US,2024-08-05 16:25:04 UTC,0.367.1,18.5,mobile_phone
2025-07-03 07:40:45 UTC,iPhone15ProMax,ios,Olivine City,Johto,US,2024-08-05 16:25:04 UTC,0.367.1,18.5,mobile_phone
2022-07-16 16:30:22 UTC,SM-G986U,android,Cerulean City,Kanto,US,2022-07-02 20:03:18 UTC,0.241.1,12,phone
2025-02-21 00:38:11 UTC,iPhone15ProMax,ios,Olivine City,Johto,US,2024-08-05 16:25:04 UTC,0.349.0,18.3.1,mobile_phone
2025-02-21 22:46:28 UTC,iPhone15ProMax,ios,Olivine City,Johto,US,2024-08-05 16:25:04 UTC,0.349.0,18.3.1,mobile_phone
2025-02-21 21:11:21 UTC,iPhone15ProMax,ios,Cerulean City,Kanto,US,2024-08-05 16:25:04 UTC,0.349.0,18.3.1,mobile_phone
2026-01-29 16:52:41 UTC,iPhone15ProMax,ios,Goldenrod City,Johto,US,2024-08-05 16:25:04 UTC,0.395.1,26.2,mobile_phone
2024-04-10 21:01:02 UTC,iPhone15ProMax,ios,Olivine City,Johto,US,2023-12-26 17:08:09 UTC,0.307.1,17.4.1,phone
2024-04-10 22:46:16 UTC,iPhone15ProMax,ios,Olivine City,Johto,US,2023-12-26 17:08:09 UTC,0.307.1,17.4.1,phone
2022-04-20 19:09:35 UTC,SM-G986U,android,Pallet Town,Kanto,US,2022-04-04 05:03:56 UTC,0.235.0,12,phone
2022-04-20 04:39:49 UTC,SM-G986U,android,Pallet Town,Kanto,US,2022-04-04 05:03:56 UTC,0.235.0,12,phone
2022-04-20 20:27:15 UTC,SM-G986U,android,Pallet Town,Kanto,US,2022-04-04 05:03:56 UTC,0.235.0,12,phone
2025-05-05 17:52:48 UTC,iPhone15ProMax,ios,New Bark Town,Johto,US,2024-08-05 16:25:04 UTC,0.359.0,18.4.1,mobile_phone
2025-05-05 06:20:11 UTC,iPhone15ProMax,ios,Olivine City,Johto,US,2024-08-05 16:25:04 UTC,0.359.0,18.4.1,mobile_phone
2025-09-17 18:02:40 UTC,iPhone15ProMax,ios,New Bark Town,Johto,US,2024-08-05 16:25:04 UTC,0.377.1,26.0,mobile_phone
2025-09-17 20:02:08 UTC,iPhone15ProMax,ios,New Bark Town,Johto,US,2024-08-05 16:25:04 UTC,0.377.1,26.0,mobile_phone
2022-03-27 08:13:35 UTC,SM-G986U,android,Pallet Town,Kanto,US,2022-03-25 07:16:03 UTC,0.233.0,12,phone
2022-03-27 05:52:00 UTC,SM-G986U,android,Pallet Town,Kanto,US,2022-03-25 07:16:03 UTC,0.233.0,12,phone
2023-01-14 23:57:21 UTC,SM-G986U,android,Olivine City,Johto,US,2023-01-09 02:58:29 UTC,0.257.1,13,phone
2023-01-20 23:31:25 UTC,SM-G986U,android,Olivine City,Johto,US,2023-01-09 02:58:29 UTC,0.257.1,13,phone
2026-02-13 14:36:35 UTC,iPhone15ProMax,ios,Celadon City,Kanto,US,2024-08-05 16:25:04 UTC,0.397.1,26.2.1,mobile_phone
2022-06-24 14:20:22 UTC,SM-G986U,android,Cerulean City,Kanto,US,2022-06-01 10:44:54 UTC,0.239.2,12,phone
2022-06-24 17:52:45 UTC,SM-G986U,android,Cerulean City,Kanto,US,2022-06-01 10:44:54 UTC,0.239.2,12,phone
2024-11-23 16:58:55 UTC,iPhone15ProMax,ios,Olivine City,Johto,US,2024-08-05 16:25:04 UTC,0.339.1,18.1.1,mobile_phone
2024-11-23 23:54:37 UTC,iPhone15ProMax,ios,Olivine City,Johto,US,2024-08-05 16:25:04 UTC,0.339.1,18.1.1,mobile_phone
2024-11-23 17:46:26 UTC,iPhone15ProMax,ios,Olivine City,Johto,US,2024-08-05 16:25:04 UTC,0.339.1,18.1.1,mobile_phone
2024-11-23 01:05:45 UTC,iPhone15ProMax,ios,Olivine City,Johto,US,2024-08-05 16:25:04 UTC,0.339.1,18.1,mobile_phone
2025-12-19 22:12:19 UTC,iPhone15ProMax,ios,Viridian City,Kanto,US,2024-08-05 16:25:04 UTC,0.391.1,26.1,mobile_phone
2026-04-02 01:15:44 UTC,iPhone15ProMax,ios,Olivine City,Johto,US,2024-08-05 16:25:04 UTC,0.403.1,26.3.1,mobile_phone
2025-08-26 04:43:07 UTC,iPhone15ProMax,ios,New Bark Town,Johto,US,2024-08-05 16:25:04 UTC,0.375.1,18.6.2,mobile_phone
2026-06-10 15:26:26 UTC,iPhone15ProMax,ios,Goldenrod City,Johto,US,2024-08-05 16:25:04 UTC,0.413.2,26.5,mobile_phone
2026-06-10 03:02:04 UTC,iPhone15ProMax,ios,Goldenrod City,Johto,US,2024-08-05 16:25:04 UTC,0.413.2,26.5,mobile_phone
2025-05-31 03:23:59 UTC,iPhone15ProMax,ios,Olivine City,Johto,US,2024-08-05 16:25:04 UTC,0.361.0,18.5,mobile_phone
2025-05-31 22:57:33 UTC,iPhone15ProMax,ios,Olivine City,Johto,US,2024-08-05 16:25:04 UTC,0.361.0,18.5,mobile_phone
2025-05-31 22:02:24 UTC,iPhone15ProMax,ios,Olivine City,Johto,US,2024-08-05 16:25:04 UTC,0.361.0,18.5,mobile_phone
2024-06-24 23:29:30 UTC,iPhone15ProMax,ios,Viridian City,Kanto,US,2023-12-26 17:08:09 UTC,0.317.0,17.5.1,mobile_phone
2024-06-24 07:23:43 UTC,iPhone15ProMax,ios,Viridian City,Kanto,US,2023-12-26 17:08:09 UTC,0.317.0,17.5.1,mobile_phone
2024-06-24 04:34:45 UTC,iPhone15ProMax,ios,Viridian City,Kanto,US,2023-12-26 17:08:09 UTC,0.317.0,17.5.1,mobile_phone
2024-09-10 18:43:31 UTC,iPhone15ProMax,ios,Olivine City,Johto,US,2024-08-05 16:25:04 UTC,0.329.2,17.6.1,mobile_phone
2024-09-10 16:40:28 UTC,iPhone15ProMax,ios,Olivine City,Johto,US,2024-08-05 16:25:04 UTC,0.329.2,17.6.1,mobile_phone
2024-09-10 01:44:15 UTC,iPhone15ProMax,ios,Olivine City,Johto,US,2024-08-05 16:25:04 UTC,0.329.2,17.6.1,mobile_phone
2024-09-10 22:29:38 UTC,iPhone15ProMax,ios,Olivine City,Johto,US,2024-08-05 16:25:04 UTC,0.329.2,17.6.1,mobile_phone
2024-09-10 17:02:40 UTC,iPhone15ProMax,ios,Olivine City,Johto,US,2024-08-05 16:25:04 UTC,0.329.2,17.6.1,mobile_phone
2024-09-10 23:38:19 UTC,iPhone15ProMax,ios,Pallet Town,Kanto,US,2024-08-05 16:25:04 UTC,0.329.2,17.6.1,mobile_phone
2024-05-12 02:02:13 UTC,iPhone15ProMax,ios,Olivine City,Johto,US,2023-12-26 17:08:09 UTC,0.311.3,17.4.1,phone
2024-05-12 21:14:57 UTC,iPhone15ProMax,ios,Viridian City,Kanto,US,2023-12-26 17:08:09 UTC,0.311.3,17.4.1,phone
2024-05-12 01:13:32 UTC,iPhone15ProMax,ios,Olivine City,Johto,US,2023-12-26 17:08:09 UTC,0.311.3,17.4.1,phone
2024-09-30 00:45:21 UTC,iPhone15ProMax,ios,Celadon City,Kanto,US,2024-08-05 16:25:04 UTC,0.331.1,18.0,mobile_phone
2024-09-30 18:51:49 UTC,iPhone15ProMax,ios,Olivine City,Johto,US,2024-08-05 16:25:04 UTC,0.331.1,18.0,mobile_phone
2025-02-15 19:53:09 UTC,iPhone15ProMax,ios,Olivine City,Johto,US,2024-08-05 16:25:04 UTC,0.347.0,18.3.1,mobile_phone
2025-02-15 20:25:15 UTC,iPhone15ProMax,ios,Cerulean City,Kanto,US,2024-08-05 16:25:04 UTC,0.347.0,18.3.1,mobile_phone
2025-02-15 02:46:39 UTC,iPhone15ProMax,ios,Olivine City,Johto,US,2024-08-05 16:25:04 UTC,0.347.0,18.3.1,mobile_phone
2025-02-15 16:59:31 UTC,iPhone15ProMax,ios,Cerulean City,Kanto,US,2024-08-05 16:25:04 UTC,0.347.0,18.3.1,mobile_phone
2025-02-15 21:36:40 UTC,iPhone15ProMax,ios,Cerulean City,Kanto,US,2024-08-05 16:25:04 UTC,0.347.0,18.3.1,mobile_phone
2022-08-03 13:40:26 UTC,Pixel 4a,android,Olivine City,Johto,US,2021-07-01 16:46:46 UTC,0.243.2,12,phone
2024-12-02 17:24:24 UTC,iPhone15ProMax,ios,Cerulean City,Kanto,US,2024-08-05 16:25:04 UTC,0.341.0,18.1.1,mobile_phone
2024-12-02 01:42:17 UTC,iPhone15ProMax,ios,Cerulean City,Kanto,US,2024-08-05 16:25:04 UTC,0.341.0,18.1.1,mobile_phone
2025-03-15 21:45:29 UTC,iPhone15ProMax,ios,Pallet Town,Kanto,US,2024-08-05 16:25:04 UTC,0.351.0,18.3.2,mobile_phone
2025-03-15 22:30:09 UTC,iPhone15ProMax,ios,Pallet Town,Kanto,US,2024-08-05 16:25:04 UTC,0.351.0,18.3.2,mobile_phone
2025-03-15 16:20:20 UTC,iPhone15ProMax,ios,Olivine City,Johto,US,2024-08-05 16:25:04 UTC,0.351.0,18.3.2,mobile_phone
2025-04-19 21:18:24 UTC,iPhone15ProMax,ios,Olivine City,Johto,US,2024-08-05 16:25:04 UTC,0.357.2,18.4,mobile_phone
2025-04-19 18:57:00 UTC,iPhone15ProMax,ios,Olivine City,Johto,US,2024-08-05 16:25:04 UTC,0.357.2,18.4,mobile_phone
2025-04-19 21:29:29 UTC,iPhone15ProMax,ios,Olivine City,Johto,US,2024-08-05 16:25:04 UTC,0.357.2,18.4,mobile_phone
2025-07-02 01:14:15 UTC,iPhone15ProMax,ios,Celadon City,Kanto,US,2024-08-05 16:25:04 UTC,0.367.1,18.5,mobile_phone
2025-07-02 04:49:04 UTC,iPhone15ProMax,ios,Olivine City,Johto,US,2024-08-05 16:25:04 UTC,0.367.1,18.5,mobile_phone
2025-07-02 02:17:36 UTC,iPhone15ProMax,ios,Olivine City,Johto,US,2024-08-05 16:25:04 UTC,0.367.1,18.5,mobile_phone
2025-07-02 01:29:34 UTC,iPhone15ProMax,ios,Celadon City,Kanto,US,2024-08-05 16:25:04 UTC,0.367.1,18.5,mobile_phone
2026-05-21 15:31:23 UTC,iPhone15ProMax,ios,Pallet Town,Kanto,US,2024-08-05 16:25:04 UTC,0.411.2,26.4.2,mobile_phone
2025-07-26 15:01:25 UTC,iPhone15ProMax,ios,Pallet Town,Kanto,US,2024-08-05 16:25:04 UTC,0.371.0,18.5,mobile_phone
2025-07-26 04:01:02 UTC,iPhone15ProMax,ios,Olivine City,Johto,US,2024-08-05 16:25:04 UTC,0.371.0,18.5,mobile_phone
2025-07-26 01:04:16 UTC,iPhone15ProMax,ios,Pallet Town,Kanto,US,2024-08-05 16:25:04 UTC,0.371.0,18.5,mobile_phone
2025-07-26 17:57:04 UTC,iPhone15ProMax,ios,Pallet Town,Kanto,US,2024-08-05 16:25:04 UTC,0.371.0,18.5,mobile_phone
2025-06-12 02:33:37 UTC,iPhone15ProMax,ios,New Bark Town,Johto,US,2024-08-05 16:25:04 UTC,0.363.2,18.5,mobile_phone
2025-06-12 03:39:12 UTC,iPhone15ProMax,ios,New Bark Town,Johto,US,2024-08-05 16:25:04 UTC,0.363.2,18.5,mobile_phone
2026-08-22 20:51:30 UTC,iPhone15ProMax,ios,Pallet Town,Kanto,US,2024-08-05 16:25:04 UTC,0.423.1,26.6,mobile_phone
2023-03-21 16:52:52 UTC,SM-G986U,android,Olivine City,Johto,US,2023-01-09 02:58:29 UTC,0.265.0,13,phone
2024-10-10 06:57:33 UTC,iPhone15ProMax,ios,Olivine City,Johto,US,2024-08-05 16:25:04 UTC,0.333.0,18.0.1,mobile_phone
2024-10-10 01:41:17 UTC,iPhone15ProMax,ios,Cerulean City,Kanto,US,2024-08-05 16:25:04 UTC,0.333.0,18.0.1,mobile_phone
2024-10-10 22:46:31 UTC,iPhone15ProMax,ios,Olivine City,Johto,US,2024-08-05 16:25:04 UTC,0.333.0,18.0.1,mobile_phone
2024-07-12 20:21:18 UTC,iPhone15ProMax,ios,Viridian City,Kanto,US,2023-12-26 17:08:09 UTC,0.319.0,17.5.1,mobile_phone
2024-07-12 21:41:41 UTC,iPhone15ProMax,ios,Viridian City,Kanto,US,2023-12-26 17:08:09 UTC,0.319.0,17.5.1,mobile_phone
2024-07-12 21:31:35 UTC,iPhone15ProMax,ios,Viridian City,Kanto,US,2023-12-26 17:08:09 UTC,0.319.0,17.5.1,mobile_phone
2024-07-12 04:55:10 UTC,iPhone15ProMax,ios,Viridian City,Kanto,US,2023-12-26 17:08:09 UTC,0.319.0,17.5.1,mobile_phone
2024-07-12 23:37:00 UTC,iPhone15ProMax,ios,Viridian City,Kanto,US,2023-12-26 17:08:09 UTC,0.319.0,17.5.1,mobile_phone
2024-07-12 02:53:05 UTC,iPhone15ProMax,ios,Viridian City,Kanto,US,2023-12-26 17:08:09 UTC,0.319.0,17.5.1,mobile_phone
2025-10-14 18:39:39 UTC,iPhone15ProMax,ios,Olivine City,Johto,US,2024-08-05 16:25:04 UTC,0.381.4,26.0.1,mobile_phone
2025-10-14 00:43:51 UTC,iPhone15ProMax,ios,Olivine City,Johto,US,2024-08-05 16:25:04 UTC,0.381.4,26.0.1,mobile_phone
2022-05-23 20:18:30 UTC,SM-G986U,android,Pallet Town,Kanto,US,2022-04-21 18:52:51 UTC,0.237.0,12,phone
2025-12-17 02:47:43 UTC,iPhone15ProMax,ios,Olivine City,Johto,US,2024-08-05 16:25:04 UTC,0.391.0,26.1,mobile_phone
2025-12-17 03:52:25 UTC,iPhone15ProMax,ios,Olivine City,Johto,US,2024-08-05 16:25:04 UTC,0.391.0,26.1,mobile_phone
2024-11-03 17:57:41 UTC,iPhone15ProMax,ios,Goldenrod City,Johto,US,2024-08-05 16:25:04 UTC,0.337.0,18.0.1,mobile_phone
2024-11-03 15:27:03 UTC,iPhone15ProMax,ios,Olivine City,Johto,US,2024-08-05 16:25:04 UTC,0.335.1,18.0.1,mobile_phone
2026-04-14 23:15:09 UTC,iPhone15ProMax,ios,Olivine City,Johto,US,2024-08-05 16:25:04 UTC,0.405.1,26.3.1,mobile_phone
2025-11-23 19:26:28 UTC,iPhone15ProMax,ios,Viridian City,Kanto,US,2024-08-05 16:25:04 UTC,0.387.0,26.1,mobile_phone
2025-11-23 01:24:15 UTC,iPhone15ProMax,ios,Olivine City,Johto,US,2024-08-05 16:25:04 UTC,0.387.0,26.1,mobile_phone
2025-11-23 03:15:33 UTC,iPhone15ProMax,ios,Olivine City,Johto,US,2024-08-05 16:25:04 UTC,0.387.0,26.1,mobile_phone
2025-12-08 11:52:31 UTC,iPhone15ProMax,ios,Olivine City,Johto,US,2024-08-05 16:25:04 UTC,0.389.2,26.1,mobile_phone
2025-01-26 22:51:59 UTC,iPhone15ProMax,ios,Celadon City,Kanto,US,2024-08-05 16:25:04 UTC,0.345.0,18.2.1,mobile_phone
2025-01-26 15:56:08 UTC,iPhone15ProMax,ios,Ecruteak City,Johto,US,2024-08-05 16:25:04 UTC,0.345.0,18.2.1,mobile_phone
2024-02-21 14:34:40 UTC,iPhone15ProMax,ios,Olivine City,Johto,US,2023-12-26 17:08:09 UTC,0.299.1,17.3.1,phone
2024-02-21 01:34:08 UTC,iPhone15ProMax,ios,Olivine City,Johto,US,2023-12-26 17:08:09 UTC,0.299.1,17.3.1,phone
2024-02-21 22:58:23 UTC,iPhone15ProMax,ios,New Bark Town,Johto,US,2023-12-26 17:08:09 UTC,0.299.1,17.3.1,phone
2025-09-19 16:04:41 UTC,iPhone15ProMax,ios,New Bark Town,Johto,US,2024-08-05 16:25:04 UTC,0.377.1,26.0,mobile_phone
2025-09-19 00:38:12 UTC,iPhone15ProMax,ios,New Bark Town,Johto,US,2024-08-05 16:25:04 UTC,0.377.1,26.0,mobile_phone
2024-08-26 04:06:45 UTC,iPhone15ProMax,ios,Olivine City,Johto,US,2024-08-05 16:25:04 UTC,0.327.0,17.6.1,mobile_phone
2024-08-26 21:42:14 UTC,iPhone15ProMax,ios,Celadon City,Kanto,US,2024-08-05 16:25:04 UTC,0.327.0,17.6.1,mobile_phone
2024-08-26 20:03:15 UTC,iPhone15ProMax,ios,Olivine City,Johto,US,2024-08-05 16:25:04 UTC,0.327.0,17.6.1,mobile_phone
2024-08-26 06:53:30 UTC,iPhone15ProMax,ios,Olivine City,Johto,US,2024-08-05 16:25:04 UTC,0.327.0,17.6.1,mobile_phone
2024-08-26 02:40:36 UTC,iPhone15ProMax,ios,Pallet Town,Kanto,US,2024-08-05 16:25:04 UTC,0.327.0,17.6.1,mobile_phone
2025-10-25 19:48:48 UTC,iPhone15ProMax,ios,Olivine City,Johto,US,2024-08-05 16:25:04 UTC,0.383.2,26.0.1,mobile_phone
2024-12-11 02:31:09 UTC,iPhone15ProMax,ios,Olivine City,Johto,US,2024-08-05 16:25:04 UTC,0.341.2,18.1.1,mobile_phone
2024-12-11 19:59:22 UTC,iPhone15ProMax,ios,Olivine City,Johto,US,2024-08-05 16:25:04 UTC,0.341.2,18.1.1,mobile_phone
2026-05-09 23:16:47 UTC,iPhone15ProMax,ios,Cerulean City,Kanto,US,2024-08-05 16:25:04 UTC,0.409.0,26.4.2,mobile_phone
2026-07-07 16:32:28 UTC,iPhone15ProMax,ios,Celadon City,Kanto,US,2024-08-05 16:25:04 UTC,0.417.2,26.5,mobile_phone
2022-07-07 15:30:50 UTC,SM-G986U,android,Cerulean City,Kanto,US,2022-07-02 20:03:18 UTC,0.241.1,12,phone
2024-03-31 19:43:15 UTC,iPhone15ProMax,ios,Olivine City,Johto,US,2023-12-26 17:08:09 UTC,0.305.1,17.3.1,phone
2024-03-31 17:18:17 UTC,iPhone15ProMax,ios,Cerulean City,Kanto,US,2023-12-26 17:08:09 UTC,0.305.1,17.3.1,phone
2024-03-31 18:07:58 UTC,iPhone15ProMax,ios,Cerulean City,Kanto,US,2023-12-26 17:08:09 UTC,0.305.1,17.3.1,phone
2024-05-25 00:53:36 UTC,iPhone15ProMax,ios,Olivine City,Johto,US,2023-12-26 17:08:09 UTC,0.313.1,17.5.1,phone
2024-05-25 19:10:58 UTC,iPhone15ProMax,ios,Cerulean City,Kanto,US,2023-12-26 17:08:09 UTC,0.313.1,17.5.1,phone
2024-05-25 06:19:32 UTC,iPhone15ProMax,ios,Olivine City,Johto,US,2023-12-26 17:08:09 UTC,0.313.1,17.5.1,phone
2024-05-25 22:51:35 UTC,iPhone15ProMax,ios,Olivine City,Johto,US,2023-12-26 17:08:09 UTC,0.313.1,17.5.1,phone
2026-05-14 19:16:58 UTC,iPhone15ProMax,ios,Goldenrod City,Johto,US,2024-08-05 16:25:04 UTC,0.411.0,26.4.2,mobile_phone
2022-05-30 01:22:59 UTC,SM-G986U,android,Goldenrod City,Johto,US,2022-04-21 18:52:51 UTC,0.237.0,12,phone
2024-09-29 20:19:58 UTC,iPhone15ProMax,ios,Olivine City,Johto,US,2024-08-05 16:25:04 UTC,0.331.1,18.0,mobile_phone
2024-09-29 22:57:16 UTC,iPhone15ProMax,ios,Olivine City,Johto,US,2024-08-05 16:25:04 UTC,0.331.1,18.0,mobile_phone
2025-10-20 14:20:14 UTC,iPhone15ProMax,ios,Olivine City,Johto,US,2024-08-05 16:25:04 UTC,0.383.2,26.0.1,mobile_phone
2025-10-20 00:45:10 UTC,iPhone15ProMax,ios,New Bark Town,Johto,US,2024-08-05 16:25:04 UTC,0.383.2,26.0.1,mobile_phone
2022-04-29 03:31:25 UTC,SM-G986U,android,Pallet Town,Kanto,US,2022-04-21 18:52:51 UTC,0.235.0,12,phone
2022-04-29 20:48:24 UTC,SM-G986U,android,Pallet Town,Kanto,US,2022-04-21 18:52:51 UTC,0.235.0,12,phone
2022-04-29 07:00:00 UTC,SM-G986U,android,Pallet Town,Kanto,US,2022-04-21 18:52:51 UTC,0.235.0,12,phone
2024-11-30 22:36:00 UTC,iPhone15ProMax,ios,Olivine City,Johto,US,2024-08-05 16:25:04 UTC,0.341.0,18.1.1,mobile_phone
2025-08-03 21:28:01 UTC,iPhone15ProMax,ios,Cerulean City,Kanto,US,2024-08-05 16:25:04 UTC,0.371.0,18.6,mobile_phone
2025-08-03 06:01:17 UTC,iPhone15ProMax,ios,Olivine City,Johto,US,2024-08-05 16:25:04 UTC,0.371.0,18.6,mobile_phone
2025-08-03 21:05:43 UTC,iPhone15ProMax,ios,Cerulean City,Kanto,US,2024-08-05 16:25:04 UTC,0.371.0,18.6,mobile_phone
2025-08-03 05:12:52 UTC,iPhone15ProMax,ios,Olivine City,Johto,US,2024-08-05 16:25:04 UTC,0.371.0,18.6,mobile_phone
2026-03-14 22:18:33 UTC,iPhone15ProMax,ios,Pallet Town,Kanto,US,2024-08-05 16:25:04 UTC,0.401.1,26.3.1,mobile_phone
2026-03-14 23:02:43 UTC,iPhone15ProMax,ios,Pallet Town,Kanto,US,2024-08-05 16:25:04 UTC,0.401.1,26.3.1,mobile_phone
2025-07-15 14:23:13 UTC,iPhone15ProMax,ios,Cerulean City,Kanto,US,2024-08-05 16:25:04 UTC,0.369.0,18.5,mobile_phone
2025-07-15 04:51:09 UTC,iPhone15ProMax,ios,Olivine City,Johto,US,2024-08-05 16:25:04 UTC,0.369.0,18.5,mobile_phone
2026-07-11 06:21:57 UTC,iPhone15ProMax,ios,Olivine City,Johto,US,2024-08-05 16:25:04 UTC,0.417.2,26.5,mobile_phone
2026-07-11 20:35:06 UTC,iPhone15ProMax,ios,Olivine City,Johto,US,2024-08-05 16:25:04 UTC,0.417.2,26.5,mobile_phone
2026-07-11 01:42:13 UTC,iPhone15ProMax,ios,Olivine City,Johto,US,2024-08-05 16:25:04 UTC,0.417.2,26.5,mobile_phone
2026-07-11 22:37:52 UTC,iPhone15ProMax,ios,Olivine City,Johto,US,2024-08-05 16:25:04 UTC,0.417.2,26.5,mobile_phone
2026-07-11 16:20:04 UTC,iPhone15ProMax,ios,Olivine City,Johto,US,2024-08-05 16:25:04 UTC,0.417.2,26.5,mobile_phone
2026-07-11 22:50:22 UTC,iPhone15ProMax,ios,Olivine City,Johto,US,2024-08-05 16:25:04 UTC,0.417.2,26.5,mobile_phone
2026-08-01 23:12:18 UTC,iPhone15ProMax,ios,Olivine City,Johto,US,2024-08-05 16:25:04 UTC,0.421.1,26.5.2,mobile_phone
2024-12-01 01:48:49 UTC,iPhone15ProMax,ios,Cerulean City,Kanto,US,2024-08-05 16:25:04 UTC,0.341.0,18.1.1,mobile_phone
2024-12-01 01:34:46 UTC,iPhone15ProMax,ios,Cerulean City,Kanto,US,2024-08-05 16:25:04 UTC,0.341.0,18.1.1,mobile_phone
2023-02-11 21:57:07 UTC,SM-G986U,android,Olivine City,Johto,US,2023-01-09 02:58:29 UTC,0.261.1,13,phone
2026-02-04 19:31:37 UTC,iPhone15ProMax,ios,Olivine City,Johto,US,2024-08-05 16:25:04 UTC,0.395.1,26.2.1,mobile_phone
2026-02-04 22:22:15 UTC,iPhone15ProMax,ios,Olivine City,Johto,US,2024-08-05 16:25:04 UTC,0.395.1,26.2.1,mobile_phone
2024-04-15 03:57:26 UTC,iPhone15ProMax,ios,Pallet Town,Kanto,US,2023-12-26 17:08:09 UTC,0.307.1,17.4.1,phone
2024-04-15 21:45:17 UTC,iPhone15ProMax,ios,Olivine City,Johto,US,2023-12-26 17:08:09 UTC,0.309.0,17.4.1,phone
2024-04-15 18:57:07 UTC,iPhone15ProMax,ios,Viridian City,Kanto,US,2023-12-26 17:08:09 UTC,0.309.0,17.4.1,phone
2024-08-21 16:36:15 UTC,iPhone15ProMax,ios,Olivine City,Johto,US,2024-08-05 16:25:04 UTC,0.327.0,17.6.1,mobile_phone
2024-08-21 14:47:59 UTC,iPhone15ProMax,ios,Pallet Town,Kanto,US,2024-08-05 16:25:04 UTC,0.327.0,17.6.1,mobile_phone
2024-08-21 00:35:50 UTC,iPhone15ProMax,ios,Olivine City,Johto,US,2024-08-05 16:25:04 UTC,0.327.0,17.6.1,mobile_phone
2024-08-21 22:06:59 UTC,iPhone15ProMax,ios,Olivine City,Johto,US,2024-08-05 16:25:04 UTC,0.327.0,17.6.1,mobile_phone
2024-08-21 04:51:45 UTC,iPhone15ProMax,ios,Olivine City,Johto,US,2024-08-05 16:25:04 UTC,0.327.0,17.6.1,mobile_phone
2024-08-21 19:00:43 UTC,iPhone15ProMax,ios,Ecruteak City,Johto,US,2024-08-05 16:25:04 UTC,0.327.0,17.6.1,mobile_phone
2025-05-11 00:58:09 UTC,iPhone15ProMax,ios,Olivine City,Johto,US,2024-08-05 16:25:04 UTC,0.359.0,18.4.1,mobile_phone
2025-05-11 18:38:04 UTC,iPhone15ProMax,ios,New Bark Town,Johto,US,2024-08-05 16:25:04 UTC,0.359.0,18.4.1,mobile_phone
2024-10-30 01:14:31 UTC,iPhone15ProMax,ios,Goldenrod City,Johto,US,2024-08-05 16:25:04 UTC,0.335.1,18.0.1,mobile_phone
2024-10-30 07:38:11 UTC,iPhone15ProMax,ios,Olivine City,Johto,US,2024-08-05 16:25:04 UTC,0.335.1,18.0.1,mobile_phone
2024-08-10 20:14:38 UTC,iPhone15ProMax,ios,Cerulean City,Kanto,US,2024-08-05 16:25:04 UTC,0.325.1,17.6.1,mobile_phone
2024-08-10 05:48:03 UTC,iPhone15ProMax,ios,Olivine City,Johto,US,2024-08-05 16:25:04 UTC,0.325.1,17.6.1,mobile_phone
2024-08-10 18:02:52 UTC,iPhone15ProMax,ios,Cerulean City,Kanto,US,2024-08-05 16:25:04 UTC,0.325.1,17.6.1,mobile_phone
2024-08-10 07:50:29 UTC,iPhone15ProMax,ios,Olivine City,Johto,US,2024-08-05 16:25:04 UTC,0.325.1,17.6.1,mobile_phone
2024-08-10 18:13:56 UTC,iPhone15ProMax,ios,Cerulean City,Kanto,US,2024-08-05 16:25:04 UTC,0.325.1,17.6.1,mobile_phone
2023-03-11 21:43:49 UTC,Pixel 4a,android,Olivine City,Johto,US,2023-02-23 19:14:35 UTC,0.263.1,13,phone
2023-01-23 22:10:13 UTC,SM-G986U,android,Olivine City,Johto,US,2023-01-09 02:58:29 UTC,0.257.1,13,phone
2026-04-08 20:52:37 UTC,iPhone15ProMax,ios,Olivine City,Johto,US,2024-08-05 16:25:04 UTC,0.405.0,26.3.1,mobile_phone
2026-04-08 01:35:51 UTC,iPhone15ProMax,ios,Olivine City,Johto,US,2024-08-05 16:25:04 UTC,0.405.0,26.3.1,mobile_phone
2024-06-28 21:54:11 UTC,iPhone15ProMax,ios,Viridian City,Kanto,US,2023-12-26 17:08:09 UTC,0.319.0,17.5.1,mobile_phone
2024-06-28 07:55:42 UTC,iPhone15ProMax,ios,Viridian City,Kanto,US,2023-12-26 17:08:09 UTC,0.319.0,17.5.1,mobile_phone
2024-06-28 00:04:57 UTC,iPhone15ProMax,ios,Viridian City,Kanto,US,2023-12-26 17:08:09 UTC,0.319.0,17.5.1,mobile_phone
2024-06-28 20:15:28 UTC,iPhone15ProMax,ios,Viridian City,Kanto,US,2023-12-26 17:08:09 UTC,0.319.0,17.5.1,mobile_phone
2024-04-23 17:14:57 UTC,iPhone15ProMax,ios,Viridian City,Kanto,US,2023-12-26 17:08:09 UTC,0.309.1,17.4.1,phone
2024-10-16 08:28:41 UTC,iPhone15ProMax,ios,Olivine City,Johto,US,2024-08-05 16:25:04 UTC,0.335.0,18.0.1,mobile_phone
2024-10-16 07:40:23 UTC,iPhone15ProMax,ios,Olivine City,Johto,US,2024-08-05 16:25:04 UTC,0.335.0,18.0.1,mobile_phone
2024-10-16 22:56:31 UTC,iPhone15ProMax,ios,Olivine City,Johto,US,2024-08-05 16:25:04 UTC,0.335.0,18.0.1,mobile_phone
2024-12-17 00:24:20 UTC,iPhone15ProMax,ios,Cerulean City,Kanto,US,2024-08-05 16:25:04 UTC,0.341.2,18.2,mobile_phone
2024-12-17 23:25:35 UTC,iPhone15ProMax,ios,Olivine City,Johto,US,2024-08-05 16:25:04 UTC,0.341.2,18.2,mobile_phone
2024-12-17 03:30:32 UTC,iPhone15ProMax,ios,Cerulean City,Kanto,US,2024-08-05 16:25:04 UTC,0.341.2,18.2,mobile_phone
2024-05-03 06:35:38 UTC,iPhone15ProMax,ios,Viridian City,Kanto,US,2023-12-26 17:08:09 UTC,0.311.0,17.4.1,phone
2024-05-03 07:09:30 UTC,iPhone15ProMax,ios,Viridian City,Kanto,US,2023-12-26 17:08:09 UTC,0.311.0,17.4.1,phone
2024-05-03 05:37:20 UTC,iPhone15ProMax,ios,Viridian City,Kanto,US,2023-12-26 17:08:09 UTC,0.311.0,17.4.1,phone
2026-04-07 14:06:56 UTC,iPhone15ProMax,ios,Olivine City,Johto,US,2024-08-05 16:25:04 UTC,0.405.0,26.3.1,mobile_phone
2026-02-19 04:35:52 UTC,iPhone15ProMax,ios,Olivine City,Johto,US,2024-08-05 16:25:04 UTC,0.397.1,26.2.1,mobile_phone
2026-02-19 23:58:35 UTC,iPhone15ProMax,ios,Pallet Town,Kanto,US,2024-08-05 16:25:04 UTC,0.397.1,26.2.1,mobile_phone
2024-09-12 15:11:42 UTC,iPhone15ProMax,ios,Olivine City,Johto,US,2024-08-05 16:25:04 UTC,0.329.2,17.6.1,mobile_phone
2024-09-12 14:43:39 UTC,iPhone15ProMax,ios,Ecruteak City,Johto,US,2024-08-05 16:25:04 UTC,0.329.2,17.6.1,mobile_phone
2024-09-12 20:27:56 UTC,iPhone15ProMax,ios,Olivine City,Johto,US,2024-08-05 16:25:04 UTC,0.329.2,17.6.1,mobile_phone
2024-09-12 23:45:13 UTC,iPhone15ProMax,ios,Olivine City,Johto,US,2024-08-05 16:25:04 UTC,0.329.2,17.6.1,mobile_phone
2022-04-25 18:53:14 UTC,SM-G986U,android,Pallet Town,Kanto,US,2022-04-21 18:52:51 UTC,0.235.0,12,phone
2022-04-25 05:53:09 UTC,SM-G986U,android,Pallet Town,Kanto,US,2022-04-21 18:52:51 UTC,0.235.0,12,phone
2022-04-25 23:11:36 UTC,SM-G986U,android,Pallet Town,Kanto,US,2022-04-21 18:52:51 UTC,0.235.0,12,phone
2022-04-25 20:44:41 UTC,SM-G986U,android,Pallet Town,Kanto,US,2022-04-21 18:52:51 UTC,0.235.0,12,phone
2022-04-03 12:04:17 UTC,SM-G986U,android,Pallet Town,Kanto,US,2022-03-25 07:16:03 UTC,0.233.0,12,phone
2026-07-08 01:11:30 UTC,iPhone15ProMax,ios,Olivine City,Johto,US,2024-08-05 16:25:04 UTC,0.417.2,26.5,mobile_phone
2025-02-18 16:13:16 UTC,iPhone15ProMax,ios,Olivine City,Johto,US,2024-08-05 16:25:04 UTC,0.349.0,18.3.1,mobile_phone
2025-02-18 22:17:14 UTC,iPhone15ProMax,ios,Olivine City,Johto,US,2024-08-05 16:25:04 UTC,0.349.0,18.3.1,mobile_phone
2025-02-18 06:38:57 UTC,iPhone15ProMax,ios,Olivine City,Johto,US,2024-08-05 16:25:04 UTC,0.347.0,18.3.1,mobile_phone
2025-11-26 19:22:27 UTC,iPhone15ProMax,ios,New Bark Town,Johto,US,2024-08-05 16:25:04 UTC,0.387.1,26.1,mobile_phone
2025-03-09 06:44:48 UTC,iPhone15ProMax,ios,Olivine City,Johto,US,2024-08-05 16:25:04 UTC,0.351.0,18.3.1,mobile_phone
2025-03-09 17:45:28 UTC,iPhone15ProMax,ios,Olivine City,Johto,US,2024-08-05 16:25:04 UTC,0.351.0,18.3.1,mobile_phone
2025-03-09 20:43:13 UTC,iPhone15ProMax,ios,Goldenrod City,Johto,US,2024-08-05 16:25:04 UTC,0.351.0,18.3.1,mobile_phone
2025-03-09 21:34:20 UTC,iPhone15ProMax,ios,Goldenrod City,Johto,US,2024-08-05 16:25:04 UTC,0.351.0,18.3.1,mobile_phone
2022-03-06 01:28:02 UTC,SM-G986U,android,Pallet Town,Kanto,US,2022-02-27 06:08:31 UTC,0.231.0,12,phone
2025-01-03 17:45:44 UTC,iPhone15ProMax,ios,Olivine City,Johto,US,2024-08-05 16:25:04 UTC,0.343.0,18.2,mobile_phone
2025-01-03 01:27:10 UTC,iPhone15ProMax,ios,Olivine City,Johto,US,2024-08-05 16:25:04 UTC,0.343.0,18.2,mobile_phone
2024-04-04 15:23:15 UTC,iPhone15ProMax,ios,Olivine City,Johto,US,2023-12-26 17:08:09 UTC,0.307.1,17.4.1,phone
2026-04-16 14:31:35 UTC,iPhone15ProMax,ios,Olivine City,Johto,US,2024-08-05 16:25:04 UTC,0.407.0,26.3.1,mobile_phone
2026-04-16 14:08:41 UTC,iPhone15ProMax,ios,Olivine City,Johto,US,2024-08-05 16:25:04 UTC,0.407.0,26.3.1,mobile_phone
2024-10-31 17:11:14 UTC,iPhone15ProMax,ios,Viridian City,Kanto,US,2024-08-05 16:25:04 UTC,0.335.1,18.0.1,mobile_phone
2024-10-31 01:39:59 UTC,iPhone15ProMax,ios,New Bark Town,Johto,US,2024-08-05 16:25:04 UTC,0.335.1,18.0.1,mobile_phone
2025-05-17 01:24:26 UTC,iPhone15ProMax,ios,Cerulean City,Kanto,US,2024-08-05 16:25:04 UTC,0.361.0,18.4.1,mobile_phone
2025-05-17 23:13:04 UTC,iPhone15ProMax,ios,Viridian City,Kanto,US,2024-08-05 16:25:04 UTC,0.361.0,18.4.1,mobile_phone
2025-05-17 18:47:03 UTC,iPhone15ProMax,ios,Olivine City,Johto,US,2024-08-05 16:25:04 UTC,0.361.0,18.4.1,mobile_phone
2025-05-17 19:45:35 UTC,iPhone15ProMax,ios,Viridian City,Kanto,US,2024-08-05 16:25:04 UTC,0.361.0,18.4.1,mobile_phone
2025-06-06 11:18:59 UTC,iPhone15ProMax,ios,New Bark Town,Johto,US,2024-08-05 16:25:04 UTC,0.363.2,18.5,mobile_phone
2025-04-14 01:21:19 UTC,iPhone15ProMax,ios,Olivine City,Johto,US,2024-08-05 16:25:04 UTC,0.355.0,18.4,mobile_phone
2024-12-07 02:23:47 UTC,iPhone15ProMax,ios,Viridian City,Kanto,US,2024-08-05 16:25:04 UTC,0.341.2,18.1.1,mobile_phone
2024-12-07 03:35:12 UTC,iPhone15ProMax,ios,Olivine City,Johto,US,2024-08-05 16:25:04 UTC,0.341.2,18.1.1,mobile_phone
2024-12-07 17:37:05 UTC,iPhone15ProMax,ios,Viridian City,Kanto,US,2024-08-05 16:25:04 UTC,0.341.2,18.1.1,mobile_phone
2024-12-07 22:33:58 UTC,iPhone15ProMax,ios,Viridian City,Kanto,US,2024-08-05 16:25:04 UTC,0.341.2,18.1.1,mobile_phone
2025-01-15 22:40:18 UTC,iPhone15ProMax,ios,Olivine City,Johto,US,2024-08-05 16:25:04 UTC,0.343.2,18.2.1,mobile_phone
2025-01-15 01:19:10 UTC,iPhone15ProMax,ios,Olivine City,Johto,US,2024-08-05 16:25:04 UTC,0.343.2,18.2.1,mobile_phone
2025-01-15 18:58:31 UTC,iPhone15ProMax,ios,Pallet Town,Kanto,US,2024-08-05 16:25:04 UTC,0.343.2,18.2.1,mobile_phone
2026-01-09 18:52:47 UTC,iPhone15ProMax,ios,Olivine City,Johto,US,2024-08-05 16:25:04 UTC,0.393.0,26.2,mobile_phone
2026-06-25 02:51:38 UTC,iPhone15ProMax,ios,Olivine City,Johto,US,2024-08-05 16:25:04 UTC,0.415.3,26.5,mobile_phone
2024-07-30 23:22:07 UTC,iPhone15ProMax,ios,Olivine City,Johto,US,2023-12-26 17:08:09 UTC,0.323.1,17.5.1,mobile_phone
2024-02-24 04:55:33 UTC,iPhone15ProMax,ios,Olivine City,Johto,US,2023-12-26 17:08:09 UTC,0.299.1,17.3.1,phone
2024-02-24 02:33:28 UTC,iPhone15ProMax,ios,Olivine City,Johto,US,2023-12-26 17:08:09 UTC,0.299.1,17.3.1,phone
2024-02-24 20:22:13 UTC,iPhone15ProMax,ios,Cerulean City,Kanto,US,2023-12-26 17:08:09 UTC,0.299.1,17.3.1,phone
2024-02-24 18:57:59 UTC,iPhone15ProMax,ios,Olivine City,Johto,US,2023-12-26 17:08:09 UTC,0.299.1,17.3.1,phone
2024-02-24 05:28:45 UTC,iPhone15ProMax,ios,Olivine City,Johto,US,2023-12-26 17:08:09 UTC,0.299.1,17.3.1,phone
2024-02-24 04:45:07 UTC,iPhone15ProMax,ios,Olivine City,Johto,US,2023-12-26 17:08:09 UTC,0.299.1,17.3.1,phone
2025-05-08 17:41:24 UTC,iPhone15ProMax,ios,Olivine City,Johto,US,2024-08-05 16:25:04 UTC,0.359.0,18.4.1,mobile_phone
2025-05-08 18:56:22 UTC,iPhone15ProMax,ios,Cerulean City,Kanto,US,2024-08-05 16:25:04 UTC,0.359.0,18.4.1,mobile_phone
2025-05-08 07:44:50 UTC,iPhone15ProMax,ios,Olivine City,Johto,US,2024-08-05 16:25:04 UTC,0.359.0,18.4.1,mobile_phone
2025-02-16 07:17:40 UTC,iPhone15ProMax,ios,Olivine City,Johto,US,2024-08-05 16:25:04 UTC,0.347.0,18.3.1,mobile_phone
2025-02-16 00:03:49 UTC,iPhone15ProMax,ios,Cerulean City,Kanto,US,2024-08-05 16:25:04 UTC,0.347.0,18.3.1,mobile_phone
2025-02-16 03:03:38 UTC,iPhone15ProMax,ios,Olivine City,Johto,US,2024-08-05 16:25:04 UTC,0.347.0,18.3.1,mobile_phone
2024-03-07 20:30:09 UTC,iPhone15ProMax,ios,Olivine City,Johto,US,2023-12-26 17:08:09 UTC,0.301.0,17.3.1,phone
2024-03-07 05:05:31 UTC,iPhone15ProMax,ios,Olivine City,Johto,US,2023-12-26 17:08:09 UTC,0.301.0,17.3.1,phone
2024-03-07 02:43:40 UTC,iPhone15ProMax,ios,Olivine City,Johto,US,2023-12-26 17:08:09 UTC,0.301.0,17.3.1,phone
2023-01-17 21:27:23 UTC,SM-G986U,android,Olivine City,Johto,US,2023-01-09 02:58:29 UTC,0.257.1,13,phone
2025-04-20 00:11:24 UTC,iPhone15ProMax,ios,Olivine City,Johto,US,2024-08-05 16:25:04 UTC,0.357.2,18.4,mobile_phone
2025-04-20 03:03:20 UTC,iPhone15ProMax,ios,Olivine City,Johto,US,2024-08-05 16:25:04 UTC,0.357.2,18.4,mobile_phone
2025-04-20 01:42:28 UTC,iPhone15ProMax,ios,Olivine City,Johto,US,2024-08-05 16:25:04 UTC,0.357.2,18.4,mobile_phone
2022-05-20 04:52:58 UTC,SM-G986U,android,Pallet Town,Kanto,US,2022-04-21 18:52:51 UTC,0.237.0,12,phone
2026-04-06 02:55:58 UTC,iPhone15ProMax,ios,Olivine City,Johto,US,2024-08-05 16:25:04 UTC,0.405.0,26.3.1,mobile_phone
2024-09-19 06:20:33 UTC,iPhone15ProMax,ios,Olivine City,Johto,US,2024-08-05 16:25:04 UTC,0.331.0,18.0,mobile_phone
2024-09-19 07:01:21 UTC,iPhone15ProMax,ios,Olivine City,Johto,US,2024-08-05 16:25:04 UTC,0.331.0,18.0,mobile_phone
2024-09-19 16:10:48 UTC,iPhone15ProMax,ios,Olivine City,Johto,US,2024-08-05 16:25:04 UTC,0.331.0,18.0,mobile_phone
2024-09-19 01:10:21 UTC,iPhone15ProMax,ios,Viridian City,Kanto,US,2024-08-05 16:25:04 UTC,0.331.0,18.0,mobile_phone
2022-03-26 00:35:48 UTC,SM-G986U,android,Pallet Town,Kanto,US,2022-03-25 07:16:03 UTC,0.231.0,12,phone
2022-03-26 18:15:52 UTC,SM-G986U,android,Pallet Town,Kanto,US,2022-03-25 07:16:03 UTC,0.231.0,12,phone
2024-04-13 22:13:49 UTC,iPhone15ProMax,ios,Olivine City,Johto,US,2023-12-26 17:08:09 UTC,0.307.1,17.4.1,phone
2024-04-13 04:07:32 UTC,iPhone15ProMax,ios,Viridian City,Kanto,US,2023-12-26 17:08:09 UTC,0.307.1,17.4.1,phone
2024-04-13 00:19:00 UTC,iPhone15ProMax,ios,Viridian City,Kanto,US,2023-12-26 17:08:09 UTC,0.307.1,17.4.1,phone
2024-04-13 23:13:04 UTC,iPhone15ProMax,ios,Viridian City,Kanto,US,2023-12-26 17:08:09 UTC,0.307.1,17.4.1,phone
2024-04-13 22:49:08 UTC,iPhone15ProMax,ios,Olivine City,Johto,US,2023-12-26 17:08:09 UTC,0.307.1,17.4.1,phone
2023-12-26 17:08:09 UTC,iPhone15ProMax,ios,Olivine City,Johto,US,2023-12-26 17:08:09 UTC,0.293.1,17.1.2,phone
2024-07-10 14:42:32 UTC,iPhone15ProMax,ios,Viridian City,Kanto,US,2023-12-26 17:08:09 UTC,0.319.0,17.5.1,mobile_phone
2024-07-10 17:52:14 UTC,iPhone15ProMax,ios,Viridian City,Kanto,US,2023-12-26 17:08:09 UTC,0.319.0,17.5.1,mobile_phone
2024-07-10 21:08:50 UTC,iPhone15ProMax,ios,Viridian City,Kanto,US,2023-12-26 17:08:09 UTC,0.319.0,17.5.1,mobile_phone
2024-07-10 19:38:02 UTC,iPhone15ProMax,ios,Olivine City,Johto,US,2023-12-26 17:08:09 UTC,0.319.0,17.5.1,mobile_phone
2024-07-10 17:39:32 UTC,iPhone15ProMax,ios,Viridian City,Kanto,US,2023-12-26 17:08:09 UTC,0.319.0,17.5.1,mobile_phone
2024-07-10 23:59:07 UTC,iPhone15ProMax,ios,Viridian City,Kanto,US,2023-12-26 17:08:09 UTC,0.319.0,17.5.1,mobile_phone
2024-07-10 03:19:04 UTC,iPhone15ProMax,ios,Pallet Town,Kanto,US,2023-12-26 17:08:09 UTC,0.319.0,17.5.1,mobile_phone
2025-10-30 07:01:50 UTC,iPhone15ProMax,ios,Olivine City,Johto,US,2024-08-05 16:25:04 UTC,0.385.0,26.0.1,mobile_phone
2025-10-30 02:22:33 UTC,iPhone15ProMax,ios,Goldenrod City,Johto,US,2024-08-05 16:25:04 UTC,0.385.0,26.0.1,mobile_phone
2025-10-30 19:49:15 UTC,iPhone15ProMax,ios,Goldenrod City,Johto,US,2024-08-05 16:25:04 UTC,0.385.0,26.0.1,mobile_phone
2025-01-07 02:39:41 UTC,iPhone15ProMax,ios,Olivine City,Johto,US,2024-08-05 16:25:04 UTC,0.343.1,18.2,mobile_phone
2025-01-07 15:50:55 UTC,iPhone15ProMax,ios,Olivine City,Johto,US,2024-08-05 16:25:04 UTC,0.343.1,18.2,mobile_phone
2025-01-07 23:39:13 UTC,iPhone15ProMax,ios,Olivine City,Johto,US,2024-08-05 16:25:04 UTC,0.343.1,18.2,mobile_phone
2025-01-07 18:31:30 UTC,iPhone15ProMax,ios,Olivine City,Johto,US,2024-08-05 16:25:04 UTC,0.343.1,18.2,mobile_phone
2024-04-26 06:25:55 UTC,iPhone15ProMax,ios,Viridian City,Kanto,US,2023-12-26 17:08:09 UTC,0.309.1,17.4.1,phone
2026-05-01 14:54:14 UTC,iPhone15ProMax,ios,Olivine City,Johto,US,2024-08-05 16:25:04 UTC,0.407.0,26.3.1,mobile_phone
2024-08-15 05:20:44 UTC,iPhone15ProMax,ios,Olivine City,Johto,US,2024-08-05 16:25:04 UTC,0.325.2,17.6.1,mobile_phone
2024-08-15 01:42:30 UTC,iPhone15ProMax,ios,Celadon City,Kanto,US,2024-08-05 16:25:04 UTC,0.325.2,17.6.1,mobile_phone
2024-08-15 00:43:12 UTC,iPhone15ProMax,ios,Olivine City,Johto,US,2024-08-05 16:25:04 UTC,0.325.2,17.6.1,mobile_phone
2025-11-03 20:04:06 UTC,iPhone15ProMax,ios,Olivine City,Johto,US,2024-08-05 16:25:04 UTC,0.385.0,26.0.1,mobile_phone
2025-11-03 04:23:03 UTC,iPhone15ProMax,ios,Olivine City,Johto,US,2024-08-05 16:25:04 UTC,0.385.0,26.0.1,mobile_phone
2025-11-21 22:08:23 UTC,iPhone15ProMax,ios,Viridian City,Kanto,US,2024-08-05 16:25:04 UTC,0.387.0,26.1,mobile_phone
2025-11-21 04:33:03 UTC,iPhone15ProMax,ios,Olivine City,Johto,US,2024-08-05 16:25:04 UTC,0.387.0,26.1,mobile_phone
2025-11-21 05:04:29 UTC,iPhone15ProMax,ios,Olivine City,Johto,US,2024-08-05 16:25:04 UTC,0.387.0,26.1,mobile_phone
2025-11-21 23:57:12 UTC,iPhone15ProMax,ios,Viridian City,Kanto,US,2024-08-05 16:25:04 UTC,0.387.0,26.1,mobile_phone
2025-04-27 23:31:02 UTC,iPhone15ProMax,ios,Viridian City,Kanto,US,2024-08-05 16:25:04 UTC,0.357.2,18.4.1,mobile_phone
2025-04-27 22:48:48 UTC,iPhone15ProMax,ios,Viridian City,Kanto,US,2024-08-05 16:25:04 UTC,0.357.2,18.4.1,mobile_phone
2025-04-27 05:34:39 UTC,iPhone15ProMax,ios,Olivine City,Johto,US,2024-08-05 16:25:04 UTC,0.357.2,18.4.1,mobile_phone
2026-06-11 02:41:57 UTC,iPhone15ProMax,ios,Olivine City,Johto,US,2024-08-05 16:25:04 UTC,0.413.2,26.5,mobile_phone
2025-03-03 00:41:57 UTC,iPhone15ProMax,ios,Olivine City,Johto,US,2024-08-05 16:25:04 UTC,0.349.1,18.3.1,mobile_phone
2025-03-03 02:30:36 UTC,iPhone15ProMax,ios,Olivine City,Johto,US,2024-08-05 16:25:04 UTC,0.349.1,18.3.1,mobile_phone
2024-10-21 17:54:42 UTC,iPhone15ProMax,ios,Olivine City,Johto,US,2024-08-05 16:25:04 UTC,0.335.1,18.0.1,mobile_phone
2024-10-21 20:27:04 UTC,iPhone15ProMax,ios,Olivine City,Johto,US,2024-08-05 16:25:04 UTC,0.335.1,18.0.1,mobile_phone
2025-09-21 15:43:36 UTC,iPhone15ProMax,ios,Pallet Town,Kanto,US,2024-08-05 16:25:04 UTC,0.377.1,26.0,mobile_phone
2025-09-21 01:28:08 UTC,iPhone15ProMax,ios,Olivine City,Johto,US,2024-08-05 16:25:04 UTC,0.377.1,26.0,mobile_phone
2025-09-21 14:54:16 UTC,iPhone15ProMax,ios,Pallet Town,Kanto,US,2024-08-05 16:25:04 UTC,0.377.1,26.0,mobile_phone
2025-09-21 15:53:51 UTC,iPhone15ProMax,ios,Pallet Town,Kanto,US,2024-08-05 16:25:04 UTC,0.377.1,26.0,mobile_phone
2022-07-18 14:56:33 UTC,Pixel 4a,android,Cerulean City,Kanto,US,2021-07-01 16:46:46 UTC,0.243.0,12,phone
2025-12-13 17:08:54 UTC,iPhone15ProMax,ios,Olivine City,Johto,US,2024-08-05 16:25:04 UTC,0.389.2,26.1,mobile_phone
2025-12-13 03:39:40 UTC,iPhone15ProMax,ios,Olivine City,Johto,US,2024-08-05 16:25:04 UTC,0.389.2,26.1,mobile_phone
2026-03-10 21:57:16 UTC,iPhone15ProMax,ios,Ecruteak City,Johto,US,2024-08-05 16:25:04 UTC,0.401.1,26.3.1,mobile_phone
2026-03-10 15:02:51 UTC,iPhone15ProMax,ios,Ecruteak City,Johto,US,2024-08-05 16:25:04 UTC,0.401.0,26.3.1,mobile_phone
2023-03-02 01:57:09 UTC,Pixel 4a,android,Olivine City,Johto,US,2023-02-23 19:14:35 UTC,0.263.0,13,phone
2026-05-08 00:34:54 UTC,iPhone15ProMax,ios,Viridian City,Kanto,US,2024-08-05 16:25:04 UTC,0.409.0,26.4.2,mobile_phone
2022-07-28 23:33:45 UTC,SM-G986U,android,Cerulean City,Kanto,US,2022-07-02 20:03:18 UTC,0.243.0,12,phone
2025-07-11 04:04:47 UTC,iPhone15ProMax,ios,Ecruteak City,Johto,US,2024-08-05 16:25:04 UTC,0.369.0,18.5,mobile_phone
2025-07-11 01:14:41 UTC,iPhone15ProMax,ios,Olivine City,Johto,US,2024-08-05 16:25:04 UTC,0.369.0,18.5,mobile_phone
2025-02-19 00:27:06 UTC,iPhone15ProMax,ios,Olivine City,Johto,US,2024-08-05 16:25:04 UTC,0.349.0,18.3.1,mobile_phone
2025-02-19 01:20:48 UTC,iPhone15ProMax,ios,Cerulean City,Kanto,US,2024-08-05 16:25:04 UTC,0.349.0,18.3.1,mobile_phone
2025-07-22 03:55:37 UTC,iPhone15ProMax,ios,Olivine City,Johto,US,2024-08-05 16:25:04 UTC,0.369.1,18.5,mobile_phone
2025-07-22 05:40:18 UTC,iPhone15ProMax,ios,Olivine City,Johto,US,2024-08-05 16:25:04 UTC,0.369.1,18.5,mobile_phone
2024-06-18 03:50:38 UTC,iPhone15ProMax,ios,Cerulean City,Kanto,US,2023-12-26 17:08:09 UTC,0.317.0,17.5.1,unknown_device_category
2024-03-03 01:40:23 UTC,iPhone15ProMax,ios,Olivine City,Johto,US,2023-12-26 17:08:09 UTC,0.301.0,17.3.1,phone
2024-03-03 03:39:04 UTC,iPhone15ProMax,ios,Olivine City,Johto,US,2023-12-26 17:08:09 UTC,0.301.0,17.3.1,phone
2024-03-03 22:42:28 UTC,iPhone15ProMax,ios,Olivine City,Johto,US,2023-12-26 17:08:09 UTC,0.301.0,17.3.1,phone
2026-04-03 05:40:47 UTC,iPhone15ProMax,ios,Olivine City,Johto,US,2024-08-05 16:25:04 UTC,0.405.0,26.3.1,mobile_phone
2023-01-27 22:25:27 UTC,SM-G986U,android,Olivine City,Johto,US,2023-01-09 02:58:29 UTC,0.257.1,13,phone
2025-06-11 05:36:13 UTC,iPhone15ProMax,ios,Pallet Town,Kanto,US,2024-08-05 16:25:04 UTC,0.363.2,18.5,mobile_phone
2025-06-11 04:00:19 UTC,iPhone15ProMax,ios,Pallet Town,Kanto,US,2024-08-05 16:25:04 UTC,0.363.2,18.5,mobile_phone
2024-08-18 17:32:19 UTC,iPhone15ProMax,ios,Olivine City,Johto,US,2024-08-05 16:25:04 UTC,0.325.2,17.6.1,mobile_phone
2024-08-18 23:13:40 UTC,iPhone15ProMax,ios,Celadon City,Kanto,US,2024-08-05 16:25:04 UTC,0.325.2,17.6.1,mobile_phone
2024-08-18 04:04:10 UTC,iPhone15ProMax,ios,Olivine City,Johto,US,2024-08-05 16:25:04 UTC,0.325.2,17.6.1,mobile_phone
2024-08-18 22:50:07 UTC,iPhone15ProMax,ios,Celadon City,Kanto,US,2024-08-05 16:25:04 UTC,0.325.2,17.6.1,mobile_phone
2024-08-18 05:17:49 UTC,iPhone15ProMax,ios,Olivine City,Johto,US,2024-08-05 16:25:04 UTC,0.325.2,17.6.1,mobile_phone
2025-11-28 23:21:49 UTC,iPhone15ProMax,ios,Olivine City,Johto,US,2024-08-05 16:25:04 UTC,0.387.1,26.1,mobile_phone
2025-11-28 17:52:56 UTC,iPhone15ProMax,ios,Olivine City,Johto,US,2024-08-05 16:25:04 UTC,0.387.1,26.1,mobile_phone
2025-11-28 18:42:57 UTC,iPhone15ProMax,ios,New Bark Town,Johto,US,2024-08-05 16:25:04 UTC,0.387.1,26.1,mobile_phone
2022-07-15 04:00:30 UTC,SM-G986U,android,Cerulean City,Kanto,US,2022-07-02 20:03:18 UTC,0.241.1,12,phone
2026-01-08 05:05:48 UTC,iPhone15ProMax,ios,Olivine City,Johto,US,2024-08-05 16:25:04 UTC,0.391.1,26.2,mobile_phone
2025-03-31 02:22:36 UTC,iPhone15ProMax,ios,Olivine City,Johto,US,2024-08-05 16:25:04 UTC,0.353.2,18.3.2,mobile_phone
2025-03-31 21:03:06 UTC,iPhone15ProMax,ios,Celadon City,Kanto,US,2024-08-05 16:25:04 UTC,0.353.2,18.3.2,mobile_phone
2022-05-21 00:01:50 UTC,SM-G986U,android,Pallet Town,Kanto,US,2022-04-21 18:52:51 UTC,0.237.0,12,phone
2025-09-04 20:09:26 UTC,iPhone15ProMax,ios,Goldenrod City,Johto,US,2024-08-05 16:25:04 UTC,0.375.2,18.6.2,mobile_phone
2025-09-04 01:10:58 UTC,iPhone15ProMax,ios,Olivine City,Johto,US,2024-08-05 16:25:04 UTC,0.375.2,18.6.2,mobile_phone
2024-10-01 01:16:23 UTC,iPhone15ProMax,ios,Cerulean City,Kanto,US,2024-08-05 16:25:04 UTC,0.331.1,18.0,mobile_phone
2024-10-01 23:46:34 UTC,iPhone15ProMax,ios,Olivine City,Johto,US,2024-08-05 16:25:04 UTC,0.333.0,18.0,mobile_phone
2024-10-18 05:58:24 UTC,iPhone15ProMax,ios,Olivine City,Johto,US,2024-08-05 16:25:04 UTC,0.335.0,18.0.1,mobile_phone
2024-10-18 17:09:50 UTC,iPhone15ProMax,ios,Olivine City,Johto,US,2024-08-05 16:25:04 UTC,0.335.0,18.0.1,mobile_phone
2022-06-16 16:31:12 UTC,SM-G986U,android,Cerulean City,Kanto,US,2022-06-01 10:44:54 UTC,0.239.2,12,phone
2022-06-16 12:59:47 UTC,SM-G986U,android,Cerulean City,Kanto,US,2022-06-01 10:44:54 UTC,0.239.2,12,phone
2022-05-09 03:45:29 UTC,SM-G986U,android,Pallet Town,Kanto,US,2022-04-21 18:52:51 UTC,0.237.0,12,phone
2022-05-09 05:31:30 UTC,SM-G986U,android,Pallet Town,Kanto,US,2022-04-21 18:52:51 UTC,0.237.0,12,phone
2025-05-22 16:01:15 UTC,iPhone15ProMax,ios,Olivine City,Johto,US,2024-08-05 16:25:04 UTC,0.361.0,18.4.1,mobile_phone
2025-05-22 01:43:51 UTC,iPhone15ProMax,ios,Celadon City,Kanto,US,2024-08-05 16:25:04 UTC,0.361.0,18.4.1,mobile_phone
2022-03-28 16:01:18 UTC,SM-G986U,android,Pallet Town,Kanto,US,2022-03-25 07:16:03 UTC,0.233.0,12,phone
2022-03-28 05:50:30 UTC,SM-G986U,android,Pallet Town,Kanto,US,2022-03-25 07:16:03 UTC,0.233.0,12,phone
2022-03-28 17:15:33 UTC,SM-G986U,android,Pallet Town,Kanto,US,2022-03-25 07:16:03 UTC,0.233.0,12,phone
2022-03-28 06:18:31 UTC,SM-G986U,android,Pallet Town,Kanto,US,2022-03-25 07:16:03 UTC,0.233.0,12,phone
2025-07-09 00:33:39 UTC,iPhone15ProMax,ios,Olivine City,Johto,US,2024-08-05 16:25:04 UTC,0.367.2,18.5,mobile_phone
2025-07-09 04:44:00 UTC,iPhone15ProMax,ios,Olivine City,Johto,US,2024-08-05 16:25:04 UTC,0.367.2,18.5,mobile_phone
2025-07-09 03:44:53 UTC,iPhone15ProMax,ios,Olivine City,Johto,US,2024-08-05 16:25:04 UTC,0.367.2,18.5,mobile_phone
2025-07-09 04:09:49 UTC,iPhone15ProMax,ios,Goldenrod City,Johto,US,2024-08-05 16:25:04 UTC,0.367.2,18.5,mobile_phone
2025-09-03 14:22:51 UTC,iPhone15ProMax,ios,Olivine City,Johto,US,2024-08-05 16:25:04 UTC,0.375.2,18.6.2,mobile_phone
2025-09-03 03:53:04 UTC,iPhone15ProMax,ios,Olivine City,Johto,US,2024-08-05 16:25:04 UTC,0.375.2,18.6.2,mobile_phone
2025-03-22 21:23:42 UTC,iPhone15ProMax,ios,Pallet Town,Kanto,US,2024-08-05 16:25:04 UTC,0.353.1,18.3.2,mobile_phone
2025-03-22 22:34:13 UTC,iPhone15ProMax,ios,Pallet Town,Kanto,US,2024-08-05 16:25:04 UTC,0.353.1,18.3.2,mobile_phone
2025-03-22 06:45:23 UTC,iPhone15ProMax,ios,Olivine City,Johto,US,2024-08-05 16:25:04 UTC,0.353.0,18.3.2,mobile_phone
2026-06-19 04:15:39 UTC,iPhone15ProMax,ios,Olivine City,Johto,US,2024-08-05 16:25:04 UTC,0.415.2,26.5,mobile_phone
2026-02-28 05:37:10 UTC,iPhone15ProMax,ios,Olivine City,Johto,US,2024-08-05 16:25:04 UTC,0.399.1,26.3,mobile_phone
2026-02-28 15:17:23 UTC,iPhone15ProMax,ios,Olivine City,Johto,US,2024-08-05 16:25:04 UTC,0.399.1,26.3,mobile_phone
2026-02-28 03:13:43 UTC,iPhone15ProMax,ios,Olivine City,Johto,US,2024-08-05 16:25:04 UTC,0.399.1,26.3,mobile_phone
2026-02-28 23:03:27 UTC,iPhone15ProMax,ios,Cerulean City,Kanto,US,2024-08-05 16:25:04 UTC,0.399.1,26.3,mobile_phone
2026-02-28 23:40:04 UTC,iPhone15ProMax,ios,Cerulean City,Kanto,US,2024-08-05 16:25:04 UTC,0.399.1,26.3,mobile_phone
2025-03-06 01:07:34 UTC,iPhone15ProMax,ios,Olivine City,Johto,US,2024-08-05 16:25:04 UTC,0.349.1,18.3.1,mobile_phone
2025-03-06 22:46:15 UTC,iPhone15ProMax,ios,Olivine City,Johto,US,2024-08-05 16:25:04 UTC,0.351.0,18.3.1,mobile_phone
2025-03-06 19:31:18 UTC,iPhone15ProMax,ios,Olivine City,Johto,US,2024-08-05 16:25:04 UTC,0.351.0,18.3.1,mobile_phone
2025-09-20 16:17:07 UTC,iPhone15ProMax,ios,Pallet Town,Kanto,US,2024-08-05 16:25:04 UTC,0.377.1,26.0,mobile_phone
2025-09-20 16:52:15 UTC,iPhone15ProMax,ios,Pallet Town,Kanto,US,2024-08-05 16:25:04 UTC,0.377.1,26.0,mobile_phone
2025-09-20 05:21:37 UTC,iPhone15ProMax,ios,Olivine City,Johto,US,2024-08-05 16:25:04 UTC,0.377.1,26.0,mobile_phone
2025-09-20 18:53:26 UTC,iPhone15ProMax,ios,New Bark Town,Johto,US,2024-08-05 16:25:04 UTC,0.377.1,26.0,mobile_phone
2025-09-20 19:03:29 UTC,iPhone15ProMax,ios,New Bark Town,Johto,US,2024-08-05 16:25:04 UTC,0.377.1,26.0,mobile_phone
2024-09-28 18:56:25 UTC,iPhone15ProMax,ios,Olivine City,Johto,US,2024-08-05 16:25:04 UTC,0.331.1,18.0,mobile_phone
2022-06-01 00:38:30 UTC,SM-G986U,android,Pallet Town,Kanto,US,2022-04-21 18:52:51 UTC,0.239.0,12,phone
2022-06-01 21:21:00 UTC,SM-G986U,android,Pallet Town,Kanto,US,2022-06-01 10:44:54 UTC,0.239.0,12,phone
2023-02-01 06:06:50 UTC,SM-G986U,android,Olivine City,Johto,US,2023-01-09 02:58:29 UTC,0.257.1,13,phone
2025-01-13 23:18:35 UTC,iPhone15ProMax,ios,Olivine City,Johto,US,2024-08-05 16:25:04 UTC,0.343.2,18.2.1,mobile_phone
2025-01-13 19:48:49 UTC,iPhone15ProMax,ios,Goldenrod City,Johto,US,2024-08-05 16:25:04 UTC,0.343.2,18.2.1,mobile_phone
2025-11-18 20:08:15 UTC,iPhone15ProMax,ios,Olivine City,Johto,US,2024-08-05 16:25:04 UTC,0.385.2,26.1,mobile_phone
2025-11-18 16:48:13 UTC,iPhone15ProMax,ios,Olivine City,Johto,US,2024-08-05 16:25:04 UTC,0.385.2,26.1,mobile_phone
2025-11-18 05:01:38 UTC,iPhone15ProMax,ios,Ecruteak City,Johto,US,2024-08-05 16:25:04 UTC,0.385.2,26.1,mobile_phone
2024-07-08 03:08:14 UTC,iPhone15ProMax,ios,Viridian City,Kanto,US,2023-12-26 17:08:09 UTC,0.319.0,17.5.1,mobile_phone
2024-07-08 21:07:52 UTC,iPhone15ProMax,ios,Ecruteak City,Johto,US,2023-12-26 17:08:09 UTC,0.319.0,17.5.1,mobile_phone
2024-07-08 22:23:48 UTC,iPhone15ProMax,ios,Viridian City,Kanto,US,2023-12-26 17:08:09 UTC,0.319.0,17.5.1,mobile_phone
2024-07-08 00:09:45 UTC,iPhone15ProMax,ios,Viridian City,Kanto,US,2023-12-26 17:08:09 UTC,0.319.0,17.5.1,mobile_phone
2024-07-08 04:37:51 UTC,iPhone15ProMax,ios,Viridian City,Kanto,US,2023-12-26 17:08:09 UTC,0.319.0,17.5.1,mobile_phone
2026-02-18 17:14:02 UTC,iPhone15ProMax,ios,New Bark Town,Johto,US,2024-08-05 16:25:04 UTC,0.397.1,26.2.1,mobile_phone
2022-06-20 13:44:53 UTC,SM-G986U,android,Cerulean City,Kanto,US,2022-06-01 10:44:54 UTC,0.239.2,12,phone
2022-06-20 17:22:57 UTC,SM-G986U,android,Cerulean City,Kanto,US,2022-06-01 10:44:54 UTC,0.239.2,12,phone
2022-06-20 03:23:53 UTC,SM-G986U,android,Cerulean City,Kanto,US,2022-06-01 10:44:54 UTC,0.239.2,12,phone
2023-01-18 03:36:33 UTC,SM-G986U,android,Olivine City,Johto,US,2023-01-09 02:58:29 UTC,0.257.1,13,phone
2025-10-22 14:53:12 UTC,iPhone15ProMax,ios,Pallet Town,Kanto,US,2024-08-05 16:25:04 UTC,0.383.2,26.0.1,mobile_phone
2026-03-07 21:57:23 UTC,iPhone15ProMax,ios,Celadon City,Kanto,US,2024-08-05 16:25:04 UTC,0.401.0,26.3.1,mobile_phone
2026-03-07 02:09:17 UTC,iPhone12,ios,Olivine City,Johto,US,2025-10-08 02:02:25 UTC,0.401.0,26.3,mobile_phone
2022-06-19 01:04:51 UTC,SM-G986U,android,Cerulean City,Kanto,US,2022-06-01 10:44:54 UTC,0.239.2,12,phone
2025-10-31 01:22:06 UTC,iPhone15ProMax,ios,Olivine City,Johto,US,2024-08-05 16:25:04 UTC,0.385.0,26.0.1,mobile_phone
2025-10-31 01:55:07 UTC,iPhone15ProMax,ios,Olivine City,Johto,US,2024-08-05 16:25:04 UTC,0.385.0,26.0.1,mobile_phone
2026-04-23 01:56:56 UTC,iPhone15ProMax,ios,Pallet Town,Kanto,US,2024-08-05 16:25:04 UTC,0.407.0,26.3.1,mobile_phone
2026-04-23 15:34:11 UTC,iPhone15ProMax,ios,Olivine City,Johto,US,2024-08-05 16:25:04 UTC,0.407.0,26.3.1,mobile_phone
2022-09-12 02:42:09 UTC,Pixel 4a,android,Olivine City,Johto,US,2021-07-01 16:46:46 UTC,0.247.1,12,phone
2022-04-10 19:50:06 UTC,SM-G986U,android,Pallet Town,Kanto,US,2022-04-04 05:03:56 UTC,0.233.1,12,phone
2022-04-10 03:18:47 UTC,SM-G986U,android,Pallet Town,Kanto,US,2022-04-04 05:03:56 UTC,0.233.1,12,phone
2024-07-13 02:16:20 UTC,iPhone15ProMax,ios,Viridian City,Kanto,US,2023-12-26 17:08:09 UTC,0.319.0,17.5.1,mobile_phone
2024-07-13 03:41:51 UTC,iPhone15ProMax,ios,Viridian City,Kanto,US,2023-12-26 17:08:09 UTC,0.319.0,17.5.1,mobile_phone
2024-07-13 17:47:41 UTC,iPhone15ProMax,ios,Olivine City,Johto,US,2023-12-26 17:08:09 UTC,0.319.0,17.5.1,mobile_phone
2024-07-13 08:38:32 UTC,iPhone15ProMax,ios,Viridian City,Kanto,US,2023-12-26 17:08:09 UTC,0.319.0,17.5.1,mobile_phone
2024-07-13 15:54:51 UTC,iPhone15ProMax,ios,Viridian City,Kanto,US,2023-12-26 17:08:09 UTC,0.319.0,17.5.1,mobile_phone
2024-07-13 20:34:58 UTC,iPhone15ProMax,ios,Olivine City,Johto,US,2023-12-26 17:08:09 UTC,0.319.0,17.5.1,mobile_phone
2024-07-13 21:19:28 UTC,iPhone15ProMax,ios,Olivine City,Johto,US,2023-12-26 17:08:09 UTC,0.319.0,17.5.1,mobile_phone
2024-07-13 23:23:00 UTC,iPhone15ProMax,ios,Viridian City,Kanto,US,2023-12-26 17:08:09 UTC,0.319.0,17.5.1,mobile_phone
2024-06-12 00:38:41 UTC,iPhone15ProMax,ios,Olivine City,Johto,US,2023-12-26 17:08:09 UTC,0.315.2,17.5.1,phone
2024-06-12 23:26:06 UTC,iPhone15ProMax,ios,Olivine City,Johto,US,2023-12-26 17:08:09 UTC,0.317.0,17.5.1,phone
2026-04-26 00:44:03 UTC,iPhone15ProMax,ios,Pallet Town,Kanto,US,2024-08-05 16:25:04 UTC,0.407.0,26.3.1,mobile_phone
2024-06-16 07:01:14 UTC,iPhone15ProMax,ios,Olivine City,Johto,US,2023-12-26 17:08:09 UTC,0.317.0,17.5.1,phone
2024-06-16 03:43:12 UTC,iPhone15ProMax,ios,Olivine City,Johto,US,2023-12-26 17:08:09 UTC,0.317.0,17.5.1,phone
2024-06-16 02:52:14 UTC,iPhone15ProMax,ios,Olivine City,Johto,US,2023-12-26 17:08:09 UTC,0.317.0,17.5.1,phone
2024-06-01 00:39:20 UTC,iPhone15ProMax,ios,Olivine City,Johto,US,2023-12-26 17:08:09 UTC,0.315.1,17.5.1,phone
2024-06-01 08:59:25 UTC,iPhone15ProMax,ios,Olivine City,Johto,US,2023-12-26 17:08:09 UTC,0.315.1,17.5.1,phone
2024-06-01 04:57:10 UTC,iPhone15ProMax,ios,Olivine City,Johto,US,2023-12-26 17:08:09 UTC,0.315.1,17.5.1,phone
2024-06-01 04:35:35 UTC,iPhone15ProMax,ios,Olivine City,Johto,US,2023-12-26 17:08:09 UTC,0.315.1,17.5.1,phone
2024-06-01 19:23:45 UTC,iPhone15ProMax,ios,Olivine City,Johto,US,2023-12-26 17:08:09 UTC,0.315.1,17.5.1,phone
2024-07-03 23:49:35 UTC,iPhone15ProMax,ios,Viridian City,Kanto,US,2023-12-26 17:08:09 UTC,0.319.0,17.5.1,mobile_phone
2024-07-03 00:54:59 UTC,iPhone15ProMax,ios,Viridian City,Kanto,US,2023-12-26 17:08:09 UTC,0.319.0,17.5.1,mobile_phone
2024-07-03 18:01:07 UTC,iPhone15ProMax,ios,Viridian City,Kanto,US,2023-12-26 17:08:09 UTC,0.319.0,17.5.1,mobile_phone
2024-07-03 18:42:04 UTC,iPhone15ProMax,ios,Viridian City,Kanto,US,2023-12-26 17:08:09 UTC,0.319.0,17.5.1,mobile_phone
2024-07-03 04:57:01 UTC,iPhone15ProMax,ios,Celadon City,Kanto,US,2023-12-26 17:08:09 UTC,0.319.0,17.5.1,mobile_phone
2025-06-04 14:00:30 UTC,iPhone15ProMax,ios,New Bark Town,Johto,US,2024-08-05 16:25:04 UTC,0.363.2,18.5,mobile_phone
2025-06-29 21:45:01 UTC,iPhone15ProMax,ios,Pallet Town,Kanto,US,2024-08-05 16:25:04 UTC,0.367.1,18.5,mobile_phone
2025-06-29 00:04:58 UTC,iPhone15ProMax,ios,Olivine City,Johto,US,2024-08-05 16:25:04 UTC,0.367.1,18.5,mobile_phone
2025-06-29 19:42:14 UTC,iPhone15ProMax,ios,Pallet Town,Kanto,US,2024-08-05 16:25:04 UTC,0.367.1,18.5,mobile_phone
2025-06-29 23:23:22 UTC,iPhone15ProMax,ios,Pallet Town,Kanto,US,2024-08-05 16:25:04 UTC,0.367.1,18.5,mobile_phone
2025-08-16 16:50:32 UTC,iPhone15ProMax,ios,Ecruteak City,Johto,US,2024-08-05 16:25:04 UTC,0.373.2,18.6,mobile_phone
2025-08-16 00:31:29 UTC,iPhone15ProMax,ios,Olivine City,Johto,US,2024-08-05 16:25:04 UTC,0.373.2,18.6,mobile_phone
2025-08-16 19:46:10 UTC,iPhone15ProMax,ios,Ecruteak City,Johto,US,2024-08-05 16:25:04 UTC,0.373.2,18.6,mobile_phone
2025-08-16 01:44:15 UTC,iPhone15ProMax,ios,Olivine City,Johto,US,2024-08-05 16:25:04 UTC,0.373.2,18.6,mobile_phone
2025-08-16 01:24:02 UTC,iPhone15ProMax,ios,Olivine City,Johto,US,2024-08-05 16:25:04 UTC,0.373.2,18.6,mobile_phone
2022-03-29 00:04:35 UTC,SM-G986U,android,Pallet Town,Kanto,US,2022-03-25 07:16:03 UTC,0.233.0,12,phone
2022-03-29 22:30:27 UTC,SM-G986U,android,Pallet Town,Kanto,US,2022-03-25 07:16:03 UTC,0.233.0,12,phone
2022-03-29 17:52:54 UTC,SM-G986U,android,Pallet Town,Kanto,US,2022-03-25 07:16:03 UTC,0.233.0,12,phone
2026-03-06 19:03:50 UTC,iPhone15ProMax,ios,Olivine City,Johto,US,2024-08-05 16:25:04 UTC,0.401.0,26.3,mobile_phone
2026-03-06 03:58:28 UTC,iPhone15ProMax,ios,Olivine City,Johto,US,2024-08-05 16:25:04 UTC,0.401.0,26.3,mobile_phone
2026-03-06 23:28:39 UTC,iPhone15ProMax,ios,Olivine City,Johto,US,2024-08-05 16:25:04 UTC,0.401.0,26.3,mobile_phone
2026-03-06 02:47:22 UTC,iPhone15ProMax,ios,Olivine City,Johto,US,2024-08-05 16:25:04 UTC,0.401.0,26.3,mobile_phone
2026-03-20 06:05:00 UTC,iPhone15ProMax,ios,Olivine City,Johto,US,2024-08-05 16:25:04 UTC,0.403.1,26.3.1,mobile_phone
2024-04-02 02:52:28 UTC,iPhone15ProMax,ios,Olivine City,Johto,US,2023-12-26 17:08:09 UTC,0.305.1,17.3.1,phone
2024-04-02 06:24:33 UTC,iPhone15ProMax,ios,Olivine City,Johto,US,2023-12-26 17:08:09 UTC,0.305.1,17.3.1,phone
2025-09-27 03:57:10 UTC,iPhone15ProMax,ios,Viridian City,Kanto,US,2024-08-05 16:25:04 UTC,0.379.0,26.0,mobile_phone
2025-09-27 19:35:52 UTC,iPhone15ProMax,ios,Olivine City,Johto,US,2024-08-05 16:25:04 UTC,0.379.0,26.0,mobile_phone
2025-04-15 14:33:14 UTC,iPhone15ProMax,ios,Olivine City,Johto,US,2024-08-05 16:25:04 UTC,0.357.0,18.4,mobile_phone
2025-09-15 14:08:07 UTC,iPhone15ProMax,ios,Goldenrod City,Johto,US,2024-08-05 16:25:04 UTC,0.377.1,18.6.2,mobile_phone
2025-01-19 06:04:03 UTC,iPhone15ProMax,ios,Olivine City,Johto,US,2024-08-05 16:25:04 UTC,0.343.2,18.2.1,mobile_phone
2025-01-19 15:03:03 UTC,iPhone15ProMax,ios,Olivine City,Johto,US,2024-08-05 16:25:04 UTC,0.343.2,18.2.1,mobile_phone
2025-01-19 21:58:46 UTC,iPhone15ProMax,ios,Cerulean City,Kanto,US,2024-08-05 16:25:04 UTC,0.343.2,18.2.1,mobile_phone
2025-01-19 02:53:44 UTC,iPhone15ProMax,ios,Olivine City,Johto,US,2024-08-05 16:25:04 UTC,0.343.2,18.2.1,mobile_phone
2025-01-19 22:41:09 UTC,iPhone15ProMax,ios,Cerulean City,Kanto,US,2024-08-05 16:25:04 UTC,0.343.2,18.2.1,mobile_phone
2024-09-08 06:20:15 UTC,iPhone15ProMax,ios,Olivine City,Johto,US,2024-08-05 16:25:04 UTC,0.329.2,17.6.1,mobile_phone
2024-09-08 22:01:32 UTC,iPhone15ProMax,ios,Olivine City,Johto,US,2024-08-05 16:25:04 UTC,0.329.2,17.6.1,mobile_phone
2024-09-08 22:28:04 UTC,iPhone15ProMax,ios,Olivine City,Johto,US,2024-08-05 16:25:04 UTC,0.329.2,17.6.1,mobile_phone
2024-09-08 03:18:40 UTC,iPhone15ProMax,ios,Viridian City,Kanto,US,2024-08-05 16:25:04 UTC,0.329.2,17.6.1,mobile_phone
2024-09-08 02:53:40 UTC,iPhone15ProMax,ios,Viridian City,Kanto,US,2024-08-05 16:25:04 UTC,0.329.2,17.6.1,mobile_phone
2026-05-02 22:41:29 UTC,iPhone15ProMax,ios,Olivine City,Johto,US,2024-08-05 16:25:04 UTC,0.409.0,26.3.1,mobile_phone
2026-05-02 23:23:56 UTC,iPhone15ProMax,ios,Olivine City,Johto,US,2024-08-05 16:25:04 UTC,0.409.0,26.3.1,mobile_phone
2025-08-06 04:58:41 UTC,iPhone15ProMax,ios,Olivine City,Johto,US,2024-08-05 16:25:04 UTC,0.373.0,18.6,mobile_phone
2024-05-23 06:39:43 UTC,iPhone15ProMax,ios,Olivine City,Johto,US,2023-12-26 17:08:09 UTC,0.313.1,17.5.1,phone
2025-02-24 14:49:23 UTC,iPhone15ProMax,ios,Olivine City,Johto,US,2024-08-05 16:25:04 UTC,0.349.0,18.3.1,mobile_phone
2025-02-24 01:14:02 UTC,iPhone15ProMax,ios,Olivine City,Johto,US,2024-08-05 16:25:04 UTC,0.349.0,18.3.1,mobile_phone
2025-02-24 16:42:46 UTC,iPhone15ProMax,ios,Pallet Town,Kanto,US,2024-08-05 16:25:04 UTC,0.349.0,18.3.1,mobile_phone
2025-02-24 22:42:27 UTC,iPhone15ProMax,ios,Olivine City,Johto,US,2024-08-05 16:25:04 UTC,0.349.0,18.3.1,mobile_phone
2025-02-24 16:13:20 UTC,iPhone15ProMax,ios,Pallet Town,Kanto,US,2024-08-05 16:25:04 UTC,0.349.0,18.3.1,mobile_phone
2024-04-03 17:09:33 UTC,iPhone15ProMax,ios,Olivine City,Johto,US,2023-12-26 17:08:09 UTC,0.305.1,17.4.1,phone
2024-04-03 17:20:38 UTC,iPhone15ProMax,ios,Olivine City,Johto,US,2023-12-26 17:08:09 UTC,0.305.1,17.4.1,phone
2024-04-03 23:44:29 UTC,iPhone15ProMax,ios,Olivine City,Johto,US,2023-12-26 17:08:09 UTC,0.307.1,17.4.1,phone
2025-04-30 02:06:06 UTC,iPhone15ProMax,ios,Olivine City,Johto,US,2024-08-05 16:25:04 UTC,0.359.0,18.4.1,mobile_phone
2022-03-12 04:58:27 UTC,SM-G986U,android,Pallet Town,Kanto,US,2022-02-27 06:08:31 UTC,0.231.0,12,phone
2025-09-30 02:06:56 UTC,iPhone15ProMax,ios,Olivine City,Johto,US,2024-08-05 16:25:04 UTC,0.379.0,26.0.1,mobile_phone
2025-09-30 02:39:30 UTC,iPhone15ProMax,ios,Olivine City,Johto,US,2024-08-05 16:25:04 UTC,0.379.0,26.0.1,mobile_phone
2025-09-30 03:02:00 UTC,iPhone15ProMax,ios,Olivine City,Johto,US,2024-08-05 16:25:04 UTC,0.379.0,26.0.1,mobile_phone
2026-03-03 14:01:51 UTC,iPhone15ProMax,ios,Cerulean City,Kanto,US,2024-08-05 16:25:04 UTC,0.399.1,26.3,mobile_phone
2026-03-03 13:33:30 UTC,iPhone15ProMax,ios,Olivine City,Johto,US,2024-08-05 16:25:04 UTC,0.399.1,26.3,mobile_phone
2022-04-26 16:35:43 UTC,SM-G986U,android,Pallet Town,Kanto,US,2022-04-21 18:52:51 UTC,0.235.0,12,phone
2022-04-26 01:57:33 UTC,SM-G986U,android,Pallet Town,Kanto,US,2022-04-21 18:52:51 UTC,0.235.0,12,phone
2022-04-26 03:15:54 UTC,SM-G986U,android,Pallet Town,Kanto,US,2022-04-21 18:52:51 UTC,0.235.0,12,phone
2024-12-16 16:31:50 UTC,iPhone15ProMax,ios,Viridian City,Kanto,US,2024-08-05 16:25:04 UTC,0.341.2,18.2,mobile_phone
2024-12-16 00:26:15 UTC,iPhone15ProMax,ios,Celadon City,Kanto,US,2024-08-05 16:25:04 UTC,0.341.2,18.2,mobile_phone
2025-06-17 02:10:45 UTC,iPhone15ProMax,ios,Goldenrod City,Johto,US,2024-08-05 16:25:04 UTC,0.363.2,18.5,mobile_phone
2025-06-17 02:34:47 UTC,iPhone15ProMax,ios,Goldenrod City,Johto,US,2024-08-05 16:25:04 UTC,0.363.2,18.5,mobile_phone
2024-04-20 22:00:02 UTC,iPhone15ProMax,ios,Viridian City,Kanto,US,2023-12-26 17:08:09 UTC,0.309.1,17.4.1,phone
2022-03-24 21:21:03 UTC,SM-G986U,android,Pallet Town,Kanto,US,2022-02-27 06:08:31 UTC,0.231.0,12,phone
2022-03-24 18:01:10 UTC,SM-G986U,android,Pallet Town,Kanto,US,2022-02-27 06:08:31 UTC,0.231.0,12,phone
2022-03-07 00:38:13 UTC,SM-G986U,android,Pallet Town,Kanto,US,2022-02-27 06:08:31 UTC,0.231.0,12,phone
2022-03-07 02:22:50 UTC,SM-G986U,android,Pallet Town,Kanto,US,2022-02-27 06:08:31 UTC,0.231.0,12,phone
2022-03-18 13:09:45 UTC,SM-G986U,android,Pallet Town,Kanto,US,2022-02-27 06:08:31 UTC,0.231.0,12,phone
2022-03-25 21:29:34 UTC,SM-G986U,android,Pallet Town,Kanto,US,2022-03-25 07:16:03 UTC,0.231.0,12,phone
2022-03-25 06:09:51 UTC,SM-G986U,android,Pallet Town,Kanto,US,2022-02-27 06:08:31 UTC,0.231.0,12,phone
2022-03-25 13:22:38 UTC,SM-G986U,android,Pallet Town,Kanto,US,2022-03-25 07:16:03 UTC,0.231.0,12,phone
2022-03-25 07:19:24 UTC,SM-G986U,android,Pallet Town,Kanto,US,2022-03-25 07:16:03 UTC,0.231.0,12,phone
2022-03-25 14:09:50 UTC,SM-G986U,android,Pallet Town,Kanto,US,2022-03-25 07:16:03 UTC,0.231.0,12,phone