Player_Latitude,Player_Longitude,Gym_Latitude,Gym_Longitude,Timestamp
33.840000,-118.200000,33.880000,-118.280000,2025-08-21 03:28:48.868 UTC
33.960000,-118.200000,33.960000,-118.200000,2025-08-21 01:27:44.967 UTC
34.040000,-118.200000,34.040000,-118.280000,2025-08-21 17:17:51.624 UTC
34.000000,-118.440000,34.040000,-118.360000,2025-08-21 01:14:06.471 UTC
51.480000,-0.160000,47.640000,-122.280000,2025-08-21 23:43:20.518 UTC
33.960000,-118.200000,33.960000,-118.200000,2025-08-21 01:17:05.844 UTC
-33.960000,151.360000,-33.920000,151.240000,2025-08-21 02:01:18.215 UTC
34.000000,-118.440000,34.040000,-118.360000,2025-08-21 01:33:09.972 UTC
-33.880000,151.240000,41.840000,-87.520000,2025-12-23 06:13:15.605 UTC
34.000000,-118.440000,34.040000,-118.360000,2026-01-18 23:01:08.518 UTC
33.960000,-118.200000,33.960000,-118.200000,2025-11-01 22:10:52.547 UTC
40.680000,-74.040000,34.200000,-118.240000,2025-11-01 21:57:39.835 UTC
40.640000,-73.960000,33.960000,-118.200000,2025-11-01 21:25:19.004 UTC
47.640000,-122.360000,34.080000,-118.040000,2025-11-01 17:28:01.269 UTC
34.080000,-118.480000,34.000000,-118.440000,2025-11-01 22:53:57.228 UTC
34.000000,-118.440000,34.040000,-118.360000,2025-06-21 03:01:46.643 UTC
34.000000,-118.440000,34.040000,-118.360000,2025-06-21 23:55:08.137 UTC
34.000000,-118.320000,33.960000,-118.200000,2025-06-21 22:23:29.544 UTC
47.680000,-122.320000,33.920000,-118.200000,2026-02-26 15:24:38.731 UTC
34.240000,-118.240000,34.200000,-118.160000,2026-02-26 01:17:34.918 UTC
40.640000,-73.960000,33.960000,-118.200000,2025-06-16 00:38:03.312 UTC
40.680000,-74.040000,34.200000,-118.240000,2025-08-31 21:52:52.451 UTC
33.960000,-118.200000,33.960000,-118.200000,2025-08-31 21:10:00.899 UTC
34.000000,-118.440000,34.040000,-118.360000,2025-08-31 22:09:18.489 UTC
40.640000,-73.960000,33.960000,-118.200000,2025-08-31 22:38:59.218 UTC
40.640000,-73.960000,33.960000,-118.200000,2025-08-31 22:35:22.061 UTC
40.640000,-73.960000,33.960000,-118.200000,2025-08-31 21:15:19.61 UTC
40.640000,-73.960000,33.960000,-118.200000,2025-08-31 21:20:22.24 UTC
34.080000,-118.320000,34.120000,-118.280000,2025-08-31 16:34:09.722 UTC
34.040000,-118.280000,33.960000,-118.200000,2025-08-31 23:07:38.783 UTC
-33.840000,151.200000,34.040000,-118.080000,2025-08-31 09:47:56.549 UTC
-33.880000,151.160000,34.000000,-118.440000,2026-01-03 18:18:26.967 UTC
34.000000,-118.280000,34.040000,-118.400000,2026-01-03 22:01:36.178 UTC
34.080000,-118.360000,34.040000,-118.400000,2026-01-03 22:01:47.486 UTC
34.000000,-118.440000,34.040000,-118.360000,2025-10-09 01:00:48.776 UTC
34.000000,-118.440000,34.040000,-118.360000,2025-10-09 01:45:14.716 UTC
34.000000,-118.160000,34.080000,-118.240000,2025-10-09 15:06:20.786 UTC
35.640000,139.600000,35.680000,139.720000,2025-10-09 04:12:41.752 UTC
40.680000,-74.040000,34.200000,-118.240000,2025-10-09 01:51:26.174 UTC
34.000000,-118.440000,34.040000,-118.360000,2025-10-09 00:53:49.408 UTC
51.480000,-0.200000,34.200000,-118.320000,2026-01-01 00:23:43.887 UTC
51.640000,-0.280000,51.560000,-0.200000,2026-01-01 01:12:15.519 UTC
51.440000,-0.160000,34.040000,-118.440000,2026-05-30 06:33:17.065 UTC
35.640000,139.640000,34.080000,-118.240000,2026-05-30 06:55:26.855 UTC
51.560000,-0.040000,34.120000,-118.200000,2026-05-30 05:20:14.27 UTC
34.000000,-118.120000,33.960000,-118.080000,2026-05-30 01:38:13.47 UTC
34.000000,-118.120000,33.960000,-118.080000,2026-05-30 00:55:59.413 UTC
34.000000,-118.120000,33.960000,-118.080000,2026-05-30 01:40:47.493 UTC
-23.520000,-46.640000,34.200000,-118.240000,2026-05-30 06:36:48.222 UTC
-23.520000,-46.640000,34.200000,-118.240000,2026-05-30 07:09:31.389 UTC
34.000000,-118.120000,33.960000,-118.080000,2026-05-30 07:06:42.634 UTC
33.880000,-118.080000,33.880000,-118.160000,2026-05-30 05:14:30.594 UTC
34.000000,-118.440000,34.040000,-118.360000,2026-05-07 01:32:43.062 UTC
40.800000,-74.000000,47.600000,-122.200000,2025-06-01 03:53:30.302 UTC
51.480000,-0.200000,51.560000,-0.040000,2025-06-01 03:50:33.369 UTC
35.640000,139.640000,34.080000,-118.240000,2026-05-28 02:50:12.345 UTC
34.000000,-118.120000,33.960000,-118.080000,2026-05-28 04:07:28.114 UTC
34.160000,-118.240000,34.160000,-118.320000,2026-05-28 03:29:41.784 UTC
34.080000,-118.320000,34.000000,-118.400000,2026-05-28 02:55:55.534 UTC
34.040000,-118.240000,34.000000,-118.240000,2026-05-28 02:27:52.553 UTC
34.000000,-118.360000,33.960000,-118.320000,2026-07-26 02:44:46.148 UTC
-23.560000,-46.560000,-23.480000,-46.600000,2026-07-26 02:44:54.137 UTC
51.400000,-0.080000,51.480000,-0.160000,2026-07-26 06:06:42.297 UTC
51.480000,-0.080000,34.080000,-118.360000,2026-07-26 06:11:23.221 UTC
51.520000,-0.240000,51.520000,-0.200000,2026-07-26 06:03:11.159 UTC
33.880000,-118.240000,33.920000,-118.240000,2026-01-19 21:36:09.794 UTC
40.640000,-73.960000,33.960000,-118.200000,2025-07-10 01:34:12.72 UTC
33.840000,-118.360000,33.920000,-118.360000,2025-07-10 02:31:55.207 UTC
40.640000,-73.960000,33.960000,-118.200000,2025-07-10 01:37:05.161 UTC
34.200000,-118.280000,34.240000,-118.200000,2025-07-10 03:26:24.529 UTC
34.000000,-118.440000,34.040000,-118.360000,2025-07-10 01:05:47.913 UTC
-33.920000,151.240000,-23.600000,-46.640000,2025-07-10 01:22:31.809 UTC
41.800000,-87.600000,33.920000,-118.240000,2026-02-24 22:41:45.893 UTC
34.240000,-118.320000,34.160000,-118.400000,2026-02-24 20:51:48.453 UTC
34.040000,-118.280000,33.960000,-118.200000,2026-02-24 01:05:40.211 UTC
41.880000,-87.520000,33.960000,-118.320000,2026-02-24 00:08:49.798 UTC
40.720000,-74.000000,35.720000,139.680000,2025-11-09 06:37:28.827 UTC
40.720000,-74.000000,35.720000,139.680000,2025-11-09 05:52:13.42 UTC
40.720000,-74.000000,35.720000,139.680000,2025-11-09 06:48:54.543 UTC
33.960000,-118.280000,33.960000,-118.200000,2025-11-09 05:39:12.223 UTC
51.560000,-0.120000,51.560000,-0.160000,2025-11-09 02:46:52.71 UTC
40.720000,-74.000000,35.720000,139.680000,2025-11-09 05:53:50.897 UTC
40.720000,-74.000000,35.720000,139.680000,2025-11-09 06:49:08.572 UTC
40.720000,-74.000000,35.720000,139.680000,2025-11-09 06:27:07.823 UTC
-23.440000,-46.680000,-23.520000,-46.640000,2026-05-24 20:07:27.635 UTC
41.880000,-87.720000,33.960000,-118.200000,2025-06-30 00:10:08.296 UTC
34.040000,-118.160000,34.040000,-118.080000,2025-06-30 01:08:37.435 UTC
34.000000,-118.120000,33.960000,-118.200000,2025-06-30 00:13:29.095 UTC
-33.840000,151.200000,-33.880000,151.240000,2025-06-30 01:16:14.796 UTC
34.040000,-118.280000,33.960000,-118.200000,2025-06-30 00:45:58.094 UTC
34.040000,-118.280000,33.960000,-118.200000,2025-06-30 00:45:12.579 UTC
-33.880000,151.280000,34.040000,-118.360000,2025-06-30 00:34:04.592 UTC
33.920000,-118.160000,33.920000,-118.240000,2025-06-30 01:07:47.287 UTC
-33.880000,151.280000,34.040000,-118.360000,2025-06-30 00:37:45.139 UTC
35.680000,139.720000,41.800000,-87.640000,2025-06-30 01:10:05.738 UTC
47.520000,-122.360000,47.560000,-122.320000,2025-06-30 02:40:48.628 UTC
41.880000,-87.720000,33.960000,-118.200000,2025-06-30 00:10:28.708 UTC
34.080000,-118.360000,34.040000,-118.360000,2025-06-30 00:06:23.091 UTC
47.560000,-122.360000,47.600000,-122.280000,2025-08-09 05:01:26.913 UTC
47.600000,-122.240000,33.920000,-118.200000,2026-06-07 22:53:33.615 UTC
34.200000,-118.120000,34.120000,-118.160000,2026-06-07 23:15:39.673 UTC
-23.560000,-46.520000,-23.600000,-46.600000,2026-07-18 02:29:46.959 UTC
40.720000,-74.080000,34.160000,-118.400000,2025-07-23 01:54:28.267 UTC
35.800000,139.680000,35.720000,139.640000,2025-07-23 02:32:01.907 UTC
34.160000,-118.080000,34.160000,-118.120000,2025-07-23 03:50:55.498 UTC
-33.840000,151.160000,-33.800000,151.200000,2026-07-14 03:32:30.799 UTC
33.960000,-118.080000,33.960000,-118.080000,2026-01-24 05:26:10.075 UTC
40.680000,-74.040000,34.200000,-118.240000,2026-01-24 22:08:58.503 UTC
40.640000,-73.960000,33.960000,-118.200000,2026-01-24 22:35:19.836 UTC
34.000000,-118.440000,34.040000,-118.360000,2026-01-24 22:45:48.441 UTC
40.640000,-73.960000,33.960000,-118.200000,2026-01-24 21:07:08.494 UTC
40.640000,-73.960000,33.960000,-118.200000,2026-01-24 22:26:47.412 UTC
-33.840000,151.280000,-33.920000,151.240000,2026-01-24 21:23:51.756 UTC
40.760000,-74.080000,34.120000,-118.080000,2026-01-24 05:26:03.672 UTC
-33.840000,151.280000,-33.920000,151.240000,2026-01-24 22:56:45.98 UTC
40.680000,-74.040000,34.200000,-118.240000,2026-01-24 22:53:17.008 UTC
40.680000,-74.040000,34.200000,-118.240000,2026-01-24 23:26:20.585 UTC
34.000000,-118.440000,34.040000,-118.360000,2026-01-24 23:14:38.11 UTC
34.000000,-118.440000,34.040000,-118.360000,2026-01-24 23:20:17.083 UTC
40.680000,-74.040000,34.200000,-118.240000,2026-04-11 22:21:03.721 UTC
40.640000,-73.960000,33.960000,-118.200000,2026-04-11 21:34:07.631 UTC
33.960000,-118.200000,33.960000,-118.200000,2025-08-24 19:28:46.65 UTC
34.000000,-118.440000,34.040000,-118.360000,2025-08-24 20:53:15.656 UTC
51.400000,-0.080000,51.480000,-0.160000,2025-08-24 03:07:46.927 UTC
33.880000,-118.240000,33.880000,-118.200000,2025-08-24 02:18:33.644 UTC
34.040000,-118.280000,33.960000,-118.200000,2025-08-24 00:11:57.251 UTC
35.680000,139.720000,35.680000,139.720000,2025-08-24 00:23:44.58 UTC
35.600000,139.560000,35.640000,139.640000,2026-03-04 15:02:35.065 UTC
-33.920000,151.240000,34.080000,-118.400000,2026-03-04 14:27:38.147 UTC
34.000000,-118.440000,34.040000,-118.360000,2025-10-02 01:45:44.426 UTC
34.000000,-118.440000,34.040000,-118.360000,2025-10-02 01:06:40.638 UTC
34.000000,-118.440000,34.040000,-118.360000,2025-10-02 01:06:20.212 UTC
34.000000,-118.440000,34.040000,-118.360000,2025-10-02 01:52:03.939 UTC
40.640000,-73.960000,33.960000,-118.200000,2025-10-02 01:42:04.034 UTC
34.080000,-118.320000,34.080000,-118.200000,2026-02-27 05:09:45.21 UTC
-23.480000,-46.520000,-23.520000,-46.600000,2026-02-27 23:06:40.383 UTC
34.080000,-118.120000,34.200000,-118.160000,2026-02-27 23:19:16.365 UTC
47.720000,-122.200000,47.640000,-122.240000,2026-02-27 05:06:35.761 UTC
34.000000,-118.440000,34.040000,-118.360000,2026-02-27 01:35:43.067 UTC
40.640000,-73.960000,33.960000,-118.200000,2026-02-27 02:16:52.042 UTC
40.640000,-73.960000,33.960000,-118.200000,2026-02-27 01:41:47.726 UTC
40.640000,-73.960000,33.960000,-118.200000,2026-02-27 02:09:39.877 UTC
40.640000,-73.960000,33.960000,-118.200000,2026-02-27 02:02:01.074 UTC
34.280000,-118.160000,34.200000,-118.160000,2026-02-27 23:30:58.659 UTC
-23.520000,-46.560000,34.120000,-118.320000,2026-02-27 23:40:19.22 UTC
-23.520000,-46.600000,33.880000,-118.320000,2026-02-27 23:47:11.56 UTC
40.640000,-73.960000,33.960000,-118.200000,2025-06-25 01:50:43.108 UTC
34.040000,-118.040000,34.000000,-118.120000,2025-06-25 06:57:09.457 UTC
34.160000,-118.120000,34.040000,-118.120000,2025-06-25 07:10:03.394 UTC
34.040000,-118.200000,34.000000,-118.200000,2025-06-25 05:17:18.771 UTC
35.560000,139.680000,35.640000,139.720000,2025-06-25 19:24:04.82 UTC
40.680000,-74.040000,34.200000,-118.240000,2025-06-25 02:19:11.543 UTC
34.040000,-118.200000,34.000000,-118.200000,2025-06-25 05:25:05.813 UTC
40.640000,-73.960000,33.960000,-118.200000,2025-06-25 02:09:26.326 UTC
34.160000,-118.120000,34.040000,-118.120000,2025-06-25 07:08:49.515 UTC
34.000000,-118.440000,34.040000,-118.360000,2025-06-25 01:37:30.907 UTC
51.440000,-0.160000,33.920000,-118.320000,2025-06-25 05:10:49.647 UTC
34.160000,-118.320000,34.080000,-118.240000,2025-06-25 23:12:58.457 UTC
34.000000,-118.440000,34.040000,-118.360000,2025-06-25 01:30:40.162 UTC
41.920000,-87.600000,-23.600000,-46.640000,2025-06-25 17:09:26.464 UTC
40.640000,-74.000000,33.960000,-118.200000,2025-06-25 14:51:12.772 UTC
34.000000,-118.440000,34.040000,-118.360000,2025-06-25 01:24:51.411 UTC
47.680000,-122.320000,34.040000,-118.120000,2025-06-25 06:53:08.218 UTC
33.960000,-118.200000,33.960000,-118.200000,2025-06-25 01:45:48.258 UTC
34.160000,-118.240000,34.160000,-118.120000,2025-11-07 01:46:04.296 UTC
41.840000,-87.640000,33.920000,-118.280000,2025-11-07 01:49:13.848 UTC
41.840000,-87.640000,33.920000,-118.280000,2025-11-07 01:49:51.364 UTC
34.000000,-118.440000,34.040000,-118.360000,2025-11-17 01:04:31.45 UTC
-33.960000,151.360000,-33.920000,151.240000,2026-04-04 22:19:15.029 UTC
40.640000,-73.960000,33.960000,-118.200000,2026-04-04 21:45:09.528 UTC
40.640000,-73.960000,33.960000,-118.200000,2026-04-04 21:58:50.738 UTC
40.640000,-73.960000,33.960000,-118.200000,2026-04-04 22:17:01.799 UTC
40.640000,-73.960000,33.960000,-118.200000,2026-04-04 21:41:19.759 UTC
34.000000,-118.440000,34.040000,-118.360000,2026-04-04 23:23:48.711 UTC
40.640000,-73.960000,33.960000,-118.200000,2026-04-04 22:34:30.749 UTC
40.640000,-73.960000,33.960000,-118.200000,2026-04-04 22:24:16.168 UTC
33.960000,-118.200000,33.960000,-118.200000,2025-07-31 01:00:16.867 UTC
34.000000,-118.440000,34.040000,-118.360000,2025-07-31 01:46:36.043 UTC
34.000000,-118.440000,34.040000,-118.360000,2025-07-31 01:04:32.213 UTC
40.640000,-73.960000,33.960000,-118.200000,2025-07-31 01:15:29.172 UTC
-33.840000,151.280000,-33.920000,151.240000,2025-07-12 22:31:25.531 UTC
33.960000,-118.200000,33.960000,-118.200000,2025-07-12 21:40:41.664 UTC
34.000000,-118.440000,34.040000,-118.360000,2025-07-12 02:18:14.203 UTC
40.680000,-74.040000,34.200000,-118.240000,2025-07-12 21:20:39.786 UTC
34.000000,-118.440000,34.040000,-118.360000,2025-07-12 21:11:52.312 UTC
40.640000,-73.960000,33.960000,-118.200000,2025-07-12 23:09:31.788 UTC
40.640000,-73.960000,33.960000,-118.200000,2025-07-12 22:05:24.127 UTC
40.640000,-73.960000,33.960000,-118.200000,2025-07-12 21:44:12.895 UTC
34.120000,-118.200000,34.120000,-118.160000,2025-07-12 01:25:59.551 UTC
51.400000,-0.080000,51.480000,-0.160000,2025-07-12 03:38:04.788 UTC
47.680000,-122.400000,33.960000,-118.200000,2025-07-12 23:54:02.245 UTC
33.960000,-118.200000,33.960000,-118.200000,2025-07-12 23:06:48.549 UTC
41.800000,-87.560000,33.960000,-118.200000,2025-07-12 21:05:15.064 UTC
34.000000,-118.160000,33.960000,-118.200000,2025-07-12 05:04:55.587 UTC
51.520000,-0.240000,51.520000,-0.200000,2025-07-12 03:29:50.097 UTC
34.200000,-118.080000,34.080000,-118.080000,2025-08-15 02:15:06.216 UTC
-23.560000,-46.640000,34.200000,-118.200000,2025-08-15 23:30:03.002 UTC
34.000000,-118.160000,34.080000,-118.240000,2025-08-15 23:34:37.952 UTC
34.160000,-118.160000,34.080000,-118.200000,2026-07-25 22:45:54.26 UTC
35.680000,139.600000,35.640000,139.600000,2026-07-25 06:44:04.988 UTC
34.040000,-118.280000,34.040000,-118.280000,2026-07-25 06:58:44.246 UTC
40.760000,-73.960000,34.120000,-118.280000,2026-07-25 23:01:15.945 UTC
34.080000,-118.040000,34.040000,-118.040000,2025-06-14 18:57:51.545 UTC
40.640000,-73.960000,33.960000,-118.200000,2025-06-14 18:14:21.435 UTC
41.840000,-87.560000,-33.840000,151.200000,2026-08-07 04:02:58.23 UTC
-33.840000,151.280000,-33.880000,151.200000,2025-10-11 20:59:26.938 UTC
34.000000,-118.440000,34.040000,-118.360000,2025-11-29 19:01:25.001 UTC
34.160000,-118.200000,34.080000,-118.240000,2025-11-29 02:38:05.72 UTC
35.680000,139.680000,34.200000,-118.360000,2025-12-21 21:20:08.88 UTC
35.680000,139.680000,34.200000,-118.360000,2025-12-21 22:01:48.941 UTC
33.920000,-118.080000,34.000000,-118.120000,2025-12-21 23:14:32.727 UTC
33.960000,-118.200000,34.040000,-118.240000,2025-12-21 19:20:08.473 UTC
33.920000,-118.080000,34.000000,-118.120000,2025-12-21 21:37:26.331 UTC
35.680000,139.680000,34.200000,-118.360000,2025-12-21 22:55:55.941 UTC
33.920000,-118.080000,34.000000,-118.120000,2025-12-21 17:40:01.902 UTC
35.680000,139.680000,34.200000,-118.360000,2025-12-21 23:42:30.196 UTC
33.920000,-118.080000,34.000000,-118.120000,2025-12-21 19:02:06.622 UTC
35.680000,139.680000,34.200000,-118.360000,2025-12-21 21:27:19.146 UTC
33.920000,-118.080000,34.000000,-118.120000,2025-12-21 22:10:56.32 UTC
33.920000,-118.080000,34.000000,-118.120000,2025-12-21 17:49:46.518 UTC
40.680000,-73.960000,34.040000,-118.240000,2025-12-21 17:17:56.143 UTC
33.920000,-118.080000,34.000000,-118.120000,2025-12-21 17:20:40.857 UTC
34.280000,-118.440000,34.200000,-118.360000,2025-12-21 22:24:42.282 UTC
35.680000,139.680000,34.200000,-118.360000,2025-12-21 23:10:11.817 UTC
35.680000,139.680000,34.200000,-118.360000,2025-12-21 23:41:14.469 UTC
33.920000,-118.080000,34.000000,-118.120000,2025-12-21 21:32:14.737 UTC
33.920000,-118.080000,34.000000,-118.120000,2025-12-21 22:20:32.423 UTC
33.920000,-118.080000,34.000000,-118.120000,2025-12-21 22:48:17.362 UTC
35.680000,139.680000,34.200000,-118.360000,2025-12-21 21:53:00.268 UTC
40.680000,-73.960000,34.040000,-118.240000,2025-12-21 19:33:35.072 UTC
33.920000,-118.080000,34.000000,-118.120000,2025-12-21 21:10:15.874 UTC
33.920000,-118.080000,34.000000,-118.120000,2025-12-21 18:57:07.993 UTC
34.040000,-118.160000,34.120000,-118.120000,2025-12-21 05:23:04.452 UTC
33.920000,-118.080000,34.000000,-118.120000,2025-12-21 21:43:11.978 UTC
34.040000,-118.040000,34.000000,-118.160000,2025-12-28 22:38:08.215 UTC
34.040000,-118.040000,34.000000,-118.160000,2025-12-28 22:35:02.902 UTC
34.040000,-118.440000,34.080000,-118.360000,2025-12-28 17:14:34.937 UTC
34.160000,-118.360000,34.160000,-118.280000,2026-02-21 03:07:22.143 UTC
34.120000,-118.440000,34.080000,-118.320000,2026-02-21 02:02:50.584 UTC
34.120000,-118.440000,34.080000,-118.320000,2026-02-21 02:49:36.61 UTC
34.120000,-118.440000,34.080000,-118.320000,2026-02-21 03:24:36.784 UTC
34.120000,-118.440000,34.080000,-118.320000,2026-02-21 02:54:50.165 UTC
34.160000,-118.200000,34.160000,-118.280000,2026-02-21 02:34:01.732 UTC
34.120000,-118.440000,34.080000,-118.320000,2026-02-21 02:45:23.808 UTC
34.160000,-118.200000,34.160000,-118.280000,2026-02-21 03:20:45.152 UTC
34.160000,-118.200000,34.160000,-118.280000,2026-02-21 03:45:24.648 UTC
34.120000,-118.440000,34.080000,-118.320000,2026-02-21 02:08:03.551 UTC
34.160000,-118.200000,34.160000,-118.280000,2026-02-21 03:23:14.834 UTC
34.120000,-118.440000,34.080000,-118.320000,2026-02-21 02:17:29.449 UTC
34.120000,-118.440000,34.080000,-118.320000,2026-02-21 03:08:42.123 UTC
34.160000,-118.200000,34.160000,-118.280000,2026-02-21 02:21:46.172 UTC
34.120000,-118.440000,34.080000,-118.320000,2026-02-21 02:32:41.57 UTC
34.120000,-118.440000,34.080000,-118.320000,2026-02-21 03:00:26.211 UTC
34.160000,-118.200000,34.160000,-118.280000,2026-02-21 03:50:48.514 UTC
34.160000,-118.200000,34.160000,-118.280000,2026-02-21 02:30:14.018 UTC
34.040000,-118.120000,34.040000,-118.160000,2026-02-21 00:51:32.118 UTC
34.040000,-118.120000,34.040000,-118.160000,2026-02-21 00:23:10.23 UTC
34.040000,-118.120000,34.040000,-118.160000,2026-02-21 00:52:41.794 UTC
34.040000,-118.120000,34.040000,-118.160000,2026-02-21 00:49:28.803 UTC
34.040000,-118.120000,34.040000,-118.160000,2026-02-21 00:20:10.58 UTC
41.840000,-87.640000,41.880000,-87.680000,2025-07-17 03:37:27.3 UTC
34.000000,-118.440000,34.040000,-118.360000,2025-07-17 01:00:26.519 UTC
40.680000,-74.040000,34.200000,-118.240000,2025-07-17 01:49:03.016 UTC
40.640000,-73.960000,33.960000,-118.200000,2025-07-17 01:39:01.394 UTC
47.600000,-122.320000,47.600000,-122.360000,2025-07-17 23:10:55.093 UTC
51.520000,-0.120000,34.000000,-118.440000,2025-07-06 21:46:36.955 UTC
34.120000,-118.120000,34.040000,-118.080000,2025-07-06 18:48:01.743 UTC
34.040000,-118.160000,33.960000,-118.120000,2025-07-06 19:18:18.646 UTC
40.680000,-74.000000,34.160000,-118.200000,2025-07-06 23:49:16.6 UTC
40.720000,-74.080000,40.720000,-74.000000,2026-05-23 19:38:05 UTC
34.000000,-118.440000,34.040000,-118.360000,2026-05-23 21:05:04.09 UTC
33.920000,-118.240000,33.920000,-118.320000,2026-05-23 20:08:21.625 UTC
40.640000,-73.960000,33.960000,-118.200000,2026-05-23 21:33:58.634 UTC
40.640000,-73.960000,33.960000,-118.200000,2026-05-23 21:18:50.936 UTC
33.960000,-118.200000,33.960000,-118.200000,2026-05-23 21:00:55.219 UTC
-33.960000,151.360000,-33.920000,151.240000,2026-05-23 21:22:28.037 UTC
34.240000,-118.200000,34.200000,-118.240000,2025-12-05 03:05:03.72 UTC
34.160000,-118.480000,34.120000,-118.360000,2025-10-18 01:15:58.101 UTC
51.520000,-0.080000,33.920000,-118.200000,2025-10-18 19:59:15.686 UTC
34.080000,-118.320000,34.080000,-118.200000,2025-10-18 02:16:22.163 UTC
47.640000,-122.440000,34.200000,-118.280000,2025-10-18 19:33:12.929 UTC
47.640000,-122.440000,34.200000,-118.280000,2025-10-18 19:22:06.024 UTC
51.560000,-0.320000,51.560000,-0.160000,2025-10-18 05:19:24.948 UTC
-33.840000,151.280000,-33.920000,151.240000,2025-10-18 23:45:58.625 UTC
40.680000,-74.040000,34.200000,-118.240000,2025-10-18 22:31:05.163 UTC
40.680000,-74.040000,34.200000,-118.240000,2025-10-18 23:38:02.252 UTC
40.680000,-74.040000,34.200000,-118.240000,2025-10-18 23:19:06.3 UTC
34.000000,-118.440000,34.040000,-118.360000,2025-10-18 21:00:26.388 UTC
34.000000,-118.440000,34.040000,-118.360000,2025-10-18 21:42:46.111 UTC
40.680000,-74.040000,34.200000,-118.240000,2025-10-18 22:26:08.118 UTC
34.000000,-118.440000,34.040000,-118.360000,2025-10-18 22:17:06.863 UTC
40.680000,-74.040000,34.200000,-118.240000,2025-10-18 23:38:19.409 UTC
40.640000,-73.960000,33.960000,-118.200000,2025-10-18 23:58:27.377 UTC
40.640000,-73.960000,33.960000,-118.200000,2025-10-18 21:33:06.042 UTC
40.640000,-73.960000,33.960000,-118.200000,2025-10-18 22:07:02.907 UTC
40.640000,-73.960000,33.960000,-118.200000,2025-10-18 23:10:42.86 UTC
-33.960000,151.360000,-33.920000,151.240000,2025-10-18 21:22:19.784 UTC
-23.560000,-46.640000,34.160000,-118.360000,2025-10-18 19:26:30.697 UTC
34.160000,-118.160000,34.160000,-118.160000,2025-10-18 20:16:27.411 UTC
34.080000,-118.320000,34.080000,-118.200000,2025-10-18 03:04:55.344 UTC
34.080000,-118.320000,34.080000,-118.200000,2025-10-18 01:57:49.767 UTC
-33.840000,151.160000,34.040000,-118.240000,2025-10-18 02:50:08.426 UTC
34.080000,-118.320000,34.080000,-118.200000,2025-10-18 01:57:59.012 UTC
34.080000,-118.320000,34.080000,-118.200000,2025-10-18 01:54:49.464 UTC
34.040000,-118.480000,34.000000,-118.400000,2025-10-18 03:37:35.639 UTC
35.760000,139.640000,35.680000,139.600000,2025-10-18 02:55:37.759 UTC
40.640000,-73.960000,33.960000,-118.200000,2025-10-18 21:28:23.712 UTC
34.000000,-118.080000,33.960000,-118.080000,2026-05-26 21:19:28.321 UTC
51.520000,-0.280000,51.480000,-0.200000,2026-05-26 21:18:41.575 UTC
34.160000,-118.240000,34.040000,-118.240000,2026-05-26 01:19:18.866 UTC
-23.520000,-46.600000,41.840000,-87.600000,2026-05-26 01:19:10.785 UTC
35.640000,139.640000,34.080000,-118.240000,2026-05-26 02:26:23.617 UTC
47.640000,-122.280000,33.920000,-118.160000,2026-05-26 02:13:34.419 UTC
47.640000,-122.280000,33.920000,-118.160000,2026-05-26 08:12:31.471 UTC
47.640000,-122.280000,33.920000,-118.160000,2026-05-26 08:11:14.477 UTC
34.000000,-118.120000,33.960000,-118.080000,2026-05-26 01:48:48.219 UTC
47.640000,-122.280000,33.920000,-118.160000,2026-05-26 01:40:02.384 UTC
35.640000,139.640000,34.080000,-118.240000,2026-05-26 07:53:28.754 UTC
33.960000,-118.200000,33.960000,-118.080000,2026-05-26 02:48:58.553 UTC
41.840000,-87.680000,34.040000,-118.080000,2026-05-26 02:46:01.442 UTC
47.560000,-122.320000,51.520000,-0.160000,2026-05-26 02:14:17.945 UTC
34.000000,-118.120000,33.960000,-118.080000,2026-05-26 01:57:06.012 UTC
34.200000,-118.280000,34.160000,-118.280000,2026-05-26 21:48:40.787 UTC
35.640000,139.640000,34.080000,-118.240000,2026-05-26 07:58:02.494 UTC
34.000000,-118.440000,34.040000,-118.360000,2025-06-23 03:10:00.811 UTC
34.280000,-118.240000,34.200000,-118.200000,2025-06-23 18:40:11.999 UTC
-33.800000,151.200000,34.040000,-118.360000,2025-10-23 01:22:36.202 UTC
34.040000,-118.280000,33.960000,-118.200000,2025-10-23 01:58:45.098 UTC
-33.800000,151.200000,34.040000,-118.360000,2025-10-23 01:31:03.29 UTC
-33.880000,151.160000,34.000000,-118.280000,2025-10-23 01:36:19.566 UTC
40.640000,-73.960000,33.960000,-118.200000,2025-07-19 23:54:04.963 UTC
51.520000,-0.040000,51.560000,-0.200000,2026-01-07 01:37:23.733 UTC
34.080000,-118.440000,34.080000,-118.320000,2026-01-07 01:12:55.965 UTC
-33.840000,151.280000,-33.920000,151.240000,2026-03-08 03:15:51.389 UTC
34.000000,-118.120000,34.040000,-118.160000,2026-03-08 02:38:16.188 UTC
34.200000,-118.200000,34.200000,-118.240000,2026-03-08 03:22:36.992 UTC
40.840000,-74.000000,40.800000,-74.040000,2026-03-08 03:10:43 UTC
34.000000,-118.160000,34.040000,-118.280000,2026-07-23 19:14:24.412 UTC
-33.800000,151.200000,34.040000,-118.360000,2025-11-13 01:26:18.186 UTC
34.080000,-118.440000,34.120000,-118.400000,2026-05-29 05:18:47.347 UTC
40.800000,-74.000000,40.680000,-74.000000,2026-05-29 05:08:38.883 UTC
34.200000,-118.200000,34.120000,-118.160000,2026-05-29 02:55:37.988 UTC
34.080000,-118.440000,34.120000,-118.400000,2026-05-29 05:06:25.027 UTC
34.000000,-118.120000,33.960000,-118.080000,2026-05-29 04:26:50.284 UTC
34.000000,-118.120000,33.960000,-118.080000,2026-05-29 05:09:21.888 UTC
47.640000,-122.280000,34.080000,-118.400000,2026-05-29 02:05:25.111 UTC
-33.880000,151.360000,-33.840000,151.240000,2026-05-29 01:34:44.714 UTC
47.640000,-122.280000,33.920000,-118.160000,2026-05-29 03:37:38.992 UTC
34.000000,-118.120000,33.960000,-118.080000,2026-05-29 05:09:55.841 UTC
35.640000,139.640000,34.080000,-118.240000,2026-05-29 05:08:26.658 UTC
47.640000,-122.280000,33.920000,-118.160000,2026-05-29 04:47:21.721 UTC
34.160000,-118.120000,34.080000,-118.120000,2025-08-04 01:49:46.309 UTC
47.680000,-122.360000,35.640000,139.640000,2025-08-04 02:02:41.777 UTC
34.040000,-117.960000,34.000000,-118.080000,2025-08-04 00:34:11.416 UTC
33.960000,-118.440000,34.000000,-118.320000,2025-12-07 17:16:35.168 UTC
-23.520000,-46.600000,33.960000,-118.240000,2026-07-13 04:09:23.243 UTC
47.720000,-122.240000,47.600000,-122.280000,2026-07-13 04:05:05.124 UTC
34.000000,-118.440000,34.040000,-118.360000,2026-07-13 01:03:19.798 UTC
40.640000,-73.960000,33.960000,-118.200000,2026-07-13 00:11:24.059 UTC
34.040000,-118.360000,34.120000,-118.400000,2026-07-13 04:14:44.41 UTC
34.000000,-118.440000,34.040000,-118.360000,2026-07-13 00:27:12.912 UTC
40.640000,-73.960000,33.960000,-118.200000,2026-07-13 01:44:51.278 UTC
40.640000,-73.960000,33.960000,-118.200000,2026-07-13 00:37:50.856 UTC
40.640000,-73.960000,33.960000,-118.200000,2026-07-13 01:49:47.192 UTC
40.640000,-73.960000,33.960000,-118.200000,2026-07-13 00:44:10.544 UTC
34.000000,-118.440000,34.040000,-118.360000,2026-07-13 01:05:42.766 UTC
35.680000,139.680000,34.200000,-118.360000,2025-12-22 00:04:05.652 UTC
34.040000,-118.280000,34.000000,-118.280000,2025-10-17 15:13:53.282 UTC
34.040000,-118.160000,34.080000,-118.200000,2026-02-22 02:21:24.223 UTC
34.000000,-118.440000,34.040000,-118.360000,2025-08-23 17:58:41.543 UTC
34.000000,-118.440000,34.040000,-118.360000,2025-08-23 17:50:54.342 UTC
34.000000,-118.440000,34.040000,-118.360000,2025-08-23 21:42:33.061 UTC
34.000000,-118.440000,34.040000,-118.360000,2025-08-23 21:46:25.912 UTC
34.000000,-118.440000,34.040000,-118.360000,2025-08-23 22:27:04.514 UTC
34.000000,-118.440000,34.040000,-118.360000,2025-08-23 01:38:08.646 UTC
33.960000,-118.200000,33.960000,-118.200000,2025-08-23 18:09:08.028 UTC
40.640000,-73.960000,33.960000,-118.200000,2025-08-23 20:16:51.958 UTC
40.640000,-73.960000,33.960000,-118.200000,2025-08-23 02:06:39.997 UTC
40.640000,-73.960000,33.960000,-118.200000,2025-08-23 21:23:06.261 UTC
-33.800000,151.200000,34.040000,-118.360000,2025-08-23 23:43:14.004 UTC
40.680000,-74.040000,34.200000,-118.240000,2025-08-23 01:48:23.511 UTC
34.000000,-118.440000,34.040000,-118.360000,2025-08-23 01:04:45.189 UTC
35.640000,139.640000,-33.880000,151.200000,2025-08-23 06:18:22.874 UTC
35.640000,139.640000,34.080000,-118.240000,2025-08-23 06:02:49.368 UTC
-33.840000,151.160000,33.960000,-118.360000,2026-08-25 02:37:24.588 UTC
34.000000,-118.280000,34.000000,-118.400000,2026-08-25 02:29:25.996 UTC
34.040000,-118.560000,34.000000,-118.440000,2025-07-08 00:30:53.717 UTC
51.560000,-0.120000,47.600000,-122.200000,2025-07-07 23:59:59.531 UTC
40.760000,-74.080000,51.560000,-0.080000,2025-07-08 03:49:08.521 UTC
51.560000,-0.120000,47.600000,-122.200000,2025-07-08 00:00:23.741 UTC
-23.600000,-46.600000,-33.920000,151.200000,2025-07-08 00:50:14.331 UTC
34.040000,-118.560000,34.000000,-118.440000,2025-07-08 00:32:44.194 UTC
40.640000,-73.960000,33.960000,-118.200000,2026-06-20 21:52:56.865 UTC
34.040000,-118.440000,34.080000,-118.360000,2025-06-15 18:19:41.448 UTC
-23.560000,-46.680000,34.120000,-118.280000,2025-12-25 22:16:52.531 UTC
33.880000,-118.200000,33.920000,-118.240000,2025-12-25 05:11:02.85 UTC
34.040000,-118.160000,34.040000,-118.160000,2025-12-25 22:11:21.44 UTC
34.080000,-118.440000,34.120000,-118.440000,2025-12-25 04:40:53.526 UTC
35.680000,139.720000,33.880000,-118.160000,2025-12-25 07:28:03.315 UTC
35.640000,139.640000,35.720000,139.720000,2025-12-25 03:11:31.157 UTC
41.840000,-87.680000,34.040000,-118.280000,2025-12-25 05:26:46.521 UTC
47.560000,-122.440000,47.640000,-122.440000,2025-12-25 21:44:55.156 UTC
33.800000,-118.240000,33.880000,-118.280000,2026-01-04 20:14:32.666 UTC
41.920000,-87.560000,33.960000,-118.240000,2025-08-02 23:25:29.542 UTC
34.000000,-118.120000,33.960000,-118.080000,2026-05-27 00:53:27.602 UTC
34.000000,-118.120000,33.960000,-118.080000,2026-05-27 00:53:20.4 UTC
33.960000,-118.080000,33.920000,-118.160000,2026-05-27 01:57:22.823 UTC
34.000000,-118.120000,34.040000,-118.240000,2026-03-02 00:54:26.679 UTC
34.040000,-118.280000,33.960000,-118.200000,2026-03-02 02:15:31.282 UTC
34.040000,-118.280000,33.960000,-118.200000,2026-03-02 01:03:08.234 UTC
-33.800000,151.200000,34.040000,-118.360000,2026-03-02 00:34:23.019 UTC
34.240000,-118.280000,34.200000,-118.240000,2026-03-02 00:03:50.222 UTC
34.040000,-118.280000,33.960000,-118.200000,2026-03-02 00:13:54.672 UTC
-33.960000,151.160000,-33.920000,151.240000,2026-03-02 00:24:08.035 UTC
34.120000,-118.240000,34.040000,-118.280000,2025-09-01 01:05:21.666 UTC
34.000000,-118.440000,34.040000,-118.360000,2025-09-11 01:05:16.545 UTC
34.000000,-118.440000,34.040000,-118.360000,2025-09-11 01:31:49.054 UTC
33.960000,-118.200000,33.960000,-118.200000,2025-09-11 00:58:31.505 UTC
40.640000,-73.960000,33.960000,-118.200000,2025-09-11 01:52:13.012 UTC
34.000000,-118.440000,34.040000,-118.360000,2025-09-11 01:36:49.364 UTC
34.240000,-118.240000,34.160000,-118.240000,2025-12-31 04:43:15.861 UTC
-33.880000,151.200000,34.080000,-118.440000,2025-12-31 06:32:54.548 UTC
47.640000,-122.360000,47.600000,-122.440000,2025-12-31 20:31:42.343 UTC
33.960000,-118.200000,33.960000,-118.200000,2026-08-22 21:11:36.643 UTC
34.000000,-118.440000,34.040000,-118.360000,2026-08-22 21:56:27.643 UTC
40.640000,-73.960000,33.960000,-118.200000,2026-08-22 21:42:09.958 UTC
40.640000,-73.960000,33.960000,-118.200000,2026-08-22 21:47:35.348 UTC
40.640000,-73.960000,33.960000,-118.200000,2026-08-22 21:36:17.007 UTC
34.040000,-118.280000,33.960000,-118.200000,2026-08-22 20:40:53.311 UTC
47.680000,-122.280000,-33.920000,151.240000,2026-01-10 22:53:17.451 UTC
-34.000000,151.160000,-33.880000,151.200000,2026-01-10 22:49:57.565 UTC
34.200000,-118.200000,34.200000,-118.240000,2026-01-10 23:03:33.149 UTC
35.720000,139.680000,34.000000,-118.280000,2025-10-14 18:39:48.873 UTC
40.720000,-74.080000,34.160000,-118.400000,2025-12-18 01:51:54.847 UTC
51.440000,-0.080000,51.480000,-0.160000,2025-08-01 03:35:03.831 UTC
33.920000,-118.160000,33.960000,-118.120000,2026-01-22 14:56:06.666 UTC
34.000000,-118.240000,34.040000,-118.360000,2025-10-21 00:45:19.058 UTC
34.000000,-118.320000,34.000000,-118.440000,2025-11-12 16:48:28.691 UTC
34.080000,-118.360000,34.040000,-118.360000,2025-11-12 16:20:27.07 UTC
51.520000,-0.120000,33.960000,-118.120000,2025-12-19 00:48:52.414 UTC
41.840000,-87.680000,47.600000,-122.200000,2025-07-07 23:47:07.722 UTC
34.120000,-118.280000,34.120000,-118.280000,2025-07-07 04:19:48.473 UTC
51.560000,-0.120000,47.600000,-122.200000,2025-07-07 23:59:22.918 UTC
-33.880000,151.360000,-33.840000,151.240000,2026-05-25 00:52:50.152 UTC
34.040000,-118.240000,34.000000,-118.240000,2026-05-25 00:16:51.398 UTC
34.040000,-118.240000,34.000000,-118.240000,2026-05-25 00:16:10.014 UTC
-33.880000,151.360000,-33.840000,151.240000,2026-05-25 02:06:29.264 UTC
35.720000,139.600000,34.160000,-118.120000,2026-05-25 03:11:40.851 UTC
34.040000,-118.240000,34.000000,-118.240000,2026-05-25 00:22:26.566 UTC
40.640000,-73.960000,33.960000,-118.200000,2026-07-11 23:33:07.685 UTC
40.640000,-73.960000,33.960000,-118.200000,2026-07-11 23:52:47.273 UTC
34.240000,-118.240000,34.120000,-118.240000,2026-07-11 06:01:23.949 UTC
41.880000,-87.600000,33.920000,-118.360000,2026-07-11 06:56:47.788 UTC
34.000000,-118.320000,34.080000,-118.280000,2026-07-11 06:53:35.881 UTC
34.120000,-118.160000,34.080000,-118.080000,2026-07-11 06:46:20.15 UTC
41.960000,-87.600000,34.000000,-118.280000,2026-07-11 06:08:17.618 UTC
34.040000,-118.240000,33.960000,-118.320000,2026-07-11 05:54:10.77 UTC
51.600000,-0.240000,51.520000,-0.080000,2026-07-11 07:52:46.762 UTC
40.680000,-74.080000,33.920000,-118.320000,2026-07-11 07:35:19.057 UTC
51.520000,-0.200000,33.880000,-118.240000,2026-07-11 04:01:28.557 UTC
34.000000,-118.360000,34.000000,-118.320000,2026-07-11 03:39:32.304 UTC
51.520000,-0.040000,33.920000,-118.240000,2026-07-11 03:17:05.961 UTC
-33.920000,151.280000,33.920000,-118.280000,2026-07-11 02:30:41.467 UTC
33.920000,-118.240000,34.000000,-118.240000,2026-07-11 02:27:34.03 UTC
34.080000,-118.320000,34.080000,-118.240000,2026-07-11 02:20:57.937 UTC
34.080000,-118.320000,34.080000,-118.240000,2026-07-11 01:47:06.181 UTC
-23.560000,-46.600000,33.920000,-118.240000,2026-07-11 05:40:24.244 UTC
51.480000,-0.160000,34.120000,-118.080000,2026-07-11 05:17:59.875 UTC
40.680000,-74.080000,33.920000,-118.320000,2026-07-11 05:38:20.002 UTC
33.960000,-118.200000,33.960000,-118.200000,2026-07-11 22:07:13.928 UTC
34.000000,-118.440000,34.040000,-118.360000,2026-07-11 19:45:38.888 UTC
33.960000,-118.200000,33.960000,-118.200000,2026-07-11 18:53:21.542 UTC
34.000000,-118.440000,34.040000,-118.360000,2026-07-11 18:21:34.551 UTC
34.000000,-118.440000,34.040000,-118.360000,2026-07-11 17:12:22.471 UTC
34.000000,-118.440000,34.040000,-118.360000,2026-07-11 16:38:24.398 UTC
40.640000,-73.960000,33.960000,-118.200000,2026-07-11 23:11:06.023 UTC
40.640000,-73.960000,33.960000,-118.200000,2026-07-11 23:37:41.563 UTC
40.640000,-73.960000,33.960000,-118.200000,2026-07-11 22:32:38.054 UTC
40.640000,-73.960000,33.960000,-118.200000,2026-07-11 22:40:30.327 UTC
40.640000,-73.960000,33.960000,-118.200000,2026-07-11 22:44:48.823 UTC
40.640000,-73.960000,33.960000,-118.200000,2026-07-11 19:40:56.822 UTC
40.640000,-73.960000,33.960000,-118.200000,2026-07-11 18:41:14.347 UTC
40.640000,-73.960000,33.960000,-118.200000,2026-07-11 18:49:45.198 UTC
40.640000,-73.960000,33.960000,-118.200000,2026-07-11 19:11:47.019 UTC
40.640000,-73.960000,33.960000,-118.200000,2026-07-11 19:37:17.46 UTC
40.640000,-73.960000,33.960000,-118.200000,2026-07-11 17:57:29.664 UTC
40.640000,-73.960000,33.960000,-118.200000,2026-07-11 17:54:40.272 UTC
40.640000,-73.960000,33.960000,-118.200000,2026-07-11 17:21:56.352 UTC
40.640000,-73.960000,33.960000,-118.200000,2026-07-11 17:32:31.606 UTC
40.640000,-73.960000,33.960000,-118.200000,2026-07-11 17:06:04.795 UTC
40.640000,-73.960000,33.960000,-118.200000,2026-07-11 16:44:40.289 UTC
40.640000,-73.960000,33.960000,-118.200000,2026-07-11 16:47:53.217 UTC
33.880000,-118.240000,33.920000,-118.240000,2026-07-11 21:14:48.25 UTC
33.880000,-118.240000,33.920000,-118.240000,2026-07-11 20:35:09.34 UTC
34.080000,-118.320000,34.080000,-118.200000,2026-07-11 05:52:18.278 UTC
34.120000,-118.040000,34.160000,-118.160000,2026-07-11 05:52:32.533 UTC
35.600000,139.680000,34.080000,-118.240000,2026-07-11 06:36:25.064 UTC
-33.800000,151.240000,41.880000,-87.640000,2026-07-11 07:09:25.656 UTC
41.960000,-87.600000,34.000000,-118.280000,2026-07-11 07:03:02.256 UTC
34.080000,-118.320000,34.080000,-118.240000,2026-07-11 06:40:30.479 UTC
34.280000,-118.280000,34.240000,-118.200000,2026-07-11 06:33:04.283 UTC
-23.560000,-46.560000,-23.480000,-46.600000,2026-07-11 05:48:44.148 UTC
34.080000,-118.320000,34.080000,-118.240000,2026-07-11 06:01:10.329 UTC
40.680000,-73.920000,47.520000,-122.360000,2026-07-11 07:02:00.978 UTC
47.480000,-122.320000,47.560000,-122.400000,2026-07-11 06:33:33.278 UTC
34.000000,-118.240000,34.120000,-118.280000,2026-07-11 07:15:52.898 UTC
-33.920000,151.280000,-33.840000,151.240000,2026-07-11 05:52:03.8 UTC
-33.920000,151.280000,-33.840000,151.240000,2026-07-11 06:53:29.714 UTC
47.640000,-122.280000,33.920000,-118.160000,2026-07-11 05:48:22.189 UTC
35.600000,139.680000,34.080000,-118.240000,2026-07-11 07:52:36.562 UTC
40.720000,-73.960000,34.080000,-118.280000,2026-07-11 07:43:26.678 UTC
34.120000,-118.440000,34.120000,-118.360000,2026-07-11 07:35:01.833 UTC
34.280000,-118.280000,34.240000,-118.200000,2026-07-11 04:39:47.715 UTC
34.280000,-118.280000,34.240000,-118.200000,2026-07-11 04:39:58.248 UTC
-33.920000,151.280000,-33.840000,151.240000,2026-07-11 07:34:54.468 UTC
34.280000,-118.280000,34.240000,-118.200000,2026-07-11 03:51:19.955 UTC
34.080000,-118.160000,34.160000,-118.160000,2026-07-11 04:04:14.018 UTC
34.280000,-118.280000,34.240000,-118.200000,2026-07-11 04:05:35.18 UTC
34.080000,-118.320000,34.080000,-118.240000,2026-07-11 06:03:33.72 UTC
34.000000,-118.120000,33.960000,-118.080000,2026-07-11 03:38:33.17 UTC
-33.920000,151.280000,-33.840000,151.240000,2026-07-11 03:39:20.933 UTC
33.960000,-118.080000,33.960000,-118.080000,2026-07-11 02:20:29.728 UTC
34.280000,-118.280000,34.240000,-118.200000,2026-07-11 02:20:37.243 UTC
34.280000,-118.280000,34.240000,-118.200000,2026-07-11 02:12:43.036 UTC
41.880000,-87.560000,-23.560000,-46.600000,2026-07-11 02:15:57.96 UTC
34.080000,-118.320000,34.080000,-118.200000,2026-07-11 01:42:31.392 UTC
47.480000,-122.320000,47.560000,-122.400000,2026-07-11 05:37:56.923 UTC
34.040000,-118.240000,34.000000,-118.240000,2026-07-11 05:16:49.339 UTC
34.080000,-118.320000,34.080000,-118.240000,2026-07-11 05:48:14.423 UTC
47.600000,-122.320000,51.480000,-0.120000,2026-07-11 08:01:42.386 UTC
-23.560000,-46.560000,-23.480000,-46.600000,2026-07-11 05:40:06.951 UTC
33.960000,-118.200000,34.080000,-118.160000,2025-11-11 02:19:30.886 UTC
40.640000,-73.960000,33.960000,-118.200000,2025-09-28 21:34:29.443 UTC
35.560000,139.680000,35.640000,139.640000,2025-09-28 02:59:58.356 UTC
34.080000,-118.440000,34.040000,-118.360000,2025-09-28 23:56:24.555 UTC
34.000000,-118.440000,34.040000,-118.360000,2025-09-28 21:14:08.332 UTC
34.000000,-118.440000,34.040000,-118.360000,2025-09-28 21:04:55.406 UTC
-33.840000,151.280000,-33.920000,151.240000,2025-09-28 21:27:52.912 UTC
33.960000,-118.200000,33.960000,-118.200000,2025-09-28 21:37:01.477 UTC
34.000000,-118.440000,34.040000,-118.360000,2026-07-12 23:36:16.999 UTC
40.640000,-73.960000,33.960000,-118.200000,2026-07-12 23:11:45.502 UTC
40.640000,-73.960000,33.960000,-118.200000,2026-07-12 23:33:11.611 UTC
40.640000,-73.960000,33.960000,-118.200000,2026-07-12 23:22:07.775 UTC
40.640000,-73.960000,33.960000,-118.200000,2026-07-12 21:41:48.141 UTC
40.640000,-73.960000,33.960000,-118.200000,2026-07-12 22:50:24.674 UTC
40.640000,-73.960000,33.960000,-118.200000,2026-07-12 21:36:42.592 UTC
-33.960000,151.360000,-33.920000,151.240000,2026-07-12 21:25:10.286 UTC
40.640000,-73.960000,33.960000,-118.200000,2026-07-12 22:11:34.325 UTC
34.000000,-118.280000,34.040000,-118.360000,2026-07-12 23:03:13.21 UTC
40.640000,-73.960000,33.960000,-118.200000,2026-07-12 21:46:03.178 UTC
-23.560000,-46.560000,35.680000,139.680000,2026-07-12 20:35:00.246 UTC
34.000000,-118.440000,34.040000,-118.360000,2026-07-12 21:03:13.059 UTC
33.960000,-118.200000,33.960000,-118.200000,2026-07-12 18:43:41.317 UTC
40.640000,-73.960000,33.960000,-118.200000,2026-07-12 21:21:53.984 UTC
40.640000,-73.960000,33.960000,-118.200000,2026-07-12 21:08:54.23 UTC
40.640000,-73.960000,33.960000,-118.200000,2026-07-12 20:53:36.822 UTC
40.640000,-73.960000,33.960000,-118.200000,2026-07-12 18:21:05.163 UTC
40.640000,-73.960000,33.960000,-118.200000,2026-07-12 18:09:21.247 UTC
40.640000,-73.960000,33.960000,-118.200000,2026-07-12 18:32:46.81 UTC
40.640000,-73.960000,33.960000,-118.200000,2026-07-12 18:24:06.36 UTC
40.640000,-73.960000,33.960000,-118.200000,2026-07-12 17:11:07.472 UTC
34.000000,-118.440000,34.040000,-118.360000,2026-07-12 17:04:10.882 UTC
40.640000,-73.960000,33.960000,-118.200000,2026-07-12 17:06:49.565 UTC
34.000000,-118.440000,34.040000,-118.360000,2026-07-12 17:40:13.635 UTC
33.960000,-118.200000,33.960000,-118.200000,2026-07-12 17:37:22.446 UTC
40.640000,-73.960000,33.960000,-118.200000,2026-07-12 17:55:31.947 UTC
40.640000,-73.960000,33.960000,-118.200000,2026-07-12 17:47:27.034 UTC
34.040000,-118.120000,34.000000,-118.120000,2026-07-12 05:03:25.945 UTC
34.000000,-118.440000,34.040000,-118.360000,2026-07-12 00:03:32.101 UTC
34.000000,-118.440000,34.040000,-118.360000,2026-07-12 00:52:04.415 UTC
40.640000,-73.960000,33.960000,-118.200000,2026-07-12 00:40:06.143 UTC
40.640000,-73.960000,33.960000,-118.200000,2026-07-12 00:36:41.344 UTC
40.640000,-73.960000,33.960000,-118.200000,2026-07-12 00:45:31.57 UTC
34.080000,-118.320000,34.040000,-118.360000,2025-10-08 03:05:12.699 UTC
47.560000,-122.320000,34.200000,-118.360000,2025-10-08 03:58:17.348 UTC
34.000000,-118.440000,34.040000,-118.360000,2025-08-30 21:25:05.954 UTC
40.640000,-73.960000,33.960000,-118.200000,2025-08-30 23:16:33.872 UTC
34.000000,-118.120000,34.000000,-118.120000,2025-08-11 00:59:13.834 UTC
34.080000,-118.080000,34.040000,-118.120000,2025-08-11 02:25:22.917 UTC
40.720000,-73.960000,34.080000,-118.280000,2025-07-02 14:34:28.452 UTC
34.040000,-118.200000,34.080000,-118.120000,2025-12-26 02:43:40.729 UTC
34.040000,-118.360000,34.000000,-118.280000,2025-12-26 02:20:45.168 UTC
34.000000,-118.440000,34.040000,-118.360000,2025-06-24 01:21:13.371 UTC
34.040000,-118.280000,33.960000,-118.200000,2025-06-24 02:36:19.108 UTC
33.960000,-118.200000,33.960000,-118.200000,2025-06-24 01:47:40.357 UTC
34.000000,-118.440000,34.040000,-118.360000,2025-06-24 01:10:40.91 UTC
41.840000,-87.760000,41.800000,-87.640000,2025-06-24 14:23:37.383 UTC
34.080000,-118.360000,34.120000,-118.240000,2025-06-24 23:42:50.797 UTC
40.760000,-73.920000,34.040000,-118.360000,2025-06-24 02:11:05.384 UTC
51.560000,-0.040000,51.480000,-0.120000,2026-07-10 21:07:40.635 UTC
41.880000,-87.560000,-33.880000,151.280000,2026-07-10 20:16:43.048 UTC
34.040000,-118.360000,33.960000,-118.400000,2026-07-10 20:16:54.336 UTC
47.520000,-122.280000,-23.560000,-46.680000,2026-07-10 02:12:00.243 UTC
-23.520000,-46.560000,34.080000,-118.320000,2026-07-10 01:48:56.545 UTC
41.960000,-87.560000,41.920000,-87.640000,2026-07-10 01:53:50.454 UTC
41.840000,-87.640000,34.120000,-118.120000,2026-07-10 02:14:37.543 UTC
41.840000,-87.640000,34.120000,-118.120000,2026-07-10 01:18:10.13 UTC
-33.880000,151.200000,33.960000,-118.200000,2026-07-10 02:11:44.975 UTC
41.920000,-87.560000,41.920000,-87.560000,2026-07-10 21:37:13.749 UTC
34.200000,-118.040000,34.160000,-118.120000,2026-07-10 01:38:12.375 UTC
47.720000,-122.240000,47.600000,-122.280000,2026-07-10 23:05:24.6 UTC
41.840000,-87.640000,34.120000,-118.120000,2026-07-10 01:19:22.786 UTC
41.840000,-87.640000,34.120000,-118.120000,2026-07-10 01:27:59.153 UTC
34.000000,-118.440000,34.040000,-118.360000,2025-07-05 21:34:50.787 UTC
41.840000,-87.680000,41.920000,-87.720000,2025-07-05 19:47:27.262 UTC
34.240000,-118.360000,34.160000,-118.360000,2026-04-29 01:57:16.045 UTC
34.000000,-118.440000,34.040000,-118.360000,2026-02-01 22:30:58.609 UTC
34.000000,-118.440000,34.040000,-118.360000,2026-02-01 22:32:42.332 UTC
34.240000,-118.240000,34.200000,-118.160000,2026-04-09 01:35:32.302 UTC
40.640000,-73.960000,33.960000,-118.200000,2025-06-05 01:50:25.447 UTC
34.000000,-118.440000,34.040000,-118.360000,2025-06-05 01:31:51.519 UTC
34.000000,-118.200000,33.960000,-118.200000,2025-06-05 23:00:37.775 UTC
35.640000,139.640000,35.720000,139.680000,2025-07-24 03:37:14.353 UTC
34.160000,-118.280000,34.120000,-118.280000,2025-07-24 03:55:53.197 UTC
33.960000,-118.440000,33.960000,-118.400000,2025-07-24 01:30:47.782 UTC
33.920000,-118.080000,33.960000,-118.120000,2025-07-24 02:24:31.783 UTC
40.720000,-74.080000,34.160000,-118.400000,2025-07-24 01:04:29.927 UTC
35.680000,139.640000,34.120000,-118.080000,2025-07-24 04:34:26.678 UTC
33.880000,-118.160000,33.960000,-118.200000,2025-07-24 01:11:25.857 UTC
33.880000,-118.160000,33.960000,-118.200000,2025-07-24 01:15:59.373 UTC
33.960000,-118.440000,33.920000,-118.360000,2025-07-28 04:43:11.025 UTC
-33.840000,151.240000,33.960000,-118.200000,2025-07-28 04:25:43.306 UTC
-33.880000,151.200000,34.080000,-118.240000,2025-07-28 03:37:29.278 UTC
47.600000,-122.280000,47.560000,-122.400000,2025-07-03 18:13:32.121 UTC
40.640000,-73.960000,33.960000,-118.200000,2025-07-03 01:31:03.207 UTC
40.640000,-73.960000,33.960000,-118.200000,2025-07-03 01:36:13.472 UTC
40.640000,-73.960000,33.960000,-118.200000,2025-07-03 01:23:09.579 UTC
34.080000,-118.160000,34.080000,-118.160000,2025-08-18 03:03:18.433 UTC
35.600000,139.680000,-33.920000,151.200000,2025-08-18 14:42:26.659 UTC
47.560000,-122.520000,47.600000,-122.360000,2025-08-18 16:25:42.12 UTC
-23.520000,-46.680000,34.160000,-118.200000,2025-08-18 14:33:47.335 UTC
51.440000,-0.080000,51.480000,-0.160000,2025-08-18 02:05:23.374 UTC
51.440000,-0.040000,51.440000,-0.160000,2025-08-18 14:22:58.548 UTC
33.920000,-118.160000,34.040000,-118.080000,2025-08-18 21:08:02.466 UTC
34.000000,-118.440000,34.040000,-118.360000,2025-06-19 01:00:52.968 UTC
34.000000,-118.440000,34.040000,-118.360000,2025-06-19 01:06:15.588 UTC
40.640000,-73.960000,33.960000,-118.200000,2025-06-19 01:19:41.278 UTC
34.000000,-118.440000,34.040000,-118.360000,2025-06-19 01:50:45.975 UTC
40.640000,-73.960000,33.960000,-118.200000,2026-03-28 22:37:49.314 UTC
35.760000,139.720000,35.680000,139.640000,2026-03-28 18:24:52.728 UTC
35.720000,139.600000,34.160000,-118.160000,2026-03-28 01:18:37.877 UTC
33.920000,-118.120000,33.880000,-118.240000,2026-05-13 02:38:44.778 UTC
40.680000,-74.040000,34.200000,-118.240000,2026-03-14 22:42:09.251 UTC
40.640000,-73.960000,33.960000,-118.200000,2026-03-14 23:12:58.428 UTC
40.640000,-73.960000,33.960000,-118.200000,2026-03-14 22:31:09.399 UTC
40.640000,-73.960000,33.960000,-118.200000,2026-03-14 22:24:40.982 UTC
34.080000,-118.360000,34.080000,-118.440000,2025-12-08 03:49:49.226 UTC
40.680000,-74.040000,34.200000,-118.240000,2025-09-07 22:23:58.79 UTC
40.640000,-73.960000,33.960000,-118.200000,2025-09-07 22:51:16.071 UTC
40.640000,-73.960000,33.960000,-118.200000,2025-09-07 22:07:42.876 UTC
34.000000,-118.440000,34.040000,-118.360000,2025-09-07 22:38:00.837 UTC
40.640000,-73.960000,33.960000,-118.200000,2025-09-07 22:01:32.049 UTC
40.640000,-73.960000,33.960000,-118.200000,2025-09-07 21:42:25.011 UTC
40.640000,-73.960000,33.960000,-118.200000,2025-09-07 22:46:13.526 UTC
34.000000,-118.440000,34.040000,-118.360000,2025-09-07 22:33:46.438 UTC
33.920000,-118.440000,33.960000,-118.400000,2025-09-07 07:40:10.87 UTC
40.640000,-73.960000,33.960000,-118.200000,2025-09-07 21:12:14.78 UTC
-33.800000,151.200000,34.040000,-118.360000,2025-09-07 23:10:21.429 UTC
34.040000,-118.240000,34.120000,-118.280000,2025-10-04 02:45:47.358 UTC
34.000000,-118.440000,34.040000,-118.360000,2025-10-04 23:25:23.512 UTC
34.000000,-118.440000,34.040000,-118.360000,2025-10-04 21:31:17.331 UTC
40.680000,-74.040000,34.200000,-118.240000,2025-10-04 22:38:56.012 UTC
40.680000,-74.040000,34.200000,-118.240000,2025-10-04 21:18:53.882 UTC
40.680000,-74.040000,34.200000,-118.240000,2025-10-04 22:22:55.252 UTC
40.640000,-73.960000,33.960000,-118.200000,2025-10-04 22:04:45.162 UTC
40.640000,-73.960000,33.960000,-118.200000,2025-10-04 21:00:53.165 UTC
47.680000,-122.400000,33.960000,-118.200000,2025-10-04 23:51:05.519 UTC
34.000000,-118.440000,34.040000,-118.360000,2025-10-04 23:15:30.386 UTC
-23.560000,-46.600000,-23.600000,-46.640000,2025-10-04 18:56:16.33 UTC
34.040000,-118.160000,33.960000,-118.200000,2025-10-04 23:48:12.891 UTC
34.000000,-118.440000,34.040000,-118.360000,2025-10-04 22:42:43.472 UTC
34.160000,-118.080000,34.160000,-118.200000,2025-10-04 03:19:59.003 UTC
40.640000,-73.960000,33.960000,-118.200000,2025-10-16 01:18:43.117 UTC
34.000000,-118.440000,34.040000,-118.360000,2025-10-16 01:12:18.775 UTC
34.000000,-118.440000,34.040000,-118.360000,2025-10-16 01:11:56.851 UTC
33.960000,-118.200000,33.960000,-118.200000,2025-10-16 01:39:47.846 UTC
34.160000,-118.120000,34.160000,-118.160000,2026-05-09 02:32:11.73 UTC
34.000000,-118.440000,34.040000,-118.360000,2025-10-12 20:59:38.462 UTC
34.160000,-118.120000,34.160000,-118.160000,2025-10-12 14:58:27.37 UTC
34.080000,-118.200000,34.080000,-118.240000,2025-10-12 04:07:33.844 UTC
34.040000,-118.080000,33.960000,-118.120000,2025-08-03 19:59:18.224 UTC
33.960000,-118.440000,34.000000,-118.440000,2025-08-03 22:45:08.902 UTC
40.640000,-73.960000,33.960000,-118.200000,2025-11-23 01:56:48.547 UTC
51.520000,-0.200000,34.080000,-118.440000,2025-12-12 00:33:45.799 UTC
40.640000,-73.960000,33.960000,-118.200000,2026-02-14 22:12:44.376 UTC
34.000000,-118.440000,34.040000,-118.360000,2026-02-14 21:22:20.371 UTC
33.960000,-118.200000,33.960000,-118.200000,2026-02-14 21:04:19.063 UTC
40.640000,-73.960000,33.960000,-118.200000,2026-02-14 21:26:48.8 UTC
40.640000,-73.960000,33.960000,-118.200000,2026-02-14 21:42:11.047 UTC
34.000000,-118.320000,34.000000,-118.280000,2026-02-14 03:28:00.462 UTC
40.640000,-73.960000,33.960000,-118.200000,2026-02-14 22:14:51.41 UTC
34.000000,-118.440000,34.040000,-118.360000,2026-02-14 22:07:55.67 UTC
34.200000,-118.240000,34.120000,-118.200000,2026-02-14 23:14:19.124 UTC
40.640000,-73.960000,33.960000,-118.200000,2026-02-14 21:30:13.959 UTC
51.480000,-0.160000,-33.880000,151.200000,2025-07-25 23:35:59.714 UTC
33.960000,-118.120000,34.000000,-118.120000,2025-11-15 03:47:54.4 UTC
34.000000,-118.280000,34.040000,-118.360000,2025-11-15 18:36:55.016 UTC
34.000000,-118.440000,34.040000,-118.360000,2025-11-15 01:53:10.962 UTC
33.960000,-118.200000,33.960000,-118.200000,2025-11-15 01:59:31.412 UTC
34.000000,-118.440000,34.040000,-118.360000,2025-11-15 17:19:05.544 UTC
34.000000,-118.440000,34.040000,-118.360000,2025-11-15 01:14:02.833 UTC
34.000000,-118.440000,34.040000,-118.360000,2025-11-15 21:43:00.053 UTC
34.000000,-118.440000,34.040000,-118.360000,2025-11-15 17:16:38.435 UTC
-33.960000,151.360000,-33.920000,151.240000,2025-11-15 19:17:42.992 UTC
40.640000,-73.960000,33.960000,-118.200000,2025-11-15 17:48:02.574 UTC
40.640000,-73.960000,33.960000,-118.200000,2025-11-15 19:43:57.372 UTC
40.640000,-73.960000,33.960000,-118.200000,2025-11-15 23:35:34.082 UTC
40.640000,-73.960000,33.960000,-118.200000,2025-11-15 22:38:01.852 UTC
40.640000,-73.960000,33.960000,-118.200000,2025-11-15 02:06:29.081 UTC
51.480000,0.000000,51.520000,-0.040000,2025-11-15 06:20:56.988 UTC
51.480000,0.000000,51.520000,-0.040000,2025-11-15 06:50:58.457 UTC
40.640000,-73.960000,33.960000,-118.200000,2025-11-15 23:57:05.216 UTC
51.440000,-0.200000,51.520000,-0.080000,2025-11-15 07:38:11.856 UTC
40.720000,-73.840000,40.720000,-73.960000,2025-11-15 07:38:04.209 UTC
34.000000,-118.240000,34.120000,-118.280000,2025-11-15 05:44:31.672 UTC
33.960000,-118.200000,33.960000,-118.080000,2025-11-15 06:44:14.626 UTC
51.480000,-0.040000,51.480000,-0.080000,2025-11-15 07:26:03.748 UTC
34.000000,-118.120000,33.960000,-118.080000,2025-11-15 04:56:24.016 UTC
41.800000,-87.560000,41.840000,-87.600000,2025-11-15 07:05:18.508 UTC
51.480000,0.000000,51.520000,-0.040000,2025-11-15 06:46:11.162 UTC
40.720000,-73.920000,34.080000,-118.440000,2025-11-15 05:46:54.332 UTC
51.440000,-0.200000,51.560000,-0.160000,2025-11-15 05:58:26.673 UTC
34.080000,-118.160000,34.120000,-118.080000,2025-11-15 07:34:02.425 UTC
51.480000,-0.040000,51.480000,-0.080000,2025-11-15 07:39:41.434 UTC
34.000000,-118.120000,33.960000,-118.080000,2025-11-15 05:37:24.612 UTC
34.000000,-118.120000,33.960000,-118.080000,2025-11-15 06:12:26.79 UTC
35.520000,139.760000,35.640000,139.680000,2025-11-15 05:25:21.043 UTC
51.480000,-0.040000,51.480000,-0.080000,2025-11-15 07:42:19.616 UTC
51.480000,-0.040000,51.480000,-0.080000,2025-11-15 07:42:12.708 UTC
34.000000,-118.120000,33.960000,-118.080000,2025-11-15 07:46:56.501 UTC
35.680000,139.600000,51.440000,-0.160000,2025-07-13 01:41:31.194 UTC
34.240000,-118.080000,34.200000,-118.160000,2025-07-13 03:51:58.195 UTC
51.520000,-0.160000,33.880000,-118.200000,2025-07-13 19:03:46.298 UTC
51.480000,-0.120000,47.680000,-122.320000,2025-07-13 01:41:55.279 UTC
34.040000,-118.120000,33.960000,-118.160000,2025-07-13 23:28:19.65 UTC
51.520000,-0.160000,33.880000,-118.200000,2025-07-13 19:04:03.306 UTC
51.600000,-0.160000,51.520000,-0.120000,2026-02-28 01:46:26.486 UTC
34.240000,-118.240000,34.200000,-118.240000,2026-02-28 18:04:15.636 UTC
34.000000,-118.440000,34.040000,-118.360000,2026-02-28 23:05:03.022 UTC
33.960000,-118.200000,33.960000,-118.200000,2026-02-28 19:07:20.073 UTC
34.000000,-118.440000,34.040000,-118.360000,2026-02-28 23:57:32.586 UTC
40.680000,-74.040000,34.200000,-118.240000,2026-02-28 22:50:04.695 UTC
34.000000,-118.440000,34.040000,-118.360000,2026-02-28 22:43:44.044 UTC
34.000000,-118.440000,34.040000,-118.360000,2026-02-28 23:10:03.796 UTC
34.000000,-118.440000,34.040000,-118.360000,2026-02-28 23:54:55.1 UTC
40.680000,-74.040000,34.200000,-118.240000,2026-02-28 17:56:44.313 UTC
40.680000,-74.040000,34.200000,-118.240000,2026-02-28 23:17:56.04 UTC
34.000000,-118.440000,34.040000,-118.360000,2026-02-28 22:05:57.282 UTC
40.640000,-73.960000,33.960000,-118.200000,2026-02-28 23:28:38.793 UTC
40.640000,-73.960000,33.960000,-118.200000,2026-02-28 18:16:39.517 UTC
40.640000,-73.960000,33.960000,-118.200000,2026-02-28 18:52:19.726 UTC
40.640000,-73.960000,33.960000,-118.200000,2026-02-28 19:44:40.247 UTC
40.640000,-73.960000,33.960000,-118.200000,2026-02-28 17:38:38.853 UTC
40.640000,-73.960000,33.960000,-118.200000,2026-02-28 22:28:14.848 UTC
40.640000,-73.960000,33.960000,-118.200000,2026-02-28 23:25:55.117 UTC
40.640000,-73.960000,33.960000,-118.200000,2026-02-28 18:23:49.078 UTC
40.640000,-73.960000,33.960000,-118.200000,2026-02-28 23:33:51.3 UTC
40.640000,-73.960000,33.960000,-118.200000,2026-02-28 18:10:28.052 UTC
-33.960000,151.360000,-33.920000,151.240000,2026-02-28 23:44:21.649 UTC
34.200000,-118.200000,34.200000,-118.240000,2026-02-28 19:14:41.475 UTC
40.640000,-73.960000,33.960000,-118.200000,2026-02-28 17:37:19.656 UTC
40.640000,-73.960000,33.960000,-118.200000,2026-02-28 17:20:50.867 UTC
40.640000,-73.960000,33.960000,-118.200000,2026-02-28 22:22:49.312 UTC
-33.960000,151.360000,-33.920000,151.240000,2026-02-28 19:22:56.434 UTC
40.760000,-74.080000,34.120000,-118.080000,2026-02-28 01:13:43.316 UTC
33.840000,-118.200000,33.960000,-118.200000,2026-02-28 20:22:40.215 UTC
-33.920000,151.160000,34.000000,-118.240000,2026-02-28 04:35:30.352 UTC
47.600000,-122.280000,35.680000,139.600000,2026-02-28 20:18:48.277 UTC
34.120000,-117.960000,34.160000,-118.080000,2026-02-28 03:39:06.172 UTC
40.760000,-74.000000,34.080000,-118.160000,2026-02-28 04:22:56.482 UTC
51.480000,0.000000,51.520000,-0.040000,2026-02-28 04:13:36.232 UTC
35.760000,139.640000,35.680000,139.600000,2026-02-28 03:40:53.236 UTC
33.920000,-118.320000,33.920000,-118.400000,2026-02-28 01:46:10.387 UTC
-33.920000,151.240000,34.080000,-118.440000,2026-02-28 04:55:37.956 UTC
33.960000,-118.120000,34.000000,-118.120000,2026-02-28 02:08:33.853 UTC
33.920000,-118.040000,34.000000,-118.040000,2026-02-28 05:51:46.75 UTC
40.680000,-74.080000,34.080000,-118.440000,2026-02-28 04:42:49.887 UTC
34.080000,-118.080000,34.000000,-118.120000,2026-02-28 00:46:43.17 UTC
47.640000,-122.360000,33.960000,-118.040000,2026-02-28 03:27:44.823 UTC
40.640000,-74.080000,34.120000,-118.200000,2026-02-28 05:37:27.542 UTC
40.680000,-73.920000,41.800000,-87.600000,2026-02-28 04:07:38.774 UTC
47.480000,-122.320000,47.560000,-122.400000,2026-02-28 01:34:11.687 UTC
-33.880000,151.280000,47.600000,-122.240000,2026-02-28 01:40:50.271 UTC
40.640000,-73.960000,51.520000,-0.120000,2026-02-28 03:54:39.328 UTC
33.960000,-118.240000,34.000000,-118.320000,2026-02-28 04:53:02.11 UTC
33.960000,-118.200000,33.960000,-118.080000,2026-02-28 03:25:08.129 UTC
33.960000,-118.200000,33.960000,-118.080000,2026-02-28 03:50:46.65 UTC
35.720000,139.720000,40.680000,-73.920000,2026-02-28 01:19:47.171 UTC
40.640000,-73.960000,51.520000,-0.120000,2026-02-28 02:09:29.33 UTC
33.920000,-118.320000,33.920000,-118.400000,2026-02-28 01:46:04.1 UTC
40.760000,-74.080000,34.120000,-118.080000,2026-02-28 01:52:52.267 UTC
47.640000,-122.280000,33.920000,-118.160000,2026-02-28 02:01:30.158 UTC
51.480000,-0.120000,-23.520000,-46.680000,2026-02-28 03:40:27.052 UTC
34.000000,-118.160000,34.040000,-118.280000,2026-02-28 04:29:42.886 UTC
-33.880000,151.200000,33.960000,-118.200000,2025-06-12 01:41:16.999 UTC
-33.880000,151.200000,33.960000,-118.200000,2025-06-12 01:36:30.235 UTC
41.880000,-87.720000,34.040000,-118.360000,2025-06-12 01:50:13.886 UTC
-33.880000,151.200000,33.960000,-118.200000,2025-06-12 01:31:45.273 UTC
33.920000,-118.160000,33.920000,-118.200000,2026-03-27 20:09:08.514 UTC
-33.840000,151.080000,-33.840000,151.160000,2025-08-17 18:43:56.907 UTC
40.680000,-74.040000,34.200000,-118.240000,2025-08-17 15:27:00.435 UTC
40.640000,-73.960000,33.960000,-118.200000,2025-08-17 15:14:38.849 UTC
47.600000,-122.360000,47.600000,-122.280000,2025-08-17 16:12:22.914 UTC
34.000000,-118.320000,34.000000,-118.440000,2025-08-17 04:07:48.608 UTC
-23.560000,-46.600000,33.920000,-118.400000,2025-08-17 18:24:33.906 UTC
33.840000,-118.280000,33.920000,-118.320000,2025-08-17 23:01:06.628 UTC
33.960000,-118.200000,33.960000,-118.200000,2025-08-17 15:40:10.392 UTC
34.120000,-118.240000,34.240000,-118.240000,2025-08-17 21:17:00.054 UTC
33.960000,-118.200000,33.960000,-118.200000,2025-05-29 01:11:24.43 UTC
34.000000,-118.440000,34.040000,-118.360000,2025-05-29 02:05:28.186 UTC
40.640000,-73.960000,33.960000,-118.200000,2025-05-29 01:16:09.846 UTC
40.640000,-73.960000,33.960000,-118.200000,2025-05-29 01:58:38.754 UTC
33.920000,-118.040000,34.000000,-118.120000,2025-07-22 04:08:50.845 UTC
47.560000,-122.320000,35.640000,139.680000,2025-07-22 03:44:55.668 UTC
35.760000,139.680000,35.680000,139.640000,2025-07-27 06:31:00.911 UTC
35.600000,139.680000,34.000000,-118.280000,2025-07-27 06:22:17.309 UTC
34.000000,-118.160000,34.040000,-118.280000,2026-03-01 02:56:44.031 UTC
47.560000,-122.240000,47.600000,-122.240000,2026-03-01 05:53:04.46 UTC
34.080000,-118.320000,34.080000,-118.200000,2026-03-01 04:20:21.142 UTC
40.680000,-74.080000,40.720000,-74.040000,2026-03-01 04:02:37.861 UTC
34.000000,-118.160000,34.040000,-118.280000,2026-03-01 04:06:26.76 UTC
47.640000,-122.280000,33.920000,-118.160000,2026-03-01 04:23:19.018 UTC
35.640000,139.640000,34.080000,-118.240000,2026-03-01 02:53:16.197 UTC
34.080000,-118.480000,34.080000,-118.360000,2026-03-01 18:57:29.351 UTC
51.440000,-0.120000,34.120000,-118.120000,2026-03-01 19:58:38.252 UTC
41.840000,-87.720000,34.000000,-118.440000,2026-03-01 01:37:30.646 UTC
34.000000,-118.120000,33.960000,-118.080000,2026-03-01 04:02:59.961 UTC
34.240000,-118.240000,34.200000,-118.160000,2026-03-01 23:32:36.794 UTC
41.840000,-87.720000,34.000000,-118.440000,2026-03-01 02:38:46.239 UTC
34.000000,-118.120000,33.960000,-118.080000,2026-03-01 01:36:19.485 UTC
34.240000,-118.240000,34.200000,-118.160000,2026-03-01 23:32:32.242 UTC
34.000000,-118.080000,33.920000,-118.160000,2026-03-01 01:16:45.443 UTC
33.960000,-118.520000,33.960000,-118.400000,2026-03-01 06:05:56.499 UTC
47.640000,-122.440000,34.120000,-118.200000,2026-03-01 19:43:03.998 UTC
-23.560000,-46.520000,-23.600000,-46.600000,2026-03-01 04:15:32.834 UTC
34.120000,-118.200000,34.080000,-118.080000,2026-03-01 19:49:26.39 UTC
35.680000,139.680000,34.120000,-118.240000,2026-03-01 04:26:05.205 UTC
40.680000,-73.920000,41.800000,-87.600000,2026-03-01 01:33:54.584 UTC
34.160000,-118.120000,34.160000,-118.160000,2026-03-01 01:37:48.859 UTC
34.120000,-118.200000,34.120000,-118.280000,2026-03-01 04:08:00.361 UTC
-23.560000,-46.520000,-23.600000,-46.600000,2026-03-01 02:16:06.962 UTC
40.680000,-74.080000,33.920000,-118.360000,2026-03-01 04:35:37.216 UTC
35.640000,139.640000,34.080000,-118.240000,2026-03-01 04:40:19.796 UTC
34.040000,-118.280000,33.960000,-118.200000,2026-03-01 23:40:19.788 UTC
34.080000,-118.360000,34.120000,-118.280000,2026-03-01 01:47:05.906 UTC
-33.800000,151.200000,34.040000,-118.360000,2026-03-01 23:48:07.164 UTC
34.040000,-118.160000,33.960000,-118.200000,2026-03-01 19:21:03.784 UTC
34.000000,-118.440000,34.040000,-118.360000,2026-03-01 22:50:24.741 UTC
34.000000,-118.440000,34.040000,-118.360000,2026-03-01 20:40:46.58 UTC
34.000000,-118.440000,34.040000,-118.360000,2026-03-01 22:45:30.586 UTC
34.000000,-118.440000,34.040000,-118.360000,2026-03-01 21:35:03.101 UTC
34.000000,-118.440000,34.040000,-118.360000,2026-03-01 17:55:43.427 UTC
34.000000,-118.440000,34.040000,-118.360000,2026-03-01 19:03:22.18 UTC
34.000000,-118.440000,34.040000,-118.360000,2026-03-01 21:46:27.914 UTC
33.960000,-118.200000,33.960000,-118.200000,2026-03-01 19:09:54.937 UTC
34.000000,-118.440000,34.040000,-118.360000,2026-03-01 20:17:27.731 UTC
40.640000,-73.960000,33.960000,-118.200000,2026-03-01 18:15:13.572 UTC
40.640000,-73.960000,33.960000,-118.200000,2026-03-01 17:43:17.13 UTC
40.640000,-73.960000,33.960000,-118.200000,2026-03-01 18:33:44.844 UTC
40.640000,-73.960000,33.960000,-118.200000,2026-03-01 18:22:12.796 UTC
40.640000,-73.960000,33.960000,-118.200000,2026-03-01 21:20:34.959 UTC
40.640000,-73.960000,33.960000,-118.200000,2026-03-01 20:01:32.34 UTC
40.640000,-73.960000,33.960000,-118.200000,2026-03-01 18:35:19.838 UTC
40.640000,-73.960000,33.960000,-118.200000,2026-03-01 01:08:02.031 UTC
40.640000,-73.960000,33.960000,-118.200000,2026-03-01 17:44:56.744 UTC
40.640000,-73.960000,33.960000,-118.200000,2026-03-01 22:07:01.837 UTC
40.640000,-73.960000,33.960000,-118.200000,2026-03-01 18:37:19.872 UTC
40.640000,-73.960000,33.960000,-118.200000,2026-03-01 21:03:00.863 UTC
40.640000,-73.960000,33.960000,-118.200000,2026-03-01 00:37:38.685 UTC
40.640000,-73.960000,33.960000,-118.200000,2026-03-01 17:32:39.962 UTC
40.640000,-73.960000,33.960000,-118.200000,2026-03-01 22:32:12.793 UTC
40.640000,-73.960000,33.960000,-118.200000,2026-03-01 00:34:32.403 UTC
40.640000,-73.960000,33.960000,-118.200000,2026-03-01 17:37:28.95 UTC
34.120000,-118.320000,34.080000,-118.360000,2025-06-28 02:21:16.747 UTC
41.800000,-87.720000,41.840000,-87.640000,2025-06-28 04:46:11.713 UTC
-33.840000,151.280000,-33.920000,151.240000,2025-06-28 17:16:48.37 UTC
-33.840000,151.280000,-33.920000,151.240000,2025-06-28 01:20:04.957 UTC
34.000000,-118.440000,34.040000,-118.360000,2025-06-28 21:54:29.923 UTC
40.680000,-74.040000,34.200000,-118.240000,2025-06-28 01:31:47.862 UTC
34.000000,-118.440000,34.040000,-118.360000,2025-06-28 21:36:15.788 UTC
51.480000,-0.120000,34.120000,-118.280000,2025-06-28 20:47:18.645 UTC
34.000000,-118.440000,34.040000,-118.360000,2025-06-28 17:25:51.467 UTC
40.680000,-74.040000,34.200000,-118.240000,2025-06-28 18:09:11.104 UTC
40.680000,-74.040000,34.200000,-118.240000,2025-06-28 17:20:29.19 UTC
33.960000,-118.200000,33.960000,-118.200000,2025-06-28 01:44:40.181 UTC
40.680000,-74.040000,34.200000,-118.240000,2025-06-28 22:44:09.365 UTC
51.480000,-0.120000,34.000000,-118.120000,2025-06-28 22:16:59.962 UTC
51.480000,-0.120000,34.000000,-118.120000,2025-06-28 22:17:24.867 UTC
51.480000,-0.120000,34.000000,-118.120000,2025-06-28 22:16:52.065 UTC
40.680000,-74.040000,34.200000,-118.240000,2025-06-28 17:48:54.777 UTC
33.960000,-118.200000,33.960000,-118.200000,2025-06-28 22:35:55.014 UTC
34.000000,-118.440000,34.040000,-118.360000,2025-06-28 17:35:30.333 UTC
40.640000,-73.960000,33.960000,-118.200000,2025-06-28 21:17:35.308 UTC
40.640000,-73.960000,33.960000,-118.200000,2025-06-28 17:12:15.391 UTC
40.640000,-73.960000,33.960000,-118.200000,2025-06-28 21:14:18.623 UTC
34.160000,-118.280000,34.120000,-118.280000,2025-06-28 23:19:21.381 UTC
40.640000,-73.960000,33.960000,-118.200000,2025-06-28 17:03:49.222 UTC
40.640000,-73.960000,33.960000,-118.200000,2025-06-28 23:23:54.97 UTC
40.640000,-73.960000,33.960000,-118.200000,2025-06-28 23:27:08.233 UTC
40.640000,-73.960000,33.960000,-118.200000,2025-06-28 21:17:15.581 UTC
40.640000,-73.960000,33.960000,-118.200000,2025-06-28 18:51:31.281 UTC
51.560000,-0.120000,35.720000,139.640000,2025-06-28 07:38:32.506 UTC
47.640000,-122.360000,33.960000,-118.040000,2025-06-28 03:41:52.808 UTC
47.640000,-122.360000,33.960000,-118.040000,2025-06-28 02:06:37.99 UTC
40.680000,-74.040000,34.200000,-118.240000,2025-06-28 18:34:01.896 UTC
47.680000,-122.280000,47.640000,-122.240000,2025-06-28 00:34:03.143 UTC
33.960000,-118.200000,33.960000,-118.200000,2025-06-28 22:24:55.156 UTC
-33.880000,151.240000,51.480000,-0.160000,2025-06-28 07:35:31.787 UTC
51.560000,-0.120000,35.720000,139.640000,2025-06-28 07:34:16.669 UTC
34.080000,-118.280000,34.120000,-118.240000,2025-06-28 07:03:02.354 UTC
34.000000,-118.160000,34.080000,-118.240000,2025-06-28 20:04:10.232 UTC
34.080000,-118.320000,34.080000,-118.240000,2025-06-28 05:09:57.315 UTC
34.200000,-118.280000,34.240000,-118.280000,2025-06-28 05:09:48.595 UTC
34.120000,-118.200000,34.120000,-118.280000,2025-06-28 02:12:27.21 UTC
34.120000,-118.200000,34.120000,-118.280000,2025-06-28 04:41:01.531 UTC
47.520000,-122.280000,47.600000,-122.240000,2025-06-28 08:18:23.89 UTC
34.280000,-118.240000,34.200000,-118.320000,2025-06-28 20:51:54.876 UTC
33.960000,-118.040000,33.960000,-118.080000,2025-08-10 20:16:44.371 UTC
35.680000,139.680000,40.720000,-74.000000,2025-08-10 18:41:19.442 UTC
35.680000,139.680000,40.720000,-74.000000,2025-08-10 20:39:23.409 UTC
35.680000,139.680000,40.720000,-74.000000,2025-08-10 19:44:51.095 UTC
34.160000,-118.240000,34.200000,-118.160000,2025-08-10 22:23:32.226 UTC
35.680000,139.680000,40.720000,-74.000000,2025-08-10 19:20:50.635 UTC
35.680000,139.680000,40.720000,-74.000000,2025-08-10 21:27:59.764 UTC
35.680000,139.680000,40.720000,-74.000000,2025-08-10 19:04:31.617 UTC
35.680000,139.680000,40.720000,-74.000000,2025-08-10 20:19:45.764 UTC
35.680000,139.680000,40.720000,-74.000000,2025-08-10 21:46:38.056 UTC
35.680000,139.680000,40.720000,-74.000000,2025-08-10 20:42:27.787 UTC
35.680000,139.680000,40.720000,-74.000000,2025-08-10 19:55:20.1 UTC
47.520000,-122.400000,33.960000,-118.080000,2025-08-10 19:25:58.087 UTC
35.680000,139.680000,40.720000,-74.000000,2025-08-10 22:16:44.63 UTC
35.680000,139.680000,40.720000,-74.000000,2025-08-10 18:36:09.053 UTC
35.680000,139.680000,40.720000,-74.000000,2025-08-10 19:12:25.945 UTC
35.680000,139.680000,40.720000,-74.000000,2025-08-10 19:59:10.357 UTC
35.680000,139.680000,40.720000,-74.000000,2025-08-10 18:26:38.815 UTC
47.520000,-122.400000,33.960000,-118.080000,2025-08-10 22:15:29.849 UTC
40.760000,-74.040000,34.080000,-118.120000,2025-08-10 02:26:53.475 UTC
35.680000,139.560000,51.560000,-0.120000,2025-08-10 04:34:28.133 UTC
51.400000,-0.080000,51.480000,-0.160000,2025-08-10 06:37:32.466 UTC
34.000000,-117.960000,34.040000,-118.040000,2025-08-10 02:01:13.788 UTC
34.080000,-118.200000,34.080000,-118.120000,2025-08-10 04:42:25.972 UTC
35.680000,139.560000,51.560000,-0.120000,2025-08-10 03:09:20.436 UTC
34.200000,-118.520000,34.080000,-118.440000,2025-08-10 22:48:56.252 UTC
34.080000,-118.080000,34.040000,-118.080000,2025-08-10 22:37:47.406 UTC
40.720000,-73.920000,40.720000,-74.000000,2025-08-10 22:44:27.398 UTC
34.080000,-118.080000,34.080000,-118.160000,2025-08-10 06:35:59.44 UTC
34.160000,-118.200000,34.200000,-118.240000,2025-08-10 06:34:38.595 UTC
-33.920000,151.200000,34.000000,-118.160000,2025-08-10 23:42:58.409 UTC
34.000000,-118.120000,33.960000,-118.080000,2025-08-10 05:48:19.797 UTC
-23.400000,-46.560000,-23.480000,-46.600000,2025-08-10 05:28:59.482 UTC
41.800000,-87.680000,41.880000,-87.680000,2025-08-10 03:29:34.543 UTC
51.520000,-0.240000,51.520000,-0.200000,2025-08-10 06:23:34.017 UTC
34.000000,-118.120000,33.960000,-118.200000,2025-08-10 22:50:39.045 UTC
-33.840000,151.280000,-33.920000,151.240000,2025-06-26 01:22:24.452 UTC
34.000000,-118.440000,34.040000,-118.360000,2025-06-26 01:00:35.456 UTC
34.000000,-118.440000,34.040000,-118.360000,2025-06-26 01:45:26.627 UTC
40.640000,-73.960000,33.960000,-118.200000,2025-06-26 01:53:38.716 UTC
40.640000,-73.960000,33.960000,-118.200000,2025-06-26 01:19:47.341 UTC
-23.560000,-46.640000,-23.600000,-46.640000,2025-06-26 02:18:18.161 UTC
34.000000,-118.120000,33.960000,-118.200000,2025-06-26 00:54:04.319 UTC
34.000000,-117.920000,34.040000,-118.040000,2025-06-26 15:00:11.786 UTC
34.160000,-118.240000,34.160000,-118.360000,2025-12-27 23:09:17.994 UTC
41.840000,-87.720000,51.520000,-0.120000,2025-12-27 03:10:08.696 UTC
34.120000,-118.360000,34.040000,-118.400000,2025-12-27 01:19:36.65 UTC
34.120000,-118.360000,34.040000,-118.400000,2025-12-27 01:17:49.346 UTC
47.600000,-122.360000,47.600000,-122.280000,2025-12-27 01:00:32.119 UTC
40.640000,-73.960000,33.960000,-118.200000,2025-12-27 21:34:14.942 UTC
34.080000,-118.240000,34.080000,-118.240000,2026-05-02 14:37:58.703 UTC
34.000000,-118.440000,34.040000,-118.360000,2026-05-02 21:13:54.908 UTC
34.000000,-118.440000,34.040000,-118.360000,2026-05-02 21:30:58.847 UTC
40.680000,-74.040000,34.200000,-118.240000,2026-05-02 21:47:13.014 UTC
34.000000,-118.440000,34.040000,-118.360000,2026-05-02 22:37:07.443 UTC
40.680000,-74.040000,34.200000,-118.240000,2026-05-02 21:18:28.303 UTC
34.080000,-118.240000,34.080000,-118.240000,2026-05-02 14:42:21.302 UTC
40.680000,-74.040000,34.200000,-118.240000,2026-05-02 21:43:12.727 UTC
33.960000,-118.200000,33.960000,-118.200000,2026-05-02 22:13:49.92 UTC
33.960000,-118.200000,33.960000,-118.200000,2026-05-02 22:14:56.433 UTC
34.000000,-118.440000,34.040000,-118.360000,2026-05-02 22:31:15.694 UTC
34.000000,-118.440000,34.040000,-118.360000,2026-06-27 21:16:08.646 UTC
34.000000,-118.440000,34.040000,-118.360000,2026-06-27 21:12:13.797 UTC
34.000000,-118.440000,34.040000,-118.360000,2026-06-27 21:53:28.747 UTC
40.640000,-73.960000,33.960000,-118.200000,2026-06-27 21:35:30.873 UTC
40.640000,-73.960000,33.960000,-118.200000,2026-06-27 23:01:53.952 UTC
40.640000,-73.960000,33.960000,-118.200000,2026-06-27 21:27:11.357 UTC
40.640000,-73.960000,33.960000,-118.200000,2026-06-27 21:43:07.913 UTC
40.640000,-73.960000,33.960000,-118.200000,2026-06-27 22:11:10.778 UTC
40.640000,-73.960000,33.960000,-118.200000,2026-06-27 22:29:25.837 UTC
40.640000,-73.960000,33.960000,-118.200000,2026-06-27 22:53:34.977 UTC
40.640000,-73.960000,33.960000,-118.200000,2026-06-27 22:47:36.093 UTC
41.960000,-87.600000,34.000000,-118.280000,2026-06-27 07:57:31.315 UTC
33.840000,-118.400000,33.880000,-118.320000,2026-06-27 05:51:55.25 UTC
33.840000,-118.400000,33.880000,-118.320000,2026-06-27 05:52:41.409 UTC
33.960000,-118.480000,34.040000,-118.400000,2026-06-27 05:44:09.852 UTC
40.640000,-73.960000,33.960000,-118.200000,2026-06-27 21:26:51.539 UTC
34.160000,-118.360000,34.200000,-118.280000,2026-06-27 19:13:55.492 UTC
40.720000,-74.120000,34.200000,-118.160000,2026-06-27 19:21:07.272 UTC
40.640000,-73.960000,33.960000,-118.200000,2025-06-27 01:05:35.805 UTC
-33.840000,151.280000,-33.920000,151.240000,2025-06-27 01:54:09.65 UTC
40.640000,-73.960000,33.960000,-118.200000,2025-06-27 01:00:26.082 UTC
34.000000,-118.440000,34.040000,-118.360000,2025-06-27 01:10:54.186 UTC
33.960000,-118.200000,33.960000,-118.200000,2025-06-27 00:54:39.907 UTC
34.120000,-118.360000,34.120000,-118.280000,2025-06-27 23:53:47.419 UTC
40.800000,-74.040000,41.840000,-87.640000,2025-06-27 23:45:48.789 UTC
35.680000,139.560000,33.880000,-118.240000,2025-06-27 21:40:02.742 UTC
34.080000,-118.200000,34.120000,-118.120000,2025-06-27 23:22:30.76 UTC
-23.640000,-46.640000,-23.600000,-46.680000,2025-06-27 21:54:19.784 UTC
-23.520000,-46.640000,47.640000,-122.280000,2025-06-27 23:27:35.988 UTC
33.960000,-118.040000,33.960000,-118.160000,2025-06-27 02:33:18.615 UTC
34.080000,-118.200000,34.120000,-118.280000,2025-06-27 23:48:25.43 UTC
-33.840000,151.240000,47.600000,-122.280000,2026-02-25 02:38:51.258 UTC
34.320000,-118.240000,34.200000,-118.240000,2026-02-25 01:38:50.354 UTC
33.960000,-118.160000,33.880000,-118.160000,2026-02-25 23:06:55.749 UTC
41.960000,-87.600000,34.120000,-118.400000,2026-02-25 03:32:23.394 UTC
41.920000,-87.680000,41.880000,-87.720000,2026-02-25 02:46:42.181 UTC
35.640000,139.640000,34.200000,-118.240000,2026-02-25 01:37:23.827 UTC
34.120000,-118.160000,34.000000,-118.160000,2026-02-25 00:02:49.69 UTC
-23.560000,-46.680000,34.000000,-118.120000,2026-02-25 02:30:16.083 UTC
51.480000,-0.120000,33.920000,-118.240000,2026-02-25 01:18:14.891 UTC
34.240000,-118.200000,34.160000,-118.240000,2026-02-25 07:46:14.983 UTC
34.040000,-118.280000,33.960000,-118.200000,2026-02-25 01:02:31.898 UTC
-33.840000,151.120000,-33.840000,151.160000,2026-02-25 05:12:07.24 UTC
34.280000,-118.200000,34.200000,-118.240000,2026-02-25 01:38:59.909 UTC
33.920000,-118.360000,34.000000,-118.280000,2025-09-20 05:18:16.42 UTC
41.920000,-87.560000,34.080000,-118.240000,2025-09-20 00:33:57.985 UTC
41.920000,-87.560000,34.080000,-118.240000,2025-09-20 00:33:49.714 UTC
41.720000,-87.520000,41.800000,-87.560000,2025-09-20 01:44:43.027 UTC
51.440000,-0.160000,51.520000,-0.120000,2025-09-20 15:25:52.866 UTC
47.640000,-122.400000,47.560000,-122.400000,2025-09-20 16:15:57.387 UTC
41.920000,-87.600000,34.200000,-118.200000,2025-09-20 16:55:19.659 UTC
33.880000,-118.360000,33.920000,-118.280000,2025-09-20 17:43:15.775 UTC
34.080000,-118.040000,34.040000,-118.040000,2025-09-20 18:06:40.302 UTC
-33.840000,151.200000,34.000000,-118.400000,2025-09-20 17:16:31.935 UTC
34.080000,-118.040000,34.120000,-118.160000,2025-09-20 18:32:24.307 UTC
-33.800000,151.200000,34.040000,-118.360000,2026-03-07 22:11:19.986 UTC
-33.880000,151.280000,35.640000,139.680000,2026-03-07 22:19:02.782 UTC
40.640000,-73.960000,33.960000,-118.200000,2026-03-07 21:32:54.145 UTC
-33.840000,151.280000,-33.920000,151.240000,2025-06-29 22:04:09.009 UTC
-33.840000,151.280000,-33.920000,151.240000,2025-06-29 21:56:11.734 UTC
34.000000,-118.440000,34.040000,-118.360000,2025-06-29 20:13:24.148 UTC
33.960000,-118.200000,33.960000,-118.200000,2025-06-29 22:39:59.525 UTC
34.000000,-118.440000,34.040000,-118.360000,2025-06-29 22:52:52.554 UTC
33.960000,-118.200000,33.960000,-118.200000,2025-06-29 19:38:50.61 UTC
34.000000,-118.440000,34.040000,-118.360000,2025-06-29 23:02:54.678 UTC
34.000000,-118.440000,34.040000,-118.360000,2025-06-29 22:21:49.066 UTC
34.000000,-118.440000,34.040000,-118.360000,2025-06-29 17:51:25.414 UTC
33.960000,-118.200000,33.960000,-118.200000,2025-06-29 23:40:18.037 UTC
34.000000,-118.440000,34.040000,-118.360000,2025-06-29 23:48:57.775 UTC
40.680000,-74.040000,34.200000,-118.240000,2025-06-29 17:47:25.159 UTC
34.000000,-118.440000,34.040000,-118.360000,2025-06-29 18:40:29.33 UTC
33.960000,-118.200000,33.960000,-118.200000,2025-06-29 21:19:01.704 UTC
40.680000,-74.040000,34.200000,-118.240000,2025-06-29 21:23:22.877 UTC
40.640000,-73.960000,33.960000,-118.200000,2025-06-29 20:08:27.249 UTC
40.640000,-73.960000,33.960000,-118.200000,2025-06-29 18:35:50.841 UTC
40.640000,-73.960000,33.960000,-118.200000,2025-06-29 23:32:17.37 UTC
40.640000,-73.960000,33.960000,-118.200000,2025-06-29 23:37:17.867 UTC
40.640000,-73.960000,33.960000,-118.200000,2025-06-29 18:38:30.709 UTC
-33.920000,151.240000,51.520000,-0.200000,2025-06-29 03:29:26.031 UTC
34.000000,-118.440000,34.040000,-118.360000,2025-06-29 19:09:57.962 UTC
35.680000,139.600000,34.160000,-118.200000,2025-06-29 03:31:37.784 UTC
35.720000,139.640000,34.040000,-118.360000,2025-06-29 03:11:09.148 UTC
35.680000,139.600000,34.160000,-118.200000,2025-06-29 03:21:30.171 UTC
-33.960000,151.360000,-33.920000,151.240000,2025-09-14 23:18:34.476 UTC
40.640000,-73.960000,33.960000,-118.200000,2025-09-14 23:25:46.431 UTC
-23.520000,-46.600000,33.960000,-118.200000,2025-08-19 16:09:10.755 UTC
47.600000,-122.440000,47.560000,-122.320000,2025-08-19 17:27:30.063 UTC
34.000000,-118.240000,34.040000,-118.360000,2025-08-19 15:12:38.826 UTC
-23.520000,-46.680000,33.960000,-118.240000,2025-08-19 02:39:55.389 UTC
34.280000,-118.400000,34.200000,-118.320000,2025-08-19 02:04:08.842 UTC
40.680000,-74.040000,33.920000,-118.240000,2025-08-19 03:02:19.232 UTC
-23.600000,-46.800000,-23.600000,-46.680000,2025-08-19 02:46:26.983 UTC
34.080000,-118.320000,34.040000,-118.200000,2025-08-19 14:11:30.216 UTC
34.040000,-118.280000,34.040000,-118.160000,2025-08-19 19:35:22.312 UTC
33.960000,-118.200000,33.960000,-118.200000,2025-06-07 01:58:56.059 UTC
34.000000,-118.440000,34.040000,-118.360000,2025-06-07 22:25:30.08 UTC
40.640000,-73.960000,33.960000,-118.200000,2025-06-07 21:54:41.674 UTC
40.640000,-73.960000,33.960000,-118.200000,2025-09-25 01:32:19.874 UTC
40.640000,-73.960000,33.960000,-118.200000,2025-09-25 01:36:49.66 UTC
34.000000,-118.440000,34.040000,-118.360000,2025-09-25 01:49:42.729 UTC
40.720000,-74.000000,33.960000,-118.200000,2025-09-30 00:56:08.748 UTC
34.160000,-118.120000,34.080000,-118.120000,2025-12-24 20:26:11.649 UTC
34.080000,-118.240000,34.080000,-118.240000,2025-12-24 03:21:49.902 UTC
-23.600000,-46.600000,-23.520000,-46.600000,2026-08-26 15:08:12.299 UTC
34.000000,-118.520000,34.080000,-118.440000,2025-08-25 02:48:59.607 UTC
34.000000,-118.440000,34.040000,-118.360000,2025-08-14 01:36:14.371 UTC
40.640000,-73.960000,33.960000,-118.200000,2025-08-14 01:51:27.871 UTC
40.640000,-73.960000,33.960000,-118.200000,2025-08-14 01:21:56.917 UTC
33.960000,-118.200000,33.960000,-118.200000,2026-02-23 21:22:58.003 UTC
-33.840000,151.280000,-33.920000,151.240000,2026-02-23 22:33:05.539 UTC
34.000000,-118.440000,34.040000,-118.360000,2026-02-23 21:02:17.115 UTC
34.000000,-118.440000,34.040000,-118.360000,2026-02-23 20:54:50.37 UTC
40.680000,-74.040000,34.200000,-118.240000,2026-02-23 21:47:50.49 UTC
33.960000,-118.200000,33.960000,-118.200000,2026-02-23 21:23:42.446 UTC
34.000000,-118.440000,34.040000,-118.360000,2026-02-23 22:02:31.299 UTC
40.680000,-74.040000,34.200000,-118.240000,2026-02-23 22:55:37.691 UTC
33.960000,-118.200000,33.960000,-118.200000,2026-02-23 23:15:11.349 UTC
33.960000,-118.200000,33.960000,-118.200000,2026-02-23 22:10:13.797 UTC
34.000000,-118.080000,33.960000,-118.080000,2026-05-05 01:47:42.933 UTC
40.640000,-73.960000,33.960000,-118.200000,2025-09-04 01:10:22.946 UTC
40.680000,-74.040000,34.200000,-118.240000,2025-09-04 01:18:19.667 UTC
47.560000,-122.440000,51.480000,-0.160000,2025-09-04 14:35:50.253 UTC
40.640000,-73.960000,33.960000,-118.200000,2025-09-04 01:55:04.729 UTC
34.040000,-118.040000,34.040000,-118.040000,2025-07-09 15:05:26.91 UTC
33.960000,-118.080000,34.000000,-118.080000,2025-07-09 00:37:04.298 UTC
33.920000,-118.160000,33.880000,-118.200000,2025-10-22 01:53:16.632 UTC
-33.880000,151.240000,41.840000,-87.520000,2025-08-16 19:00:30.227 UTC
34.040000,-118.360000,34.120000,-118.400000,2025-08-16 19:06:23.07 UTC
-23.560000,-46.680000,34.160000,-118.400000,2025-08-16 02:29:22.773 UTC
51.480000,-0.080000,34.080000,-118.360000,2025-08-16 01:40:49.553 UTC
34.080000,-118.400000,34.120000,-118.360000,2025-08-16 02:20:40.371 UTC
35.720000,139.520000,35.680000,139.600000,2025-08-16 23:45:26.179 UTC
47.560000,-122.160000,47.600000,-122.240000,2025-08-16 02:00:32.443 UTC
40.640000,-74.120000,40.760000,-74.080000,2025-08-16 23:32:20.645 UTC
40.680000,-74.040000,34.200000,-118.240000,2025-08-16 16:00:21.965 UTC
40.680000,-74.040000,34.200000,-118.240000,2025-08-16 15:47:46.166 UTC
-33.960000,151.360000,-33.920000,151.240000,2025-08-16 15:36:23.915 UTC
34.040000,-118.040000,34.000000,-118.160000,2025-08-16 18:00:45.645 UTC
-33.840000,151.360000,-33.880000,151.280000,2025-08-16 17:21:54.782 UTC
47.560000,-122.280000,34.000000,-118.360000,2025-08-16 16:59:48.932 UTC
34.240000,-118.320000,34.200000,-118.280000,2025-08-16 16:38:47.947 UTC
41.880000,-87.560000,33.920000,-118.280000,2026-04-28 02:44:27.924 UTC
33.960000,-118.120000,33.960000,-118.200000,2026-04-28 02:12:03.434 UTC
34.240000,-118.280000,34.200000,-118.240000,2025-08-06 01:41:27.913 UTC
34.080000,-118.200000,34.040000,-118.240000,2026-02-20 23:18:56.609 UTC
34.080000,-118.200000,34.040000,-118.240000,2026-02-20 20:54:43.833 UTC
34.080000,-118.200000,34.040000,-118.240000,2026-02-20 23:21:35.692 UTC
34.080000,-118.200000,34.040000,-118.240000,2026-02-20 23:23:43.631 UTC
41.840000,-87.720000,33.920000,-118.360000,2026-02-20 16:43:37.503 UTC
-23.560000,-46.600000,34.080000,-118.320000,2026-02-20 21:40:13.902 UTC
-23.560000,-46.600000,34.080000,-118.320000,2026-02-20 22:02:32.494 UTC
34.120000,-118.440000,34.080000,-118.320000,2026-02-20 17:48:33.566 UTC
34.120000,-118.440000,34.080000,-118.320000,2026-02-20 17:38:40.253 UTC
34.120000,-118.440000,34.080000,-118.320000,2026-02-20 17:31:18.484 UTC
34.120000,-118.440000,34.080000,-118.320000,2026-02-20 17:50:40.626 UTC
34.120000,-118.440000,34.080000,-118.320000,2026-02-20 22:18:23.373 UTC
34.120000,-118.440000,34.080000,-118.320000,2026-02-20 22:47:32.812 UTC
34.120000,-118.440000,34.080000,-118.320000,2026-02-20 17:34:04.635 UTC
34.120000,-118.440000,34.080000,-118.320000,2026-02-20 19:04:24.353 UTC
34.120000,-118.440000,34.080000,-118.320000,2026-02-20 22:35:06.481 UTC
34.120000,-118.440000,34.080000,-118.320000,2026-02-20 17:18:05.175 UTC
34.120000,-118.440000,34.080000,-118.320000,2026-02-20 19:36:15.252 UTC
34.120000,-118.440000,34.080000,-118.320000,2026-02-20 22:35:26.232 UTC
34.240000,-118.320000,34.160000,-118.280000,2026-02-20 22:55:14.792 UTC
34.040000,-118.120000,34.040000,-118.160000,2026-02-20 23:00:18.576 UTC
34.040000,-118.120000,34.040000,-118.160000,2026-02-20 20:14:37.705 UTC
34.040000,-118.120000,34.040000,-118.160000,2026-02-20 23:08:50.078 UTC
34.040000,-118.120000,34.040000,-118.160000,2026-02-20 20:20:05.28 UTC
34.000000,-118.440000,34.040000,-118.360000,2026-08-01 22:38:34.179 UTC
34.240000,-118.240000,34.200000,-118.160000,2026-01-05 01:42:21.647 UTC
34.000000,-118.440000,34.040000,-118.360000,2025-11-08 20:24:17.192 UTC
34.080000,-118.440000,34.120000,-118.440000,2025-11-08 20:17:00.106 UTC
-33.800000,151.200000,34.040000,-118.360000,2025-07-14 00:04:23.362 UTC
-23.560000,-46.640000,34.080000,-118.240000,2025-07-14 14:32:14.558 UTC
40.680000,-74.040000,34.200000,-118.240000,2025-09-06 21:21:58.229 UTC
-33.960000,151.360000,-33.920000,151.240000,2025-09-06 22:56:29.662 UTC
34.000000,-118.440000,34.040000,-118.360000,2025-09-06 01:39:36.102 UTC
34.000000,-118.440000,34.040000,-118.360000,2025-07-04 17:43:05.56 UTC
51.520000,-0.120000,33.960000,-118.120000,2025-06-11 02:40:46.197 UTC
47.600000,-122.400000,41.800000,-87.640000,2025-06-11 02:13:54.438 UTC
34.000000,-118.120000,33.960000,-118.080000,2025-11-16 02:58:27.241 UTC
-23.600000,-46.520000,-23.520000,-46.600000,2025-11-16 03:12:58.88 UTC
34.120000,-118.280000,34.120000,-118.240000,2025-11-16 02:19:44.112 UTC
34.080000,-118.320000,34.080000,-118.240000,2025-11-16 02:15:17.854 UTC
34.080000,-118.320000,34.080000,-118.240000,2025-11-16 02:14:59.726 UTC
-33.920000,151.240000,34.080000,-118.440000,2025-11-16 02:22:23.018 UTC
34.080000,-118.320000,34.080000,-118.240000,2025-11-16 02:14:24.015 UTC
34.000000,-118.120000,33.960000,-118.080000,2025-11-16 02:18:48.066 UTC
34.080000,-118.320000,34.080000,-118.240000,2025-11-16 02:15:15.283 UTC
34.080000,-118.320000,34.080000,-118.240000,2025-11-16 02:45:48.192 UTC
-23.600000,-46.560000,-23.560000,-46.560000,2025-11-16 01:14:18.528 UTC
34.000000,-118.320000,34.000000,-118.440000,2025-11-16 04:09:49.109 UTC
34.000000,-118.360000,34.040000,-118.280000,2025-11-16 04:06:32.849 UTC
35.640000,139.640000,-33.880000,151.200000,2025-11-16 03:37:47.99 UTC
51.520000,-0.240000,51.520000,-0.200000,2025-11-16 01:53:44.941 UTC
51.400000,-0.080000,51.480000,-0.160000,2025-11-16 02:37:05.949 UTC
34.240000,-118.240000,34.120000,-118.240000,2025-11-16 02:51:38.748 UTC
34.080000,-118.320000,34.080000,-118.200000,2025-11-16 02:46:09.34 UTC
51.520000,-0.240000,51.520000,-0.200000,2025-11-16 02:41:57.229 UTC
35.640000,139.680000,34.000000,-118.120000,2025-11-16 03:09:49.105 UTC
35.760000,139.640000,35.680000,139.600000,2025-11-16 03:13:16.9 UTC
51.520000,-0.240000,51.520000,-0.200000,2025-11-16 02:20:06.772 UTC
33.920000,-118.200000,34.000000,-118.120000,2025-11-16 03:42:14.262 UTC
40.680000,-74.040000,34.200000,-118.240000,2025-11-16 00:35:55.298 UTC
34.000000,-118.440000,34.040000,-118.360000,2025-11-16 18:35:15.915 UTC
34.000000,-118.440000,34.040000,-118.360000,2025-11-16 17:13:26.353 UTC
34.000000,-118.440000,34.040000,-118.360000,2025-11-16 21:56:52.037 UTC
40.680000,-74.040000,34.200000,-118.240000,2025-11-16 22:44:16.912 UTC
40.680000,-74.040000,34.200000,-118.240000,2025-11-16 17:16:57.667 UTC
34.000000,-118.440000,34.040000,-118.360000,2025-11-16 18:35:25.008 UTC
34.000000,-118.440000,34.040000,-118.360000,2025-11-16 00:32:53.663 UTC
34.000000,-118.440000,34.040000,-118.360000,2025-11-16 18:34:48.24 UTC
34.000000,-118.440000,34.040000,-118.360000,2025-11-16 22:40:37.125 UTC
40.640000,-73.960000,33.960000,-118.200000,2025-11-16 17:36:41.255 UTC
40.640000,-73.960000,33.960000,-118.200000,2025-11-16 23:06:14.943 UTC
33.920000,-118.200000,34.000000,-118.160000,2025-11-16 01:18:32.915 UTC
40.640000,-73.960000,33.960000,-118.200000,2025-11-16 18:16:05.833 UTC
40.640000,-73.960000,33.960000,-118.200000,2025-11-16 17:34:44.365 UTC
34.000000,-118.200000,34.080000,-118.120000,2025-11-02 00:26:26.841 UTC
41.920000,-87.720000,34.040000,-118.360000,2025-11-02 00:04:05.853 UTC
35.680000,139.720000,34.160000,-118.240000,2025-11-02 03:43:51.219 UTC
41.880000,-87.720000,34.000000,-118.160000,2025-11-02 00:30:13.778 UTC
-23.520000,-46.640000,-23.600000,-46.640000,2025-11-02 01:37:21.418 UTC
51.600000,-0.080000,51.480000,-0.080000,2025-11-02 01:42:35.432 UTC
47.560000,-122.400000,34.160000,-118.160000,2025-11-02 01:51:52.719 UTC
34.040000,-118.440000,34.080000,-118.360000,2025-11-02 00:12:21.203 UTC
41.800000,-87.640000,34.000000,-118.280000,2025-11-02 02:33:15.316 UTC
-33.880000,151.200000,-33.800000,151.200000,2025-11-02 00:39:20.91 UTC
-33.880000,151.200000,40.640000,-74.040000,2025-11-02 00:22:41.086 UTC
34.240000,-118.400000,34.160000,-118.360000,2025-11-02 00:32:03.493 UTC
34.000000,-118.120000,33.960000,-118.200000,2025-06-13 03:07:38.194 UTC
40.680000,-74.040000,34.200000,-118.240000,2025-06-13 03:06:51.646 UTC
34.120000,-118.160000,34.200000,-118.160000,2025-12-06 00:39:16.006 UTC
33.960000,-118.200000,33.960000,-118.200000,2025-08-20 01:30:13.635 UTC
34.000000,-118.440000,34.040000,-118.360000,2025-08-20 02:30:03.33 UTC
40.640000,-73.960000,33.960000,-118.200000,2025-08-20 02:26:52.128 UTC
33.920000,-118.120000,33.960000,-118.200000,2025-08-20 15:16:38.903 UTC
34.000000,-118.160000,33.960000,-118.280000,2025-08-20 15:02:39.914 UTC
33.960000,-118.040000,34.000000,-118.120000,2025-08-20 14:32:29.586 UTC
34.000000,-118.440000,34.040000,-118.360000,2025-08-20 01:02:41.982 UTC
33.920000,-118.240000,34.000000,-118.200000,2026-05-01 01:21:39.218 UTC
34.120000,-118.280000,34.080000,-118.280000,2026-05-01 01:22:02.295 UTC
40.640000,-73.960000,33.960000,-118.200000,2025-08-28 01:14:49.421 UTC
-33.960000,151.360000,-33.920000,151.240000,2025-08-28 01:40:43.015 UTC
40.640000,-73.960000,33.960000,-118.200000,2025-08-28 01:00:52.908 UTC
34.000000,-118.440000,34.040000,-118.360000,2025-08-28 01:24:53.412 UTC
34.000000,-118.440000,34.040000,-118.360000,2025-08-22 01:38:41.651 UTC
34.000000,-118.440000,34.040000,-118.360000,2025-08-22 02:00:29.006 UTC
33.960000,-118.200000,33.960000,-118.200000,2025-08-22 01:15:26.003 UTC
40.640000,-73.960000,33.960000,-118.200000,2025-08-22 01:53:34.906 UTC
40.680000,-74.040000,34.200000,-118.240000,2025-08-22 02:05:36.251 UTC
40.640000,-73.960000,33.960000,-118.200000,2026-01-02 21:48:58.787 UTC
33.880000,-118.120000,33.920000,-118.120000,2026-01-02 22:51:20.129 UTC
33.960000,-118.200000,33.960000,-118.200000,2025-08-07 01:36:32.382 UTC
40.640000,-73.960000,33.960000,-118.200000,2025-08-07 01:50:47.367 UTC
34.000000,-118.440000,34.040000,-118.360000,2025-08-07 01:57:02.171 UTC
40.640000,-73.960000,33.960000,-118.200000,2025-08-07 01:20:44.877 UTC
-33.840000,151.240000,33.960000,-118.120000,2025-07-11 03:23:59.287 UTC
-33.800000,151.200000,34.040000,-118.360000,2025-07-11 03:11:19.637 UTC
34.040000,-118.440000,34.080000,-118.360000,2025-07-11 03:21:48.119 UTC
34.040000,-118.440000,34.080000,-118.360000,2025-07-11 04:18:45.057 UTC
41.920000,-87.680000,41.880000,-87.720000,2025-09-21 01:33:47.525 UTC
35.680000,139.680000,34.000000,-118.280000,2025-09-21 16:50:22.569 UTC
47.640000,-122.440000,51.520000,-0.160000,2025-09-21 16:25:26.386 UTC
-33.880000,151.200000,40.720000,-74.000000,2025-09-21 16:36:58.534 UTC
34.080000,-118.320000,34.040000,-118.240000,2025-09-21 17:41:19.531 UTC
51.480000,-0.120000,51.480000,-0.120000,2025-09-21 17:00:38.704 UTC
34.080000,-118.040000,34.120000,-118.160000,2025-09-21 15:18:44.544 UTC
40.640000,-74.120000,40.760000,-74.080000,2025-09-21 02:30:25.328 UTC
40.680000,-74.040000,34.200000,-118.240000,2025-11-22 16:54:31.231 UTC
-33.840000,151.280000,-33.920000,151.240000,2025-11-21 23:41:46.744 UTC
34.160000,-118.160000,34.200000,-118.240000,2025-11-21 02:50:04.368 UTC
40.640000,-73.960000,33.960000,-118.200000,2025-12-13 23:08:40.792 UTC
33.960000,-118.440000,33.960000,-118.400000,2025-09-18 01:38:53.355 UTC
51.520000,-0.120000,33.960000,-118.120000,2025-09-18 01:03:02.645 UTC
33.920000,-118.080000,33.960000,-118.120000,2025-09-18 01:22:11.685 UTC
40.680000,-74.040000,34.200000,-118.240000,2025-10-30 01:14:44.55 UTC
34.000000,-118.440000,34.040000,-118.360000,2025-10-30 01:05:26.944 UTC
-33.840000,151.280000,-33.920000,151.240000,2025-10-30 01:40:37.999 UTC
33.960000,-118.200000,33.960000,-118.200000,2025-10-30 01:00:18.418 UTC
-33.840000,151.280000,-33.920000,151.240000,2025-10-30 01:18:15.784 UTC
41.920000,-87.640000,51.480000,-0.160000,2026-02-04 15:21:39.582 UTC
34.040000,-118.160000,34.000000,-118.280000,2025-05-24 22:40:34.61 UTC
34.040000,-118.160000,34.000000,-118.280000,2025-05-24 21:16:15.878 UTC
41.800000,-87.600000,34.200000,-118.320000,2024-07-07 23:33:21.086 UTC
41.800000,-87.600000,34.200000,-118.320000,2024-07-07 13:00:13.878 UTC
41.800000,-87.600000,34.200000,-118.320000,2024-07-07 23:57:17.294 UTC
41.800000,-87.600000,34.200000,-118.320000,2024-07-07 12:45:34.005 UTC
34.040000,-118.160000,34.000000,-118.280000,2024-07-06 03:21:03.71 UTC
34.040000,-118.400000,34.040000,-118.320000,2024-07-06 21:02:14.223 UTC
41.800000,-87.600000,34.200000,-118.320000,2024-07-06 09:39:10.434 UTC
41.800000,-87.600000,34.200000,-118.320000,2024-07-06 09:45:24.741 UTC
51.480000,-0.160000,35.720000,139.720000,2024-09-13 23:43:36.816 UTC
34.040000,-118.400000,34.040000,-118.320000,2024-07-10 03:01:01.687 UTC
34.040000,-118.160000,34.000000,-118.280000,2024-07-10 22:30:52.889 UTC
34.040000,-118.400000,34.040000,-118.320000,2024-07-10 03:45:48.127 UTC
34.040000,-118.160000,34.000000,-118.280000,2024-07-10 22:21:06.789 UTC
34.040000,-118.160000,34.000000,-118.280000,2024-07-10 01:39:04.205 UTC
34.040000,-118.400000,34.040000,-118.320000,2024-07-10 03:23:11.351 UTC
34.120000,-118.320000,34.040000,-118.320000,2024-07-10 08:24:33.788 UTC
47.640000,-122.120000,47.600000,-122.200000,2024-07-10 00:21:15.47 UTC
34.040000,-118.160000,34.000000,-118.280000,2024-07-10 21:01:40.48 UTC
34.040000,-118.160000,34.000000,-118.280000,2024-07-10 22:22:52.444 UTC
34.080000,-118.160000,34.120000,-118.160000,2024-07-10 08:42:53.307 UTC
47.640000,-122.360000,33.960000,-118.240000,2024-07-10 08:01:32.73 UTC
34.120000,-118.200000,34.040000,-118.120000,2024-07-10 23:43:52.087 UTC
34.120000,-118.320000,34.040000,-118.320000,2024-07-10 08:51:04.939 UTC
34.120000,-118.320000,34.040000,-118.320000,2024-07-10 08:28:49.307 UTC
35.640000,139.600000,40.680000,-73.960000,2024-07-10 22:24:56.126 UTC
-33.840000,151.200000,47.680000,-122.360000,2024-09-26 02:26:43.07 UTC
-33.960000,151.160000,-33.840000,151.200000,2024-09-26 02:14:37.752 UTC
47.560000,-122.320000,33.960000,-118.160000,2024-09-26 02:42:47.402 UTC
51.480000,-0.120000,34.040000,-118.320000,2024-09-26 20:05:18.369 UTC
34.040000,-118.160000,34.000000,-118.280000,2024-09-26 19:20:02.375 UTC
34.040000,-118.160000,34.000000,-118.280000,2024-09-26 01:19:50.007 UTC
34.040000,-118.160000,34.000000,-118.280000,2024-09-26 21:44:25.384 UTC
34.040000,-118.160000,34.000000,-118.280000,2024-09-26 01:00:40.033 UTC
34.040000,-118.160000,34.000000,-118.280000,2024-09-26 01:11:57.505 UTC
40.720000,-74.040000,34.200000,-118.160000,2024-09-26 19:52:00.364 UTC
34.040000,-118.160000,34.000000,-118.280000,2024-12-22 22:34:38.056 UTC
34.040000,-118.160000,34.000000,-118.280000,2024-12-22 21:02:48.002 UTC
34.040000,-118.400000,34.040000,-118.320000,2024-08-12 00:05:22.555 UTC
47.600000,-122.440000,34.200000,-118.320000,2024-05-13 00:59:42.329 UTC
34.040000,-118.160000,34.000000,-118.280000,2025-01-16 01:01:50.318 UTC
34.040000,-118.280000,33.960000,-118.320000,2025-01-16 21:39:43.351 UTC
34.040000,-118.160000,34.000000,-118.280000,2025-01-16 01:15:55.928 UTC
33.920000,-118.240000,33.920000,-118.120000,2025-01-16 06:42:58.015 UTC
34.040000,-118.160000,34.000000,-118.280000,2025-01-16 01:35:58.174 UTC
34.000000,-118.320000,34.000000,-118.240000,2025-01-16 03:03:07.451 UTC
34.040000,-118.160000,34.000000,-118.280000,2025-01-16 01:54:40.18 UTC
34.040000,-118.160000,34.000000,-118.280000,2025-01-16 01:25:43.703 UTC
34.040000,-118.160000,34.000000,-118.280000,2025-04-28 23:15:37.543 UTC
34.040000,-118.160000,34.000000,-118.280000,2024-07-15 00:12:57.524 UTC
34.040000,-118.160000,34.000000,-118.280000,2024-07-15 01:15:04.362 UTC
34.040000,-118.160000,34.000000,-118.280000,2024-07-15 00:56:02.41 UTC
34.040000,-118.160000,34.000000,-118.280000,2024-07-15 00:42:16.863 UTC
34.040000,-118.160000,34.000000,-118.280000,2024-07-15 01:28:14.099 UTC
34.040000,-118.160000,34.000000,-118.280000,2024-07-15 01:00:55.819 UTC
33.960000,-118.200000,33.960000,-118.120000,2024-06-19 04:39:16.346 UTC
41.840000,-87.640000,41.920000,-87.720000,2024-06-19 04:04:44.349 UTC
41.880000,-87.600000,41.800000,-87.680000,2024-06-19 07:49:52.538 UTC
34.040000,-118.160000,34.000000,-118.280000,2025-03-23 00:31:55.893 UTC
34.040000,-118.160000,34.000000,-118.280000,2025-03-23 22:34:36.728 UTC
34.040000,-118.160000,34.000000,-118.280000,2025-03-23 22:22:55.755 UTC
34.120000,-118.240000,34.080000,-118.320000,2025-03-23 04:00:02.167 UTC
34.040000,-118.160000,34.000000,-118.280000,2025-03-23 22:15:43.888 UTC
34.040000,-118.160000,34.000000,-118.280000,2025-03-27 01:00:31.365 UTC
34.040000,-118.160000,34.000000,-118.280000,2025-03-27 01:40:09.516 UTC
34.040000,-118.160000,34.000000,-118.280000,2025-03-27 02:07:03.757 UTC
34.040000,-118.160000,34.000000,-118.280000,2025-03-27 01:13:36.015 UTC
34.040000,-118.160000,34.000000,-118.280000,2025-03-27 01:47:07.45 UTC
34.040000,-118.160000,34.000000,-118.280000,2025-04-26 21:33:45.815 UTC
34.040000,-118.160000,34.000000,-118.280000,2024-12-10 23:11:13.155 UTC
34.040000,-118.160000,34.000000,-118.280000,2024-12-10 15:13:02.043 UTC
41.800000,-87.600000,34.200000,-118.320000,2024-07-05 13:09:35.823 UTC
34.040000,-118.160000,34.000000,-118.280000,2025-01-23 01:17:18.155 UTC
34.040000,-118.160000,34.000000,-118.280000,2025-01-23 01:24:21.966 UTC
33.960000,-118.400000,33.960000,-118.320000,2025-01-23 03:05:03.887 UTC
33.960000,-118.400000,33.960000,-118.320000,2025-01-23 03:05:31.105 UTC
34.040000,-118.160000,34.000000,-118.280000,2025-01-23 01:47:21.679 UTC
34.040000,-118.160000,34.000000,-118.280000,2025-01-23 02:02:24.948 UTC
47.640000,-122.400000,47.600000,-122.400000,2024-05-31 07:58:23.902 UTC
34.040000,-118.160000,34.000000,-118.280000,2024-05-31 18:32:22.38 UTC
42.000000,-87.680000,41.920000,-87.680000,2024-05-31 18:10:15.081 UTC
47.560000,-122.280000,34.200000,-118.320000,2024-05-31 18:59:09.66 UTC
34.040000,-118.400000,34.040000,-118.320000,2024-05-31 17:31:23.132 UTC
47.640000,-122.400000,47.600000,-122.400000,2024-05-31 08:57:12.46 UTC
47.640000,-122.400000,47.600000,-122.400000,2024-05-31 08:15:49.25 UTC
47.520000,-122.440000,47.600000,-122.400000,2024-05-31 22:19:03.631 UTC
34.120000,-118.240000,34.040000,-118.320000,2025-03-12 02:31:18.017 UTC
42.000000,-87.680000,41.920000,-87.680000,2025-03-12 02:18:31.193 UTC
42.000000,-87.680000,41.920000,-87.680000,2025-03-12 02:11:31.406 UTC
34.040000,-118.160000,34.000000,-118.280000,2024-08-23 18:57:55.913 UTC
35.600000,139.560000,35.680000,139.560000,2024-08-23 08:02:04.724 UTC
41.880000,-87.560000,33.920000,-118.280000,2024-08-23 18:42:55.412 UTC
34.040000,-118.160000,34.000000,-118.280000,2024-08-23 00:12:11.244 UTC
34.000000,-118.400000,34.000000,-118.320000,2024-08-23 18:09:15.151 UTC
34.040000,-118.200000,33.960000,-118.160000,2024-11-22 23:04:48.542 UTC
34.000000,-118.360000,34.000000,-118.240000,2024-11-22 18:56:39.754 UTC
-33.880000,151.160000,34.200000,-118.360000,2024-11-22 05:44:31.733 UTC
40.720000,-73.920000,33.880000,-118.200000,2024-11-22 22:15:02.639 UTC
34.040000,-118.160000,34.000000,-118.280000,2024-11-22 02:08:39.268 UTC
34.120000,-118.240000,34.040000,-118.320000,2024-11-22 22:42:33.109 UTC
35.720000,139.720000,47.640000,-122.400000,2024-11-22 20:01:28.701 UTC
40.720000,-73.920000,33.880000,-118.200000,2024-11-22 22:21:42.458 UTC
34.120000,-118.320000,34.040000,-118.320000,2024-11-22 20:10:47.653 UTC
34.200000,-118.400000,34.160000,-118.360000,2024-11-22 06:28:42.385 UTC
47.560000,-122.320000,34.080000,-118.160000,2024-11-22 04:08:13.691 UTC
33.920000,-118.400000,33.960000,-118.400000,2024-11-22 07:54:15.44 UTC
51.520000,0.120000,51.480000,-0.040000,2024-11-22 21:02:25.627 UTC
34.040000,-118.160000,34.080000,-118.240000,2024-11-22 05:33:07.047 UTC
34.040000,-118.160000,34.000000,-118.280000,2024-11-22 01:38:36.506 UTC
34.040000,-118.160000,34.000000,-118.280000,2024-11-22 01:30:47.652 UTC
34.040000,-118.160000,34.000000,-118.280000,2024-11-22 01:17:22.301 UTC
34.040000,-118.160000,34.000000,-118.280000,2024-11-22 01:12:00.673 UTC
-33.920000,151.160000,-23.600000,-46.640000,2024-06-08 06:28:29.619 UTC
34.120000,-118.280000,34.040000,-118.240000,2024-06-08 08:22:26.785 UTC
34.000000,-118.320000,33.920000,-118.280000,2024-06-08 05:56:45.963 UTC
42.000000,-87.680000,41.920000,-87.680000,2025-01-31 00:26:17.822 UTC
33.960000,-118.360000,34.000000,-118.320000,2024-05-10 01:14:21.834 UTC
34.040000,-118.160000,34.000000,-118.280000,2025-01-11 23:44:05.261 UTC
34.040000,-118.160000,34.000000,-118.280000,2025-01-11 02:30:24.146 UTC
34.040000,-118.160000,34.000000,-118.280000,2025-01-11 21:26:58.133 UTC
34.040000,-118.160000,34.000000,-118.280000,2025-01-11 23:19:02.964 UTC
34.040000,-118.160000,34.000000,-118.280000,2025-01-11 22:43:24.394 UTC
34.040000,-118.160000,34.000000,-118.280000,2025-01-11 21:31:05.612 UTC
34.040000,-118.160000,34.000000,-118.280000,2025-01-11 21:13:55.759 UTC
34.040000,-118.160000,34.000000,-118.280000,2025-01-11 21:10:44.085 UTC
34.040000,-118.160000,34.000000,-118.280000,2025-01-11 23:47:01.888 UTC
34.040000,-118.160000,34.000000,-118.280000,2025-01-11 23:25:10.945 UTC
34.040000,-118.160000,34.000000,-118.280000,2025-01-11 22:31:13.847 UTC
34.040000,-118.160000,34.000000,-118.280000,2025-01-11 21:05:38.274 UTC
47.680000,-122.360000,34.160000,-118.080000,2025-01-11 03:01:00.776 UTC
40.720000,-73.920000,35.680000,139.680000,2025-01-11 03:51:07.955 UTC
33.880000,-118.120000,33.920000,-118.200000,2025-01-11 04:10:25.846 UTC
33.920000,-118.360000,33.880000,-118.240000,2025-01-11 05:43:11.43 UTC
34.040000,-118.160000,34.000000,-118.280000,2025-01-11 21:02:27.236 UTC
33.920000,-118.360000,33.880000,-118.240000,2025-01-11 05:35:15.113 UTC
34.040000,-118.160000,34.000000,-118.280000,2025-01-11 00:55:56.834 UTC
35.640000,139.680000,41.920000,-87.640000,2025-01-11 05:24:25.82 UTC
33.920000,-118.360000,33.880000,-118.240000,2025-01-11 05:19:53.345 UTC
33.920000,-118.360000,33.880000,-118.240000,2025-01-11 05:24:10.465 UTC
47.680000,-122.400000,47.680000,-122.320000,2025-01-11 05:45:33.81 UTC
35.720000,139.760000,35.720000,139.680000,2024-12-06 01:51:01.387 UTC
34.040000,-118.160000,34.000000,-118.280000,2024-10-17 01:37:45.289 UTC
34.040000,-118.160000,34.000000,-118.280000,2024-10-17 01:30:27.09 UTC
34.040000,-118.160000,34.000000,-118.280000,2024-10-17 01:48:05.292 UTC
47.560000,-122.280000,34.200000,-118.320000,2024-08-05 01:16:51.935 UTC
47.560000,-122.280000,34.200000,-118.320000,2024-08-05 01:18:44.975 UTC
34.040000,-118.400000,34.040000,-118.320000,2024-08-05 00:58:08.024 UTC
34.040000,-118.160000,34.000000,-118.280000,2024-08-05 02:10:09.577 UTC
33.840000,-118.080000,33.920000,-118.160000,2025-04-11 23:13:41.56 UTC
34.040000,-118.160000,34.000000,-118.280000,2025-04-11 18:04:30.646 UTC
34.040000,-118.160000,34.000000,-118.280000,2025-04-11 18:25:29.863 UTC
34.040000,-118.160000,34.000000,-118.280000,2025-04-11 18:35:41.616 UTC
33.920000,-118.400000,34.000000,-118.280000,2024-06-04 07:49:10.299 UTC
34.120000,-118.280000,34.200000,-118.240000,2024-06-04 06:28:15.822 UTC
34.000000,-118.080000,33.960000,-118.080000,2024-06-04 06:21:01.527 UTC
-33.960000,151.160000,-33.920000,151.240000,2024-06-04 08:03:57.621 UTC
34.040000,-118.160000,34.000000,-118.280000,2024-12-26 01:10:00.015 UTC
34.040000,-118.160000,34.000000,-118.280000,2024-12-26 01:01:11.963 UTC
34.040000,-118.160000,34.000000,-118.280000,2024-12-26 01:24:34.432 UTC
34.040000,-118.160000,34.000000,-118.280000,2024-12-26 01:01:28.387 UTC
34.040000,-118.160000,34.000000,-118.280000,2024-12-26 01:40:47.894 UTC
34.160000,-118.400000,34.120000,-118.320000,2024-12-09 22:46:33.636 UTC
47.600000,-122.440000,34.200000,-118.320000,2024-12-09 23:14:23.602 UTC
34.040000,-118.160000,34.000000,-118.280000,2024-12-23 00:02:30.076 UTC
34.040000,-118.160000,34.000000,-118.280000,2025-01-28 23:09:23.296 UTC
34.040000,-118.160000,34.000000,-118.280000,2025-01-28 01:07:56.289 UTC
34.040000,-118.160000,34.000000,-118.280000,2025-01-28 01:16:45.352 UTC
34.040000,-118.400000,34.040000,-118.320000,2024-05-29 00:28:22.583 UTC
34.040000,-118.400000,34.040000,-118.320000,2024-05-29 00:17:03.873 UTC
-33.880000,151.160000,-23.520000,-46.640000,2024-05-29 07:02:47.46 UTC
42.000000,-87.680000,41.920000,-87.680000,2024-05-29 21:08:14.075 UTC
34.040000,-118.400000,34.040000,-118.320000,2024-05-29 00:38:45.794 UTC
33.880000,-118.080000,33.920000,-118.120000,2024-05-29 07:08:43.074 UTC
41.920000,-87.600000,34.040000,-118.400000,2024-06-10 01:29:35.853 UTC
34.080000,-118.000000,34.120000,-118.080000,2024-06-22 07:36:01.777 UTC
40.720000,-73.960000,34.200000,-118.160000,2024-06-22 23:45:09.17 UTC
34.040000,-118.160000,34.000000,-118.280000,2024-05-28 16:57:05.154 UTC
34.040000,-118.160000,34.000000,-118.280000,2024-05-28 16:40:01.806 UTC
-23.560000,-46.560000,47.600000,-122.400000,2024-05-28 19:18:12.489 UTC
34.000000,-118.360000,34.040000,-118.280000,2024-05-28 08:05:01.423 UTC
35.640000,139.680000,41.920000,-87.640000,2024-05-28 07:36:42.853 UTC
-23.560000,-46.560000,47.600000,-122.400000,2024-05-28 19:20:39.273 UTC
34.040000,-118.400000,34.040000,-118.320000,2024-05-28 23:44:03.261 UTC
34.040000,-118.160000,34.000000,-118.280000,2025-01-24 20:11:43.945 UTC
40.720000,-73.920000,34.120000,-118.360000,2024-09-06 22:38:47.384 UTC
35.720000,139.720000,47.640000,-122.400000,2024-09-06 02:36:07.294 UTC
40.760000,-73.960000,34.000000,-118.440000,2024-06-23 02:11:24.958 UTC
34.120000,-118.160000,34.160000,-118.160000,2024-06-23 20:13:57.082 UTC
34.080000,-118.400000,34.120000,-118.400000,2025-03-01 00:40:40.676 UTC
34.040000,-118.160000,34.000000,-118.280000,2025-03-01 01:32:12.173 UTC
34.040000,-118.160000,34.000000,-118.280000,2025-03-01 17:42:33.248 UTC
34.040000,-118.160000,34.000000,-118.280000,2025-03-01 22:53:15.123 UTC
34.040000,-118.160000,34.000000,-118.280000,2025-03-01 19:51:51.521 UTC
34.040000,-118.160000,34.000000,-118.280000,2025-03-01 19:38:43.081 UTC
34.040000,-118.160000,34.000000,-118.280000,2025-03-01 23:19:41.348 UTC
34.040000,-118.160000,34.000000,-118.280000,2025-03-01 23:56:11.471 UTC
34.040000,-118.160000,34.000000,-118.280000,2025-03-01 02:22:51.026 UTC
34.040000,-118.160000,34.000000,-118.280000,2025-03-01 19:21:45.325 UTC
34.040000,-118.160000,34.000000,-118.280000,2025-03-01 21:38:58.697 UTC
34.040000,-118.160000,34.000000,-118.280000,2025-03-01 19:42:27.273 UTC
34.040000,-118.160000,34.000000,-118.280000,2025-03-01 21:57:41.254 UTC
34.040000,-118.160000,34.000000,-118.280000,2025-03-01 01:43:34.71 UTC
34.040000,-118.160000,34.000000,-118.280000,2025-03-01 17:12:15.329 UTC
34.040000,-118.160000,34.000000,-118.280000,2025-03-01 00:31:03.444 UTC
47.600000,-122.280000,33.960000,-118.240000,2025-03-01 00:53:57.39 UTC
34.040000,-118.160000,34.000000,-118.280000,2025-03-01 16:40:52.256 UTC
34.040000,-118.160000,34.000000,-118.280000,2025-03-01 22:57:43.625 UTC
34.040000,-118.160000,34.000000,-118.280000,2025-03-01 02:37:49.826 UTC
41.920000,-87.680000,35.680000,139.640000,2025-03-01 00:36:51.632 UTC
34.040000,-118.160000,34.000000,-118.280000,2025-03-01 17:46:32.135 UTC
34.040000,-118.160000,34.000000,-118.280000,2025-03-01 23:23:37.984 UTC
34.040000,-118.160000,34.000000,-118.280000,2025-03-01 00:13:09.542 UTC
34.040000,-118.160000,34.000000,-118.280000,2025-03-01 02:43:16.703 UTC
34.040000,-118.160000,34.000000,-118.280000,2025-03-01 20:42:53.389 UTC
34.040000,-118.160000,34.000000,-118.280000,2025-03-01 22:27:00.909 UTC
34.040000,-118.160000,34.000000,-118.280000,2025-03-01 23:38:43.424 UTC
51.520000,-0.040000,34.000000,-118.440000,2025-03-01 00:09:41.884 UTC
34.040000,-118.160000,34.000000,-118.280000,2025-03-01 22:38:41.294 UTC
34.040000,-118.160000,34.000000,-118.280000,2025-03-01 22:49:02.133 UTC
34.040000,-118.160000,34.000000,-118.280000,2025-03-01 22:13:09.773 UTC
34.040000,-118.160000,34.000000,-118.280000,2025-03-01 18:38:41.24 UTC
33.840000,-118.120000,33.880000,-118.200000,2023-11-18 03:44:44.277 UTC
34.040000,-118.160000,34.000000,-118.280000,2024-07-21 15:57:40.775 UTC
34.040000,-118.160000,34.000000,-118.280000,2024-07-21 00:24:00.621 UTC
34.040000,-118.160000,34.000000,-118.280000,2025-03-02 18:27:13.616 UTC
34.040000,-118.160000,34.000000,-118.280000,2025-03-02 22:23:46.212 UTC
34.040000,-118.160000,34.000000,-118.280000,2025-03-02 20:46:23.688 UTC
34.040000,-118.160000,34.000000,-118.280000,2025-03-02 19:36:39.624 UTC
34.040000,-118.160000,34.000000,-118.280000,2025-03-02 21:42:44.77 UTC
34.040000,-118.160000,34.000000,-118.280000,2025-03-02 20:35:01.786 UTC
34.040000,-118.160000,34.000000,-118.280000,2025-03-02 20:57:25.838 UTC
34.040000,-118.160000,34.000000,-118.280000,2025-03-02 23:14:05.916 UTC
34.040000,-118.160000,34.000000,-118.280000,2025-03-02 20:39:02.978 UTC
47.560000,-122.320000,34.040000,-118.320000,2025-03-02 06:50:42.455 UTC
34.040000,-118.160000,34.000000,-118.280000,2025-03-02 19:22:26.62 UTC
34.040000,-118.160000,34.000000,-118.280000,2025-03-02 01:04:10.08 UTC
34.040000,-118.160000,34.000000,-118.280000,2025-03-02 22:36:57.427 UTC
34.040000,-118.160000,34.000000,-118.280000,2025-03-02 22:26:19.807 UTC
34.040000,-118.160000,34.000000,-118.280000,2025-03-02 00:13:31.167 UTC
34.040000,-118.160000,34.000000,-118.280000,2025-03-02 17:59:13.35 UTC
34.040000,-118.160000,34.000000,-118.280000,2025-03-02 21:28:42.251 UTC
34.040000,-118.160000,34.000000,-118.280000,2025-03-02 00:47:27.524 UTC
34.040000,-118.160000,34.000000,-118.280000,2025-03-02 23:46:50.128 UTC
34.040000,-118.160000,34.000000,-118.280000,2025-03-02 23:54:06.751 UTC
34.040000,-118.160000,34.000000,-118.280000,2025-03-02 21:25:01.051 UTC
34.040000,-118.160000,34.000000,-118.280000,2025-03-02 23:35:06.685 UTC
34.040000,-118.160000,34.000000,-118.280000,2025-03-02 21:57:51.405 UTC
34.040000,-118.160000,34.000000,-118.280000,2025-03-02 23:28:04.528 UTC
34.040000,-118.160000,34.000000,-118.280000,2025-03-02 19:14:55.258 UTC
34.040000,-118.160000,34.000000,-118.280000,2025-03-02 22:25:40.888 UTC
34.040000,-118.160000,34.000000,-118.280000,2025-03-02 17:36:16.374 UTC
34.040000,-118.160000,34.000000,-118.280000,2025-02-12 15:11:41.505 UTC
33.880000,-118.400000,33.960000,-118.400000,2024-09-03 04:18:14.41 UTC
34.120000,-118.240000,34.160000,-118.200000,2024-09-03 07:29:21.708 UTC
-33.840000,151.120000,-33.880000,151.160000,2024-09-03 07:31:47.825 UTC
33.920000,-118.360000,33.960000,-118.280000,2024-09-03 04:21:20.736 UTC
34.040000,-118.160000,34.000000,-118.280000,2025-04-02 01:41:07.818 UTC
34.040000,-118.160000,34.000000,-118.280000,2024-12-18 02:10:15.622 UTC
33.960000,-118.040000,33.960000,-118.120000,2024-12-18 04:36:47.845 UTC
34.040000,-118.160000,34.000000,-118.280000,2025-03-20 01:15:53.465 UTC
34.040000,-118.160000,34.000000,-118.280000,2025-03-20 01:35:34.461 UTC
34.040000,-118.160000,34.000000,-118.280000,2025-03-20 01:54:51.035 UTC
34.040000,-118.160000,34.000000,-118.280000,2025-03-20 01:42:27.066 UTC
34.040000,-118.160000,34.000000,-118.280000,2025-03-20 01:52:45.8 UTC
34.040000,-118.160000,34.000000,-118.280000,2024-08-01 01:43:41.844 UTC
34.040000,-118.160000,34.000000,-118.280000,2024-08-01 01:54:29.103 UTC
34.040000,-118.160000,34.000000,-118.280000,2024-08-01 01:03:06.939 UTC
34.040000,-118.160000,34.000000,-118.280000,2024-08-01 01:30:59.388 UTC
34.040000,-118.160000,34.000000,-118.280000,2024-08-01 02:07:21.675 UTC
34.040000,-118.400000,34.040000,-118.320000,2024-05-26 23:53:50.735 UTC
34.040000,-118.160000,34.000000,-118.280000,2024-05-26 20:02:51.264 UTC
-33.880000,151.200000,-23.520000,-46.640000,2024-05-27 01:30:04.894 UTC
33.960000,-118.080000,33.960000,-118.160000,2024-05-27 23:53:06.312 UTC
-23.480000,-46.640000,-23.600000,-46.640000,2024-05-27 23:14:08.674 UTC
34.040000,-118.160000,34.000000,-118.280000,2024-05-27 16:56:41.487 UTC
34.040000,-118.160000,34.000000,-118.280000,2024-05-27 17:34:13.48 UTC
34.040000,-118.400000,34.040000,-118.320000,2024-05-27 01:00:56.677 UTC
34.040000,-118.400000,34.040000,-118.320000,2024-05-27 01:04:41.344 UTC
34.040000,-118.400000,34.040000,-118.320000,2024-05-27 00:15:07.917 UTC
34.040000,-118.400000,34.040000,-118.320000,2024-05-27 01:02:28.65 UTC
34.040000,-118.160000,34.000000,-118.280000,2025-02-02 00:23:24.562 UTC
34.000000,-118.280000,33.960000,-118.280000,2025-02-02 20:09:34.088 UTC
34.040000,-118.160000,34.000000,-118.280000,2025-02-09 22:13:10.793 UTC
34.040000,-118.160000,34.000000,-118.280000,2025-02-09 22:00:32.877 UTC
34.040000,-118.160000,34.000000,-118.280000,2025-02-09 22:24:15.508 UTC
42.000000,-87.640000,41.960000,-87.640000,2024-11-02 18:56:03.171 UTC
34.040000,-118.160000,34.000000,-118.280000,2024-10-12 21:08:06.141 UTC
34.040000,-118.160000,34.000000,-118.280000,2024-10-12 21:29:14.527 UTC
34.040000,-118.160000,34.000000,-118.280000,2024-10-12 21:02:38.584 UTC
34.040000,-118.160000,34.000000,-118.280000,2024-10-12 21:53:24.367 UTC
34.040000,-117.960000,34.080000,-118.080000,2024-10-12 02:19:14.497 UTC
33.960000,-118.080000,33.960000,-118.160000,2024-10-12 23:15:36.34 UTC
34.160000,-118.280000,34.160000,-118.200000,2024-10-12 05:28:14.728 UTC
33.960000,-118.480000,33.960000,-118.360000,2024-10-12 02:16:52.693 UTC
33.960000,-118.520000,33.960000,-118.400000,2024-10-12 22:42:15.005 UTC
34.040000,-118.200000,33.960000,-118.160000,2024-10-12 05:05:42.42 UTC
41.920000,-87.680000,35.680000,139.640000,2024-10-12 05:17:17.151 UTC
33.960000,-118.480000,33.960000,-118.360000,2024-10-12 02:16:04.015 UTC
34.080000,-118.320000,34.040000,-118.360000,2024-08-08 06:37:18.322 UTC
34.240000,-118.080000,34.120000,-118.120000,2024-08-08 06:29:48.715 UTC
34.040000,-118.160000,34.000000,-118.280000,2024-08-08 01:13:14.591 UTC
34.040000,-118.160000,34.000000,-118.280000,2024-08-08 01:19:54.126 UTC
34.040000,-118.160000,34.000000,-118.280000,2024-08-08 19:42:04.033 UTC
51.520000,-0.080000,33.960000,-118.320000,2024-11-17 06:11:37.797 UTC
34.040000,-118.160000,34.000000,-118.280000,2025-04-22 01:40:33.68 UTC
34.000000,-118.440000,34.040000,-118.400000,2024-06-29 03:35:19.388 UTC
34.040000,-118.400000,34.040000,-118.320000,2024-06-29 19:19:30.503 UTC
34.040000,-118.400000,34.040000,-118.320000,2024-06-29 20:36:39.363 UTC
34.040000,-118.400000,34.040000,-118.320000,2024-06-29 20:01:13.226 UTC
34.040000,-118.400000,34.040000,-118.320000,2024-06-29 19:31:00.5 UTC
-33.840000,151.240000,34.040000,-118.040000,2024-06-29 08:21:22.998 UTC
-33.880000,151.160000,34.200000,-118.200000,2025-02-07 19:36:27.625 UTC
34.040000,-118.160000,34.000000,-118.280000,2025-03-14 20:37:13.57 UTC
34.040000,-118.160000,34.000000,-118.280000,2025-03-14 20:16:33.231 UTC
34.000000,-118.320000,34.040000,-118.400000,2025-01-08 22:20:05.402 UTC
41.880000,-87.520000,41.800000,-87.600000,2025-01-22 17:33:14.743 UTC
34.040000,-118.160000,34.000000,-118.280000,2025-01-22 01:02:58.068 UTC
41.880000,-87.520000,41.800000,-87.600000,2025-01-22 17:41:16.02 UTC
34.040000,-118.160000,34.000000,-118.280000,2024-09-04 01:38:53.673 UTC
-34.000000,151.320000,-33.920000,151.240000,2024-09-04 18:18:15.349 UTC
34.040000,-118.160000,34.000000,-118.280000,2025-05-01 01:40:25.872 UTC
34.040000,-118.160000,34.000000,-118.280000,2025-05-01 01:07:55.62 UTC
34.040000,-118.160000,34.000000,-118.280000,2025-05-01 01:55:24.872 UTC
34.040000,-118.160000,34.000000,-118.280000,2025-05-01 01:46:55.094 UTC
34.040000,-118.160000,34.000000,-118.280000,2025-05-01 01:18:20 UTC
34.040000,-118.160000,34.000000,-118.280000,2025-05-01 01:24:23.202 UTC
40.760000,-74.080000,34.080000,-118.200000,2024-09-09 00:19:15.582 UTC
47.680000,-122.280000,47.600000,-122.360000,2024-09-09 01:01:48.838 UTC
33.840000,-118.200000,33.920000,-118.320000,2024-09-09 00:51:53.173 UTC
34.040000,-118.160000,34.000000,-118.280000,2024-09-05 01:00:18.654 UTC
34.040000,-118.160000,34.000000,-118.280000,2024-09-05 01:41:56.548 UTC
34.040000,-118.160000,34.000000,-118.280000,2024-09-05 21:54:11.286 UTC
34.040000,-118.160000,34.000000,-118.280000,2024-09-05 01:33:52.854 UTC
34.040000,-118.160000,34.000000,-118.280000,2024-09-05 01:14:40.543 UTC
47.560000,-122.360000,34.040000,-118.240000,2024-09-05 00:31:17.806 UTC
47.560000,-122.360000,34.040000,-118.240000,2024-09-05 22:39:59.456 UTC
-23.680000,-46.560000,-23.600000,-46.600000,2024-06-21 22:24:30.352 UTC
33.920000,-118.400000,34.000000,-118.400000,2024-06-21 22:47:28.656 UTC
34.040000,-118.160000,34.000000,-118.280000,2025-01-05 22:41:58.173 UTC
34.040000,-118.160000,34.000000,-118.280000,2025-01-05 21:08:59.068 UTC
34.040000,-118.160000,34.000000,-118.280000,2025-01-05 22:35:53.682 UTC
-23.560000,-46.680000,-23.520000,-46.600000,2024-05-01 04:36:08.889 UTC
34.040000,-118.160000,34.000000,-118.280000,2024-07-18 01:14:06.287 UTC
34.040000,-118.160000,34.000000,-118.280000,2024-07-18 22:45:26.995 UTC
34.040000,-118.160000,34.000000,-118.280000,2024-07-18 01:52:02.363 UTC
40.720000,-74.080000,34.000000,-118.280000,2024-07-18 01:02:50.455 UTC
-33.880000,151.120000,-33.880000,151.160000,2024-07-18 21:45:52.738 UTC
34.040000,-118.160000,34.000000,-118.280000,2025-01-21 23:13:26.719 UTC
34.040000,-118.160000,34.000000,-118.280000,2025-01-21 23:13:39.383 UTC
34.040000,-118.160000,34.000000,-118.280000,2025-05-23 23:35:22.393 UTC
34.040000,-118.160000,34.000000,-118.280000,2024-07-09 01:30:22.921 UTC
34.040000,-118.160000,34.000000,-118.280000,2024-07-09 01:46:26.392 UTC
34.040000,-118.160000,34.000000,-118.280000,2024-07-09 01:53:20.222 UTC
34.040000,-118.160000,34.000000,-118.280000,2024-07-09 02:11:44.795 UTC
34.040000,-118.400000,34.040000,-118.320000,2024-07-09 03:39:30.259 UTC
42.000000,-87.680000,41.920000,-87.680000,2024-07-09 04:11:32.064 UTC
34.160000,-118.400000,34.160000,-118.320000,2024-07-09 18:07:07.498 UTC
51.480000,-0.200000,51.560000,-0.160000,2024-07-09 10:20:47.996 UTC
35.720000,139.720000,34.080000,-118.400000,2024-07-09 09:27:44.535 UTC
51.520000,-0.080000,51.520000,-0.080000,2024-07-09 09:41:39.752 UTC
34.040000,-118.280000,34.000000,-118.200000,2024-07-09 10:07:36.711 UTC
47.480000,-122.280000,47.560000,-122.320000,2024-07-09 00:18:34.014 UTC
34.040000,-118.160000,34.000000,-118.280000,2024-07-09 01:24:32.227 UTC
35.720000,139.640000,-33.840000,151.160000,2024-07-09 10:09:50.989 UTC
40.680000,-74.000000,34.120000,-118.360000,2024-07-09 02:29:58.42 UTC
34.040000,-118.280000,34.000000,-118.200000,2024-07-09 10:08:07.027 UTC
33.840000,-118.120000,33.880000,-118.200000,2023-11-20 22:04:32.495 UTC
35.640000,139.680000,41.920000,-87.640000,2025-02-08 02:17:42.479 UTC
34.040000,-118.160000,34.000000,-118.280000,2024-09-14 22:25:58.508 UTC
35.640000,139.680000,41.920000,-87.640000,2024-09-14 03:34:50.045 UTC
34.040000,-118.160000,34.000000,-118.280000,2024-06-06 01:03:08.878 UTC
34.040000,-118.160000,34.000000,-118.280000,2024-06-06 01:13:01.352 UTC
34.040000,-118.160000,34.000000,-118.280000,2024-06-06 02:08:11.094 UTC
34.040000,-118.160000,34.000000,-118.280000,2024-06-06 01:21:44.736 UTC
33.840000,-118.200000,33.920000,-118.120000,2024-06-06 08:36:04.489 UTC
34.040000,-118.160000,34.000000,-118.280000,2024-08-22 02:00:20.708 UTC
34.040000,-118.160000,34.000000,-118.280000,2024-08-22 01:23:49.111 UTC
34.040000,-118.160000,34.000000,-118.280000,2024-08-22 01:35:54.635 UTC
47.680000,-122.360000,-23.560000,-46.560000,2024-08-22 08:06:27.834 UTC
34.040000,-118.160000,34.000000,-118.280000,2024-08-22 01:30:38.355 UTC
34.040000,-118.160000,34.000000,-118.280000,2024-08-22 16:26:24.371 UTC
34.040000,-118.160000,34.000000,-118.280000,2024-08-22 16:53:45.897 UTC
35.720000,139.720000,47.640000,-122.400000,2024-08-22 07:26:37.752 UTC
34.040000,-118.160000,34.000000,-118.280000,2024-08-22 14:52:21.924 UTC
47.600000,-122.520000,47.600000,-122.400000,2025-02-23 19:06:00.971 UTC
33.920000,-118.040000,34.000000,-118.040000,2025-02-23 17:38:09.031 UTC
33.920000,-118.040000,34.000000,-118.040000,2025-02-23 17:33:36.584 UTC
33.920000,-118.040000,34.000000,-118.040000,2025-02-23 17:34:37.376 UTC
47.600000,-122.520000,47.600000,-122.400000,2025-02-23 00:42:49.142 UTC
33.920000,-118.040000,34.000000,-118.040000,2025-02-23 19:03:09.354 UTC
47.600000,-122.520000,47.600000,-122.400000,2025-02-23 18:34:53.265 UTC
33.920000,-118.040000,34.000000,-118.040000,2025-02-23 17:08:50.117 UTC
47.600000,-122.520000,47.600000,-122.400000,2025-02-23 18:21:09.532 UTC
-33.880000,151.280000,51.480000,-0.080000,2025-02-23 09:07:21.535 UTC
34.040000,-118.160000,34.000000,-118.280000,2025-02-23 02:24:11.77 UTC
33.920000,-118.040000,34.000000,-118.040000,2025-02-23 17:13:07.714 UTC
34.040000,-118.160000,34.000000,-118.280000,2025-02-23 02:33:18.76 UTC
-33.880000,151.280000,51.480000,-0.080000,2025-02-23 09:12:09.624 UTC
33.920000,-118.040000,34.000000,-118.040000,2025-02-23 18:43:41.663 UTC
33.920000,-118.040000,34.000000,-118.040000,2025-02-23 18:46:16.768 UTC
-33.880000,151.280000,51.480000,-0.080000,2025-02-23 09:03:25.812 UTC
33.920000,-118.040000,34.000000,-118.040000,2025-02-23 17:31:52.202 UTC
34.040000,-118.160000,34.000000,-118.280000,2025-02-23 18:08:40.36 UTC
40.720000,-73.920000,34.120000,-118.360000,2025-02-23 19:23:48.029 UTC
34.040000,-118.160000,34.000000,-118.280000,2024-04-07 23:15:41.245 UTC
34.040000,-118.160000,34.000000,-118.280000,2024-06-20 01:00:26.886 UTC
34.040000,-118.160000,34.000000,-118.280000,2024-06-20 01:58:34.369 UTC
34.040000,-118.160000,34.000000,-118.280000,2024-06-20 01:06:26.932 UTC
47.560000,-122.320000,34.080000,-118.160000,2024-11-25 04:50:20.213 UTC
-33.880000,151.200000,-33.920000,151.200000,2024-11-25 04:16:59.799 UTC
-33.880000,151.200000,-33.920000,151.200000,2024-11-25 04:39:42.593 UTC
34.240000,-118.240000,34.240000,-118.200000,2024-11-25 03:36:22.992 UTC
34.040000,-118.160000,34.000000,-118.280000,2024-11-20 01:43:39.258 UTC
34.040000,-118.160000,34.000000,-118.280000,2024-11-20 01:19:35.666 UTC
34.040000,-118.160000,34.000000,-118.280000,2024-11-20 01:04:57.545 UTC
34.200000,-118.320000,34.120000,-118.400000,2024-11-20 03:53:11.046 UTC
33.920000,-118.480000,33.920000,-118.360000,2025-01-14 01:36:09.622 UTC
34.040000,-118.160000,34.000000,-118.280000,2025-02-04 01:43:03.691 UTC
34.040000,-118.160000,34.000000,-118.280000,2025-02-04 01:11:17.951 UTC
34.040000,-118.160000,34.000000,-118.280000,2024-11-24 02:22:39.122 UTC
34.040000,-118.160000,34.000000,-118.280000,2024-11-24 00:24:13.934 UTC
34.040000,-118.160000,34.000000,-118.280000,2024-11-24 18:35:52.842 UTC
34.040000,-118.160000,34.000000,-118.280000,2024-11-24 18:10:02.044 UTC
34.040000,-118.160000,34.000000,-118.280000,2024-11-24 00:18:32.536 UTC
34.040000,-118.160000,34.000000,-118.280000,2024-11-24 00:35:18.369 UTC
34.040000,-118.160000,34.000000,-118.280000,2024-11-24 00:28:42.571 UTC
34.040000,-118.160000,34.000000,-118.280000,2024-11-24 21:54:17.163 UTC
34.040000,-118.160000,34.000000,-118.280000,2024-11-24 00:36:07.305 UTC
34.040000,-118.160000,34.000000,-118.280000,2024-11-24 18:43:35.805 UTC
34.040000,-118.160000,34.000000,-118.280000,2024-11-24 19:33:23.444 UTC
34.040000,-118.160000,34.000000,-118.280000,2024-11-24 00:05:11.604 UTC
34.040000,-118.160000,34.000000,-118.280000,2024-11-24 00:10:45.894 UTC
34.040000,-118.160000,34.000000,-118.280000,2024-11-24 00:39:08.428 UTC
34.040000,-118.160000,34.000000,-118.280000,2024-11-24 21:35:46.861 UTC
34.040000,-118.160000,34.000000,-118.280000,2025-05-14 00:09:17.497 UTC
34.040000,-118.040000,34.000000,-118.080000,2024-07-04 20:20:02.582 UTC
51.480000,-0.160000,34.160000,-118.120000,2024-07-04 14:23:47.038 UTC
34.040000,-118.160000,34.000000,-118.280000,2024-07-04 01:34:10.389 UTC
34.040000,-118.160000,34.000000,-118.280000,2024-07-04 01:29:49.45 UTC
34.040000,-118.160000,34.000000,-118.280000,2024-07-04 02:06:01.828 UTC
34.040000,-118.160000,34.000000,-118.280000,2024-07-04 01:16:18.774 UTC
34.040000,-118.160000,34.000000,-118.280000,2024-07-04 01:48:26.508 UTC
34.040000,-118.160000,34.000000,-118.280000,2025-01-29 01:25:59.643 UTC
41.840000,-87.600000,34.040000,-118.280000,2025-05-18 00:43:22.78 UTC
34.040000,-118.160000,34.000000,-118.280000,2025-05-10 21:27:17.458 UTC
34.040000,-118.160000,34.000000,-118.280000,2024-02-25 01:08:09.47 UTC
34.040000,-118.160000,34.000000,-118.280000,2024-02-25 00:58:05.692 UTC
34.040000,-118.160000,34.000000,-118.280000,2024-02-25 01:17:12.643 UTC
34.040000,-118.160000,34.000000,-118.280000,2024-10-04 03:52:24.435 UTC
34.120000,-118.200000,34.160000,-118.280000,2024-10-04 04:20:06.952 UTC
33.960000,-118.000000,34.000000,-118.120000,2024-10-04 01:09:21.331 UTC
34.040000,-118.160000,34.000000,-118.280000,2024-02-22 01:49:20.996 UTC
34.040000,-118.160000,34.000000,-118.280000,2024-02-22 01:47:45.987 UTC
-33.840000,151.120000,-33.840000,151.240000,2025-01-20 00:58:46.024 UTC
33.840000,-118.200000,33.880000,-118.280000,2025-01-20 01:39:18.886 UTC
51.520000,-0.200000,34.120000,-118.160000,2025-01-20 01:20:01.354 UTC
34.040000,-118.160000,34.000000,-118.280000,2024-02-26 01:03:14.32 UTC
34.040000,-118.160000,34.000000,-118.280000,2024-02-26 00:24:30.513 UTC
34.040000,-118.160000,34.000000,-118.280000,2024-02-26 00:15:16.446 UTC
34.040000,-118.160000,34.000000,-118.280000,2024-02-26 00:59:44.536 UTC
34.040000,-118.160000,34.000000,-118.280000,2024-02-26 00:58:30.903 UTC
34.040000,-118.160000,34.000000,-118.280000,2024-02-26 00:57:39.659 UTC
34.040000,-118.160000,34.000000,-118.280000,2024-02-26 01:03:29.987 UTC
34.040000,-118.160000,34.000000,-118.280000,2024-02-26 01:10:53.824 UTC
34.040000,-118.160000,34.000000,-118.280000,2024-02-26 00:57:07.353 UTC
47.560000,-122.280000,34.200000,-118.320000,2024-08-16 22:21:07.041 UTC
42.000000,-87.680000,41.920000,-87.680000,2024-08-16 21:45:07.92 UTC
-23.520000,-46.640000,33.920000,-118.160000,2024-08-16 01:35:01.592 UTC
34.080000,-118.160000,34.040000,-118.120000,2024-08-16 04:45:45.172 UTC
34.200000,-118.080000,34.160000,-118.200000,2024-08-16 07:27:35.387 UTC
33.880000,-118.360000,33.960000,-118.240000,2024-08-16 07:34:03.975 UTC
34.040000,-118.160000,34.000000,-118.280000,2025-02-26 01:00:37.08 UTC
34.040000,-118.160000,34.000000,-118.280000,2025-02-26 01:43:15.131 UTC
34.040000,-118.160000,34.000000,-118.280000,2025-02-26 01:49:34.234 UTC
34.040000,-118.160000,34.000000,-118.280000,2025-02-26 01:21:39.256 UTC
34.040000,-118.160000,34.000000,-118.280000,2025-02-26 01:42:10.115 UTC
34.040000,-118.160000,34.000000,-118.280000,2025-02-26 01:13:07.496 UTC
34.040000,-118.160000,34.000000,-118.280000,2025-02-26 01:23:13.822 UTC
34.040000,-118.160000,34.000000,-118.280000,2025-02-26 01:35:14.851 UTC
40.720000,-74.040000,34.200000,-118.160000,2025-02-26 21:01:58.239 UTC
40.720000,-74.040000,34.200000,-118.160000,2025-02-26 21:11:47.199 UTC
34.040000,-118.160000,34.000000,-118.280000,2024-05-30 01:30:46.577 UTC
34.040000,-118.160000,34.000000,-118.280000,2024-05-30 01:07:22.493 UTC
34.040000,-118.160000,34.000000,-118.280000,2024-05-30 01:13:42.494 UTC
34.040000,-118.160000,34.000000,-118.280000,2024-05-30 01:42:58.834 UTC
34.040000,-118.400000,34.040000,-118.320000,2024-05-30 22:06:19.909 UTC
47.600000,-122.280000,33.960000,-118.240000,2024-05-30 09:25:25.487 UTC
47.600000,-122.280000,33.960000,-118.240000,2024-05-30 09:44:02.887 UTC
34.040000,-118.400000,34.040000,-118.320000,2024-08-11 18:46:08.775 UTC
34.040000,-118.400000,34.040000,-118.320000,2024-08-11 19:52:20.529 UTC
34.040000,-118.400000,34.040000,-118.320000,2024-08-11 23:57:23.177 UTC
34.040000,-118.160000,34.000000,-118.280000,2024-08-11 00:14:03.308 UTC
34.040000,-118.400000,34.040000,-118.320000,2024-08-11 18:14:40.582 UTC
34.040000,-118.160000,34.000000,-118.280000,2025-03-19 01:08:29.98 UTC
34.040000,-118.160000,34.000000,-118.280000,2025-03-19 01:41:34.256 UTC
34.040000,-118.160000,34.000000,-118.280000,2024-07-27 04:01:07.987 UTC
34.040000,-118.400000,34.040000,-118.320000,2024-07-27 21:45:29.244 UTC
34.040000,-118.400000,34.040000,-118.320000,2024-07-27 22:52:12.049 UTC
34.040000,-118.400000,34.040000,-118.320000,2024-07-27 21:05:05.205 UTC
34.040000,-118.400000,34.040000,-118.320000,2024-07-27 23:42:01.462 UTC
34.040000,-118.400000,34.040000,-118.320000,2024-07-27 19:38:31.166 UTC
34.040000,-118.400000,34.040000,-118.320000,2024-07-27 18:30:40.803 UTC
34.040000,-118.400000,34.040000,-118.320000,2024-07-27 22:48:03.723 UTC
34.040000,-118.400000,34.040000,-118.320000,2024-07-27 23:47:03.114 UTC
34.040000,-118.400000,34.040000,-118.320000,2024-07-27 19:51:03.689 UTC
34.040000,-118.400000,34.040000,-118.320000,2024-07-27 22:09:10.03 UTC
34.040000,-118.400000,34.040000,-118.320000,2024-07-27 23:04:06.953 UTC
34.040000,-118.400000,34.040000,-118.320000,2024-07-27 21:42:43.028 UTC
34.040000,-118.400000,34.040000,-118.320000,2024-07-27 23:11:23.41 UTC
34.040000,-118.400000,34.040000,-118.320000,2024-07-27 21:56:44.304 UTC
34.040000,-118.400000,34.040000,-118.320000,2024-07-27 21:49:57.259 UTC
34.040000,-118.400000,34.040000,-118.320000,2024-07-27 18:38:03.277 UTC
34.040000,-118.400000,34.040000,-118.320000,2024-07-27 23:45:56.479 UTC
34.040000,-118.400000,34.040000,-118.320000,2024-07-27 22:26:07.326 UTC
34.040000,-118.400000,34.040000,-118.320000,2024-07-27 19:23:36.979 UTC
34.040000,-118.400000,34.040000,-118.320000,2024-07-27 22:13:25.779 UTC
34.040000,-118.400000,34.040000,-118.320000,2024-07-27 21:01:05.856 UTC
34.040000,-118.400000,34.040000,-118.320000,2024-07-27 18:26:54.627 UTC
34.040000,-118.400000,34.040000,-118.320000,2024-07-27 19:00:04.818 UTC
51.440000,0.000000,51.480000,-0.120000,2024-07-27 02:26:31.892 UTC
34.000000,-118.040000,34.120000,-118.120000,2024-07-27 02:20:21.775 UTC
34.000000,-118.040000,33.960000,-118.160000,2024-07-27 00:08:49.932 UTC
51.440000,0.000000,51.480000,-0.120000,2024-07-27 02:05:01.699 UTC
34.120000,-118.320000,34.160000,-118.400000,2024-07-27 00:57:36.906 UTC
51.440000,0.000000,51.480000,-0.120000,2024-07-27 02:15:35.273 UTC
33.960000,-118.360000,34.000000,-118.280000,2024-07-27 20:49:01.524 UTC
34.040000,-118.160000,34.000000,-118.280000,2025-02-17 23:09:47.02 UTC
34.040000,-118.160000,34.000000,-118.280000,2025-02-17 21:42:44.234 UTC
34.040000,-118.160000,34.000000,-118.280000,2025-02-17 18:04:12.89 UTC
34.040000,-118.160000,34.000000,-118.280000,2025-02-17 21:36:24.209 UTC
34.120000,-118.240000,34.040000,-118.320000,2025-02-17 18:50:45.575 UTC
34.040000,-118.160000,34.000000,-118.280000,2025-02-17 23:20:51.02 UTC
42.000000,-87.680000,41.920000,-87.680000,2024-07-17 03:57:55.074 UTC
-23.520000,-46.640000,-23.560000,-46.640000,2024-07-28 05:12:44.07 UTC
34.080000,-118.520000,34.080000,-118.400000,2024-07-28 05:15:02.464 UTC
34.080000,-118.520000,34.080000,-118.400000,2024-07-28 05:41:06.922 UTC
34.040000,-118.160000,34.000000,-118.280000,2024-05-09 01:16:12.645 UTC
34.000000,-118.440000,34.040000,-118.400000,2024-05-09 01:57:57.331 UTC
34.040000,-118.160000,34.000000,-118.280000,2024-05-09 01:02:02.374 UTC
51.560000,-0.040000,51.520000,-0.120000,2024-05-09 01:41:41.965 UTC
-23.600000,-46.640000,-23.560000,-46.640000,2024-08-03 09:30:53.143 UTC
34.080000,-118.160000,34.120000,-118.160000,2024-08-03 04:31:48.956 UTC
33.880000,-118.040000,33.920000,-118.120000,2024-08-03 09:03:29.042 UTC
35.640000,139.640000,34.200000,-118.160000,2024-08-03 09:10:52.187 UTC
47.560000,-122.320000,34.040000,-118.320000,2024-08-03 09:22:14.258 UTC
35.640000,139.680000,41.920000,-87.640000,2024-08-03 04:31:06.654 UTC
34.160000,-118.160000,34.160000,-118.240000,2024-08-03 06:05:56.245 UTC
34.080000,-118.160000,34.120000,-118.160000,2024-08-03 09:09:06.415 UTC
34.040000,-118.160000,34.000000,-118.280000,2024-08-03 20:44:09.423 UTC
34.040000,-118.160000,34.000000,-118.280000,2024-08-03 18:38:43.973 UTC
34.040000,-118.160000,34.000000,-118.280000,2024-08-03 18:05:50.784 UTC
34.040000,-118.160000,34.000000,-118.280000,2024-08-03 20:39:37.756 UTC
34.040000,-118.160000,34.000000,-118.280000,2024-08-03 18:30:16.969 UTC
34.040000,-118.160000,34.000000,-118.280000,2024-08-03 18:23:29.385 UTC
34.040000,-118.160000,34.000000,-118.280000,2024-08-03 20:51:13.865 UTC
34.040000,-118.160000,34.000000,-118.280000,2024-08-03 18:17:48.806 UTC
51.560000,-0.160000,33.920000,-118.320000,2024-06-15 11:08:41.578 UTC
51.560000,-0.160000,33.920000,-118.320000,2024-06-15 10:57:04.663 UTC
47.600000,-122.240000,34.200000,-118.360000,2024-06-15 09:49:19.855 UTC
33.960000,-118.160000,33.960000,-118.200000,2024-06-15 10:54:01.992 UTC
34.040000,-118.160000,34.000000,-118.280000,2025-01-02 01:17:31.891 UTC
34.040000,-118.160000,34.000000,-118.280000,2025-01-02 01:22:56.54 UTC
34.040000,-118.160000,34.000000,-118.280000,2025-01-02 01:24:02.064 UTC
34.040000,-118.160000,34.000000,-118.280000,2025-01-02 01:39:18.71 UTC
34.040000,-118.160000,34.000000,-118.280000,2025-01-02 01:03:20.036 UTC
42.000000,-87.680000,41.920000,-87.680000,2025-04-16 02:02:45.905 UTC
34.040000,-118.160000,34.000000,-118.280000,2025-04-16 01:12:51.888 UTC
34.040000,-118.160000,34.000000,-118.280000,2025-04-16 01:27:42.855 UTC
-23.560000,-46.600000,34.000000,-118.280000,2024-10-14 23:28:34.627 UTC
33.840000,-118.120000,33.880000,-118.200000,2023-11-26 03:39:09.983 UTC
34.040000,-118.160000,34.000000,-118.280000,2025-02-13 01:00:40.751 UTC
34.040000,-118.160000,34.000000,-118.280000,2025-02-13 14:19:16.306 UTC
34.040000,-118.160000,34.000000,-118.280000,2025-02-13 01:53:44.998 UTC
34.040000,-118.160000,34.000000,-118.280000,2025-02-13 01:26:47.448 UTC
34.040000,-118.160000,34.000000,-118.280000,2025-02-13 01:05:52.74 UTC
34.000000,-118.160000,34.080000,-118.240000,2024-03-17 05:57:35.293 UTC
34.040000,-118.160000,34.000000,-118.280000,2024-03-17 23:38:46.876 UTC
34.040000,-118.160000,34.000000,-118.280000,2024-03-17 23:43:45.106 UTC
34.040000,-118.160000,34.000000,-118.280000,2025-04-21 23:19:14.784 UTC
34.120000,-118.240000,34.040000,-118.320000,2025-04-21 19:29:50.34 UTC
35.640000,139.680000,41.920000,-87.640000,2025-04-21 06:42:42.227 UTC
34.040000,-118.400000,34.040000,-118.320000,2025-04-21 20:58:43.644 UTC
41.920000,-87.600000,34.040000,-118.400000,2024-09-27 20:52:50.249 UTC
41.920000,-87.560000,34.040000,-118.320000,2024-09-27 20:22:16.484 UTC
41.840000,-87.720000,47.520000,-122.320000,2024-09-27 23:07:50.948 UTC
34.040000,-118.160000,34.000000,-118.280000,2025-02-01 22:17:00.233 UTC
34.040000,-118.160000,34.000000,-118.280000,2024-10-05 22:43:22.071 UTC
34.040000,-118.160000,34.000000,-118.280000,2024-10-05 22:36:59.69 UTC
34.040000,-118.400000,34.040000,-118.320000,2024-12-29 23:16:02.098 UTC
34.040000,-118.400000,34.040000,-118.320000,2024-12-29 23:06:40.242 UTC
34.040000,-118.160000,34.000000,-118.280000,2024-08-07 00:58:08.571 UTC
41.840000,-87.600000,-23.600000,-46.640000,2024-08-07 01:12:14.297 UTC
51.520000,-0.040000,34.000000,-118.440000,2024-08-07 00:27:50.953 UTC
34.040000,-118.160000,34.000000,-118.280000,2025-04-24 01:30:35.166 UTC
34.040000,-118.160000,34.000000,-118.280000,2025-04-24 01:47:44.817 UTC
34.040000,-118.240000,34.000000,-118.280000,2025-04-24 16:53:40.946 UTC
34.040000,-118.160000,34.000000,-118.280000,2025-04-24 01:36:26.431 UTC
34.040000,-118.160000,34.000000,-118.280000,2025-04-24 01:23:48.526 UTC
40.720000,-74.000000,33.880000,-118.200000,2024-02-23 02:47:06.169 UTC
33.960000,-118.400000,33.960000,-118.320000,2025-01-18 18:51:25.341 UTC
35.720000,139.680000,35.720000,139.680000,2025-01-18 00:22:59.221 UTC
34.240000,-118.160000,34.120000,-118.200000,2025-01-18 15:30:36.12 UTC
35.720000,139.760000,35.720000,139.680000,2025-03-30 04:24:18.368 UTC
47.600000,-122.280000,34.000000,-118.280000,2024-09-01 01:04:42.161 UTC
34.040000,-118.160000,34.000000,-118.280000,2025-03-18 18:23:32.671 UTC
33.920000,-118.160000,34.000000,-118.160000,2024-07-22 01:21:08.727 UTC
34.120000,-118.240000,34.080000,-118.160000,2024-07-22 00:49:34.647 UTC
34.040000,-118.160000,34.000000,-118.280000,2024-12-13 01:35:26.926 UTC
47.640000,-122.560000,47.600000,-122.400000,2024-12-13 22:59:53.968 UTC
34.040000,-118.160000,34.000000,-118.280000,2024-12-13 19:45:52.403 UTC
34.000000,-118.200000,34.040000,-118.200000,2024-12-13 19:16:41.105 UTC
34.040000,-118.160000,34.000000,-118.280000,2024-08-24 21:41:22.038 UTC
47.560000,-122.280000,34.200000,-118.320000,2024-08-24 03:58:56.57 UTC
41.920000,-87.640000,34.000000,-118.160000,2024-08-24 07:22:00.64 UTC
51.560000,-0.040000,34.160000,-118.240000,2024-08-24 07:14:17.463 UTC
34.040000,-118.160000,34.000000,-118.280000,2024-03-01 02:39:10.556 UTC
-33.920000,151.280000,-33.880000,151.240000,2024-07-26 23:22:29.283 UTC
-33.920000,151.280000,-33.880000,151.240000,2024-07-26 23:08:20.714 UTC
-33.920000,151.280000,-33.880000,151.240000,2024-07-26 23:07:28.095 UTC
34.040000,-118.400000,34.080000,-118.400000,2024-07-26 03:30:32.217 UTC
34.040000,-118.160000,34.000000,-118.280000,2024-07-25 01:40:27.597 UTC
34.040000,-118.160000,34.000000,-118.280000,2024-07-25 01:33:41.166 UTC
34.040000,-118.160000,34.000000,-118.280000,2024-07-25 01:02:29.464 UTC
33.920000,-118.480000,34.000000,-118.440000,2024-07-25 02:15:15.044 UTC
47.560000,-122.280000,-23.520000,-46.640000,2024-07-25 19:59:27.482 UTC
34.040000,-118.160000,34.000000,-118.280000,2025-03-05 01:49:40.607 UTC
34.280000,-118.200000,34.200000,-118.160000,2025-03-05 20:20:24.232 UTC
34.080000,-118.080000,34.080000,-118.080000,2024-08-09 05:03:19.795 UTC
51.520000,-0.200000,34.160000,-118.240000,2024-08-09 04:47:47.61 UTC
34.080000,-118.480000,34.120000,-118.360000,2025-05-03 06:26:31.415 UTC
34.240000,-118.200000,34.160000,-118.320000,2025-05-03 03:22:53.841 UTC
34.080000,-118.520000,34.080000,-118.400000,2025-05-03 06:17:41.312 UTC
33.920000,-118.360000,33.880000,-118.240000,2025-05-03 05:34:31.122 UTC
33.920000,-118.360000,33.880000,-118.240000,2025-05-03 05:39:26.054 UTC
34.240000,-118.200000,34.160000,-118.320000,2025-05-03 06:17:50.775 UTC
34.040000,-118.160000,34.000000,-118.280000,2025-05-03 22:44:55.274 UTC
34.040000,-118.160000,34.000000,-118.280000,2025-05-03 22:32:40.139 UTC
34.040000,-118.160000,34.000000,-118.280000,2025-05-03 21:18:05.473 UTC
34.040000,-118.160000,34.000000,-118.280000,2025-05-03 21:00:21.962 UTC
34.040000,-118.160000,34.000000,-118.280000,2025-05-03 21:04:31.401 UTC
34.040000,-118.160000,34.000000,-118.280000,2025-05-03 21:59:05.703 UTC
34.040000,-118.160000,34.000000,-118.280000,2025-05-03 22:30:44.129 UTC
34.040000,-118.160000,34.000000,-118.280000,2024-12-20 22:48:01.725 UTC
34.000000,-118.440000,34.040000,-118.400000,2024-12-20 00:48:50.049 UTC
33.880000,-118.280000,33.960000,-118.280000,2025-01-17 23:21:18.983 UTC
34.040000,-118.160000,34.000000,-118.280000,2025-03-29 22:20:32.722 UTC
34.040000,-118.160000,34.000000,-118.280000,2025-03-29 23:01:53.867 UTC
34.040000,-118.200000,34.040000,-118.320000,2024-07-01 06:15:05.373 UTC
41.840000,-87.560000,34.120000,-118.120000,2024-07-01 06:10:14.711 UTC
34.040000,-118.400000,34.040000,-118.320000,2024-07-01 02:22:48.578 UTC
34.040000,-118.400000,34.040000,-118.320000,2024-07-01 01:04:30.426 UTC
34.040000,-118.400000,34.040000,-118.320000,2024-07-01 01:22:57.24 UTC
34.120000,-118.240000,34.000000,-118.280000,2025-05-07 22:11:47.495 UTC
34.040000,-118.160000,34.000000,-118.280000,2024-12-25 02:24:04.406 UTC
34.040000,-118.160000,34.000000,-118.280000,2024-03-18 00:15:43.882 UTC
34.040000,-118.160000,34.000000,-118.280000,2024-12-15 23:09:42.581 UTC
34.040000,-118.160000,34.000000,-118.280000,2024-12-15 23:58:26.244 UTC
34.040000,-118.160000,34.000000,-118.280000,2024-12-15 23:35:47.618 UTC
34.040000,-118.160000,34.000000,-118.280000,2024-05-02 01:09:14.726 UTC
34.280000,-118.200000,34.200000,-118.160000,2024-05-02 01:50:48.809 UTC
47.680000,-122.360000,34.160000,-118.080000,2024-05-02 02:18:44.283 UTC
34.040000,-118.160000,34.000000,-118.280000,2025-03-25 01:41:39.511 UTC
34.080000,-118.520000,34.000000,-118.400000,2024-11-19 06:12:45.808 UTC
34.040000,-118.160000,34.000000,-118.280000,2024-12-03 23:50:24.271 UTC
34.120000,-118.120000,34.120000,-118.080000,2024-12-03 02:55:34.163 UTC
34.040000,-118.160000,34.000000,-118.280000,2025-03-13 01:30:55.503 UTC
34.040000,-118.160000,34.000000,-118.280000,2025-03-13 01:41:10.636 UTC
34.040000,-118.160000,34.000000,-118.280000,2025-03-13 01:16:25.238 UTC
34.040000,-118.160000,34.000000,-118.280000,2025-03-13 01:17:17.767 UTC
34.040000,-118.160000,34.000000,-118.280000,2025-03-13 01:08:11.835 UTC
35.680000,139.640000,33.920000,-118.240000,2025-02-25 18:09:04.215 UTC
34.040000,-118.160000,34.000000,-118.280000,2025-02-25 22:03:31.892 UTC
34.040000,-118.160000,34.000000,-118.280000,2025-02-25 20:56:48.428 UTC
34.000000,-118.440000,34.040000,-118.400000,2025-02-25 22:22:36.771 UTC
34.040000,-118.160000,34.000000,-118.280000,2025-02-25 20:03:41.111 UTC
34.040000,-118.160000,34.000000,-118.280000,2025-02-25 18:57:59.431 UTC
34.040000,-118.160000,34.000000,-118.280000,2025-02-25 01:00:28.547 UTC
34.040000,-118.160000,34.000000,-118.280000,2025-02-25 20:46:58.68 UTC
34.040000,-118.160000,34.000000,-118.280000,2025-02-25 02:42:41.543 UTC
34.040000,-118.160000,34.000000,-118.280000,2025-02-25 01:04:55.162 UTC
34.040000,-118.160000,34.000000,-118.280000,2025-02-25 01:39:15.229 UTC
34.040000,-118.160000,34.000000,-118.280000,2025-02-25 20:11:37.789 UTC
34.040000,-118.160000,34.000000,-118.280000,2025-02-25 18:35:02.973 UTC
34.040000,-118.160000,34.000000,-118.280000,2025-02-25 01:21:04.087 UTC
34.040000,-118.160000,34.000000,-118.280000,2025-02-25 20:20:31.178 UTC
34.040000,-118.160000,34.000000,-118.280000,2025-02-25 19:38:26.456 UTC
34.040000,-118.160000,34.000000,-118.280000,2025-02-25 21:44:19.744 UTC
34.040000,-118.160000,34.000000,-118.280000,2025-02-25 01:35:44.507 UTC
34.040000,-118.160000,34.000000,-118.280000,2025-02-25 20:28:23.862 UTC
34.040000,-118.160000,34.000000,-118.280000,2025-01-01 01:05:47.264 UTC
34.000000,-118.200000,34.000000,-118.120000,2025-01-01 21:19:39.588 UTC
34.040000,-118.160000,34.000000,-118.280000,2025-04-03 01:58:32.433 UTC
34.040000,-118.160000,34.000000,-118.280000,2025-04-03 01:34:58.125 UTC
34.040000,-118.160000,34.000000,-118.280000,2025-04-03 01:03:40.761 UTC
34.040000,-118.160000,34.000000,-118.280000,2025-04-03 01:45:49.83 UTC
34.040000,-118.160000,34.000000,-118.280000,2025-04-17 01:10:37.83 UTC
34.040000,-118.160000,34.000000,-118.280000,2025-04-17 01:00:39.452 UTC
34.040000,-118.160000,34.000000,-118.280000,2025-04-17 01:45:05.938 UTC
34.040000,-118.160000,34.000000,-118.280000,2025-04-17 01:14:38.969 UTC
51.480000,-0.160000,33.960000,-118.280000,2025-04-17 05:23:36.132 UTC
34.040000,-118.160000,34.000000,-118.280000,2025-04-17 01:30:34.334 UTC
34.040000,-118.160000,34.000000,-118.280000,2025-02-06 18:32:02.634 UTC
34.040000,-118.160000,34.000000,-118.280000,2025-02-06 01:50:31.296 UTC
34.040000,-118.160000,34.000000,-118.280000,2025-02-06 01:40:46.824 UTC
34.040000,-118.160000,34.000000,-118.280000,2025-02-06 18:39:16.621 UTC
34.040000,-118.160000,34.000000,-118.280000,2025-02-06 01:14:03.02 UTC
47.560000,-122.320000,34.040000,-118.320000,2025-02-06 04:12:27.12 UTC
41.960000,-87.600000,34.000000,-118.160000,2025-02-06 02:03:14.909 UTC
34.040000,-118.160000,34.000000,-118.280000,2025-02-06 18:39:04.55 UTC
41.960000,-87.600000,34.000000,-118.160000,2025-02-06 02:03:57.406 UTC
35.720000,139.720000,47.640000,-122.400000,2025-02-06 04:01:09.561 UTC
34.120000,-118.440000,34.040000,-118.400000,2025-02-10 23:39:55.019 UTC
42.000000,-87.680000,41.920000,-87.680000,2024-07-19 02:10:23.475 UTC
34.040000,-118.400000,34.040000,-118.320000,2024-06-30 01:40:50.654 UTC
34.040000,-118.400000,34.040000,-118.320000,2024-06-30 01:01:06.106 UTC
34.040000,-118.400000,34.040000,-118.320000,2024-06-30 01:16:58.746 UTC
34.040000,-118.160000,34.000000,-118.280000,2025-01-30 01:43:35.742 UTC
34.040000,-118.160000,34.000000,-118.280000,2025-01-30 01:01:03.294 UTC
34.040000,-118.160000,34.000000,-118.280000,2025-01-30 01:53:49.599 UTC
34.040000,-118.160000,34.000000,-118.280000,2025-01-30 01:06:28.956 UTC
34.040000,-118.160000,34.000000,-118.280000,2025-01-30 01:36:14.867 UTC
47.600000,-122.440000,34.200000,-118.320000,2024-09-15 00:09:41.987 UTC
40.720000,-74.040000,34.040000,-118.040000,2024-08-25 23:15:08.585 UTC
41.920000,-87.640000,34.000000,-118.160000,2024-08-25 07:19:31.476 UTC
47.600000,-122.440000,34.200000,-118.320000,2024-07-23 03:08:52.929 UTC
34.040000,-118.160000,34.000000,-118.280000,2024-07-23 01:27:17.537 UTC
42.000000,-87.680000,41.920000,-87.680000,2024-07-23 01:42:21.486 UTC
-23.600000,-46.640000,-33.920000,151.160000,2024-07-14 02:28:16.397 UTC
34.040000,-118.160000,34.000000,-118.280000,2024-07-14 21:26:04.795 UTC
35.680000,139.640000,34.080000,-118.360000,2024-07-14 01:50:09.959 UTC
34.040000,-118.160000,34.000000,-118.280000,2024-07-14 20:47:48.87 UTC
34.040000,-118.160000,34.000000,-118.280000,2024-07-14 19:17:16.743 UTC
34.040000,-118.160000,34.000000,-118.280000,2024-07-14 22:38:17.607 UTC
34.040000,-118.160000,34.000000,-118.280000,2024-07-14 19:22:12.698 UTC
34.040000,-118.160000,34.000000,-118.280000,2024-07-14 22:44:05.175 UTC
34.040000,-118.160000,34.000000,-118.280000,2024-07-14 21:19:19.426 UTC
34.040000,-118.160000,34.000000,-118.280000,2024-07-14 18:54:23.735 UTC
51.480000,-0.080000,34.120000,-118.400000,2024-07-14 02:32:10.096 UTC
34.040000,-118.160000,34.000000,-118.280000,2024-07-14 00:31:00.641 UTC
34.200000,-118.280000,34.120000,-118.200000,2024-07-14 01:47:36.894 UTC
34.040000,-118.160000,34.000000,-118.280000,2024-07-14 22:23:30.044 UTC
34.040000,-118.160000,34.000000,-118.280000,2024-07-14 00:38:30.192 UTC
34.040000,-118.160000,34.000000,-118.280000,2024-07-14 19:12:14.657 UTC
51.480000,-0.160000,34.080000,-118.160000,2024-07-14 02:11:40.786 UTC
34.040000,-118.320000,34.040000,-118.400000,2024-07-14 02:15:47.686 UTC
34.040000,-118.160000,34.000000,-118.280000,2024-07-14 00:17:28.619 UTC
34.040000,-118.160000,34.000000,-118.280000,2024-07-14 21:24:58.461 UTC
34.040000,-118.160000,34.000000,-118.280000,2024-07-14 19:16:42.221 UTC
34.040000,-118.400000,34.040000,-118.320000,2024-07-14 18:28:10.957 UTC
34.040000,-118.400000,34.040000,-118.320000,2024-07-14 17:15:41.924 UTC
34.040000,-118.400000,34.040000,-118.320000,2024-07-14 18:22:33.742 UTC
34.040000,-118.400000,34.040000,-118.320000,2024-07-14 17:44:11.631 UTC
34.040000,-118.400000,34.040000,-118.320000,2024-07-14 17:38:55.121 UTC
41.920000,-87.680000,35.680000,139.640000,2024-12-12 03:09:36.477 UTC
34.040000,-118.160000,34.000000,-118.280000,2024-12-12 01:43:50.967 UTC
34.040000,-118.160000,34.000000,-118.280000,2024-12-12 01:52:28.306 UTC
34.040000,-118.160000,34.000000,-118.280000,2024-12-12 01:00:23.936 UTC
51.520000,-0.040000,34.000000,-118.440000,2025-02-28 22:17:31.429 UTC
33.960000,-118.080000,33.960000,-118.160000,2025-02-28 21:48:45.819 UTC
34.040000,-118.400000,34.080000,-118.400000,2025-02-28 04:06:29.031 UTC
34.000000,-118.280000,34.040000,-118.400000,2025-02-28 01:51:58.354 UTC
34.040000,-118.160000,34.000000,-118.280000,2025-02-28 02:52:47.111 UTC
34.040000,-118.160000,34.000000,-118.280000,2025-02-28 00:31:09.555 UTC
34.040000,-118.160000,34.000000,-118.280000,2025-02-28 02:37:43.07 UTC
34.040000,-118.160000,34.000000,-118.280000,2025-02-28 02:43:43.558 UTC
34.040000,-118.160000,34.000000,-118.280000,2025-02-28 02:12:57.234 UTC
34.040000,-118.160000,34.000000,-118.280000,2025-02-28 01:21:28.608 UTC
34.040000,-118.160000,34.000000,-118.280000,2024-06-13 01:08:44.55 UTC
34.040000,-118.160000,34.000000,-118.280000,2024-06-13 01:08:19.763 UTC
34.040000,-118.160000,34.000000,-118.280000,2024-06-13 01:02:14.724 UTC
34.040000,-118.160000,34.000000,-118.280000,2024-06-13 02:13:56.754 UTC
34.040000,-118.160000,34.000000,-118.280000,2024-06-13 01:14:25.858 UTC
42.000000,-87.680000,41.920000,-87.680000,2025-01-04 00:14:15.107 UTC
47.600000,-122.400000,34.040000,-118.400000,2025-01-04 08:10:36.512 UTC
34.040000,-118.000000,34.040000,-118.120000,2025-01-04 04:18:01.115 UTC
40.760000,-74.040000,34.080000,-118.080000,2025-01-04 04:30:32.703 UTC
34.040000,-118.160000,34.000000,-118.280000,2025-04-05 21:19:39.976 UTC
34.040000,-118.160000,34.000000,-118.280000,2025-04-05 22:57:26.281 UTC
34.040000,-118.160000,34.000000,-118.280000,2025-04-05 23:06:47.012 UTC
34.040000,-118.160000,34.000000,-118.280000,2025-04-05 23:31:06.52 UTC
34.040000,-118.160000,34.000000,-118.280000,2025-04-05 22:02:40.767 UTC
34.040000,-118.160000,34.000000,-118.280000,2025-04-05 21:08:31.356 UTC
34.040000,-118.160000,34.000000,-118.280000,2025-04-05 22:30:59.078 UTC
34.040000,-118.160000,34.000000,-118.280000,2025-04-05 22:40:20.105 UTC
34.040000,-118.160000,34.000000,-118.280000,2025-04-05 22:22:03.725 UTC
34.040000,-118.160000,34.000000,-118.280000,2025-04-05 23:01:26.6 UTC
34.040000,-118.160000,34.000000,-118.280000,2025-04-05 23:36:08.974 UTC
34.040000,-118.160000,34.000000,-118.280000,2025-04-05 23:09:54.822 UTC
35.640000,139.600000,34.160000,-118.240000,2024-10-08 04:01:57.231 UTC
34.080000,-118.120000,34.160000,-118.080000,2024-10-08 04:10:16.98 UTC
34.080000,-118.400000,34.080000,-118.280000,2024-10-11 19:39:18.122 UTC
35.680000,139.640000,34.120000,-118.240000,2024-10-13 01:50:04.119 UTC
34.040000,-118.240000,34.080000,-118.280000,2024-10-13 01:59:59.517 UTC
40.760000,-73.960000,34.120000,-118.080000,2025-01-10 22:53:05.183 UTC
34.040000,-118.400000,34.080000,-118.400000,2025-01-10 04:26:50.485 UTC
34.040000,-118.160000,34.000000,-118.280000,2024-08-29 01:31:12.205 UTC
34.040000,-118.160000,34.000000,-118.280000,2024-08-29 01:46:46.186 UTC
34.040000,-118.160000,34.000000,-118.280000,2024-08-29 01:38:56.524 UTC
-33.800000,151.160000,33.960000,-118.200000,2024-06-05 07:57:57.782 UTC
34.040000,-118.160000,34.000000,-118.280000,2025-02-27 21:36:48.785 UTC
34.040000,-118.160000,34.000000,-118.280000,2025-02-27 22:00:44.34 UTC
41.920000,-87.680000,35.680000,139.640000,2025-02-27 07:07:21.064 UTC
34.040000,-118.160000,34.000000,-118.280000,2025-02-27 22:06:28.785 UTC
34.040000,-118.160000,34.000000,-118.280000,2025-02-27 02:05:20.761 UTC
40.760000,-73.960000,34.120000,-118.080000,2025-02-27 22:46:23.31 UTC
35.640000,139.640000,33.960000,-118.360000,2025-02-27 18:47:19.813 UTC
34.040000,-118.160000,34.000000,-118.280000,2025-02-27 22:30:00.217 UTC
51.520000,-0.040000,34.000000,-118.440000,2025-02-27 03:51:58.253 UTC
41.920000,-87.680000,35.680000,139.640000,2025-02-27 07:07:32.736 UTC
34.040000,-118.160000,34.000000,-118.280000,2025-02-27 01:35:48.463 UTC
34.040000,-118.160000,34.000000,-118.280000,2025-02-27 21:52:45.482 UTC
34.160000,-118.400000,34.120000,-118.320000,2025-02-27 19:41:09.027 UTC
34.040000,-118.160000,34.000000,-118.280000,2025-02-27 22:29:44.237 UTC
34.040000,-118.160000,34.000000,-118.280000,2025-02-27 21:46:51.428 UTC
51.520000,-0.040000,34.000000,-118.440000,2025-02-27 03:20:52.083 UTC
41.920000,-87.680000,35.680000,139.640000,2025-02-27 06:46:52.587 UTC
34.040000,-118.160000,34.000000,-118.280000,2025-02-27 01:05:56.013 UTC
34.040000,-118.160000,34.000000,-118.280000,2025-02-27 21:21:30.912 UTC
40.760000,-73.960000,34.120000,-118.080000,2025-02-27 22:41:42.853 UTC
34.040000,-118.160000,34.000000,-118.280000,2024-08-17 22:30:27.452 UTC
42.000000,-87.680000,41.920000,-87.680000,2024-08-17 02:03:56.433 UTC
34.040000,-118.160000,34.000000,-118.280000,2024-08-17 02:13:16.784 UTC
42.000000,-87.680000,41.920000,-87.680000,2024-08-20 21:21:32.229 UTC
35.640000,139.640000,33.920000,-118.240000,2024-08-20 04:49:14.864 UTC
47.560000,-122.280000,34.200000,-118.320000,2024-08-20 20:44:55.892 UTC
34.040000,-118.160000,34.000000,-118.280000,2024-08-20 20:37:50.622 UTC
34.120000,-118.120000,34.120000,-118.080000,2024-07-24 04:39:17.201 UTC
34.040000,-118.160000,34.000000,-118.280000,2024-07-24 01:26:05.986 UTC
34.040000,-118.160000,34.000000,-118.280000,2024-07-24 02:08:19.856 UTC
47.600000,-122.280000,34.000000,-118.280000,2024-10-06 22:50:44.241 UTC
34.040000,-118.160000,34.000000,-118.280000,2025-05-15 01:51:50.035 UTC
34.040000,-118.160000,34.000000,-118.280000,2025-05-15 02:07:13.448 UTC
34.040000,-118.160000,34.000000,-118.280000,2025-05-15 01:18:53.773 UTC
34.040000,-118.160000,34.000000,-118.280000,2025-05-15 01:45:40.328 UTC
34.040000,-118.160000,34.000000,-118.280000,2025-05-15 01:06:01.119 UTC
34.040000,-118.160000,34.000000,-118.280000,2024-07-31 01:20:23.706 UTC
34.040000,-118.280000,34.080000,-118.240000,2024-06-07 08:29:11.418 UTC
34.040000,-118.280000,34.040000,-118.240000,2024-08-06 05:07:53.252 UTC
34.120000,-118.240000,34.040000,-118.320000,2024-09-02 18:05:52.624 UTC
51.480000,-0.040000,51.520000,-0.080000,2024-04-12 15:20:35.616 UTC
47.560000,-122.320000,34.080000,-118.160000,2024-08-19 04:42:55.679 UTC
47.560000,-122.320000,34.080000,-118.160000,2024-08-19 04:28:48.699 UTC
34.160000,-118.400000,34.120000,-118.320000,2025-04-09 19:20:22.019 UTC
33.840000,-118.120000,33.880000,-118.200000,2023-11-08 03:47:05.223 UTC
34.040000,-118.160000,34.000000,-118.280000,2025-02-20 03:42:35.513 UTC
34.040000,-118.160000,34.000000,-118.280000,2025-02-20 01:39:31.238 UTC
34.040000,-118.160000,34.000000,-118.280000,2025-02-20 01:11:34.505 UTC
35.720000,139.720000,47.640000,-122.400000,2025-02-20 04:18:07.415 UTC
34.040000,-118.160000,34.000000,-118.280000,2025-02-20 01:35:35.111 UTC
34.040000,-118.160000,34.000000,-118.280000,2025-02-20 01:24:21.205 UTC
34.040000,-118.160000,34.000000,-118.280000,2025-02-20 02:10:30.121 UTC
-33.880000,151.280000,51.480000,-0.080000,2025-02-20 21:42:08.633 UTC
34.040000,-118.160000,34.000000,-118.280000,2025-02-20 01:31:57.003 UTC
34.040000,-118.160000,34.000000,-118.280000,2025-04-12 20:22:43.544 UTC
34.040000,-118.160000,34.000000,-118.280000,2025-04-12 20:27:09.184 UTC
34.040000,-118.160000,34.000000,-118.280000,2025-04-12 20:12:27.627 UTC
34.040000,-118.160000,34.000000,-118.280000,2024-12-05 01:00:28.362 UTC
34.040000,-118.160000,34.000000,-118.280000,2024-12-05 01:40:37.837 UTC
34.040000,-118.160000,34.000000,-118.280000,2024-12-05 01:16:56.808 UTC
47.640000,-122.560000,47.600000,-122.400000,2024-12-05 21:09:31.188 UTC
34.040000,-118.160000,34.000000,-118.280000,2024-12-05 00:07:48.534 UTC
34.040000,-118.160000,34.000000,-118.280000,2025-04-25 02:08:17.618 UTC
40.760000,-73.960000,34.120000,-118.440000,2024-10-09 05:24:59.436 UTC
35.720000,139.680000,47.640000,-122.400000,2024-10-09 05:19:42.739 UTC
-33.920000,151.240000,41.920000,-87.680000,2024-04-11 22:50:47.601 UTC
34.040000,-118.160000,34.000000,-118.280000,2024-03-31 17:11:00.745 UTC
34.040000,-118.160000,34.000000,-118.280000,2024-03-31 17:55:16.323 UTC
34.040000,-118.160000,34.000000,-118.280000,2025-01-09 01:44:18.242 UTC
35.720000,139.720000,47.640000,-122.400000,2025-01-09 03:45:42.094 UTC
34.040000,-118.160000,34.000000,-118.280000,2025-01-09 01:00:59.839 UTC
34.040000,-118.160000,34.000000,-118.280000,2025-01-09 01:40:40.777 UTC
34.040000,-118.160000,34.000000,-118.280000,2024-04-17 01:39:35.614 UTC
34.080000,-118.280000,34.120000,-118.240000,2024-08-14 21:56:24.379 UTC
-33.840000,151.160000,34.120000,-118.200000,2024-06-24 05:19:45.157 UTC
34.040000,-118.160000,34.000000,-118.280000,2025-03-15 21:37:27.816 UTC
34.040000,-118.160000,34.000000,-118.280000,2025-03-15 23:04:21.415 UTC
42.000000,-87.680000,41.920000,-87.680000,2025-03-15 23:27:07.104 UTC
34.120000,-118.320000,34.040000,-118.320000,2025-02-15 04:10:04.831 UTC
34.040000,-118.200000,34.000000,-118.240000,2025-02-15 05:40:40.297 UTC
-23.600000,-46.680000,34.000000,-118.200000,2025-02-15 05:34:55.52 UTC
-23.600000,-46.560000,33.960000,-118.240000,2025-02-15 05:01:55.842 UTC
-33.760000,151.120000,-33.840000,151.240000,2025-02-15 04:09:03.379 UTC
34.040000,-118.160000,34.000000,-118.280000,2025-02-15 21:31:44.848 UTC
34.040000,-118.160000,34.000000,-118.280000,2025-02-15 21:27:51.438 UTC
34.040000,-118.160000,34.000000,-118.280000,2025-02-15 22:13:28.482 UTC
34.040000,-118.160000,34.000000,-118.280000,2025-02-15 02:43:10.646 UTC
34.040000,-118.160000,34.000000,-118.280000,2025-02-15 22:07:59.012 UTC
34.040000,-118.160000,34.000000,-118.280000,2025-02-15 22:48:56.942 UTC
40.720000,-74.040000,34.120000,-118.280000,2025-02-15 06:31:47.285 UTC
34.040000,-118.160000,34.000000,-118.280000,2025-02-15 21:46:13.805 UTC
34.040000,-118.160000,34.000000,-118.280000,2025-02-15 23:12:17.918 UTC
51.520000,-0.040000,34.000000,-118.440000,2025-02-15 06:08:19.18 UTC
34.040000,-118.160000,34.000000,-118.280000,2025-02-15 23:59:23.487 UTC
-23.560000,-46.640000,34.000000,-118.400000,2025-02-15 05:02:07.464 UTC
34.040000,-118.160000,34.000000,-118.280000,2025-02-15 23:22:15.363 UTC
33.960000,-118.480000,33.960000,-118.360000,2025-02-15 05:41:01.822 UTC
41.920000,-87.680000,35.680000,139.640000,2025-02-15 05:05:38.533 UTC
34.040000,-118.160000,34.000000,-118.280000,2025-02-15 22:43:58.332 UTC
34.040000,-118.160000,34.000000,-118.280000,2025-02-15 23:22:41.431 UTC
34.040000,-118.160000,34.000000,-118.280000,2025-02-15 23:35:23.054 UTC
34.040000,-118.160000,34.000000,-118.280000,2025-02-15 21:18:43.549 UTC
34.040000,-118.160000,34.000000,-118.280000,2025-02-15 02:51:47.259 UTC
47.560000,-122.320000,34.040000,-118.320000,2025-02-15 05:43:32.919 UTC
42.000000,-87.680000,41.920000,-87.680000,2025-02-15 20:17:34.19 UTC
34.040000,-118.160000,34.000000,-118.280000,2025-01-25 00:27:42.298 UTC
34.040000,-118.160000,34.000000,-118.280000,2025-01-25 01:23:27.849 UTC
34.040000,-118.160000,34.000000,-118.280000,2025-01-25 01:16:01.875 UTC
34.040000,-118.160000,34.000000,-118.280000,2025-01-25 22:11:11.176 UTC
34.040000,-118.160000,34.000000,-118.280000,2025-01-25 21:31:30.286 UTC
34.040000,-118.160000,34.000000,-118.280000,2025-01-25 22:01:26.141 UTC
34.040000,-118.160000,34.000000,-118.280000,2024-09-23 01:16:22.633 UTC
34.040000,-118.400000,34.040000,-118.320000,2024-05-06 02:20:34.714 UTC
34.040000,-118.160000,34.000000,-118.280000,2024-05-06 00:53:57.375 UTC
34.040000,-118.160000,34.000000,-118.280000,2024-05-06 00:56:49.378 UTC
34.000000,-118.040000,33.960000,-118.160000,2024-12-14 03:42:22.101 UTC
34.000000,-118.040000,33.960000,-118.160000,2024-12-14 02:06:50.095 UTC
34.000000,-118.040000,33.960000,-118.160000,2024-12-14 02:06:33.796 UTC
34.040000,-118.200000,34.000000,-118.240000,2024-12-14 05:20:23.229 UTC
33.920000,-118.000000,33.960000,-118.160000,2024-12-14 01:33:06.203 UTC
33.920000,-118.000000,33.960000,-118.160000,2024-12-14 01:03:37.309 UTC
41.840000,-87.560000,34.120000,-118.120000,2024-12-14 05:14:05.372 UTC
34.040000,-118.160000,34.000000,-118.280000,2024-12-14 21:54:16.75 UTC
34.040000,-118.160000,34.000000,-118.280000,2024-12-14 23:44:23.699 UTC
34.040000,-118.160000,34.000000,-118.280000,2024-12-14 21:13:40.649 UTC
34.040000,-118.160000,34.000000,-118.280000,2024-12-14 23:18:56.175 UTC
35.680000,139.640000,35.720000,139.680000,2024-12-14 03:53:25.154 UTC
41.840000,-87.560000,34.120000,-118.120000,2024-12-14 05:14:05.372 UTC
34.040000,-118.160000,34.000000,-118.280000,2024-12-14 22:57:01.876 UTC
34.040000,-118.160000,34.000000,-118.280000,2024-12-14 21:50:04.348 UTC
34.120000,-118.120000,34.120000,-118.080000,2024-12-14 05:08:38.095 UTC
34.040000,-118.160000,34.000000,-118.280000,2024-12-14 21:36:31.012 UTC
34.040000,-118.160000,34.000000,-118.280000,2024-12-14 22:00:44.644 UTC
34.040000,-118.160000,34.000000,-118.280000,2024-12-14 22:31:49.736 UTC
33.960000,-118.040000,33.960000,-118.120000,2024-12-14 05:03:37.604 UTC
34.040000,-118.160000,34.000000,-118.280000,2024-12-14 21:38:18.999 UTC
34.040000,-118.160000,34.000000,-118.280000,2024-12-14 22:41:17.178 UTC
34.040000,-118.160000,34.000000,-118.280000,2024-12-14 23:35:39.786 UTC
34.040000,-118.160000,34.000000,-118.280000,2024-12-14 21:00:28.307 UTC
34.040000,-118.160000,34.000000,-118.280000,2024-12-14 22:29:35.25 UTC
34.040000,-118.160000,34.000000,-118.280000,2024-12-14 22:30:02.043 UTC
33.880000,-118.040000,33.920000,-118.120000,2024-12-14 05:07:55.09 UTC
34.000000,-118.040000,33.960000,-118.160000,2024-12-14 01:55:16.234 UTC
40.720000,-74.080000,34.000000,-118.280000,2024-12-14 00:03:26.146 UTC
34.040000,-118.160000,34.000000,-118.280000,2025-02-21 21:50:13.443 UTC
34.040000,-118.160000,34.000000,-118.280000,2025-02-21 23:22:17.026 UTC
47.680000,-122.360000,34.200000,-118.120000,2025-02-21 22:51:14.806 UTC
34.040000,-118.160000,34.000000,-118.280000,2025-02-21 22:06:12.73 UTC
34.040000,-118.160000,34.000000,-118.280000,2025-02-21 21:21:29.69 UTC
34.040000,-118.160000,34.000000,-118.280000,2025-02-21 22:14:37.034 UTC
47.560000,-122.280000,34.200000,-118.320000,2024-05-25 03:13:09.876 UTC
34.040000,-118.400000,34.040000,-118.320000,2024-05-25 19:12:12.358 UTC
34.040000,-118.400000,34.040000,-118.320000,2024-05-25 23:28:23.849 UTC
34.040000,-118.400000,34.040000,-118.320000,2024-05-25 19:28:17.554 UTC
34.040000,-118.400000,34.040000,-118.320000,2024-05-25 22:53:43.623 UTC
42.000000,-87.680000,41.920000,-87.680000,2024-05-25 22:38:54.183 UTC
51.520000,-0.080000,40.760000,-74.040000,2024-05-25 21:35:08.135 UTC
34.040000,-118.160000,34.000000,-118.280000,2024-05-25 00:19:44.933 UTC
34.040000,-118.160000,34.000000,-118.280000,2025-05-25 21:24:29.033 UTC
34.040000,-118.160000,34.000000,-118.280000,2024-06-27 01:38:56.374 UTC
34.040000,-118.160000,34.000000,-118.280000,2024-06-27 01:18:52.978 UTC
34.280000,-118.200000,34.200000,-118.160000,2024-06-27 01:07:20.971 UTC
-33.840000,151.280000,51.520000,-0.200000,2024-08-27 21:01:55.971 UTC
-33.840000,151.280000,51.520000,-0.200000,2024-08-27 21:02:16.648 UTC
-33.840000,151.280000,51.520000,-0.200000,2024-08-27 21:06:34.002 UTC
33.920000,-118.480000,33.920000,-118.360000,2024-05-12 02:11:39.571 UTC
34.000000,-118.040000,34.120000,-118.120000,2024-06-02 07:16:32.282 UTC
41.840000,-87.640000,41.920000,-87.720000,2024-06-02 01:18:26.323 UTC
34.040000,-118.160000,34.000000,-118.280000,2024-06-02 03:39:38.019 UTC
34.040000,-118.160000,34.000000,-118.280000,2024-11-03 19:48:55.11 UTC
34.040000,-118.160000,34.000000,-118.280000,2024-11-03 17:51:47.654 UTC
34.040000,-118.160000,34.000000,-118.280000,2025-03-26 01:36:38.92 UTC
34.040000,-118.160000,34.000000,-118.280000,2025-03-26 01:12:47.661 UTC
34.040000,-118.400000,34.040000,-118.320000,2024-09-29 21:43:54.995 UTC
34.040000,-118.400000,34.040000,-118.320000,2024-09-29 21:09:41.602 UTC
-23.520000,-46.680000,33.920000,-118.280000,2024-09-29 23:00:51.369 UTC
34.000000,-118.120000,34.080000,-118.120000,2024-09-29 20:04:03.403 UTC
-23.560000,-46.680000,-23.520000,-46.600000,2024-06-09 08:15:25.573 UTC
34.040000,-118.160000,34.000000,-118.280000,2024-07-12 01:04:52.631 UTC
34.040000,-118.160000,34.000000,-118.280000,2024-07-12 01:47:14.453 UTC
34.040000,-118.160000,34.000000,-118.280000,2024-07-12 01:58:47.441 UTC
34.040000,-118.160000,34.000000,-118.280000,2024-07-12 01:36:54.757 UTC
34.040000,-118.160000,34.000000,-118.280000,2024-07-12 01:22:22.778 UTC
34.040000,-118.160000,34.000000,-118.280000,2024-07-12 01:51:31.421 UTC
34.000000,-118.280000,34.040000,-118.240000,2024-07-12 17:22:56.348 UTC
34.040000,-118.160000,34.000000,-118.280000,2024-07-12 02:04:37.975 UTC
34.040000,-118.280000,34.120000,-118.200000,2024-07-12 17:07:56.797 UTC
34.000000,-118.040000,33.960000,-118.160000,2024-07-12 23:58:21.483 UTC
34.080000,-118.520000,34.080000,-118.400000,2024-07-12 06:36:40.454 UTC
51.440000,0.000000,51.480000,-0.120000,2024-07-12 03:39:41.272 UTC
35.720000,139.760000,35.720000,139.680000,2024-07-12 21:40:54.625 UTC
47.600000,-122.440000,34.200000,-118.320000,2024-07-12 00:49:47.617 UTC
35.680000,139.640000,35.720000,139.680000,2024-07-12 20:45:07.453 UTC
-23.520000,-46.520000,-23.560000,-46.560000,2024-07-12 21:24:29.982 UTC
33.920000,-118.320000,33.920000,-118.360000,2024-07-12 03:16:18.339 UTC
34.000000,-118.160000,34.000000,-118.080000,2024-07-12 06:29:29.679 UTC
34.040000,-118.040000,34.080000,-118.120000,2024-07-12 06:18:17.174 UTC
34.320000,-118.200000,34.200000,-118.200000,2024-07-12 05:01:01.454 UTC
34.080000,-118.480000,34.040000,-118.360000,2024-07-12 03:53:55.663 UTC
51.520000,-0.080000,51.520000,-0.080000,2024-07-12 05:14:31.056 UTC
34.080000,-118.040000,33.960000,-118.040000,2024-07-12 03:58:54.864 UTC
34.040000,-118.000000,34.040000,-118.080000,2024-07-12 22:17:35.178 UTC
-23.560000,-46.640000,34.200000,-118.280000,2024-07-12 23:20:22.388 UTC
-33.880000,151.200000,-23.520000,-46.640000,2024-07-12 20:33:21.624 UTC
34.120000,-118.040000,34.040000,-118.080000,2024-07-12 05:21:11.1 UTC
35.720000,139.760000,35.720000,139.680000,2024-07-12 21:45:36.075 UTC
-23.520000,-46.640000,-23.560000,-46.640000,2024-07-12 05:37:11.55 UTC
-23.560000,-46.640000,-23.560000,-46.560000,2024-07-12 21:53:38.648 UTC
41.800000,-87.600000,34.080000,-118.040000,2024-07-12 23:40:08.591 UTC
34.040000,-118.280000,34.080000,-118.280000,2024-07-12 02:49:35.177 UTC
34.080000,-118.040000,33.960000,-118.040000,2024-07-12 03:57:43.664 UTC
33.920000,-118.320000,33.920000,-118.360000,2024-07-12 02:13:04.762 UTC
47.600000,-122.440000,34.200000,-118.320000,2024-12-04 01:17:24.988 UTC
40.760000,-73.960000,34.120000,-118.160000,2024-12-04 21:55:08.702 UTC
40.760000,-73.960000,34.120000,-118.160000,2024-12-04 21:55:21.757 UTC
34.040000,-118.160000,34.000000,-118.280000,2024-12-04 01:38:07.067 UTC
47.560000,-122.280000,34.200000,-118.320000,2024-09-10 23:36:24.817 UTC
34.040000,-118.160000,34.000000,-118.280000,2024-10-10 01:19:48.77 UTC
34.040000,-118.160000,34.000000,-118.280000,2024-10-10 01:10:14.62 UTC
47.560000,-122.320000,34.040000,-118.320000,2024-10-10 22:49:58.502 UTC
-23.640000,-46.600000,-23.520000,-46.600000,2024-10-10 03:12:53.073 UTC
34.000000,-118.240000,33.880000,-118.280000,2024-10-10 18:50:40.038 UTC
34.120000,-118.240000,34.040000,-118.320000,2024-10-10 01:23:38.953 UTC
34.040000,-118.160000,34.000000,-118.280000,2024-11-23 17:33:48.873 UTC
34.040000,-118.160000,34.000000,-118.280000,2024-11-23 20:12:01.089 UTC
34.040000,-118.160000,34.000000,-118.280000,2024-11-23 20:35:17.216 UTC
34.040000,-118.160000,34.000000,-118.280000,2024-11-23 23:06:27.742 UTC
34.040000,-118.160000,34.000000,-118.280000,2024-11-23 01:41:59.098 UTC
34.040000,-118.160000,34.000000,-118.280000,2024-11-23 01:48:18.388 UTC
34.040000,-118.160000,34.000000,-118.280000,2024-11-23 18:49:59.238 UTC
34.040000,-118.160000,34.000000,-118.280000,2024-11-23 18:43:19.616 UTC
34.040000,-118.160000,34.000000,-118.280000,2024-11-23 01:53:55.753 UTC
34.040000,-118.160000,34.000000,-118.280000,2024-11-23 23:47:55.669 UTC
34.040000,-118.160000,34.000000,-118.280000,2024-11-23 22:26:59.211 UTC
34.040000,-118.160000,34.000000,-118.280000,2024-11-23 22:32:41.702 UTC
34.040000,-118.160000,34.000000,-118.280000,2024-11-23 17:38:57.868 UTC
34.040000,-118.160000,34.000000,-118.280000,2024-11-23 23:17:27.275 UTC
34.040000,-118.160000,34.000000,-118.280000,2024-11-23 22:06:07.786 UTC
34.040000,-118.160000,34.000000,-118.280000,2024-11-23 21:30:42.211 UTC
34.040000,-118.160000,34.000000,-118.280000,2024-11-23 23:40:30.537 UTC
34.040000,-118.160000,34.000000,-118.280000,2024-11-23 20:53:14.78 UTC
34.040000,-118.160000,34.000000,-118.280000,2024-11-23 22:46:18.753 UTC
47.560000,-122.320000,34.040000,-118.320000,2024-11-23 04:03:15.764 UTC
35.720000,139.600000,34.200000,-118.240000,2024-11-23 03:55:04.19 UTC
34.120000,-118.360000,34.080000,-118.360000,2024-11-23 14:27:53.934 UTC
-23.520000,-46.640000,-23.560000,-46.640000,2024-11-23 04:12:19.268 UTC
34.040000,-118.160000,34.000000,-118.280000,2024-11-23 20:25:28.503 UTC
-23.520000,-46.640000,34.040000,-118.360000,2024-11-23 03:43:17.31 UTC
33.960000,-118.360000,34.000000,-118.280000,2024-11-23 19:40:20.712 UTC
34.040000,-118.160000,34.000000,-118.280000,2024-09-30 02:50:11.567 UTC
34.040000,-118.400000,34.040000,-118.320000,2024-09-30 03:32:20.504 UTC
33.960000,-118.360000,34.040000,-118.320000,2024-09-30 00:42:52.181 UTC
42.000000,-87.680000,41.920000,-87.680000,2024-09-30 03:44:54.821 UTC
34.040000,-118.400000,34.040000,-118.320000,2024-09-30 03:32:16.326 UTC
33.960000,-118.200000,33.960000,-118.280000,2024-09-30 15:24:07.839 UTC
34.040000,-118.160000,34.000000,-118.280000,2025-05-12 21:45:26.73 UTC
34.120000,-118.240000,34.040000,-118.320000,2024-08-26 19:54:49.188 UTC
34.320000,-118.120000,34.240000,-118.160000,2024-08-26 15:07:12.15 UTC
47.560000,-122.280000,34.200000,-118.320000,2024-08-26 23:59:46.858 UTC
34.040000,-118.160000,34.000000,-118.280000,2024-07-20 03:13:57.899 UTC
42.000000,-87.680000,41.920000,-87.680000,2024-07-20 23:26:16.7 UTC
34.120000,-118.240000,34.040000,-118.320000,2024-05-21 19:20:37.998 UTC
34.040000,-118.160000,34.000000,-118.280000,2025-03-08 21:45:06.153 UTC
47.560000,-122.320000,34.080000,-118.160000,2024-08-18 04:30:52.916 UTC
47.560000,-122.320000,34.080000,-118.160000,2024-08-18 04:27:31.369 UTC
34.040000,-118.160000,34.000000,-118.280000,2024-08-18 21:40:31.21 UTC
34.040000,-118.160000,34.000000,-118.280000,2024-08-18 22:49:31.483 UTC
47.560000,-122.280000,35.720000,139.680000,2024-08-18 03:50:57.412 UTC
34.160000,-118.080000,34.120000,-118.080000,2024-08-18 02:19:07.151 UTC
34.040000,-118.160000,34.000000,-118.280000,2025-02-19 01:18:55.036 UTC
34.040000,-118.160000,34.000000,-118.280000,2025-02-19 01:04:44.435 UTC
34.040000,-118.160000,34.000000,-118.280000,2025-02-19 02:36:52.15 UTC
34.040000,-118.160000,34.000000,-118.280000,2025-04-10 01:06:14.681 UTC
41.960000,-87.600000,34.000000,-118.160000,2025-04-10 02:07:12.331 UTC
34.040000,-118.160000,34.000000,-118.280000,2025-04-10 01:00:22.962 UTC
34.040000,-118.160000,34.000000,-118.280000,2025-04-10 01:44:27.039 UTC
35.720000,139.760000,35.720000,139.680000,2025-04-10 02:09:01.951 UTC
34.040000,-118.160000,34.000000,-118.280000,2025-05-13 23:42:43.987 UTC
34.040000,-118.160000,34.000000,-118.280000,2024-11-28 01:36:10.666 UTC
-23.520000,-46.640000,35.720000,139.680000,2024-11-28 20:07:52.311 UTC
34.040000,-118.160000,34.000000,-118.280000,2024-11-28 01:08:31.424 UTC
51.480000,-0.200000,51.520000,-0.080000,2024-11-28 18:27:02.272 UTC
34.040000,-118.160000,34.000000,-118.280000,2024-08-04 01:47:12.457 UTC
34.040000,-118.160000,34.000000,-118.280000,2024-08-04 01:40:30.437 UTC
34.040000,-118.160000,34.000000,-118.280000,2024-08-04 01:12:25.188 UTC
34.040000,-118.160000,34.000000,-118.280000,2024-07-13 17:10:25.395 UTC
34.040000,-118.160000,34.000000,-118.280000,2024-07-13 23:52:09.145 UTC
34.040000,-118.160000,34.000000,-118.280000,2024-07-13 18:26:01.055 UTC
34.040000,-118.160000,34.000000,-118.280000,2024-07-13 01:54:41.025 UTC
34.040000,-118.160000,34.000000,-118.280000,2024-07-13 20:12:50.692 UTC
34.040000,-118.160000,34.000000,-118.280000,2024-07-13 18:14:53.805 UTC
34.000000,-118.040000,33.960000,-118.160000,2024-07-13 00:21:04.604 UTC
51.480000,-0.160000,34.080000,-118.160000,2024-07-13 20:22:53.63 UTC
34.040000,-118.160000,34.000000,-118.280000,2024-07-13 22:00:10.129 UTC
-33.920000,151.240000,41.920000,-87.680000,2024-07-13 02:17:02.859 UTC
33.880000,-118.040000,33.920000,-118.120000,2024-07-13 00:51:18.256 UTC
34.040000,-118.160000,34.000000,-118.280000,2024-07-13 17:45:50.55 UTC
34.040000,-118.160000,34.000000,-118.280000,2024-07-13 22:26:18.987 UTC
34.040000,-118.160000,34.000000,-118.280000,2024-07-13 01:44:37.172 UTC
34.040000,-118.160000,34.000000,-118.280000,2024-07-13 17:15:09.834 UTC
34.040000,-118.160000,34.000000,-118.280000,2024-07-13 18:25:51.919 UTC
51.480000,-0.160000,34.080000,-118.160000,2024-07-13 20:42:14.515 UTC
-23.600000,-46.680000,34.000000,-118.200000,2024-07-13 01:59:28.97 UTC
51.440000,0.000000,51.480000,-0.120000,2024-07-13 00:02:41.717 UTC
34.040000,-118.160000,34.000000,-118.280000,2024-07-13 01:30:28.934 UTC
34.040000,-118.160000,34.000000,-118.280000,2024-07-13 18:35:34.23 UTC
51.480000,-0.160000,34.080000,-118.160000,2024-07-13 02:23:50.306 UTC
34.120000,-118.280000,34.200000,-118.240000,2024-07-13 03:34:43.449 UTC
35.680000,139.640000,35.720000,139.680000,2024-07-13 21:41:30.824 UTC
34.040000,-118.160000,34.000000,-118.280000,2024-07-13 18:21:09.609 UTC
34.040000,-118.160000,34.000000,-118.280000,2024-07-13 17:23:58.645 UTC
51.480000,-0.160000,34.080000,-118.160000,2024-07-13 21:37:04.299 UTC
34.040000,-118.160000,34.000000,-118.280000,2024-07-13 17:29:54.703 UTC
34.040000,-118.160000,34.000000,-118.280000,2024-07-13 19:01:50.853 UTC
34.040000,-118.160000,34.000000,-118.280000,2024-07-13 22:46:08.33 UTC
34.040000,-118.160000,34.000000,-118.280000,2024-07-13 23:39:36.369 UTC
34.040000,-118.160000,34.000000,-118.280000,2024-07-13 23:05:08.498 UTC
51.480000,-0.120000,34.200000,-118.240000,2024-07-13 04:20:18.075 UTC
-23.520000,-46.560000,34.120000,-118.400000,2024-07-13 19:18:54.377 UTC
34.040000,-118.160000,34.000000,-118.280000,2024-07-13 18:25:34.31 UTC
47.560000,-122.280000,-33.840000,151.240000,2024-07-13 21:33:06.413 UTC
51.480000,-0.160000,34.080000,-118.160000,2024-07-13 21:41:45.109 UTC
34.040000,-118.160000,34.000000,-118.280000,2024-07-13 19:28:13.468 UTC
34.040000,-118.160000,34.000000,-118.280000,2025-04-13 21:44:52.684 UTC
34.040000,-118.160000,34.000000,-118.280000,2025-04-13 21:50:41.66 UTC
34.040000,-118.160000,34.000000,-118.280000,2025-04-13 22:42:28.416 UTC
34.040000,-118.160000,34.000000,-118.280000,2025-04-13 21:08:14.909 UTC
34.040000,-118.160000,34.000000,-118.280000,2025-04-13 21:13:04.31 UTC
34.040000,-118.160000,34.000000,-118.280000,2025-04-13 22:30:46.002 UTC
34.040000,-118.160000,34.000000,-118.280000,2025-04-13 22:23:16.914 UTC
34.040000,-118.160000,34.000000,-118.280000,2025-04-13 22:00:48.201 UTC
34.040000,-118.160000,34.000000,-118.280000,2024-07-11 01:00:26.212 UTC
34.040000,-118.160000,34.000000,-118.280000,2024-07-11 01:54:37.911 UTC
34.040000,-118.160000,34.000000,-118.280000,2024-07-11 01:30:49.161 UTC
41.920000,-87.640000,-23.520000,-46.640000,2024-07-11 23:41:44.074 UTC
34.240000,-118.200000,34.200000,-118.160000,2024-07-11 23:56:30.236 UTC
34.000000,-118.320000,34.000000,-118.360000,2024-07-11 17:01:06.706 UTC
34.120000,-117.920000,34.080000,-118.040000,2024-07-11 23:33:52.527 UTC
33.960000,-118.360000,34.000000,-118.280000,2024-07-11 19:48:14.035 UTC
34.040000,-118.240000,34.000000,-118.280000,2024-07-11 19:44:53.553 UTC
34.120000,-118.400000,34.200000,-118.320000,2023-10-17 23:55:13.942 UTC
40.720000,-73.920000,34.120000,-118.360000,2025-02-22 20:35:05.418 UTC
34.040000,-118.160000,34.000000,-118.280000,2025-02-22 00:16:20.401 UTC
34.040000,-118.160000,34.000000,-118.280000,2025-02-22 03:12:52.84 UTC
34.040000,-118.160000,34.000000,-118.280000,2025-02-22 19:24:41.295 UTC
34.040000,-118.160000,34.000000,-118.280000,2025-02-22 00:17:02.482 UTC
34.040000,-118.160000,34.000000,-118.280000,2025-02-22 18:53:15.204 UTC
34.040000,-118.160000,34.000000,-118.280000,2024-12-19 01:55:52.663 UTC
34.040000,-118.160000,34.000000,-118.280000,2024-12-19 01:26:51.475 UTC
34.040000,-118.160000,34.000000,-118.280000,2024-12-19 01:54:00.77 UTC
34.040000,-118.160000,34.000000,-118.280000,2024-12-19 01:32:47.52 UTC
47.640000,-122.400000,34.080000,-118.360000,2024-05-24 02:08:56.553 UTC
51.400000,-0.160000,51.480000,-0.160000,2024-05-24 01:46:34.527 UTC
34.040000,-118.160000,34.000000,-118.280000,2024-10-03 01:48:39.566 UTC
34.040000,-118.160000,34.000000,-118.280000,2024-10-03 01:30:26.557 UTC
34.040000,-118.160000,34.000000,-118.280000,2024-10-03 01:27:13.504 UTC
34.040000,-118.160000,34.000000,-118.280000,2024-10-03 20:58:17.142 UTC
42.000000,-87.680000,41.920000,-87.680000,2024-10-03 21:14:20.735 UTC
51.440000,-0.080000,34.200000,-118.320000,2024-10-03 05:55:26.45 UTC
34.080000,-118.400000,34.120000,-118.400000,2024-07-08 21:37:27.254 UTC
-23.520000,-46.560000,34.040000,-118.320000,2024-07-08 21:34:27.785 UTC
34.080000,-118.400000,34.000000,-118.440000,2024-07-08 02:30:04.465 UTC
51.560000,-0.120000,34.080000,-118.200000,2024-07-08 05:04:15.751 UTC
34.080000,-118.000000,34.120000,-118.120000,2024-07-08 01:05:32.153 UTC
34.080000,-118.400000,34.120000,-118.400000,2024-07-08 21:22:36.863 UTC
34.080000,-118.400000,34.000000,-118.440000,2024-07-08 02:30:25.741 UTC
34.040000,-118.160000,34.000000,-118.280000,2024-07-08 20:45:30.843 UTC
34.040000,-118.160000,34.000000,-118.280000,2024-07-08 20:57:50.147 UTC
42.000000,-87.680000,41.920000,-87.680000,2024-07-08 03:38:22.385 UTC
41.840000,-87.640000,41.920000,-87.720000,2024-06-01 23:42:49.495 UTC
47.600000,-122.280000,33.960000,-118.240000,2024-06-01 08:56:26.081 UTC
47.600000,-122.280000,33.960000,-118.240000,2024-06-01 22:46:00.086 UTC
47.600000,-122.280000,33.960000,-118.240000,2024-06-01 08:56:22.459 UTC
-33.920000,151.240000,41.920000,-87.680000,2025-05-05 22:21:14.166 UTC
34.040000,-118.160000,34.000000,-118.280000,2025-05-05 00:14:47.74 UTC
34.040000,-118.160000,34.000000,-118.280000,2024-04-13 21:26:23.494 UTC
34.040000,-118.160000,34.000000,-118.280000,2024-04-13 21:22:20.561 UTC
34.040000,-118.160000,34.000000,-118.280000,2024-04-13 22:12:12.112 UTC
34.040000,-118.160000,34.000000,-118.280000,2024-04-13 22:23:56.888 UTC
41.800000,-87.600000,41.800000,-87.600000,2024-04-13 02:43:03.339 UTC
40.720000,-73.920000,34.200000,-118.240000,2024-04-13 04:16:42.786 UTC
34.120000,-118.240000,34.040000,-118.320000,2025-02-24 17:37:57.799 UTC
34.040000,-118.160000,34.000000,-118.280000,2025-02-24 19:10:22.905 UTC
34.040000,-118.160000,34.000000,-118.280000,2025-02-24 19:25:19.059 UTC
34.040000,-118.160000,34.000000,-118.280000,2025-02-24 18:00:17.199 UTC
34.040000,-118.160000,34.000000,-118.280000,2025-02-24 19:03:05.547 UTC
34.040000,-118.160000,34.000000,-118.280000,2025-02-24 19:17:22.517 UTC
34.040000,-118.160000,34.000000,-118.280000,2025-02-24 20:18:47.167 UTC
47.560000,-122.280000,34.200000,-118.320000,2025-02-24 23:10:56.959 UTC
-23.600000,-46.640000,-33.920000,151.160000,2024-07-03 09:21:06.716 UTC
41.920000,-87.680000,35.680000,139.640000,2024-07-03 09:09:03.204 UTC
41.920000,-87.680000,35.680000,139.640000,2024-07-03 09:04:57.73 UTC
34.120000,-118.120000,34.120000,-118.080000,2024-07-03 09:13:56.41 UTC
33.960000,-118.160000,33.960000,-118.200000,2024-06-16 07:14:16.204 UTC
47.600000,-122.240000,34.200000,-118.360000,2024-06-16 07:19:24.509 UTC
51.520000,-0.080000,51.520000,-0.160000,2024-08-21 14:22:15.477 UTC
51.480000,-0.120000,34.120000,-118.400000,2024-08-21 15:18:28.698 UTC
34.000000,-118.040000,33.960000,-118.160000,2024-08-21 00:56:00.996 UTC
34.040000,-118.160000,34.000000,-118.280000,2024-08-21 01:13:22.762 UTC
34.040000,-118.400000,34.040000,-118.320000,2024-08-21 18:39:04.217 UTC
34.040000,-118.400000,34.040000,-118.320000,2024-08-21 20:29:08.799 UTC
34.040000,-118.160000,34.000000,-118.280000,2025-05-22 01:18:20.508 UTC
34.040000,-118.160000,34.000000,-118.280000,2025-05-22 01:44:56.25 UTC
34.040000,-118.160000,34.000000,-118.280000,2025-05-22 01:37:54.162 UTC
34.040000,-118.160000,34.000000,-118.280000,2025-03-31 20:18:06.855 UTC
47.600000,-122.440000,34.200000,-118.320000,2025-03-31 19:45:18.161 UTC
40.720000,-74.040000,34.200000,-118.160000,2024-11-29 20:43:10.069 UTC
40.720000,-74.040000,34.200000,-118.160000,2024-11-29 20:03:53.351 UTC
34.040000,-118.160000,34.000000,-118.280000,2024-12-16 00:28:35.066 UTC
34.040000,-118.160000,34.000000,-118.280000,2025-03-06 01:04:24.79 UTC
34.240000,-118.080000,34.200000,-118.160000,2025-03-06 15:53:40.271 UTC
34.040000,-118.160000,34.000000,-118.280000,2025-03-06 00:20:22.605 UTC
34.040000,-118.160000,34.000000,-118.280000,2025-03-06 02:00:02.356 UTC
-33.840000,151.240000,33.960000,-118.320000,2024-06-12 22:54:16.678 UTC
47.600000,-122.440000,34.200000,-118.320000,2025-01-13 23:28:26.962 UTC
34.040000,-118.160000,34.000000,-118.280000,2024-04-18 01:21:19.276 UTC
34.040000,-118.160000,34.000000,-118.280000,2024-04-18 01:00:19.439 UTC
34.040000,-118.160000,34.000000,-118.280000,2024-04-18 01:15:10.677 UTC
34.040000,-118.320000,34.080000,-118.360000,2024-06-28 06:21:17.514 UTC
34.000000,-118.320000,34.040000,-118.280000,2024-06-28 06:07:59.754 UTC
41.880000,-87.640000,33.920000,-118.160000,2024-06-28 05:12:57.648 UTC
33.920000,-118.080000,33.960000,-118.080000,2024-10-30 02:55:00.956 UTC
34.040000,-118.160000,34.000000,-118.280000,2024-09-08 21:01:57.018 UTC
42.000000,-87.680000,41.920000,-87.680000,2024-09-08 21:49:22.683 UTC
34.000000,-118.040000,34.080000,-118.080000,2024-09-08 23:34:35.475 UTC
34.040000,-118.160000,34.000000,-118.280000,2024-09-08 21:29:54.619 UTC
34.280000,-118.160000,34.240000,-118.240000,2024-09-08 23:04:12.184 UTC
33.920000,-118.320000,33.920000,-118.360000,2024-09-08 01:54:10.412 UTC
34.040000,-118.160000,34.000000,-118.280000,2024-09-08 03:40:41.308 UTC
-33.920000,151.240000,41.920000,-87.680000,2024-09-08 02:32:24.27 UTC
42.000000,-87.680000,41.920000,-87.680000,2024-09-08 21:45:46.042 UTC
42.000000,-87.680000,41.920000,-87.680000,2024-09-08 21:37:16.752 UTC
-33.920000,151.240000,41.920000,-87.680000,2024-09-08 02:45:04.108 UTC
42.000000,-87.680000,41.920000,-87.680000,2024-09-08 21:38:12.017 UTC
47.680000,-122.360000,34.160000,-118.120000,2024-09-08 01:44:01.576 UTC
-33.840000,151.240000,34.080000,-118.440000,2024-05-23 18:32:04.62 UTC
34.040000,-118.080000,33.960000,-118.040000,2024-05-23 03:13:22.607 UTC
34.040000,-118.160000,34.000000,-118.280000,2025-05-11 22:54:23.682 UTC
34.040000,-118.160000,34.000000,-118.280000,2024-08-10 23:50:41.061 UTC
34.040000,-118.160000,34.000000,-118.280000,2024-08-10 22:32:46.714 UTC
34.040000,-118.160000,34.000000,-118.280000,2024-08-10 21:24:58.003 UTC
34.040000,-118.160000,34.000000,-118.280000,2024-08-10 21:50:21.732 UTC
34.040000,-118.160000,34.000000,-118.280000,2024-08-10 22:03:40.58 UTC
34.040000,-118.400000,34.040000,-118.320000,2024-08-10 19:48:45.323 UTC
34.040000,-118.400000,34.040000,-118.320000,2024-08-10 19:20:19.199 UTC
34.040000,-118.400000,34.040000,-118.320000,2024-08-10 18:54:28.748 UTC
34.040000,-118.400000,34.040000,-118.320000,2024-08-10 19:13:42.994 UTC
34.040000,-118.160000,34.000000,-118.280000,2025-02-18 03:33:21.405 UTC
34.040000,-118.160000,34.000000,-118.280000,2025-02-18 03:25:51.249 UTC
34.280000,-118.200000,34.200000,-118.160000,2025-02-18 03:16:53.801 UTC
34.040000,-118.160000,34.000000,-118.280000,2025-02-18 03:39:40.045 UTC
34.040000,-118.160000,34.000000,-118.280000,2024-02-24 20:37:57.594 UTC
34.040000,-118.160000,34.000000,-118.280000,2024-02-24 01:07:49.261 UTC
34.040000,-118.160000,34.000000,-118.280000,2024-02-24 20:54:20.736 UTC
-23.560000,-46.640000,33.920000,-118.160000,2024-02-24 01:49:58.064 UTC
34.000000,-118.080000,33.960000,-118.160000,2024-02-24 01:16:05.139 UTC
34.000000,-118.400000,34.040000,-118.400000,2024-02-24 01:25:00.244 UTC
40.640000,-74.040000,33.960000,-118.400000,2024-02-24 02:03:29.699 UTC
34.040000,-118.160000,34.000000,-118.280000,2024-10-16 03:48:15.824 UTC
34.160000,-118.400000,34.120000,-118.400000,2024-10-16 05:00:57.975 UTC
-23.520000,-46.600000,34.120000,-118.160000,2024-10-16 04:53:40.286 UTC
34.040000,-118.400000,34.080000,-118.400000,2025-05-17 05:40:18.426 UTC
35.640000,139.680000,41.920000,-87.640000,2025-05-17 06:01:36.425 UTC
-23.520000,-46.680000,47.600000,-122.240000,2025-05-17 05:40:31.628 UTC
34.080000,-118.400000,34.120000,-118.400000,2025-05-17 05:54:33.907 UTC
41.920000,-87.560000,51.480000,-0.160000,2025-05-17 16:28:39.888 UTC
34.160000,-118.240000,34.120000,-118.120000,2025-05-17 18:39:42.343 UTC
51.520000,-0.080000,34.080000,-118.160000,2025-05-17 18:52:52.652 UTC
33.960000,-118.280000,33.920000,-118.360000,2025-05-17 18:43:01.25 UTC
34.040000,-118.160000,34.000000,-118.280000,2025-05-17 22:16:32.885 UTC
34.040000,-118.160000,34.000000,-118.280000,2025-05-17 23:53:57.432 UTC
34.040000,-118.160000,34.000000,-118.280000,2025-05-17 22:20:16.333 UTC
34.040000,-118.160000,34.000000,-118.280000,2025-05-17 23:39:11.16 UTC
34.040000,-118.160000,34.000000,-118.280000,2025-05-17 22:24:44.705 UTC
34.040000,-118.160000,34.000000,-118.280000,2025-05-17 23:06:48.707 UTC
34.040000,-118.160000,34.000000,-118.280000,2025-05-17 23:24:39.746 UTC
34.040000,-118.160000,34.000000,-118.280000,2025-05-17 23:14:59.995 UTC
34.040000,-118.160000,34.000000,-118.280000,2025-05-17 21:58:22.771 UTC
34.040000,-118.160000,34.000000,-118.280000,2025-05-17 21:19:34.202 UTC
34.040000,-118.160000,34.000000,-118.280000,2025-05-17 22:03:20.43 UTC
34.040000,-118.160000,34.000000,-118.280000,2025-05-17 23:30:49.174 UTC
34.040000,-118.160000,34.000000,-118.280000,2025-05-17 21:30:53.996 UTC
-33.800000,151.240000,33.920000,-118.120000,2024-12-07 18:14:15.475 UTC
34.040000,-118.160000,34.000000,-118.280000,2024-12-07 22:09:02.895 UTC
34.040000,-118.160000,34.000000,-118.280000,2024-12-07 22:14:00.384 UTC
-33.880000,151.240000,34.120000,-118.320000,2024-12-07 02:03:17.391 UTC
33.800000,-118.360000,33.920000,-118.360000,2024-12-07 18:24:43.62 UTC
34.040000,-118.160000,34.000000,-118.280000,2025-03-22 03:15:11.236 UTC
35.640000,139.680000,41.920000,-87.640000,2025-03-22 02:00:51.501 UTC
34.040000,-118.160000,34.000000,-118.280000,2025-03-22 21:59:35.591 UTC
34.040000,-118.160000,34.000000,-118.280000,2025-03-22 03:14:44.172 UTC
34.040000,-118.160000,34.000000,-118.280000,2025-03-22 22:05:18.5 UTC
34.040000,-118.200000,34.000000,-118.240000,2025-01-15 01:22:23.916 UTC
35.680000,139.680000,40.720000,-74.040000,2025-01-15 01:35:40.582 UTC
47.600000,-122.400000,47.560000,-122.320000,2024-12-17 01:29:19.472 UTC
33.920000,-118.400000,34.000000,-118.400000,2024-12-17 02:38:15.23 UTC
34.040000,-118.160000,34.000000,-118.280000,2024-09-12 01:19:38.399 UTC
34.040000,-118.160000,34.000000,-118.280000,2024-09-12 01:19:57.063 UTC
34.040000,-118.160000,34.000000,-118.280000,2024-09-12 01:52:29.39 UTC
34.040000,-118.160000,34.000000,-118.280000,2024-09-12 02:14:05.308 UTC
34.040000,-118.160000,34.000000,-118.280000,2024-09-19 01:01:23.477 UTC
34.040000,-118.160000,34.000000,-118.280000,2024-09-19 01:38:06.671 UTC
33.920000,-118.120000,34.040000,-118.080000,2024-09-19 18:45:36.432 UTC
34.040000,-118.160000,34.000000,-118.280000,2024-08-15 01:32:28.725 UTC
34.040000,-118.160000,34.000000,-118.280000,2024-08-15 01:26:46.775 UTC
34.040000,-118.160000,34.000000,-118.280000,2024-08-15 01:19:58.717 UTC
34.040000,-118.160000,34.000000,-118.280000,2024-08-15 01:51:54.703 UTC
35.640000,139.600000,34.120000,-118.320000,2025-04-04 01:23:04.54 UTC
35.640000,139.600000,34.120000,-118.320000,2025-04-04 01:22:56.258 UTC
40.680000,-74.000000,34.200000,-118.200000,2025-04-20 01:44:42.788 UTC
34.040000,-118.160000,34.000000,-118.280000,2025-01-03 23:53:18.717 UTC
34.040000,-118.160000,34.000000,-118.280000,2024-10-31 01:01:54.502 UTC
34.040000,-118.160000,34.000000,-118.280000,2024-10-31 01:22:54.537 UTC
34.040000,-118.160000,34.000000,-118.280000,2024-10-31 01:15:30.95 UTC
34.040000,-118.160000,34.000000,-118.280000,2024-10-31 01:45:04.034 UTC
34.040000,-118.160000,34.000000,-118.280000,2025-03-09 23:25:34.797 UTC
34.120000,-118.240000,34.040000,-118.320000,2025-03-09 03:40:15.922 UTC
34.040000,-118.160000,34.000000,-118.280000,2025-03-03 00:46:22.341 UTC
34.040000,-118.160000,34.000000,-118.280000,2025-03-03 00:08:28.128 UTC
34.040000,-118.160000,34.000000,-118.280000,2025-03-03 00:18:53.922 UTC
34.040000,-118.160000,34.000000,-118.280000,2025-03-03 00:06:50.264 UTC
-33.920000,151.240000,34.120000,-118.040000,2025-01-19 05:32:03.963 UTC
41.880000,-87.520000,41.800000,-87.600000,2025-01-19 15:03:19.983 UTC
33.960000,-118.480000,33.960000,-118.360000,2025-01-19 05:37:12.544 UTC
34.040000,-118.160000,34.000000,-118.280000,2025-01-19 22:10:58.11 UTC
34.000000,-118.240000,34.080000,-118.200000,2025-01-19 05:02:47.987 UTC
34.000000,-118.040000,33.960000,-118.160000,2025-01-19 03:16:39.447 UTC
34.040000,-118.160000,34.000000,-118.280000,2025-01-19 21:36:05.543 UTC
33.920000,-118.320000,33.920000,-118.360000,2025-01-19 05:48:26.033 UTC
40.720000,-73.920000,33.880000,-118.200000,2025-01-19 05:17:33.664 UTC
34.040000,-118.160000,34.000000,-118.280000,2025-01-19 23:33:34.15 UTC
34.040000,-118.160000,34.000000,-118.280000,2025-01-19 23:29:10.019 UTC
34.040000,-118.160000,34.000000,-118.280000,2025-01-19 23:54:17.092 UTC
34.040000,-118.160000,34.000000,-118.280000,2025-01-19 22:05:24.176 UTC
34.040000,-118.160000,34.000000,-118.280000,2025-01-19 22:27:19.396 UTC
34.040000,-118.160000,34.000000,-118.280000,2025-01-19 21:50:55.667 UTC
40.720000,-74.040000,33.960000,-118.400000,2025-01-19 05:20:02.319 UTC
34.040000,-118.160000,34.000000,-118.280000,2025-01-19 23:43:25.06 UTC
34.040000,-118.160000,34.000000,-118.280000,2025-01-19 21:20:07.202 UTC
35.680000,139.640000,35.720000,139.680000,2025-01-19 03:44:44.875 UTC
34.040000,-118.160000,34.000000,-118.280000,2025-01-19 23:38:15.085 UTC
34.040000,-118.160000,34.000000,-118.280000,2025-01-19 22:17:59.644 UTC
34.040000,-118.160000,34.000000,-118.280000,2025-01-19 22:31:30.624 UTC
40.720000,-74.040000,33.960000,-118.400000,2025-01-19 05:22:33.956 UTC
41.800000,-87.600000,34.200000,-118.320000,2025-01-19 19:58:54.204 UTC
34.040000,-118.160000,34.000000,-118.280000,2025-01-19 21:02:16.779 UTC
34.040000,-118.160000,34.000000,-118.280000,2025-01-07 23:39:23.479 UTC
34.040000,-118.160000,34.000000,-118.280000,2025-01-07 01:37:00.988 UTC
34.040000,-118.160000,34.000000,-118.280000,2025-05-08 01:00:26.421 UTC
34.040000,-118.160000,34.000000,-118.280000,2025-05-08 01:32:48.559 UTC
34.040000,-118.160000,34.000000,-118.280000,2025-05-08 01:54:13.195 UTC
34.040000,-118.160000,34.000000,-118.280000,2025-05-08 01:59:58.228 UTC
34.040000,-118.160000,34.000000,-118.280000,2025-05-08 01:28:04.237 UTC
34.040000,-118.160000,34.000000,-118.280000,2025-04-27 21:57:57.743 UTC
34.040000,-118.160000,34.000000,-118.280000,2025-04-27 22:06:19.619 UTC
34.040000,-118.160000,34.000000,-118.280000,2024-05-03 15:07:06.292 UTC