Player_Latitude,Player_Longitude,Fort_Latitude,Fort_Longitude,Timestamp
34.200000,-118.360000,34.200000,-118.360000,2025-08-09 21:20:18.852 UTC
34.080000,-118.160000,34.080000,-118.160000,2025-07-06 22:48:52.207 UTC
35.640000,139.640000,35.640000,139.640000,2025-07-06 21:45:56.205 UTC
34.200000,-118.360000,34.200000,-118.360000,2025-07-10 14:53:31.162 UTC
34.080000,-118.160000,34.080000,-118.160000,2025-07-10 01:41:01.275 UTC
34.160000,-118.360000,34.160000,-118.360000,2025-11-30 02:18:31.703 UTC
33.880000,-118.320000,34.000000,-118.240000,2025-11-30 02:37:06.17 UTC
34.000000,-118.080000,34.000000,-118.080000,2026-04-21 20:28:51.24 UTC
34.000000,-118.080000,34.000000,-118.080000,2026-04-21 18:30:58.714 UTC
34.000000,-118.080000,33.960000,-118.280000,2026-04-21 18:25:32.519 UTC
34.160000,-118.280000,34.160000,-118.280000,2026-04-21 14:00:44.942 UTC
34.160000,-118.280000,34.000000,-118.080000,2026-04-21 07:31:47.127 UTC
34.160000,-118.280000,34.000000,-118.080000,2026-04-21 06:33:32.173 UTC
34.160000,-118.280000,34.160000,-118.280000,2026-04-21 06:54:19.14 UTC
33.920000,-118.120000,33.920000,-118.120000,2026-04-21 05:55:41.496 UTC
34.160000,-118.280000,34.160000,-118.280000,2025-12-23 15:20:00.203 UTC
34.000000,-118.040000,33.880000,-118.200000,2026-05-28 17:02:54.378 UTC
-33.840000,151.160000,-33.840000,151.160000,2026-05-28 16:11:50.18 UTC
33.920000,-118.280000,33.920000,-118.280000,2026-05-28 23:42:22.308 UTC
34.000000,-118.120000,34.000000,-118.120000,2026-05-28 18:22:33.793 UTC
35.680000,139.680000,35.680000,139.680000,2026-05-28 22:29:34.339 UTC
-33.840000,151.160000,-33.840000,151.160000,2026-05-28 16:54:29.749 UTC
33.960000,-118.320000,33.960000,-118.320000,2025-06-02 15:00:19.332 UTC
33.920000,-118.280000,33.920000,-118.280000,2026-07-26 19:20:14.211 UTC
33.920000,-118.200000,33.920000,-118.200000,2026-07-26 19:21:49.288 UTC
34.120000,-118.080000,34.120000,-118.080000,2026-07-26 19:52:43.817 UTC
35.680000,139.680000,35.680000,139.680000,2026-07-25 22:48:48.995 UTC
34.160000,-118.360000,33.920000,-118.280000,2026-05-03 20:35:27.156 UTC
40.760000,-74.040000,40.760000,-74.040000,2026-07-06 15:28:03.124 UTC
33.960000,-118.120000,33.960000,-118.120000,2026-02-06 19:02:04.068 UTC
33.920000,-118.280000,33.920000,-118.280000,2026-02-06 23:37:48.358 UTC
34.120000,-118.320000,34.120000,-118.320000,2026-02-06 15:33:04.434 UTC
34.160000,-118.360000,34.160000,-118.360000,2026-01-31 22:44:40.055 UTC
34.080000,-118.160000,34.080000,-118.160000,2025-10-09 01:29:26.046 UTC
51.520000,-0.040000,51.520000,-0.040000,2025-08-28 19:01:12.088 UTC
34.000000,-118.280000,34.000000,-118.280000,2025-08-28 14:57:39.867 UTC
33.920000,-118.280000,33.920000,-118.280000,2025-08-28 14:06:10.224 UTC
34.080000,-118.160000,34.080000,-118.160000,2025-08-28 01:55:58.417 UTC
34.080000,-118.160000,34.080000,-118.160000,2025-08-28 01:45:35.333 UTC
34.080000,-118.160000,34.080000,-118.160000,2025-08-28 02:09:06.14 UTC
34.160000,-118.360000,34.160000,-118.360000,2026-05-31 18:46:38.192 UTC
40.760000,-74.040000,40.760000,-74.040000,2025-11-19 15:40:20.234 UTC
47.600000,-122.240000,47.600000,-122.240000,2025-11-19 16:39:54.304 UTC
33.960000,-118.360000,33.960000,-118.360000,2025-11-19 18:44:00.148 UTC
34.080000,-118.320000,34.080000,-118.320000,2025-11-19 23:37:53.025 UTC
34.000000,-118.400000,34.000000,-118.400000,2026-07-17 01:53:09.987 UTC
34.000000,-118.400000,34.000000,-118.400000,2026-07-17 01:50:00.954 UTC
34.000000,-118.400000,34.000000,-118.400000,2026-07-17 03:44:28.231 UTC
34.040000,-118.240000,34.040000,-118.240000,2026-07-17 04:03:17.923 UTC
47.560000,-122.280000,47.560000,-122.280000,2026-07-17 04:10:45.355 UTC
33.960000,-118.120000,33.960000,-118.120000,2026-07-17 01:06:37.364 UTC
33.960000,-118.400000,33.960000,-118.400000,2026-07-17 01:09:20.9 UTC
34.120000,-118.200000,34.120000,-118.200000,2026-07-17 19:09:09.769 UTC
34.120000,-118.200000,34.120000,-118.200000,2026-07-17 17:50:40.741 UTC
33.960000,-118.120000,33.960000,-118.120000,2025-06-16 14:56:10.785 UTC
33.920000,-118.280000,33.920000,-118.280000,2025-06-16 14:24:46.175 UTC
34.080000,-118.160000,34.080000,-118.160000,2025-06-16 00:47:46.184 UTC
34.000000,-118.320000,34.000000,-118.320000,2025-06-16 18:26:36.992 UTC
33.880000,-118.320000,33.880000,-118.320000,2025-06-21 03:01:06.125 UTC
33.880000,-118.320000,33.880000,-118.320000,2025-06-21 23:37:45.204 UTC
35.640000,139.640000,35.640000,139.640000,2025-06-21 23:00:17.136 UTC
34.080000,-118.160000,34.080000,-118.160000,2025-06-21 03:50:44.599 UTC
51.520000,-0.080000,51.520000,-0.080000,2025-09-24 14:56:50.101 UTC
34.160000,-118.360000,34.160000,-118.360000,2025-09-24 14:03:25.139 UTC
34.200000,-118.360000,34.200000,-118.360000,2025-07-01 14:57:24.144 UTC
34.080000,-118.160000,34.080000,-118.160000,2025-11-01 23:35:41.178 UTC
33.880000,-118.320000,33.880000,-118.320000,2025-11-01 21:01:41.72 UTC
34.080000,-118.160000,34.080000,-118.160000,2025-11-01 21:29:38.77 UTC
34.080000,-118.160000,34.080000,-118.160000,2025-11-01 22:50:18.165 UTC
34.160000,-118.360000,34.160000,-118.360000,2025-11-01 17:24:05.164 UTC
33.920000,-118.280000,33.920000,-118.280000,2025-11-01 16:17:55.177 UTC
34.080000,-118.160000,34.080000,-118.160000,2025-11-01 16:12:08.268 UTC
34.160000,-118.240000,34.160000,-118.240000,2025-11-01 01:26:53.273 UTC
34.080000,-118.160000,34.080000,-118.160000,2026-01-18 23:46:38.793 UTC
34.080000,-118.160000,34.080000,-118.160000,2026-01-18 00:10:48.043 UTC
34.120000,-118.160000,33.920000,-118.280000,2025-09-13 20:50:21.832 UTC
51.520000,-0.080000,51.520000,-0.080000,2025-12-05 15:54:58.143 UTC
34.120000,-118.160000,34.120000,-118.160000,2025-12-05 01:55:18.664 UTC
33.960000,-118.200000,33.920000,-118.360000,2025-12-05 02:52:19.809 UTC
34.160000,-118.360000,34.160000,-118.360000,2025-12-05 02:24:03.378 UTC
34.000000,-118.360000,34.000000,-118.360000,2026-02-27 19:37:21.2 UTC
33.920000,-118.280000,33.920000,-118.280000,2026-02-27 19:29:31.329 UTC
33.960000,-118.240000,33.960000,-118.240000,2026-02-27 15:58:40.174 UTC
34.080000,-118.160000,34.080000,-118.160000,2026-02-27 01:46:01.754 UTC
34.120000,-118.200000,34.120000,-118.200000,2026-02-27 15:43:17.2 UTC
33.920000,-118.200000,33.920000,-118.200000,2026-01-01 00:20:32.166 UTC
34.160000,-118.360000,34.160000,-118.360000,2025-07-31 14:04:41.956 UTC
33.920000,-118.280000,47.600000,-122.320000,2025-11-05 20:48:58.468 UTC
33.960000,-118.240000,33.960000,-118.240000,2025-11-05 19:29:33.026 UTC
34.000000,-118.040000,34.000000,-118.040000,2025-11-05 14:16:18.826 UTC
35.680000,139.720000,35.680000,139.720000,2025-11-05 02:10:14.688 UTC
33.880000,-118.320000,34.000000,-118.040000,2026-04-11 21:25:56.222 UTC
33.880000,-118.320000,34.080000,-118.160000,2025-08-24 20:57:43.245 UTC
34.080000,-118.160000,34.080000,-118.160000,2025-08-24 20:43:20.253 UTC
34.080000,-118.160000,34.080000,-118.160000,2025-08-24 20:04:49.234 UTC
33.880000,-118.320000,33.880000,-118.320000,2025-08-30 23:28:40.832 UTC
34.080000,-118.160000,34.080000,-118.160000,2025-08-30 22:59:43.584 UTC
33.880000,-118.320000,33.880000,-118.320000,2025-08-30 21:36:24.134 UTC
33.880000,-118.320000,34.080000,-118.160000,2025-08-30 21:02:51.111 UTC
34.120000,-118.320000,34.120000,-118.320000,2025-08-30 02:31:29.337 UTC
51.520000,-0.040000,51.520000,-0.040000,2026-05-27 15:41:57.23 UTC
-23.520000,-46.560000,-23.520000,-46.560000,2026-05-27 15:37:33.178 UTC
34.080000,-118.120000,34.080000,-118.120000,2026-07-14 23:34:23.48 UTC
34.080000,-118.120000,34.080000,-118.120000,2026-07-14 23:49:58.783 UTC
34.080000,-118.120000,34.080000,-118.120000,2026-07-14 21:43:30.858 UTC
34.080000,-118.120000,34.080000,-118.120000,2026-07-14 21:02:28.617 UTC
34.080000,-118.120000,34.080000,-118.120000,2026-07-14 20:30:59.806 UTC
34.080000,-118.120000,34.080000,-118.120000,2026-07-14 23:17:24.192 UTC
34.080000,-118.120000,34.080000,-118.120000,2026-07-14 22:15:45.203 UTC
34.080000,-118.120000,34.080000,-118.120000,2026-07-14 21:59:29.153 UTC
34.200000,-118.240000,34.200000,-118.240000,2026-07-14 18:20:14.56 UTC
34.200000,-118.240000,34.200000,-118.240000,2026-07-14 17:26:57.27 UTC
34.200000,-118.240000,34.200000,-118.240000,2026-07-14 15:52:31.634 UTC
33.960000,-118.200000,33.960000,-118.200000,2026-07-14 03:53:38.797 UTC
33.960000,-118.200000,33.960000,-118.200000,2026-07-14 04:11:22.136 UTC
34.000000,-118.280000,34.000000,-118.280000,2026-07-14 18:47:07.956 UTC
34.000000,-118.280000,34.000000,-118.280000,2026-07-14 18:28:45.916 UTC
34.000000,-118.280000,34.000000,-118.280000,2026-07-14 15:48:22.763 UTC
47.560000,-122.280000,47.560000,-122.280000,2026-07-14 04:16:32.146 UTC
34.160000,-118.280000,34.160000,-118.280000,2026-07-14 03:50:33.197 UTC
34.000000,-118.440000,34.000000,-118.440000,2026-07-14 02:47:06.18 UTC
34.040000,-118.320000,34.040000,-118.320000,2026-01-16 15:17:28.164 UTC
-23.520000,-46.560000,-23.520000,-46.560000,2026-01-16 15:13:07.18 UTC
34.080000,-118.160000,34.080000,-118.160000,2026-01-16 03:51:31.742 UTC
34.120000,-118.320000,34.120000,-118.320000,2026-06-07 20:36:03.016 UTC
35.680000,139.680000,35.680000,139.680000,2025-09-01 21:10:00.41 UTC
-33.840000,151.200000,-33.840000,151.200000,2026-01-03 17:14:42.253 UTC
34.080000,-118.160000,34.080000,-118.160000,2026-01-03 16:02:25.233 UTC
33.920000,-118.360000,33.920000,-118.360000,2026-01-03 21:56:20.22 UTC
51.520000,-0.200000,51.520000,-0.200000,2026-01-03 22:05:23.731 UTC
34.040000,-118.360000,34.040000,-118.360000,2026-01-03 22:16:45.184 UTC
34.120000,-118.320000,34.120000,-118.320000,2026-01-03 19:58:42.148 UTC
33.880000,-118.320000,33.880000,-118.320000,2025-07-19 23:00:01.202 UTC
33.880000,-118.320000,33.880000,-118.320000,2025-07-19 22:18:12.061 UTC
34.080000,-118.160000,34.080000,-118.160000,2025-07-19 23:03:11.481 UTC
34.080000,-118.160000,34.080000,-118.160000,2025-07-19 21:20:55.213 UTC
34.080000,-118.160000,34.080000,-118.160000,2025-07-19 23:50:40.708 UTC
34.160000,-118.360000,34.160000,-118.360000,2025-07-19 03:34:48.206 UTC
34.080000,-118.160000,34.080000,-118.160000,2025-07-19 22:22:29.861 UTC
34.080000,-118.160000,34.080000,-118.160000,2025-06-01 20:37:31.304 UTC
34.080000,-118.160000,34.080000,-118.160000,2025-06-01 21:13:53.967 UTC
34.080000,-118.160000,34.080000,-118.160000,2025-06-01 22:04:58.202 UTC
34.080000,-118.160000,34.080000,-118.160000,2025-06-01 22:43:40.158 UTC
34.160000,-118.360000,34.160000,-118.360000,2025-06-01 17:54:35.125 UTC
34.080000,-118.160000,33.880000,-118.320000,2025-06-25 02:11:03.144 UTC
34.080000,-118.160000,34.080000,-118.160000,2025-06-25 01:54:03.003 UTC
34.080000,-118.160000,34.080000,-118.160000,2025-06-25 01:02:27.92 UTC
33.920000,-118.280000,33.920000,-118.280000,2026-05-30 19:04:29.207 UTC
34.200000,-118.320000,34.200000,-118.320000,2026-05-30 20:37:14.749 UTC
34.120000,-118.240000,34.120000,-118.240000,2025-10-02 19:07:22.385 UTC
34.160000,-118.280000,34.160000,-118.280000,2025-10-02 23:40:54.331 UTC
-23.520000,-46.560000,-23.520000,-46.560000,2025-10-02 14:57:36.879 UTC
33.880000,-118.320000,33.880000,-118.320000,2025-10-02 01:46:59.831 UTC
34.080000,-118.160000,34.080000,-118.160000,2025-10-02 01:19:33.64 UTC
34.080000,-118.160000,34.080000,-118.160000,2025-10-02 01:23:47.915 UTC
34.160000,-118.120000,34.160000,-118.120000,2025-10-23 14:54:56.369 UTC
51.520000,-0.200000,51.520000,-0.200000,2025-08-21 15:04:17.186 UTC
-23.520000,-46.560000,-23.520000,-46.560000,2025-08-21 14:57:35.931 UTC
33.880000,-118.320000,33.880000,-118.320000,2025-08-21 01:32:57.733 UTC
34.080000,-118.160000,34.080000,-118.160000,2025-08-21 01:44:19.197 UTC
34.120000,-118.200000,34.120000,-118.200000,2025-08-21 23:59:54.098 UTC
34.080000,-118.160000,34.080000,-118.160000,2025-07-17 01:36:33.32 UTC
34.200000,-118.200000,34.200000,-118.200000,2025-09-09 18:55:26.546 UTC
33.920000,-118.280000,33.920000,-118.280000,2026-05-04 14:51:30.015 UTC
34.120000,-118.200000,34.120000,-118.200000,2026-03-16 15:00:48.152 UTC
-23.520000,-46.560000,-23.520000,-46.560000,2026-03-16 14:57:19.223 UTC
34.120000,-118.320000,34.120000,-118.320000,2026-03-16 21:01:21.188 UTC
33.880000,-118.320000,34.000000,-118.240000,2025-11-29 19:53:37.744 UTC
34.080000,-118.160000,34.080000,-118.160000,2025-11-29 19:28:45.053 UTC
34.080000,-118.160000,34.080000,-118.160000,2025-11-29 20:33:30.137 UTC
33.880000,-118.320000,34.080000,-118.160000,2025-11-29 19:12:54.486 UTC
33.880000,-118.320000,33.880000,-118.320000,2025-11-29 19:57:36.831 UTC
33.880000,-118.200000,33.880000,-118.200000,2026-02-07 21:12:12.24 UTC
34.080000,-118.160000,34.080000,-118.160000,2026-02-07 22:51:34.171 UTC
34.080000,-118.360000,34.080000,-118.360000,2026-02-07 17:43:20.863 UTC
34.080000,-118.360000,34.080000,-118.360000,2026-02-07 18:04:49.521 UTC
34.240000,-118.240000,34.240000,-118.240000,2026-02-07 23:55:57.17 UTC
34.160000,-118.360000,34.160000,-118.360000,2026-02-07 23:19:25.138 UTC
34.080000,-118.360000,34.080000,-118.360000,2026-02-07 17:58:02.419 UTC
51.520000,-0.080000,51.520000,-0.080000,2025-11-17 15:13:11.192 UTC
34.080000,-118.160000,34.080000,-118.160000,2025-11-17 00:08:24.268 UTC
34.080000,-118.160000,34.080000,-118.160000,2025-11-17 01:01:13.168 UTC
34.080000,-118.160000,34.080000,-118.160000,2025-11-17 00:20:35.917 UTC
34.160000,-118.360000,34.160000,-118.360000,2026-08-21 06:48:49.161 UTC
34.080000,-118.160000,34.000000,-118.040000,2025-12-21 04:34:46.5 UTC
35.640000,139.640000,35.640000,139.640000,2025-12-21 03:26:09.921 UTC
33.920000,-118.120000,33.920000,-118.120000,2025-12-21 05:36:15.154 UTC
33.920000,-118.160000,33.920000,-118.240000,2025-12-21 22:50:29.084 UTC
33.920000,-118.240000,33.920000,-118.240000,2025-12-21 21:56:02.106 UTC
33.920000,-118.240000,33.920000,-118.240000,2025-12-21 20:15:07.769 UTC
33.920000,-118.240000,33.920000,-118.240000,2025-12-21 20:25:25.542 UTC
33.920000,-118.240000,33.920000,-118.240000,2025-12-21 22:55:02.336 UTC
40.760000,-74.040000,40.760000,-74.040000,2025-12-21 17:12:22.022 UTC
35.640000,139.640000,35.640000,139.640000,2025-12-21 18:03:04.112 UTC
33.920000,-118.160000,33.920000,-118.160000,2025-12-21 19:06:56.941 UTC
33.920000,-118.160000,33.920000,-118.160000,2025-12-21 17:44:28.134 UTC
33.920000,-118.160000,33.920000,-118.160000,2025-12-21 20:42:16.311 UTC
33.920000,-118.160000,33.920000,-118.160000,2025-12-21 21:33:32.411 UTC
33.920000,-118.160000,33.920000,-118.160000,2025-12-21 22:19:21.618 UTC
33.920000,-118.160000,33.920000,-118.160000,2025-12-21 19:14:10.246 UTC
33.920000,-118.160000,33.920000,-118.160000,2025-12-21 17:39:45.169 UTC
33.920000,-118.160000,33.920000,-118.160000,2025-12-21 23:47:19.924 UTC
34.160000,-118.240000,34.160000,-118.240000,2025-12-21 05:39:59.182 UTC
33.920000,-118.160000,33.920000,-118.160000,2025-12-21 19:48:58.678 UTC
34.040000,-118.240000,34.040000,-118.240000,2026-05-20 15:31:43.298 UTC
-23.560000,-46.680000,-23.560000,-46.680000,2026-05-20 14:45:49.165 UTC
51.560000,-0.080000,51.560000,-0.080000,2026-05-20 15:01:52.121 UTC
33.880000,-118.320000,33.880000,-118.320000,2026-05-07 01:08:50.998 UTC
33.880000,-118.320000,34.080000,-118.160000,2026-05-07 00:50:05.586 UTC
34.200000,-118.360000,34.200000,-118.360000,2026-02-15 17:34:45.185 UTC
34.120000,-118.120000,34.120000,-118.120000,2026-02-15 22:17:40.203 UTC
35.720000,139.680000,35.720000,139.680000,2025-09-10 18:19:09.155 UTC
34.040000,-118.240000,34.040000,-118.240000,2025-09-10 15:05:52.278 UTC
33.960000,-118.080000,33.960000,-118.080000,2025-09-10 14:50:13.146 UTC
33.880000,-118.200000,33.880000,-118.200000,2026-03-15 19:14:47.28 UTC
33.920000,-118.200000,33.920000,-118.200000,2026-03-15 19:18:15.162 UTC
33.920000,-118.200000,33.920000,-118.200000,2026-06-21 02:10:40.362 UTC
34.040000,-118.320000,34.040000,-118.320000,2026-01-26 15:28:01.138 UTC
33.960000,-118.320000,33.960000,-118.320000,2026-01-26 15:11:31.174 UTC
33.880000,-118.160000,33.880000,-118.160000,2026-02-11 02:53:40.085 UTC
-23.520000,-46.640000,34.080000,-118.360000,2026-02-11 14:54:30.187 UTC
34.200000,-118.120000,34.200000,-118.120000,2026-02-11 23:37:28.955 UTC
-23.520000,-46.640000,-23.520000,-46.640000,2026-02-11 21:00:35.404 UTC
-23.520000,-46.640000,-23.520000,-46.640000,2026-02-11 16:37:34.704 UTC
-23.520000,-46.640000,-23.520000,-46.640000,2026-02-11 20:43:58.818 UTC
-23.520000,-46.640000,-23.520000,-46.640000,2026-02-11 14:47:11.203 UTC
-23.520000,-46.640000,-23.520000,-46.640000,2026-02-11 23:17:49.35 UTC
-23.520000,-46.640000,-23.520000,-46.640000,2026-02-11 18:19:12.04 UTC
-23.520000,-46.640000,-23.520000,-46.640000,2026-02-11 14:39:02.089 UTC
-23.520000,-46.640000,-23.520000,-46.640000,2026-02-11 20:36:55.638 UTC
-23.520000,-46.640000,-23.520000,-46.640000,2026-02-11 20:47:22.462 UTC
-23.520000,-46.640000,-23.520000,-46.640000,2026-02-11 14:48:43.33 UTC
-23.520000,-46.640000,-23.520000,-46.640000,2026-02-11 17:56:59.761 UTC
-23.520000,-46.640000,-23.520000,-46.640000,2026-02-11 16:49:25.686 UTC
-23.520000,-46.640000,-23.520000,-46.640000,2026-02-11 14:46:37.218 UTC
34.000000,-118.200000,34.000000,-118.200000,2026-02-11 00:04:59.764 UTC
33.920000,-118.160000,33.920000,-118.160000,2026-02-11 01:50:38.923 UTC
34.200000,-118.280000,34.200000,-118.280000,2026-02-11 01:25:00.027 UTC
34.200000,-118.280000,34.200000,-118.280000,2026-02-11 01:16:15.482 UTC
51.480000,-0.080000,51.480000,-0.080000,2026-02-11 00:24:28.394 UTC
34.040000,-118.160000,34.040000,-118.160000,2026-02-11 17:49:57.706 UTC
34.040000,-118.160000,34.040000,-118.160000,2026-02-11 20:20:17.602 UTC
34.040000,-118.160000,34.040000,-118.160000,2026-02-11 20:26:02.408 UTC
-23.520000,-46.640000,34.040000,-118.160000,2026-02-11 21:15:43.138 UTC
34.040000,-118.160000,34.040000,-118.160000,2026-02-11 17:02:59.087 UTC
33.960000,-118.280000,33.960000,-118.280000,2026-02-11 02:40:40.104 UTC
-33.880000,151.200000,-33.880000,151.200000,2025-12-29 19:26:05.658 UTC
34.080000,-118.160000,33.880000,-118.320000,2025-06-14 17:19:17.729 UTC
34.080000,-118.160000,34.080000,-118.160000,2025-06-14 18:09:18.792 UTC
34.080000,-118.160000,34.080000,-118.160000,2025-06-14 16:57:22.032 UTC
34.120000,-118.280000,34.000000,-118.360000,2025-07-20 19:42:23.218 UTC
34.040000,-118.320000,34.040000,-118.320000,2025-07-20 21:34:03.117 UTC
40.640000,-73.960000,40.640000,-73.960000,2025-07-20 20:42:34.715 UTC
34.000000,-118.080000,34.000000,-118.080000,2025-07-20 21:29:51.268 UTC
34.120000,-118.240000,34.120000,-118.240000,2025-07-20 22:32:22.982 UTC
51.520000,-0.080000,51.520000,-0.080000,2025-07-20 19:24:24.252 UTC
35.600000,139.640000,35.600000,139.640000,2025-07-20 17:13:01.232 UTC
34.120000,-118.320000,34.120000,-118.320000,2025-07-20 19:02:08.142 UTC
51.520000,-0.200000,51.520000,-0.200000,2026-01-07 14:53:39.214 UTC
40.760000,-74.000000,40.760000,-74.000000,2026-01-07 14:44:11.045 UTC
34.160000,-118.360000,34.160000,-118.360000,2026-01-07 00:04:32.067 UTC
34.040000,-118.320000,34.040000,-118.320000,2025-08-27 15:23:26.216 UTC
34.160000,-118.120000,34.160000,-118.120000,2025-08-27 15:08:46.159 UTC
51.520000,-0.040000,51.520000,-0.040000,2025-11-20 13:48:39.065 UTC
34.080000,-118.320000,34.080000,-118.320000,2025-11-20 20:08:09.254 UTC
51.520000,-0.040000,51.520000,-0.040000,2025-11-20 13:37:09.297 UTC
33.880000,-118.320000,33.880000,-118.320000,2025-06-23 03:10:34.62 UTC
35.640000,139.640000,35.640000,139.640000,2025-06-23 02:45:17.245 UTC
34.000000,-118.240000,34.000000,-118.240000,2025-07-12 22:27:10.083 UTC
34.080000,-118.160000,34.080000,-118.160000,2025-07-12 23:09:09.361 UTC
33.880000,-118.320000,33.880000,-118.320000,2025-07-12 22:11:10.753 UTC
34.080000,-118.160000,34.080000,-118.160000,2025-07-12 21:07:09.203 UTC
34.080000,-118.160000,34.080000,-118.160000,2025-07-12 02:49:31.629 UTC
33.880000,-118.320000,33.880000,-118.320000,2025-07-12 02:19:28.23 UTC
-23.560000,-46.600000,-23.560000,-46.600000,2026-02-22 00:38:52.523 UTC
-23.560000,-46.600000,-23.560000,-46.600000,2026-02-22 00:53:12.983 UTC
-23.560000,-46.600000,34.000000,-118.320000,2026-02-22 00:59:05.307 UTC
34.160000,-118.360000,34.160000,-118.360000,2026-02-22 05:52:56.127 UTC
34.200000,-118.280000,34.200000,-118.280000,2026-02-22 21:19:44.871 UTC
34.200000,-118.280000,34.200000,-118.280000,2026-02-22 21:26:59.258 UTC
34.200000,-118.280000,34.200000,-118.280000,2026-02-22 21:48:15.039 UTC
34.200000,-118.280000,34.200000,-118.280000,2026-02-22 20:58:43.84 UTC
34.200000,-118.280000,34.200000,-118.280000,2026-02-22 21:00:55.423 UTC
34.160000,-118.360000,34.120000,-118.360000,2026-02-22 02:31:19.156 UTC
34.000000,-118.240000,34.000000,-118.240000,2026-02-22 23:58:34.342 UTC
33.960000,-118.200000,33.960000,-118.200000,2026-02-22 17:26:23.753 UTC
33.960000,-118.200000,33.960000,-118.200000,2026-02-22 17:26:13.448 UTC
34.160000,-118.360000,34.160000,-118.360000,2026-02-22 03:20:30.757 UTC
34.080000,-118.200000,34.080000,-118.200000,2025-06-30 14:44:56.27 UTC
33.920000,-118.280000,33.920000,-118.280000,2025-06-30 00:01:03.033 UTC
34.040000,-118.320000,34.040000,-118.320000,2025-07-21 15:04:02.169 UTC
33.920000,-118.280000,33.920000,-118.280000,2025-07-21 00:05:57.21 UTC
34.080000,-118.400000,34.080000,-118.400000,2025-07-21 20:31:19.167 UTC
34.040000,-118.160000,34.040000,-118.160000,2025-07-21 16:57:01.186 UTC
34.000000,-118.440000,34.000000,-118.440000,2025-07-21 17:07:45.172 UTC
33.880000,-118.320000,33.880000,-118.320000,2025-06-05 01:37:12.216 UTC
34.080000,-118.160000,34.080000,-118.160000,2025-06-05 01:57:51.251 UTC
34.000000,-118.200000,34.000000,-118.200000,2025-10-17 01:53:23.241 UTC
34.080000,-118.160000,34.080000,-118.160000,2025-10-17 03:22:09.796 UTC
34.080000,-118.160000,34.080000,-118.160000,2025-10-17 03:09:37.645 UTC
34.160000,-118.120000,34.160000,-118.120000,2026-03-11 14:40:51.136 UTC
33.960000,-118.120000,33.960000,-118.120000,2026-01-30 16:02:37.38 UTC
34.080000,-118.160000,34.080000,-118.160000,2026-01-30 23:08:38.369 UTC
34.120000,-118.320000,34.120000,-118.320000,2026-01-30 22:11:27.169 UTC
34.160000,-118.360000,34.160000,-118.360000,2026-01-30 15:37:25.479 UTC
34.120000,-118.200000,34.120000,-118.200000,2026-08-24 15:31:05.348 UTC
34.080000,-118.320000,34.080000,-118.320000,2026-08-24 15:26:11.216 UTC
34.080000,-118.160000,34.080000,-118.160000,2025-12-22 03:44:49.477 UTC
33.920000,-118.240000,33.920000,-118.240000,2025-12-22 00:06:08.016 UTC
33.880000,-118.320000,34.000000,-118.240000,2026-01-24 21:14:04.538 UTC
33.880000,-118.320000,33.880000,-118.320000,2026-01-24 23:18:06.592 UTC
34.080000,-118.160000,34.080000,-118.160000,2026-01-24 21:40:04.204 UTC
33.880000,-118.320000,34.080000,-118.160000,2026-01-24 23:15:42.193 UTC
34.080000,-118.160000,34.080000,-118.160000,2026-01-24 23:31:49.801 UTC
34.080000,-118.320000,34.080000,-118.320000,2026-05-06 16:00:13.272 UTC
33.880000,-118.320000,33.880000,-118.320000,2026-04-04 23:21:36.236 UTC
34.080000,-118.160000,34.080000,-118.160000,2026-04-04 23:15:40.246 UTC
34.080000,-118.160000,34.080000,-118.160000,2026-04-04 23:15:49.381 UTC
33.880000,-118.320000,34.080000,-118.160000,2026-04-04 22:51:37.163 UTC
34.080000,-118.160000,34.080000,-118.160000,2026-04-04 22:28:20.275 UTC
34.000000,-118.200000,34.000000,-118.200000,2025-12-03 16:00:52.312 UTC
34.120000,-118.360000,34.120000,-118.360000,2025-12-03 15:50:19.119 UTC
34.160000,-118.360000,34.160000,-118.360000,2026-07-31 00:54:06.753 UTC
34.080000,-118.280000,34.080000,-118.280000,2026-04-01 14:51:58.124 UTC
33.960000,-118.320000,33.960000,-118.320000,2026-04-01 14:39:35.186 UTC
34.200000,-118.360000,34.200000,-118.360000,2025-12-26 18:42:59.187 UTC
34.120000,-118.320000,34.120000,-118.320000,2025-12-26 22:58:34.261 UTC
40.680000,-74.040000,40.680000,-74.040000,2025-12-26 03:27:38.141 UTC
34.240000,-118.240000,34.240000,-118.240000,2025-12-26 02:49:22.413 UTC
34.080000,-118.280000,34.080000,-118.280000,2026-01-14 15:16:12.222 UTC
34.160000,-118.120000,34.160000,-118.120000,2026-01-14 15:06:30.102 UTC
51.520000,-0.080000,51.520000,-0.080000,2026-07-27 15:06:17.287 UTC
34.160000,-118.360000,34.160000,-118.360000,2025-08-12 14:20:28.137 UTC
33.920000,-118.120000,33.920000,-118.120000,2025-08-15 14:38:26.157 UTC
33.880000,-118.320000,33.880000,-118.320000,2025-08-31 20:41:46.888 UTC
34.080000,-118.160000,34.080000,-118.160000,2025-08-31 21:26:45.492 UTC
34.080000,-118.160000,34.080000,-118.160000,2025-08-31 22:20:29.46 UTC
34.160000,-118.360000,34.160000,-118.360000,2025-08-31 23:23:20.281 UTC
34.080000,-118.160000,34.080000,-118.160000,2025-08-31 21:24:58.695 UTC
33.880000,-118.320000,33.880000,-118.320000,2026-03-08 03:36:56.78 UTC
34.080000,-118.160000,34.080000,-118.160000,2026-03-08 02:53:38.827 UTC
33.920000,-118.360000,33.920000,-118.360000,2026-03-08 23:56:06.282 UTC
34.080000,-118.160000,34.080000,-118.160000,2026-03-08 02:48:25.015 UTC
51.520000,-0.200000,51.520000,-0.200000,2025-11-13 15:15:57.337 UTC
40.760000,-74.000000,40.760000,-74.000000,2025-11-13 15:06:52.281 UTC
33.960000,-118.120000,33.960000,-118.120000,2026-05-26 21:25:05.21 UTC
34.120000,-118.320000,34.120000,-118.320000,2026-05-26 15:07:00.218 UTC
51.520000,-0.080000,51.520000,-0.080000,2026-02-26 15:32:34.222 UTC
34.040000,-118.080000,34.040000,-118.080000,2026-02-26 15:15:13.168 UTC
33.880000,-118.320000,34.000000,-118.240000,2025-10-18 23:34:39.939 UTC
33.880000,-118.320000,33.880000,-118.320000,2025-10-18 21:38:28.434 UTC
33.880000,-118.320000,33.880000,-118.320000,2025-10-18 22:43:38.37 UTC
34.000000,-118.040000,34.080000,-118.160000,2025-10-18 22:59:40.185 UTC
33.880000,-118.320000,34.080000,-118.160000,2025-10-18 23:44:34.262 UTC
35.640000,139.640000,35.640000,139.640000,2025-10-18 03:59:51.134 UTC
34.080000,-118.160000,34.080000,-118.160000,2025-10-18 04:37:27.895 UTC
33.880000,-118.320000,33.880000,-118.320000,2026-05-23 21:46:15.249 UTC
33.880000,-118.320000,34.080000,-118.160000,2026-05-23 22:23:23.999 UTC
35.640000,139.640000,35.640000,139.640000,2026-05-23 20:57:37.146 UTC
34.160000,-118.360000,34.160000,-118.360000,2025-10-13 14:20:43.264 UTC
40.720000,-73.960000,40.720000,-73.960000,2025-08-02 03:21:00.584 UTC
34.000000,-118.360000,34.000000,-118.360000,2026-03-09 20:24:57.084 UTC
-23.520000,-46.560000,-23.520000,-46.560000,2026-03-09 14:38:48.154 UTC
34.160000,-118.360000,34.160000,-118.360000,2026-03-09 14:08:12.625 UTC
34.200000,-118.360000,34.200000,-118.360000,2026-01-04 19:50:18.226 UTC
34.160000,-118.360000,34.160000,-118.360000,2026-01-04 20:04:38.167 UTC
33.920000,-118.320000,33.920000,-118.320000,2026-01-04 21:45:52.133 UTC
33.920000,-118.320000,33.920000,-118.320000,2026-01-04 23:41:32.246 UTC
34.080000,-118.160000,34.080000,-118.160000,2026-01-19 00:03:10.854 UTC
33.880000,-118.320000,33.880000,-118.320000,2026-01-19 17:30:30.088 UTC
34.000000,-118.280000,34.200000,-118.240000,2026-07-16 18:02:25.806 UTC
34.000000,-118.280000,34.000000,-118.280000,2026-07-16 21:33:33.532 UTC
34.000000,-118.280000,34.000000,-118.280000,2026-07-16 17:55:40.606 UTC
34.200000,-118.240000,34.000000,-118.280000,2026-07-16 18:15:51.267 UTC
34.160000,-118.320000,34.160000,-118.320000,2025-06-18 14:56:03.416 UTC
33.960000,-118.120000,33.960000,-118.120000,2025-07-25 19:21:50.074 UTC
34.080000,-118.200000,34.080000,-118.200000,2025-07-25 19:11:15.69 UTC
34.000000,-118.280000,34.000000,-118.280000,2025-07-25 19:19:47.078 UTC
34.160000,-118.360000,34.160000,-118.360000,2025-07-25 23:51:27.857 UTC
51.520000,-0.200000,51.520000,-0.200000,2026-01-21 15:30:18.303 UTC
40.760000,-74.000000,40.760000,-74.000000,2026-01-21 15:22:25.568 UTC
34.080000,-118.280000,34.080000,-118.280000,2026-01-21 15:28:40.49 UTC
40.760000,-74.000000,40.760000,-74.000000,2026-08-25 15:41:57.127 UTC
34.080000,-118.160000,33.880000,-118.320000,2026-07-11 23:53:40.311 UTC
34.080000,-118.160000,34.080000,-118.160000,2026-07-11 23:16:36.531 UTC
33.880000,-118.320000,33.880000,-118.320000,2026-07-11 22:17:19.282 UTC
33.880000,-118.320000,34.080000,-118.160000,2026-07-11 22:07:08.612 UTC
34.120000,-118.080000,34.120000,-118.080000,2026-07-11 19:55:14.267 UTC
34.080000,-118.160000,34.080000,-118.160000,2026-07-11 18:14:12.822 UTC
34.080000,-118.160000,34.080000,-118.160000,2026-07-11 18:10:16.761 UTC
33.880000,-118.320000,33.880000,-118.320000,2026-07-11 17:48:33.071 UTC
34.080000,-118.160000,34.080000,-118.160000,2026-07-11 16:21:46.279 UTC
34.040000,-118.360000,34.040000,-118.360000,2026-07-11 00:43:33.762 UTC
51.520000,-0.200000,51.520000,-0.200000,2025-11-25 19:07:45.279 UTC
34.000000,-118.320000,34.000000,-118.320000,2026-05-22 19:52:48.932 UTC
34.000000,-118.400000,-23.520000,-46.560000,2025-10-27 15:02:18.311 UTC
33.880000,-118.320000,34.080000,-118.160000,2025-10-27 02:43:02.711 UTC
34.160000,-118.360000,34.160000,-118.360000,2025-10-27 01:42:24.191 UTC
51.520000,-0.200000,51.520000,-0.200000,2025-11-24 15:08:56.551 UTC
34.000000,-118.200000,34.000000,-118.200000,2025-11-24 23:07:27.403 UTC
34.040000,-118.160000,33.920000,-118.280000,2025-07-24 16:57:37.155 UTC
34.040000,-118.440000,33.920000,-118.200000,2025-07-24 16:45:36.311 UTC
34.040000,-118.080000,34.040000,-118.080000,2025-07-24 16:42:30.18 UTC
34.080000,-118.440000,34.080000,-118.440000,2025-07-24 06:01:42.563 UTC
34.000000,-118.360000,34.000000,-118.360000,2025-07-24 00:27:24.894 UTC
34.080000,-118.320000,34.080000,-118.320000,2025-07-24 01:08:11.908 UTC
34.080000,-118.320000,34.080000,-118.320000,2025-07-24 01:44:17.459 UTC
34.160000,-118.280000,34.160000,-118.280000,2025-07-24 04:15:10.267 UTC
34.120000,-118.040000,34.120000,-118.040000,2025-07-24 03:35:18.384 UTC
34.000000,-118.040000,34.000000,-118.040000,2025-07-24 04:09:17.782 UTC
41.880000,-87.720000,41.880000,-87.720000,2025-07-24 03:18:05.449 UTC
33.960000,-118.320000,33.960000,-118.320000,2026-04-29 15:16:44.181 UTC
51.520000,-0.080000,51.520000,-0.080000,2026-04-29 15:27:03.077 UTC
34.080000,-118.400000,34.080000,-118.400000,2026-04-29 01:45:51.187 UTC
33.920000,-118.240000,33.920000,-118.240000,2025-12-02 20:11:33.194 UTC
34.160000,-118.360000,34.160000,-118.360000,2025-12-02 00:50:32.173 UTC
51.520000,-0.040000,51.520000,-0.040000,2026-08-18 15:25:52.167 UTC
40.760000,-74.040000,40.760000,-74.040000,2026-08-18 15:24:30.819 UTC
34.040000,-118.320000,34.040000,-118.320000,2025-12-01 15:27:25.173 UTC
34.000000,-118.080000,34.000000,-118.080000,2025-12-01 15:16:45.129 UTC
33.880000,-118.320000,33.880000,-118.320000,2025-07-05 22:10:13.463 UTC
33.880000,-118.320000,34.080000,-118.160000,2025-07-05 22:03:12.192 UTC
34.080000,-118.160000,34.080000,-118.160000,2025-07-05 21:53:42.148 UTC
34.080000,-118.160000,34.080000,-118.160000,2025-07-05 21:48:22.171 UTC
34.080000,-118.160000,34.080000,-118.160000,2025-07-05 19:51:24.865 UTC
34.160000,-118.360000,34.160000,-118.360000,2025-07-05 01:37:31.613 UTC
33.880000,-118.320000,34.080000,-118.160000,2025-07-05 21:23:57.945 UTC
34.120000,-118.320000,34.120000,-118.320000,2025-10-03 00:29:03.315 UTC
33.880000,-118.320000,33.880000,-118.320000,2025-12-31 20:57:01.216 UTC
34.120000,-118.200000,34.120000,-118.200000,2025-12-31 15:15:14.206 UTC
34.160000,-118.360000,34.160000,-118.360000,2025-12-31 21:29:51.536 UTC
34.120000,-118.280000,34.120000,-118.280000,2025-07-23 03:43:37.744 UTC
33.960000,-118.400000,33.960000,-118.400000,2025-07-23 04:46:04.178 UTC
34.080000,-118.440000,34.080000,-118.440000,2025-07-23 01:30:03.612 UTC
34.080000,-118.320000,34.080000,-118.320000,2025-07-23 02:04:46.014 UTC
34.160000,-118.160000,34.160000,-118.160000,2025-07-23 15:58:26.206 UTC
34.080000,-118.400000,34.080000,-118.400000,2025-07-23 02:37:29.142 UTC
34.160000,-118.280000,34.120000,-118.040000,2025-07-23 04:38:01.643 UTC
-33.880000,151.160000,-33.880000,151.160000,2025-07-23 04:04:46.151 UTC
34.160000,-118.120000,34.160000,-118.120000,2025-07-23 03:48:47.923 UTC
41.880000,-87.720000,41.880000,-87.720000,2025-07-23 03:22:00.252 UTC
-23.520000,-46.640000,-23.520000,-46.640000,2026-02-10 16:19:35.185 UTC
34.040000,-118.160000,-23.520000,-46.640000,2026-02-10 22:39:13.626 UTC
-23.520000,-46.640000,-23.520000,-46.640000,2026-02-10 16:15:58.756 UTC
34.040000,-118.160000,-23.520000,-46.640000,2026-02-10 23:08:11.627 UTC
-23.520000,-46.640000,-23.520000,-46.640000,2026-02-10 02:03:53.118 UTC
-23.520000,-46.640000,-23.520000,-46.640000,2026-02-10 02:06:14.856 UTC
34.040000,-118.160000,-23.520000,-46.640000,2026-02-10 19:50:44.076 UTC
-23.520000,-46.640000,-23.520000,-46.640000,2026-02-10 17:04:29.789 UTC
-23.520000,-46.640000,-23.520000,-46.640000,2026-02-10 16:29:03.874 UTC
34.200000,-118.280000,34.200000,-118.280000,2026-02-10 00:03:49.18 UTC
33.960000,-118.280000,33.960000,-118.280000,2026-02-10 01:05:34.961 UTC
33.960000,-118.280000,33.960000,-118.280000,2026-02-10 00:54:11.216 UTC
34.040000,-118.160000,34.040000,-118.160000,2026-02-10 23:30:37.792 UTC
34.040000,-118.160000,34.040000,-118.160000,2026-02-10 23:39:47.52 UTC
34.040000,-118.160000,34.040000,-118.160000,2026-02-10 22:37:20.662 UTC
34.040000,-118.160000,34.040000,-118.160000,2026-02-10 22:59:00.12 UTC
-23.520000,-46.640000,34.040000,-118.160000,2026-02-10 19:25:14.953 UTC
34.040000,-118.160000,34.040000,-118.160000,2026-02-10 22:37:28.33 UTC
34.000000,-118.240000,34.000000,-118.240000,2026-05-29 18:52:42.739 UTC
33.920000,-118.280000,33.920000,-118.280000,2026-05-29 23:30:38.148 UTC
34.040000,-118.280000,40.760000,-74.040000,2025-12-07 17:16:24.809 UTC
34.040000,-118.280000,40.760000,-74.040000,2025-12-07 00:40:02.449 UTC
34.040000,-118.280000,40.760000,-74.040000,2025-12-07 03:00:22.501 UTC
34.040000,-118.280000,34.040000,-118.280000,2025-12-07 02:14:32.373 UTC
34.040000,-118.280000,34.040000,-118.280000,2025-12-07 01:39:26.195 UTC
34.080000,-118.360000,34.080000,-118.360000,2025-12-07 21:58:43.115 UTC
33.920000,-118.280000,33.920000,-118.280000,2025-12-14 00:39:57.193 UTC
33.880000,-118.320000,33.880000,-118.320000,2025-12-14 23:28:43.437 UTC
33.880000,-118.320000,34.080000,-118.160000,2025-12-14 23:08:50.953 UTC
47.600000,-122.400000,47.600000,-122.400000,2025-12-14 00:17:56.929 UTC
51.480000,-0.040000,51.480000,-0.040000,2025-12-14 19:17:32.287 UTC
34.160000,-118.360000,34.160000,-118.360000,2025-12-14 22:29:13.462 UTC
33.880000,-118.320000,33.880000,-118.320000,2025-12-14 22:46:44.471 UTC
-23.520000,-46.560000,-23.520000,-46.560000,2026-03-31 14:46:42.062 UTC
33.960000,-118.080000,33.960000,-118.080000,2026-03-31 14:32:24.22 UTC
33.920000,-118.280000,34.160000,-118.360000,2026-03-31 00:30:08.372 UTC
34.080000,-118.160000,34.080000,-118.160000,2025-10-28 04:43:26.117 UTC
34.080000,-118.400000,34.080000,-118.400000,2025-10-28 04:58:23.29 UTC
34.000000,-118.400000,34.040000,-118.240000,2026-05-13 15:45:19.147 UTC
33.920000,-118.280000,33.920000,-118.280000,2026-05-13 15:10:04.297 UTC
51.520000,-0.040000,51.520000,-0.040000,2026-06-05 15:21:35.192 UTC
33.920000,-118.200000,33.920000,-118.200000,2026-06-05 14:55:49.181 UTC
51.480000,-0.040000,51.480000,-0.040000,2025-06-15 19:23:08.848 UTC
34.160000,-118.360000,34.160000,-118.360000,2026-03-02 14:10:57.321 UTC
34.080000,-118.160000,33.880000,-118.320000,2025-10-12 23:07:27.373 UTC
34.080000,-118.160000,34.080000,-118.160000,2025-10-12 21:26:49.223 UTC
33.880000,-118.320000,34.080000,-118.160000,2025-10-12 22:52:41.679 UTC
34.200000,-118.360000,34.200000,-118.360000,2025-10-12 23:41:59.192 UTC
34.080000,-118.400000,34.080000,-118.400000,2026-07-05 04:19:29.125 UTC
34.080000,-118.160000,34.080000,-118.160000,2026-07-05 04:14:25.556 UTC
33.880000,-118.320000,34.080000,-118.160000,2025-12-28 23:07:46.449 UTC
-23.520000,-46.600000,-23.520000,-46.600000,2025-12-28 21:49:51.257 UTC
40.760000,-74.040000,40.760000,-74.040000,2026-08-26 15:50:43.167 UTC
33.960000,-118.320000,33.960000,-118.320000,2026-08-26 15:38:49.291 UTC
34.160000,-118.280000,34.160000,-118.280000,2025-11-14 00:11:53.054 UTC
-23.520000,-46.560000,-23.520000,-46.560000,2025-11-14 15:16:42.215 UTC
34.160000,-118.360000,34.160000,-118.360000,2025-11-14 01:03:08.626 UTC
34.040000,-118.240000,34.040000,-118.240000,2025-11-11 21:30:03.279 UTC
34.040000,-118.200000,34.040000,-118.200000,2025-11-11 20:40:32.389 UTC
34.120000,-118.160000,34.240000,-118.280000,2025-11-11 01:07:01.328 UTC
34.120000,-118.160000,34.120000,-118.160000,2025-11-11 02:30:11.331 UTC
33.880000,-118.200000,33.880000,-118.200000,2026-06-20 23:17:50.135 UTC
34.080000,-118.160000,34.080000,-118.160000,2026-06-20 22:43:23.171 UTC
33.880000,-118.320000,33.880000,-118.320000,2026-06-20 22:07:54.011 UTC
40.760000,-74.040000,40.760000,-74.040000,2025-09-11 15:06:36.688 UTC
34.160000,-118.120000,34.160000,-118.120000,2025-09-11 14:58:37.268 UTC
34.080000,-118.160000,34.080000,-118.160000,2025-09-11 01:19:16.204 UTC
33.920000,-118.120000,33.920000,-118.120000,2025-09-11 14:50:07.204 UTC
-23.560000,-46.600000,-23.560000,-46.600000,2026-02-21 21:07:36.779 UTC
-23.560000,-46.600000,-23.560000,-46.600000,2026-02-21 21:03:27.634 UTC
-23.560000,-46.600000,-23.560000,-46.600000,2026-02-21 23:38:59.001 UTC
34.000000,-118.320000,-23.560000,-46.600000,2026-02-21 18:03:59.065 UTC
34.040000,-118.280000,34.040000,-118.280000,2026-02-21 00:41:39.249 UTC
40.800000,-74.040000,33.960000,-118.160000,2026-02-21 04:48:54.67 UTC
34.200000,-118.360000,33.920000,-118.160000,2026-02-21 02:26:05.189 UTC
34.200000,-118.360000,34.200000,-118.360000,2026-02-21 03:45:01.064 UTC
34.200000,-118.360000,34.200000,-118.360000,2026-02-21 03:40:18.818 UTC
34.200000,-118.360000,34.200000,-118.360000,2026-02-21 02:21:27.385 UTC
34.040000,-118.160000,34.040000,-118.160000,2026-02-21 00:50:14.966 UTC
34.200000,-118.160000,34.200000,-118.160000,2026-02-21 05:11:34.181 UTC
34.080000,-118.280000,34.080000,-118.280000,2026-02-21 05:00:35.205 UTC
34.160000,-118.360000,34.160000,-118.360000,2026-02-21 06:07:50.269 UTC
34.120000,-118.120000,34.120000,-118.120000,2026-02-21 04:56:25.687 UTC
40.800000,-74.040000,33.960000,-118.160000,2026-02-21 04:53:03.257 UTC
34.000000,-118.360000,34.000000,-118.360000,2025-12-18 02:40:22.55 UTC
34.080000,-118.320000,34.080000,-118.320000,2025-12-18 01:25:15.583 UTC
34.120000,-118.080000,34.120000,-118.080000,2025-12-18 03:30:29.211 UTC
33.960000,-118.360000,33.960000,-118.360000,2025-12-18 02:50:31.396 UTC
34.080000,-118.320000,34.080000,-118.320000,2025-12-18 02:06:15.839 UTC
34.080000,-118.160000,34.080000,-118.160000,2025-06-20 00:35:57.243 UTC
35.680000,139.680000,35.680000,139.680000,2025-07-07 23:43:05.906 UTC
34.160000,-118.120000,34.160000,-118.120000,2025-07-08 17:39:19.126 UTC
34.000000,-118.080000,34.000000,-118.080000,2025-07-08 17:14:22.365 UTC
34.160000,-118.360000,34.160000,-118.360000,2025-07-08 16:50:14.266 UTC
33.920000,-118.160000,33.920000,-118.160000,2025-07-08 18:19:14.171 UTC
33.920000,-118.120000,33.920000,-118.120000,2025-07-08 16:49:31.187 UTC
34.040000,-118.320000,34.040000,-118.320000,2026-06-18 15:19:24.186 UTC
-23.520000,-46.560000,-23.520000,-46.560000,2026-06-18 15:14:33.149 UTC
34.080000,-118.280000,34.080000,-118.280000,2025-10-07 15:02:46.528 UTC
33.880000,-118.320000,33.880000,-118.320000,2025-10-16 01:04:01.769 UTC
33.880000,-118.320000,33.880000,-118.320000,2025-10-16 02:04:35.827 UTC
34.080000,-118.160000,34.080000,-118.160000,2025-10-16 02:00:52.131 UTC
34.160000,-118.360000,34.160000,-118.360000,2025-10-16 02:28:01.253 UTC
33.920000,-118.200000,33.920000,-118.200000,2025-08-29 14:15:45.223 UTC
33.920000,-118.200000,33.920000,-118.200000,2025-12-19 20:16:54.306 UTC
34.040000,-118.080000,34.040000,-118.080000,2025-12-19 01:18:10.135 UTC
33.960000,-118.120000,33.960000,-118.120000,2025-12-19 00:44:01.209 UTC
34.000000,-118.280000,34.000000,-118.280000,2026-07-13 21:38:11.323 UTC
34.000000,-118.280000,34.000000,-118.280000,2026-07-13 21:12:50.7 UTC
33.880000,-118.320000,33.880000,-118.320000,2026-07-13 00:30:03.692 UTC
34.080000,-118.160000,34.080000,-118.160000,2026-07-13 00:10:17.382 UTC
34.120000,-118.320000,34.120000,-118.320000,2025-05-30 00:39:40.375 UTC
-23.560000,-46.600000,34.120000,-118.320000,2025-05-30 00:55:22.731 UTC
33.920000,-118.280000,33.920000,-118.280000,2025-08-23 19:34:58.498 UTC
33.880000,-118.320000,33.880000,-118.320000,2025-08-23 23:33:16.891 UTC
33.880000,-118.320000,33.880000,-118.320000,2025-08-23 17:02:39.713 UTC
34.080000,-118.160000,34.080000,-118.160000,2025-08-23 01:27:53.892 UTC
34.080000,-118.160000,34.080000,-118.160000,2025-08-23 22:47:33.918 UTC
34.080000,-118.160000,34.080000,-118.160000,2025-08-23 22:52:39.77 UTC
34.080000,-118.160000,34.080000,-118.160000,2025-08-23 01:22:40.24 UTC
34.080000,-118.160000,34.080000,-118.160000,2025-08-23 22:43:58.477 UTC
35.640000,139.640000,35.640000,139.640000,2025-08-23 19:53:34.174 UTC
-23.600000,-46.680000,-23.600000,-46.680000,2026-06-30 15:36:46.949 UTC
35.680000,139.640000,35.680000,139.640000,2025-12-25 00:59:04.206 UTC
34.040000,-118.440000,34.040000,-118.440000,2025-12-25 03:38:25.148 UTC
34.120000,-118.200000,51.520000,-0.040000,2026-03-30 14:45:03.093 UTC
-23.520000,-46.560000,-23.520000,-46.560000,2026-03-30 14:42:17.178 UTC
34.080000,-118.160000,33.880000,-118.320000,2025-11-23 02:34:11.153 UTC
33.880000,-118.320000,34.080000,-118.160000,2025-11-23 02:40:27.221 UTC
34.080000,-118.160000,34.080000,-118.160000,2025-11-23 01:48:37.251 UTC
34.040000,-118.160000,34.040000,-118.160000,2025-11-23 18:21:36.632 UTC
34.120000,-118.120000,34.120000,-118.160000,2025-11-23 19:36:53.134 UTC
34.160000,-118.360000,34.160000,-118.360000,2025-11-23 17:32:32.253 UTC
34.000000,-118.080000,34.000000,-118.080000,2025-08-11 15:41:26.149 UTC
33.960000,-118.320000,33.960000,-118.320000,2025-07-15 14:58:49.14 UTC
34.040000,-118.080000,34.040000,-118.080000,2025-09-19 02:00:25.51 UTC
-33.840000,151.240000,-33.840000,151.240000,2025-09-19 02:39:04.743 UTC
34.120000,-118.200000,34.120000,-118.200000,2025-12-12 15:51:05.128 UTC
34.120000,-118.400000,34.120000,-118.400000,2025-12-12 15:47:35.104 UTC
33.920000,-118.280000,33.920000,-118.280000,2025-09-29 14:22:55.629 UTC
33.880000,-118.320000,33.880000,-118.320000,2026-03-28 20:58:35.014 UTC
34.080000,-118.160000,34.080000,-118.160000,2026-03-28 16:55:28.686 UTC
34.080000,-118.160000,34.080000,-118.160000,2026-03-28 21:29:16.334 UTC
34.080000,-118.160000,34.080000,-118.160000,2026-03-28 16:27:46.517 UTC
34.080000,-118.160000,34.080000,-118.160000,2026-03-28 16:07:58.702 UTC
33.880000,-118.320000,34.080000,-118.160000,2026-03-28 22:04:55.622 UTC
34.120000,-118.240000,34.120000,-118.240000,2025-06-22 22:59:34.131 UTC
34.160000,-118.360000,34.160000,-118.360000,2025-06-22 23:20:30.216 UTC
33.880000,-118.320000,33.880000,-118.320000,2026-08-22 20:58:15.039 UTC
34.080000,-118.160000,34.080000,-118.160000,2026-08-22 21:18:37.794 UTC
34.120000,-118.240000,34.120000,-118.240000,2025-07-13 20:49:35.205 UTC
34.160000,-118.240000,34.160000,-118.240000,2025-07-13 21:50:17.677 UTC
34.160000,-118.360000,34.160000,-118.360000,2025-07-13 17:47:37.152 UTC
34.160000,-118.360000,34.160000,-118.360000,2025-07-13 19:57:07.218 UTC
40.760000,-74.040000,40.760000,-74.040000,2026-02-02 15:42:17.201 UTC
33.920000,-118.280000,33.920000,-118.280000,2026-02-02 01:58:07.176 UTC
34.120000,-118.320000,34.120000,-118.320000,2026-02-02 01:55:19.19 UTC
41.840000,-87.680000,41.840000,-87.680000,2025-06-12 01:16:07.159 UTC
34.080000,-118.440000,34.080000,-118.440000,2025-06-12 02:37:13.209 UTC
34.080000,-118.320000,34.080000,-118.320000,2025-06-12 03:09:20.768 UTC
34.080000,-118.320000,34.080000,-118.320000,2025-06-12 02:58:07.581 UTC
33.960000,-118.360000,33.960000,-118.360000,2025-11-12 00:07:21.169 UTC
34.160000,-118.360000,34.160000,-118.360000,2025-11-12 16:35:55.352 UTC
33.920000,-118.080000,33.920000,-118.080000,2025-09-26 01:41:50.102 UTC
40.760000,-74.040000,47.600000,-122.400000,2025-09-26 20:28:16.443 UTC
35.720000,139.680000,35.720000,139.680000,2025-10-20 03:00:01.216 UTC
35.600000,139.640000,35.600000,139.640000,2025-10-20 01:54:53.211 UTC
33.920000,-118.280000,33.920000,-118.280000,2025-10-20 18:58:03.241 UTC
34.000000,-118.080000,34.000000,-118.080000,2025-10-20 04:24:06.158 UTC
34.040000,-118.360000,34.040000,-118.360000,2025-10-20 03:14:34.149 UTC
34.080000,-118.160000,34.080000,-118.160000,2025-10-20 04:48:32.337 UTC
34.000000,-118.080000,34.000000,-118.080000,2025-08-26 20:48:48.67 UTC
34.000000,-118.080000,34.000000,-118.080000,2025-08-26 20:05:52.122 UTC
34.160000,-118.280000,34.000000,-118.080000,2025-08-26 06:24:47.481 UTC
34.200000,-118.200000,34.200000,-118.200000,2025-08-26 06:12:58.184 UTC
34.160000,-118.280000,34.160000,-118.280000,2025-08-26 05:23:21.673 UTC
34.160000,-118.360000,34.160000,-118.360000,2025-08-26 04:48:34.052 UTC
34.160000,-118.280000,34.000000,-118.080000,2025-08-26 05:39:02.925 UTC
51.520000,-0.080000,51.520000,-0.080000,2026-07-09 15:12:18.155 UTC
33.960000,-118.120000,-23.600000,-46.680000,2026-07-09 15:03:50.16 UTC
35.640000,139.640000,35.640000,139.640000,2026-07-09 04:04:51.174 UTC
33.920000,-118.320000,33.920000,-118.320000,2026-07-09 04:01:52.27 UTC
51.520000,-0.200000,51.520000,-0.200000,2026-06-10 15:21:47.18 UTC
40.760000,-74.000000,40.760000,-74.000000,2026-06-10 15:15:26.167 UTC
34.040000,-118.400000,34.040000,-118.400000,2026-06-10 14:48:35.771 UTC
34.000000,-118.080000,34.000000,-118.080000,2025-05-31 15:11:50.246 UTC
34.120000,-118.120000,34.120000,-118.120000,2025-05-31 15:42:55.811 UTC
34.160000,-118.120000,34.160000,-118.120000,2025-05-31 15:47:54.235 UTC
40.760000,-74.000000,34.120000,-118.280000,2025-05-31 23:17:52.135 UTC
33.880000,-118.320000,33.880000,-118.320000,2025-05-31 21:22:39.134 UTC
34.080000,-118.160000,34.080000,-118.160000,2025-05-31 22:20:47.429 UTC
34.080000,-118.160000,34.080000,-118.160000,2025-05-31 22:15:15.767 UTC
34.080000,-118.160000,34.080000,-118.160000,2025-05-31 23:07:48.318 UTC
34.200000,-118.240000,33.920000,-118.360000,2025-05-31 16:45:45.335 UTC
33.880000,-118.280000,33.880000,-118.280000,2025-05-31 16:43:30.221 UTC
33.920000,-118.200000,33.920000,-118.200000,2025-05-31 16:14:56.198 UTC
51.480000,-0.120000,51.480000,-0.120000,2025-05-31 15:56:59.261 UTC
34.080000,-118.160000,34.080000,-118.160000,2026-03-14 23:24:39.978 UTC
34.080000,-118.160000,34.080000,-118.160000,2026-03-14 22:46:42.108 UTC
34.080000,-118.160000,34.080000,-118.160000,2026-03-14 22:31:08.207 UTC
41.840000,-87.720000,41.840000,-87.720000,2026-03-14 21:36:56.11 UTC
35.680000,139.680000,35.680000,139.680000,2026-03-14 19:18:22.147 UTC
40.760000,-74.040000,40.760000,-74.040000,2026-05-14 16:04:58.216 UTC
33.960000,-118.240000,33.960000,-118.240000,2026-05-14 15:58:41.176 UTC
40.760000,-74.040000,40.760000,-74.040000,2026-08-13 15:36:28.19 UTC
33.960000,-118.320000,33.960000,-118.320000,2026-08-13 15:26:27.21 UTC
33.920000,-118.280000,33.920000,-118.280000,2025-07-26 16:19:47.216 UTC
33.880000,-118.320000,33.880000,-118.320000,2025-07-26 15:08:26.924 UTC
34.080000,-118.160000,34.080000,-118.160000,2025-07-26 18:23:49.275 UTC
34.080000,-118.160000,34.080000,-118.160000,2025-07-26 15:42:07.349 UTC
33.920000,-118.280000,34.160000,-118.360000,2025-07-26 17:16:05.919 UTC
33.920000,-118.360000,33.920000,-118.360000,2026-02-13 15:56:17.78 UTC
34.120000,-118.280000,34.120000,-118.280000,2026-02-13 15:44:36.522 UTC
34.080000,-118.280000,34.080000,-118.280000,2026-01-05 14:54:44.125 UTC
33.920000,-118.280000,33.920000,-118.280000,2026-01-05 00:13:19.19 UTC
34.160000,-118.360000,34.160000,-118.360000,2026-01-05 14:17:31.887 UTC
34.080000,-118.360000,34.080000,-118.360000,2025-06-24 14:56:25.187 UTC
33.880000,-118.320000,33.880000,-118.320000,2025-06-24 01:43:00.119 UTC
34.000000,-118.120000,34.120000,-118.200000,2025-06-24 14:37:13.153 UTC
40.760000,-74.040000,40.760000,-74.040000,2026-01-28 15:29:44.207 UTC
34.160000,-118.360000,34.160000,-118.360000,2026-01-28 14:46:44.416 UTC
34.080000,-118.280000,34.080000,-118.280000,2025-12-17 16:19:24.376 UTC
34.120000,-118.400000,34.120000,-118.400000,2025-12-17 16:14:42.149 UTC
34.120000,-118.200000,34.120000,-118.200000,2025-07-02 14:55:05.088 UTC
-23.520000,-46.560000,-23.520000,-46.560000,2025-07-02 14:51:19.185 UTC
33.920000,-118.200000,33.920000,-118.200000,2025-07-02 14:26:39.153 UTC
33.880000,-118.320000,34.080000,-118.160000,2026-02-01 22:23:24.164 UTC
33.880000,-118.320000,33.880000,-118.320000,2026-02-01 22:46:57.161 UTC
34.080000,-118.160000,34.080000,-118.160000,2026-02-01 21:40:10.397 UTC
33.880000,-118.320000,33.880000,-118.320000,2026-02-01 21:27:26.737 UTC
51.520000,-0.080000,40.760000,-74.040000,2026-04-02 15:35:10.141 UTC
34.160000,-118.120000,34.160000,-118.120000,2026-04-02 15:30:27.57 UTC
34.000000,-118.200000,34.000000,-118.200000,2026-01-27 19:09:55.153 UTC
51.520000,-0.200000,51.520000,-0.200000,2026-01-27 15:44:07.153 UTC
34.160000,-118.120000,34.160000,-118.120000,2026-01-27 15:28:39.174 UTC
34.000000,-118.240000,34.000000,-118.240000,2026-01-22 15:26:23.184 UTC
34.160000,-118.360000,34.160000,-118.360000,2026-01-22 14:43:36.124 UTC
34.080000,-118.160000,34.080000,-118.160000,2025-10-19 00:20:48.56 UTC
34.120000,-118.280000,34.120000,-118.280000,2026-05-25 15:43:20.157 UTC
-33.840000,151.160000,-33.840000,151.160000,2026-05-25 15:56:26.284 UTC
-33.840000,151.160000,-33.840000,151.160000,2026-05-25 16:54:48.388 UTC
34.120000,-118.200000,34.120000,-118.200000,2026-06-16 15:17:01.203 UTC
-23.520000,-46.560000,-23.520000,-46.560000,2026-06-16 15:12:40.184 UTC
51.520000,-0.200000,51.520000,-0.200000,2026-06-01 15:20:17.197 UTC
34.080000,-118.360000,34.080000,-118.360000,2026-06-01 15:10:40.088 UTC
33.920000,-118.280000,33.920000,-118.280000,2025-10-04 20:37:51.266 UTC
33.880000,-118.320000,33.880000,-118.320000,2025-10-04 23:34:41.402 UTC
33.880000,-118.320000,33.880000,-118.320000,2025-10-04 22:47:27.211 UTC
34.080000,-118.160000,34.080000,-118.160000,2025-10-04 22:09:14.2 UTC
34.080000,-118.160000,34.080000,-118.160000,2025-10-04 22:53:32.184 UTC
34.160000,-118.360000,34.160000,-118.360000,2025-10-04 18:55:02.077 UTC
-23.520000,-46.560000,-23.520000,-46.560000,2026-01-29 13:09:35.947 UTC
33.920000,-118.280000,34.160000,-118.360000,2026-01-29 12:39:33.156 UTC
34.000000,-118.080000,33.960000,-118.280000,2025-08-10 20:57:07.029 UTC
34.160000,-118.400000,34.000000,-118.200000,2025-08-10 18:09:15.164 UTC
34.000000,-118.080000,34.000000,-118.080000,2025-08-10 18:48:25.93 UTC
34.000000,-118.080000,34.000000,-118.080000,2025-08-10 20:40:14.83 UTC
34.000000,-118.080000,34.000000,-118.080000,2025-08-10 20:27:59.12 UTC
34.000000,-118.080000,34.000000,-118.080000,2025-08-10 21:53:25.677 UTC
33.960000,-118.280000,34.000000,-118.080000,2025-08-10 20:25:24.591 UTC
34.000000,-118.080000,34.000000,-118.080000,2025-08-10 19:41:57.086 UTC
34.000000,-118.080000,34.000000,-118.080000,2025-08-10 18:26:57.123 UTC
34.000000,-118.080000,34.000000,-118.080000,2025-08-10 21:08:36.3 UTC
34.000000,-118.080000,34.000000,-118.080000,2025-08-10 20:00:16.489 UTC
34.000000,-118.080000,34.000000,-118.080000,2025-08-10 22:31:04.922 UTC
34.160000,-118.280000,34.160000,-118.280000,2025-08-10 22:32:58.151 UTC
34.000000,-118.160000,34.000000,-118.160000,2025-08-10 22:56:19.215 UTC
34.160000,-118.360000,34.160000,-118.360000,2025-08-10 17:47:02.144 UTC
34.080000,-118.280000,34.080000,-118.280000,2026-04-28 15:34:10.149 UTC
33.960000,-118.240000,33.960000,-118.240000,2026-04-28 15:25:42.245 UTC
34.000000,-118.080000,34.000000,-118.080000,2026-02-12 21:48:16.214 UTC
34.000000,-118.080000,34.000000,-118.080000,2026-02-12 21:46:58.2 UTC
-23.520000,-46.640000,-23.520000,-46.640000,2026-02-12 15:22:47.978 UTC
-23.520000,-46.640000,-23.520000,-46.640000,2026-02-12 15:44:06.032 UTC
-23.520000,-46.640000,-23.520000,-46.640000,2026-02-12 20:19:27.062 UTC
34.120000,-118.280000,34.120000,-118.280000,2026-02-12 20:51:09.803 UTC
34.080000,-118.280000,34.080000,-118.280000,2026-02-12 21:39:26.123 UTC
34.000000,-118.040000,34.000000,-118.040000,2025-12-08 04:19:35.396 UTC
40.760000,-74.000000,40.760000,-74.000000,2025-09-16 14:54:46.889 UTC
33.880000,-118.320000,34.000000,-118.240000,2025-08-17 15:36:04.348 UTC
34.080000,-118.160000,34.080000,-118.160000,2025-08-17 15:12:40.212 UTC
34.080000,-118.400000,34.080000,-118.400000,2025-08-17 23:48:45.18 UTC
33.960000,-118.120000,33.960000,-118.120000,2025-07-03 19:04:42.467 UTC
33.920000,-118.280000,33.920000,-118.280000,2025-07-03 23:11:04.309 UTC
33.880000,-118.320000,34.080000,-118.160000,2025-07-03 00:56:39.191 UTC
34.160000,-118.360000,34.160000,-118.360000,2025-07-03 23:08:42.307 UTC
34.120000,-118.200000,34.120000,-118.200000,2026-02-05 20:03:50.259 UTC
34.080000,-118.320000,34.080000,-118.320000,2026-02-05 15:47:17.697 UTC
34.160000,-118.360000,34.120000,-118.320000,2025-12-06 00:40:23.991 UTC
34.080000,-118.080000,34.080000,-118.080000,2025-12-06 23:38:54.328 UTC
34.040000,-118.080000,34.040000,-118.080000,2025-12-06 22:22:14.397 UTC
33.920000,-118.240000,33.920000,-118.240000,2025-12-06 13:48:32.406 UTC
34.080000,-118.160000,34.080000,-118.160000,2025-11-10 14:17:46.242 UTC
34.120000,-118.080000,34.120000,-118.080000,2025-11-10 16:13:26.158 UTC
33.920000,-118.200000,33.920000,-118.200000,2025-11-10 18:47:54.969 UTC
34.160000,-118.400000,41.840000,-87.520000,2025-11-10 21:24:04.344 UTC
34.120000,-118.080000,34.120000,-118.080000,2025-11-10 21:43:49.383 UTC
33.880000,-118.320000,33.880000,-118.320000,2026-07-03 03:04:28.494 UTC
34.120000,-118.280000,34.120000,-118.280000,2026-07-03 00:38:38.136 UTC
33.960000,-118.160000,33.960000,-118.160000,2026-07-03 00:11:54.11 UTC
34.000000,-118.080000,34.000000,-118.080000,2025-08-19 17:04:41.88 UTC
47.600000,-122.360000,47.600000,-122.360000,2025-08-19 15:28:56.201 UTC
33.960000,-118.120000,33.960000,-118.120000,2025-08-19 23:17:31.251 UTC
51.520000,-0.080000,51.520000,-0.080000,2025-08-19 15:10:23.131 UTC
34.040000,-118.280000,34.240000,-118.280000,2025-08-19 14:30:41.219 UTC
34.160000,-118.360000,34.160000,-118.360000,2025-08-19 16:27:40.049 UTC
33.920000,-118.280000,33.920000,-118.280000,2026-03-05 19:39:08.178 UTC
40.760000,-74.040000,40.760000,-74.040000,2026-03-05 14:50:07.012 UTC
47.600000,-122.360000,47.600000,-122.360000,2025-06-26 19:05:56.382 UTC
33.960000,-118.120000,33.960000,-118.120000,2025-06-26 15:17:11.168 UTC
33.880000,-118.320000,33.880000,-118.320000,2025-06-26 01:48:54.669 UTC
33.880000,-118.320000,34.080000,-118.160000,2025-06-26 01:05:12.835 UTC
34.200000,-118.160000,34.200000,-118.160000,2025-12-10 18:36:49.162 UTC
33.920000,-118.280000,33.920000,-118.280000,2025-12-10 22:56:45.161 UTC
34.080000,-118.320000,34.120000,-118.280000,2025-12-10 16:09:11.127 UTC
34.040000,-118.160000,34.040000,-118.160000,2025-12-10 16:23:19.234 UTC
33.920000,-118.200000,33.920000,-118.200000,2025-12-10 18:14:54.675 UTC
34.080000,-118.160000,34.080000,-118.160000,2025-12-10 03:30:03.084 UTC
34.080000,-118.160000,34.080000,-118.160000,2025-06-07 21:10:19.02 UTC
33.880000,-118.320000,33.880000,-118.320000,2025-06-07 01:43:03.73 UTC
34.080000,-118.280000,34.080000,-118.280000,2025-06-03 15:18:33.323 UTC
47.600000,-122.360000,47.600000,-122.360000,2025-08-18 18:21:42.227 UTC
34.000000,-118.280000,34.000000,-118.280000,2025-08-18 15:00:21.151 UTC
34.120000,-118.200000,34.120000,-118.200000,2025-08-18 23:31:18.18 UTC
34.080000,-118.160000,34.080000,-118.160000,2026-07-12 23:48:58.582 UTC
34.080000,-118.160000,34.080000,-118.160000,2026-07-12 23:16:59.232 UTC
34.160000,-118.280000,34.160000,-118.280000,2026-07-12 22:22:27.358 UTC
34.080000,-118.160000,34.080000,-118.160000,2026-07-12 21:15:14.946 UTC
47.680000,-122.280000,47.680000,-122.280000,2026-07-12 19:27:20.296 UTC
33.880000,-118.320000,34.080000,-118.160000,2026-07-12 18:46:10.524 UTC
34.080000,-118.160000,34.080000,-118.160000,2026-07-12 17:12:15.266 UTC
34.080000,-118.160000,34.080000,-118.160000,2026-07-12 00:34:53.786 UTC
33.920000,-118.280000,33.920000,-118.280000,2025-10-05 02:59:33.352 UTC
34.160000,-118.400000,34.160000,-118.400000,2025-10-05 02:35:53.351 UTC
33.880000,-118.320000,33.880000,-118.320000,2025-06-19 01:51:33.667 UTC
34.120000,-118.240000,34.120000,-118.240000,2025-06-19 21:01:43.568 UTC
34.160000,-118.360000,34.160000,-118.360000,2025-06-19 21:34:59.182 UTC
34.080000,-118.280000,34.080000,-118.280000,2025-12-11 15:50:06.732 UTC
33.960000,-118.240000,33.960000,-118.240000,2025-12-11 15:43:41.203 UTC
51.520000,-0.040000,51.520000,-0.040000,2026-06-17 15:24:55.854 UTC
40.760000,-74.040000,40.760000,-74.040000,2026-06-17 15:23:06.196 UTC
34.080000,-118.320000,34.080000,-118.320000,2026-06-17 23:52:06.022 UTC
33.960000,-118.320000,33.960000,-118.320000,2026-06-17 23:59:25.174 UTC
33.920000,-118.280000,33.920000,-118.280000,2025-11-15 20:46:54.127 UTC
33.880000,-118.320000,33.880000,-118.320000,2025-11-15 19:57:02.813 UTC
33.880000,-118.320000,33.880000,-118.320000,2025-11-15 22:15:31.211 UTC
33.880000,-118.320000,33.880000,-118.320000,2025-11-15 20:08:37.18 UTC
34.080000,-118.160000,34.080000,-118.160000,2025-11-15 19:23:28.235 UTC
34.080000,-118.160000,34.080000,-118.160000,2025-11-15 19:37:15.023 UTC
34.080000,-118.160000,34.080000,-118.160000,2025-11-15 22:51:44.118 UTC
34.080000,-118.160000,34.080000,-118.160000,2025-11-15 19:22:48.172 UTC
34.080000,-118.160000,34.080000,-118.160000,2025-11-15 21:27:57.224 UTC
33.880000,-118.320000,34.080000,-118.160000,2025-11-15 23:55:56.704 UTC
34.080000,-118.160000,34.080000,-118.160000,2025-11-15 19:32:24.273 UTC
34.000000,-118.320000,34.000000,-118.320000,2025-11-15 00:10:56.521 UTC
33.880000,-118.320000,33.880000,-118.320000,2025-11-15 01:08:29.856 UTC
34.160000,-118.360000,34.160000,-118.360000,2025-11-15 20:15:01.286 UTC
33.920000,-118.320000,33.920000,-118.320000,2025-09-28 00:35:52.485 UTC
34.080000,-118.160000,34.080000,-118.160000,2025-09-28 21:24:11.293 UTC
40.760000,-74.040000,40.760000,-74.040000,2026-01-15 15:06:03.156 UTC
33.920000,-118.280000,33.920000,-118.280000,2026-01-15 00:17:31.106 UTC
34.080000,-118.280000,34.080000,-118.280000,2026-01-06 15:08:53.128 UTC
34.160000,-118.120000,34.160000,-118.120000,2026-01-06 14:58:34.985 UTC
34.160000,-118.360000,34.160000,-118.360000,2026-01-06 14:15:43.352 UTC
34.160000,-118.360000,33.920000,-118.280000,2026-03-23 02:39:03.149 UTC
47.560000,-122.280000,47.560000,-122.280000,2026-07-15 19:32:46.346 UTC
47.560000,-122.280000,47.560000,-122.280000,2026-07-15 19:21:04.322 UTC
34.000000,-118.280000,34.000000,-118.280000,2026-07-15 19:05:57.157 UTC
34.200000,-118.240000,34.200000,-118.240000,2026-07-15 18:09:07.43 UTC
34.000000,-118.280000,34.000000,-118.280000,2026-07-15 18:25:09.312 UTC
34.000000,-118.280000,34.000000,-118.280000,2026-07-15 18:20:17.9 UTC
34.000000,-118.280000,34.000000,-118.280000,2026-07-15 17:34:48.141 UTC
34.000000,-118.280000,34.000000,-118.280000,2026-07-15 17:31:38.54 UTC
34.200000,-118.240000,34.000000,-118.280000,2026-07-15 20:43:18.405 UTC
34.200000,-118.240000,34.000000,-118.280000,2026-07-15 20:58:55.313 UTC
41.880000,-87.720000,41.880000,-87.720000,2026-07-15 04:52:17.154 UTC
41.880000,-87.720000,41.880000,-87.720000,2026-07-15 00:53:20.408 UTC
35.680000,139.680000,35.680000,139.680000,2026-05-18 00:54:35.175 UTC
34.160000,-118.360000,34.160000,-118.360000,2025-10-24 23:15:29.817 UTC
34.000000,-118.400000,34.040000,-118.240000,2025-09-30 15:27:26.372 UTC
34.120000,-118.280000,34.120000,-118.280000,2025-09-30 00:29:46.159 UTC
33.920000,-118.280000,33.920000,-118.280000,2025-09-07 20:51:39.182 UTC
33.880000,-118.320000,33.880000,-118.320000,2025-09-07 22:32:48.694 UTC
34.080000,-118.160000,34.080000,-118.160000,2025-09-07 21:57:01.176 UTC
34.080000,-118.160000,34.080000,-118.160000,2025-09-07 20:59:13.176 UTC
34.040000,-118.320000,51.520000,-0.040000,2026-05-12 15:37:58.164 UTC
34.000000,-118.400000,34.040000,-118.240000,2026-05-12 15:31:53.26 UTC
33.960000,-118.320000,33.960000,-118.320000,2026-05-12 15:22:35.238 UTC
34.000000,-118.400000,34.000000,-118.400000,2025-11-06 00:38:44.706 UTC
34.000000,-118.400000,34.000000,-118.400000,2025-11-06 00:17:29.871 UTC
34.080000,-118.280000,34.080000,-118.280000,2025-11-06 02:04:42.02 UTC
34.160000,-118.360000,34.160000,-118.360000,2026-02-03 19:27:54.38 UTC
33.960000,-118.200000,33.960000,-118.200000,2026-02-03 19:18:42.09 UTC
34.080000,-118.280000,34.080000,-118.280000,2026-02-03 15:49:46.091 UTC
33.920000,-118.280000,33.920000,-118.280000,2026-02-03 15:07:32.098 UTC
34.080000,-118.320000,34.080000,-118.320000,2026-02-03 15:44:11.753 UTC
34.160000,-118.400000,34.160000,-118.400000,2025-09-17 16:20:20.162 UTC
-33.840000,151.240000,-33.840000,151.240000,2025-09-17 18:26:51.169 UTC
34.080000,-118.240000,34.080000,-118.240000,2025-09-17 21:38:20.761 UTC
51.520000,-0.200000,51.520000,-0.200000,2025-09-03 15:10:18.506 UTC
40.760000,-74.000000,40.760000,-74.000000,2025-09-03 14:57:53.169 UTC
33.880000,-118.320000,33.880000,-118.320000,2026-02-14 21:53:01.604 UTC
34.080000,-118.160000,34.080000,-118.160000,2026-02-14 21:27:31.182 UTC
33.880000,-118.320000,34.080000,-118.160000,2026-02-14 04:03:32.31 UTC
40.760000,-74.040000,40.760000,-74.040000,2026-02-14 20:38:49.202 UTC
34.120000,-118.320000,34.120000,-118.320000,2026-02-14 23:43:17.125 UTC
34.000000,-118.360000,34.000000,-118.360000,2025-09-18 00:46:20.303 UTC
34.080000,-118.320000,34.080000,-118.320000,2025-09-18 01:05:26.178 UTC
34.160000,-118.160000,34.160000,-118.160000,2025-09-18 02:12:48.18 UTC
34.080000,-118.440000,34.040000,-118.200000,2026-02-08 01:33:24.23 UTC
34.200000,-118.160000,34.200000,-118.160000,2026-02-08 00:38:42.156 UTC
47.560000,-122.360000,47.560000,-122.360000,2026-02-08 00:57:26.173 UTC
34.000000,-118.080000,34.000000,-118.080000,2026-02-08 00:14:48.208 UTC
34.200000,-118.200000,34.200000,-118.200000,2026-02-08 01:15:32.416 UTC
34.200000,-118.160000,34.200000,-118.160000,2026-02-08 00:33:29.504 UTC
33.920000,-118.200000,33.920000,-118.200000,2026-02-08 01:01:01.443 UTC
34.040000,-118.200000,34.040000,-118.200000,2025-09-15 18:05:04.249 UTC
40.760000,-74.040000,40.760000,-74.040000,2025-09-15 15:04:36.632 UTC
34.000000,-118.200000,34.000000,-118.200000,2025-09-15 02:24:30.123 UTC
34.160000,-118.280000,34.160000,-118.280000,2025-09-15 14:32:15.21 UTC
35.680000,139.680000,35.680000,139.680000,2025-09-15 02:13:17.113 UTC
33.880000,-118.320000,34.000000,-118.240000,2026-02-23 23:03:37.68 UTC
34.080000,-118.160000,34.080000,-118.160000,2026-02-23 23:17:15.154 UTC
34.080000,-118.160000,34.080000,-118.160000,2026-02-23 22:37:46.187 UTC
33.880000,-118.320000,34.080000,-118.160000,2026-02-23 22:10:10.136 UTC
34.000000,-118.240000,33.880000,-118.320000,2026-02-23 21:45:54.184 UTC
34.160000,-118.360000,34.160000,-118.360000,2026-02-23 06:28:42.122 UTC
33.920000,-118.280000,34.160000,-118.360000,2026-02-23 05:20:00.276 UTC
-33.880000,151.160000,-33.880000,151.160000,2026-02-23 00:54:34.892 UTC
34.080000,-118.240000,34.080000,-118.240000,2025-09-02 18:50:20.17 UTC
47.600000,-122.360000,47.600000,-122.360000,2025-09-02 18:46:03.416 UTC
40.760000,-74.040000,40.760000,-74.040000,2025-09-02 15:06:48.737 UTC
34.160000,-118.120000,34.160000,-118.120000,2025-09-02 14:58:31.209 UTC
33.880000,-118.320000,34.080000,-118.160000,2025-10-31 04:18:58.159 UTC
34.160000,-118.360000,34.160000,-118.360000,2025-10-31 20:42:03.126 UTC
34.040000,-118.320000,34.040000,-118.320000,2025-12-16 15:17:03.177 UTC
51.520000,-0.080000,51.520000,-0.080000,2025-12-16 15:13:28.154 UTC
33.920000,-118.280000,33.920000,-118.280000,2025-12-16 14:25:31.326 UTC
40.760000,-74.040000,40.760000,-74.040000,2025-12-16 15:13:54.027 UTC
34.000000,-118.200000,34.000000,-118.200000,2025-12-27 19:18:30.214 UTC
34.080000,-118.160000,34.080000,-118.160000,2025-12-27 22:02:42.531 UTC
34.080000,-118.440000,34.040000,-118.200000,2025-12-27 00:51:34.049 UTC
34.160000,-118.200000,34.160000,-118.200000,2025-12-27 20:31:14.265 UTC
34.080000,-118.160000,34.080000,-118.160000,2025-12-27 21:43:46.686 UTC
33.920000,-118.280000,33.920000,-118.280000,2026-03-07 20:59:36.219 UTC
34.160000,-118.360000,34.160000,-118.360000,2026-03-07 20:58:03.82 UTC
47.600000,-122.400000,47.600000,-122.400000,2026-03-07 20:34:11.094 UTC
34.080000,-118.080000,34.080000,-118.080000,2026-02-25 23:36:41.243 UTC
33.920000,-118.200000,33.920000,-118.200000,2026-02-25 18:00:55.619 UTC
34.040000,-118.240000,34.040000,-118.240000,2026-02-25 14:50:21.233 UTC
34.080000,-118.160000,34.080000,-118.160000,2025-11-08 20:21:54.721 UTC
34.080000,-118.160000,34.080000,-118.160000,2025-11-08 21:05:49.306 UTC
34.080000,-118.160000,34.080000,-118.160000,2025-11-08 21:10:31.355 UTC
34.040000,-118.160000,33.920000,-118.400000,2025-11-27 00:22:17.123 UTC
34.200000,-118.200000,34.200000,-118.200000,2025-11-27 00:17:18.075 UTC
33.920000,-118.280000,33.920000,-118.280000,2025-11-18 04:40:03.275 UTC
34.080000,-118.160000,34.080000,-118.160000,2025-11-18 04:52:22.956 UTC
34.000000,-118.280000,33.920000,-118.120000,2025-11-18 18:22:27.794 UTC
33.880000,-118.320000,33.880000,-118.320000,2025-11-18 04:48:01.484 UTC
34.080000,-118.160000,34.080000,-118.160000,2025-11-18 05:00:33.65 UTC
33.920000,-118.280000,33.920000,-118.280000,2025-08-16 18:36:30.48 UTC
33.880000,-118.320000,33.880000,-118.320000,2025-08-16 16:25:18.774 UTC
34.080000,-118.160000,34.080000,-118.160000,2025-08-16 15:41:03.206 UTC
35.640000,139.640000,35.640000,139.640000,2025-08-16 17:58:44.095 UTC
34.160000,-118.360000,34.160000,-118.360000,2025-08-16 16:45:50.17 UTC
34.000000,-118.200000,34.000000,-118.200000,2026-04-05 18:39:55.44 UTC
34.120000,-118.120000,34.120000,-118.120000,2026-04-05 19:09:14.183 UTC
33.920000,-118.320000,33.920000,-118.320000,2025-09-27 19:06:57.301 UTC
35.680000,139.680000,35.680000,139.680000,2025-09-27 18:17:20.255 UTC
34.120000,-118.320000,34.120000,-118.320000,2025-09-27 01:02:56.403 UTC
33.960000,-118.320000,33.960000,-118.320000,2025-06-04 13:59:38.193 UTC
51.520000,-0.200000,51.520000,-0.200000,2026-05-08 15:30:27.176 UTC
51.520000,-0.080000,51.520000,-0.080000,2026-05-08 15:26:58.092 UTC
33.880000,-118.320000,33.880000,-118.320000,2025-05-29 01:01:32.028 UTC
33.880000,-118.320000,33.880000,-118.320000,2025-05-29 01:42:19.72 UTC
34.000000,-118.200000,33.920000,-118.280000,2025-05-29 16:50:20.245 UTC
34.160000,-118.240000,34.160000,-118.240000,2025-05-29 18:21:20.279 UTC
47.600000,-122.240000,47.600000,-122.240000,2025-05-29 20:16:15.394 UTC
35.640000,139.560000,35.640000,139.560000,2025-05-29 21:32:38.229 UTC
35.640000,139.560000,35.640000,139.560000,2025-05-29 21:32:52.178 UTC
34.160000,-118.320000,34.160000,-118.320000,2025-05-29 21:57:40.154 UTC
34.160000,-118.240000,34.160000,-118.240000,2025-05-29 21:56:07.213 UTC
33.880000,-118.320000,34.000000,-118.240000,2025-05-29 01:05:30.076 UTC
34.200000,-118.120000,34.200000,-118.120000,2026-04-20 20:07:42.349 UTC
33.880000,-118.240000,33.880000,-118.240000,2026-04-20 17:45:01.946 UTC
34.080000,-118.160000,34.080000,-118.160000,2026-04-20 17:26:30.213 UTC
47.560000,-122.280000,47.560000,-122.280000,2026-02-09 14:53:55.824 UTC
33.920000,-118.280000,33.920000,-118.280000,2026-02-09 13:01:08.211 UTC
34.000000,-118.240000,34.000000,-118.240000,2026-02-09 19:04:06.571 UTC
34.000000,-118.240000,51.560000,-0.200000,2026-02-09 19:08:21.057 UTC
33.920000,-118.360000,33.960000,-118.400000,2026-02-09 21:49:30.232 UTC
-23.520000,-46.640000,-23.520000,-46.640000,2026-02-09 23:08:56.276 UTC
34.000000,-118.200000,34.000000,-118.200000,2026-02-09 22:31:37.156 UTC
35.640000,139.680000,35.640000,139.680000,2026-02-09 23:29:24.501 UTC
33.920000,-118.360000,33.920000,-118.360000,2026-02-09 21:39:57.311 UTC
-23.560000,-46.680000,-23.560000,-46.680000,2025-12-24 04:21:10.175 UTC
33.960000,-118.280000,33.960000,-118.280000,2025-12-24 03:06:41.216 UTC
34.160000,-118.360000,34.160000,-118.360000,2025-12-24 19:12:36.027 UTC
33.880000,-118.320000,33.880000,-118.320000,2025-06-29 21:37:46.229 UTC
33.880000,-118.320000,33.880000,-118.320000,2025-06-29 22:18:44.397 UTC
34.040000,-118.200000,34.040000,-118.200000,2025-06-29 20:26:28.195 UTC
33.880000,-118.320000,34.000000,-118.240000,2025-06-29 18:49:15.256 UTC
34.080000,-118.160000,34.080000,-118.160000,2025-06-29 18:28:01.187 UTC
33.880000,-118.320000,33.880000,-118.320000,2025-06-29 17:43:41.289 UTC
33.880000,-118.320000,33.880000,-118.320000,2025-06-29 17:22:50.151 UTC
34.000000,-118.400000,34.040000,-118.240000,2026-03-03 15:00:51.262 UTC
34.160000,-118.360000,34.160000,-118.360000,2026-03-03 14:05:01.037 UTC
34.000000,-118.200000,34.000000,-118.200000,2025-12-04 19:19:26.179 UTC
33.920000,-118.280000,33.920000,-118.280000,2025-12-04 00:26:01.488 UTC
-23.520000,-46.560000,-23.520000,-46.560000,2025-10-29 15:00:17.669 UTC
34.080000,-118.160000,34.080000,-118.160000,2025-10-29 01:10:12.199 UTC
34.080000,-118.160000,34.080000,-118.160000,2025-10-29 01:49:22.276 UTC
33.880000,-118.320000,34.000000,-118.240000,2025-10-29 01:23:15.916 UTC
47.600000,-122.400000,47.600000,-122.400000,2025-08-25 00:45:12.5 UTC
34.080000,-118.280000,34.080000,-118.280000,2026-07-29 15:15:58.084 UTC
34.160000,-118.120000,34.160000,-118.120000,2026-07-29 15:10:26.148 UTC
40.760000,-74.040000,40.760000,-74.040000,2026-04-23 15:45:38.596 UTC
-23.600000,-46.680000,33.960000,-118.120000,2026-04-23 15:34:24.146 UTC
34.000000,-118.080000,34.000000,-118.080000,2026-04-23 03:35:36.964 UTC
34.080000,-118.320000,34.080000,-118.320000,2026-04-23 15:41:58.786 UTC
51.520000,-0.080000,51.520000,-0.080000,2026-08-10 15:11:11.758 UTC
34.120000,-118.200000,34.120000,-118.200000,2026-08-10 14:39:24.169 UTC
35.720000,139.680000,35.720000,139.680000,2025-10-21 19:40:00.164 UTC
-23.520000,-46.560000,-23.520000,-46.560000,2025-10-21 15:05:05.165 UTC
34.080000,-118.160000,34.080000,-118.160000,2025-10-21 00:25:16.218 UTC
34.080000,-118.160000,34.080000,-118.160000,2025-10-21 00:28:56.541 UTC
33.920000,-118.280000,34.160000,-118.360000,2025-11-28 01:55:28.135 UTC
34.080000,-118.160000,33.880000,-118.320000,2025-11-28 19:08:30.692 UTC
34.080000,-118.160000,34.080000,-118.160000,2025-11-28 18:31:19.013 UTC
34.080000,-118.160000,34.080000,-118.160000,2025-11-28 18:33:25.026 UTC
34.160000,-118.360000,34.160000,-118.360000,2025-09-12 14:11:44.248 UTC
34.000000,-118.200000,34.000000,-118.200000,2025-06-17 20:40:32.183 UTC
33.920000,-118.280000,35.600000,139.640000,2025-06-17 21:02:39.206 UTC
33.920000,-118.280000,33.920000,-118.280000,2025-06-17 03:11:11.121 UTC
34.080000,-118.280000,34.080000,-118.280000,2026-08-20 15:46:47.204 UTC
34.160000,-118.120000,34.160000,-118.120000,2026-08-20 15:38:18.329 UTC
34.000000,-118.280000,34.000000,-118.280000,2025-09-25 15:03:18.349 UTC
34.080000,-118.160000,34.080000,-118.160000,2025-09-25 02:00:36.201 UTC
33.880000,-118.320000,34.000000,-118.240000,2026-05-02 22:32:49.262 UTC
33.880000,-118.320000,33.880000,-118.320000,2026-05-02 21:51:27.963 UTC
34.080000,-118.160000,34.080000,-118.160000,2026-05-02 21:55:35.971 UTC
34.000000,-118.080000,34.000000,-118.080000,2026-05-02 20:59:24.232 UTC
51.520000,-0.080000,51.520000,-0.080000,2026-07-30 15:58:06.143 UTC
51.520000,-0.200000,51.520000,-0.200000,2025-09-04 15:03:44.007 UTC
-23.520000,-46.560000,-23.520000,-46.560000,2025-09-04 14:56:34.195 UTC
33.880000,-118.320000,33.880000,-118.320000,2025-09-04 01:18:08.694 UTC
33.880000,-118.320000,34.080000,-118.160000,2025-09-04 00:55:03.673 UTC
34.160000,-118.360000,34.160000,-118.360000,2025-09-04 02:20:52.219 UTC
33.920000,-118.280000,34.120000,-118.160000,2025-09-06 18:53:55.861 UTC
33.880000,-118.320000,33.880000,-118.320000,2025-09-06 22:49:21.741 UTC
33.880000,-118.320000,33.880000,-118.320000,2025-09-06 01:14:07.691 UTC
34.080000,-118.160000,34.080000,-118.160000,2025-09-06 19:46:52.343 UTC
34.080000,-118.160000,34.080000,-118.160000,2025-09-06 01:54:33.454 UTC
34.080000,-118.160000,34.080000,-118.160000,2025-09-06 22:52:36.797 UTC
33.880000,-118.320000,33.880000,-118.320000,2025-09-06 21:21:50.553 UTC
34.080000,-118.160000,34.080000,-118.160000,2025-09-06 02:04:39.915 UTC
34.080000,-118.160000,34.080000,-118.160000,2025-09-06 22:03:24.012 UTC
33.880000,-118.320000,33.880000,-118.320000,2026-02-28 17:14:36.262 UTC
33.880000,-118.320000,34.000000,-118.240000,2026-02-28 22:07:39.304 UTC
33.880000,-118.320000,33.880000,-118.320000,2026-02-28 17:53:59.167 UTC
33.880000,-118.320000,33.880000,-118.320000,2026-02-28 23:16:14.355 UTC
34.080000,-118.160000,34.080000,-118.160000,2026-02-28 17:39:08.152 UTC
34.080000,-118.160000,34.080000,-118.160000,2026-02-28 17:27:01.174 UTC
34.080000,-118.160000,34.080000,-118.160000,2026-02-28 19:36:55.252 UTC
34.080000,-118.160000,34.080000,-118.160000,2026-02-28 19:29:50.235 UTC
33.920000,-118.280000,34.160000,-118.360000,2026-02-28 21:13:57.833 UTC
34.000000,-118.320000,34.000000,-118.320000,2026-03-06 19:29:11.69 UTC
34.120000,-118.200000,34.120000,-118.200000,2026-03-06 15:21:08.184 UTC
34.080000,-118.280000,34.080000,-118.280000,2026-03-06 15:20:45.939 UTC
34.000000,-118.120000,34.000000,-118.120000,2026-03-06 14:49:49.391 UTC
33.880000,-118.320000,34.080000,-118.160000,2025-09-20 18:48:49.488 UTC
34.120000,-118.320000,34.120000,-118.320000,2025-09-20 17:53:00.577 UTC
34.080000,-118.040000,47.560000,-122.360000,2025-09-20 16:44:22.128 UTC
34.080000,-118.040000,34.080000,-118.040000,2025-09-20 16:11:54.191 UTC
41.840000,-87.600000,41.840000,-87.600000,2025-09-20 17:32:11.149 UTC
34.080000,-118.160000,34.080000,-118.160000,2025-09-20 01:58:16.831 UTC
33.920000,-118.280000,33.920000,-118.280000,2025-12-30 02:18:20.672 UTC
33.880000,-118.320000,34.080000,-118.160000,2025-12-30 01:55:30.829 UTC
35.640000,139.640000,35.640000,139.640000,2025-12-30 01:03:16.154 UTC
34.080000,-118.160000,34.080000,-118.160000,2025-12-30 01:36:18.241 UTC
33.880000,-118.320000,33.880000,-118.320000,2025-09-14 23:35:22.696 UTC
34.080000,-118.160000,34.080000,-118.160000,2025-09-14 23:39:14.137 UTC
33.960000,-118.160000,33.960000,-118.160000,2025-09-14 19:02:40.542 UTC
34.080000,-118.160000,34.080000,-118.160000,2025-09-14 23:18:06.663 UTC
34.080000,-118.280000,34.080000,-118.280000,2025-10-01 14:56:34.427 UTC
34.120000,-118.400000,34.120000,-118.400000,2025-10-01 14:52:10.114 UTC
34.080000,-118.200000,34.080000,-118.200000,2026-01-20 15:38:38.203 UTC
34.000000,-118.120000,34.000000,-118.120000,2026-01-20 00:43:21.234 UTC
34.160000,-118.320000,34.160000,-118.320000,2025-07-14 14:42:30.19 UTC
34.080000,-118.160000,34.080000,-118.160000,2025-07-14 02:21:24.167 UTC
33.960000,-118.160000,33.960000,-118.160000,2025-07-14 03:13:32.172 UTC
33.880000,-118.320000,33.880000,-118.320000,2025-07-27 17:38:12.837 UTC
33.880000,-118.320000,33.880000,-118.320000,2025-07-27 17:32:02.786 UTC
34.080000,-118.160000,34.080000,-118.160000,2025-07-27 16:18:27.19 UTC
35.640000,139.640000,35.640000,139.640000,2025-07-27 14:57:15.165 UTC
34.000000,-118.120000,34.000000,-118.120000,2025-07-27 22:01:03.142 UTC
34.160000,-118.160000,34.160000,-118.160000,2025-07-27 19:11:12.199 UTC
51.520000,-0.200000,51.520000,-0.200000,2025-07-09 18:46:07.169 UTC
51.520000,-0.080000,51.520000,-0.080000,2025-07-09 23:40:33.217 UTC
40.760000,-74.040000,40.760000,-74.040000,2025-07-09 18:43:27.327 UTC
34.080000,-118.160000,34.080000,-118.160000,2025-07-09 03:58:00.671 UTC
34.160000,-118.160000,34.160000,-118.160000,2025-07-09 18:41:59.214 UTC
33.920000,-118.280000,33.920000,-118.280000,2025-11-22 19:56:40.189 UTC
33.880000,-118.320000,33.880000,-118.320000,2025-11-22 17:00:42.888 UTC
34.080000,-118.160000,34.080000,-118.160000,2025-11-22 00:13:38.25 UTC
35.640000,139.640000,35.640000,139.640000,2025-11-22 16:16:14.164 UTC
34.160000,-118.360000,34.160000,-118.360000,2025-11-22 22:52:48.612 UTC
34.080000,-118.160000,34.080000,-118.160000,2025-11-22 17:34:18.526 UTC
34.000000,-118.400000,34.040000,-118.240000,2026-03-26 15:32:37.136 UTC
34.040000,-118.200000,34.040000,-118.200000,2026-03-26 14:42:18.164 UTC
34.080000,-118.360000,34.080000,-118.360000,2026-03-26 15:03:14.241 UTC
34.120000,-118.200000,34.120000,-118.200000,2026-01-13 15:26:38.976 UTC
34.080000,-118.320000,34.080000,-118.320000,2026-01-13 15:20:00.177 UTC
34.160000,-118.360000,34.160000,-118.360000,2026-01-13 23:58:12.28 UTC
34.080000,-118.280000,34.080000,-118.280000,2025-09-23 15:52:38.679 UTC
34.160000,-118.120000,34.160000,-118.120000,2025-09-23 15:46:27.187 UTC
33.880000,-118.160000,33.880000,-118.160000,2025-09-23 03:00:04.701 UTC
33.920000,-118.280000,34.160000,-118.360000,2025-09-23 01:09:58.204 UTC
34.000000,-118.400000,34.040000,-118.240000,2025-08-14 14:54:00.21 UTC
34.080000,-118.160000,34.080000,-118.160000,2025-08-14 01:49:32.472 UTC
34.080000,-118.160000,34.080000,-118.160000,2025-08-14 01:06:48.072 UTC
34.080000,-118.160000,34.080000,-118.160000,2026-06-27 21:30:30.284 UTC
33.920000,-118.280000,33.920000,-118.280000,2025-07-04 18:56:05.231 UTC
33.880000,-118.320000,34.080000,-118.160000,2025-07-04 17:46:00.196 UTC
34.080000,-118.160000,34.080000,-118.160000,2025-07-04 17:49:19.36 UTC
34.080000,-118.160000,34.080000,-118.160000,2025-07-04 17:47:33.907 UTC
34.000000,-118.080000,34.000000,-118.080000,2025-07-04 17:38:23.296 UTC
34.160000,-118.360000,34.160000,-118.360000,2025-07-04 20:03:44.159 UTC
51.520000,-0.200000,51.520000,-0.200000,2025-10-22 15:03:11.068 UTC
-23.520000,-46.560000,-23.520000,-46.560000,2025-10-22 14:51:03.14 UTC
33.920000,-118.280000,33.920000,-118.280000,2025-06-13 04:17:24.16 UTC
33.880000,-118.320000,34.080000,-118.160000,2025-06-13 03:42:23.195 UTC
51.520000,-0.200000,51.520000,-0.200000,2026-03-10 14:55:39.158 UTC
40.760000,-73.960000,33.960000,-118.120000,2026-03-10 14:38:31.191 UTC
-33.880000,151.200000,-33.880000,151.200000,2025-07-18 14:51:55.239 UTC
33.920000,-118.280000,33.920000,-118.280000,2025-07-18 14:21:43.191 UTC
34.080000,-118.160000,34.080000,-118.160000,2025-07-18 03:36:31.271 UTC
34.080000,-118.160000,34.080000,-118.160000,2025-07-18 03:30:29.587 UTC
47.560000,-122.280000,47.560000,-122.280000,2025-11-04 11:37:28.189 UTC
34.160000,-118.400000,34.000000,-118.240000,2025-11-04 11:30:28.125 UTC
34.000000,-118.440000,34.000000,-118.440000,2025-11-04 11:15:53.286 UTC
35.680000,139.720000,35.680000,139.720000,2025-11-04 19:07:35.114 UTC
34.200000,-118.200000,34.200000,-118.200000,2025-11-04 17:13:31.5 UTC
34.160000,-118.280000,34.160000,-118.280000,2025-07-22 15:10:25.3 UTC
35.680000,139.680000,35.680000,139.680000,2025-07-22 03:37:52.929 UTC
34.160000,-118.160000,34.160000,-118.160000,2025-07-22 23:27:49.226 UTC
33.880000,-118.320000,33.880000,-118.320000,2026-03-01 20:18:29.965 UTC
33.880000,-118.320000,33.880000,-118.320000,2026-03-01 20:16:54.587 UTC
33.880000,-118.320000,33.880000,-118.320000,2026-03-01 20:45:45.488 UTC
34.080000,-118.160000,34.080000,-118.160000,2026-03-01 21:08:11.27 UTC
34.080000,-118.160000,34.080000,-118.160000,2026-03-01 21:53:39.235 UTC
34.080000,-118.160000,34.080000,-118.160000,2026-03-01 22:59:19.552 UTC
34.080000,-118.160000,34.080000,-118.160000,2026-03-01 17:17:00.042 UTC
34.000000,-118.080000,34.000000,-118.080000,2026-03-01 17:11:47.187 UTC
33.880000,-118.320000,33.880000,-118.320000,2026-03-01 21:28:57.57 UTC
34.080000,-118.160000,34.080000,-118.160000,2026-03-01 18:32:04.886 UTC
34.080000,-118.160000,34.080000,-118.160000,2025-09-21 18:29:22.111 UTC
34.200000,-118.280000,34.200000,-118.280000,2025-09-21 16:03:24.21 UTC
33.880000,-118.160000,33.880000,-118.160000,2025-09-21 15:47:15.204 UTC
33.920000,-118.200000,33.920000,-118.200000,2025-09-21 17:17:55.21 UTC
35.680000,139.680000,35.680000,139.680000,2025-09-21 15:33:24.185 UTC
33.920000,-118.200000,33.920000,-118.200000,2025-09-21 17:08:19.866 UTC
51.520000,-0.080000,51.520000,-0.080000,2026-01-09 15:28:01.153 UTC
34.000000,-118.360000,34.000000,-118.360000,2025-06-27 19:45:47.356 UTC
33.880000,-118.320000,34.000000,-118.240000,2025-06-27 01:41:38.678 UTC
33.880000,-118.320000,34.080000,-118.160000,2025-06-27 01:44:30.651 UTC
34.120000,-118.320000,34.120000,-118.320000,2025-06-27 23:54:57.463 UTC
34.080000,-118.240000,34.080000,-118.240000,2025-08-22 18:56:06.162 UTC
34.200000,-118.320000,34.200000,-118.320000,2025-08-22 19:01:48.101 UTC
34.160000,-118.320000,33.880000,-118.200000,2025-08-22 19:39:27.108 UTC
34.160000,-118.320000,34.000000,-118.360000,2025-08-22 19:50:38.956 UTC
34.000000,-118.280000,34.000000,-118.280000,2025-08-22 22:14:47.109 UTC
-23.520000,-46.560000,-23.520000,-46.560000,2025-08-22 14:52:18.101 UTC
33.880000,-118.320000,33.880000,-118.320000,2025-08-22 01:36:35.886 UTC
34.080000,-118.160000,34.080000,-118.160000,2025-08-22 01:16:24.482 UTC
34.160000,-118.360000,34.160000,-118.360000,2025-08-22 00:12:43.575 UTC
33.880000,-118.320000,33.880000,-118.320000,2025-12-13 23:16:59.803 UTC
34.080000,-118.160000,34.080000,-118.160000,2025-12-13 22:40:47.983 UTC
34.080000,-118.160000,34.080000,-118.160000,2025-12-13 23:38:51.581 UTC
34.080000,-118.160000,34.080000,-118.160000,2025-12-13 22:41:56.591 UTC
34.040000,-118.360000,34.040000,-118.360000,2026-01-25 20:13:18.176 UTC
33.960000,-118.120000,33.960000,-118.120000,2025-06-09 15:33:43.144 UTC
41.920000,-87.600000,41.920000,-87.600000,2025-06-09 17:08:14.279 UTC
34.000000,-118.320000,34.000000,-118.320000,2025-11-21 20:44:19.197 UTC
33.960000,-118.120000,33.960000,-118.120000,2025-11-21 15:52:38.261 UTC
33.920000,-118.280000,33.920000,-118.280000,2025-11-21 03:46:35.185 UTC
34.080000,-118.160000,34.080000,-118.160000,2025-11-21 23:39:42.922 UTC
34.160000,-118.360000,34.160000,-118.360000,2025-11-21 03:43:50.19 UTC
34.080000,-118.160000,34.080000,-118.160000,2025-11-21 23:21:26.998 UTC
34.160000,-118.360000,34.160000,-118.360000,2025-06-10 02:35:04.675 UTC
33.960000,-118.200000,33.960000,-118.200000,2026-02-20 03:07:18.596 UTC
33.960000,-118.200000,33.960000,-118.200000,2026-02-20 01:46:39.709 UTC
33.960000,-118.200000,33.960000,-118.200000,2026-02-20 03:40:31.175 UTC
-23.560000,-46.600000,-23.560000,-46.600000,2026-02-20 04:12:32.158 UTC
34.080000,-118.280000,34.080000,-118.280000,2026-02-20 01:25:54.296 UTC
33.920000,-118.200000,33.920000,-118.200000,2026-02-20 04:13:02.147 UTC
34.040000,-118.360000,34.040000,-118.400000,2026-02-20 04:17:50.187 UTC
34.040000,-118.280000,34.040000,-118.280000,2026-02-20 20:35:03.341 UTC
34.040000,-118.280000,34.040000,-118.280000,2026-02-20 23:23:52.305 UTC
40.800000,-74.040000,40.800000,-74.040000,2026-02-20 16:30:53.196 UTC
41.920000,-87.600000,41.920000,-87.600000,2026-02-20 16:37:45.147 UTC
35.640000,139.600000,35.640000,139.600000,2026-02-20 16:57:19.496 UTC
33.920000,-118.160000,33.920000,-118.160000,2026-02-20 21:36:56.639 UTC
33.920000,-118.160000,34.200000,-118.360000,2026-02-20 21:48:00.119 UTC
34.200000,-118.360000,34.200000,-118.360000,2026-02-20 19:04:04.092 UTC
34.200000,-118.360000,34.200000,-118.360000,2026-02-20 19:15:25.183 UTC
34.200000,-118.360000,34.200000,-118.360000,2026-02-20 19:36:12.271 UTC
34.200000,-118.360000,34.200000,-118.360000,2026-02-20 18:10:05.524 UTC
34.200000,-118.360000,34.200000,-118.360000,2026-02-20 22:15:38.674 UTC
34.200000,-118.360000,34.200000,-118.360000,2026-02-20 18:58:44.614 UTC
34.200000,-118.360000,34.200000,-118.360000,2026-02-20 18:53:14.193 UTC
34.040000,-118.160000,34.040000,-118.160000,2026-02-20 20:19:35.135 UTC
34.040000,-118.160000,34.040000,-118.160000,2026-02-20 20:02:37.168 UTC
34.040000,-118.160000,34.040000,-118.160000,2026-02-20 19:53:52.596 UTC
34.040000,-118.160000,34.040000,-118.160000,2026-02-20 20:19:42.504 UTC
34.160000,-118.360000,34.160000,-118.360000,2026-02-20 04:37:17.218 UTC
34.200000,-118.280000,34.200000,-118.280000,2026-02-20 01:08:40.543 UTC
33.880000,-118.160000,33.880000,-118.160000,2026-02-20 01:13:56.679 UTC
34.040000,-118.160000,34.040000,-118.280000,2026-02-20 23:45:25.328 UTC
34.160000,-118.360000,34.160000,-118.360000,2026-02-20 00:00:02.42 UTC
40.760000,-74.000000,40.760000,-74.000000,2026-01-08 14:48:54.229 UTC
34.160000,-118.360000,34.160000,-118.360000,2026-01-08 14:14:03.662 UTC
34.040000,-118.080000,34.040000,-118.080000,2025-06-11 05:52:40.975 UTC
41.840000,-87.680000,41.840000,-87.680000,2025-06-11 06:04:39.165 UTC
34.080000,-118.440000,34.080000,-118.440000,2025-06-11 04:28:49.512 UTC
34.080000,-118.320000,34.000000,-118.360000,2025-06-11 03:02:06.62 UTC
34.080000,-118.440000,34.080000,-118.440000,2025-06-11 06:37:38.947 UTC
33.920000,-118.280000,33.920000,-118.280000,2025-06-28 19:31:04.249 UTC
34.000000,-118.240000,34.000000,-118.240000,2025-06-28 21:07:12.664 UTC
34.000000,-118.240000,33.880000,-118.320000,2025-06-28 20:59:33.23 UTC
33.880000,-118.320000,33.880000,-118.320000,2025-06-28 21:38:20.889 UTC
33.880000,-118.320000,33.880000,-118.320000,2025-06-28 22:47:31.124 UTC
34.080000,-118.160000,33.880000,-118.320000,2025-06-28 17:09:23.672 UTC
33.880000,-118.320000,33.880000,-118.320000,2025-06-28 21:46:47.167 UTC
34.080000,-118.160000,34.080000,-118.160000,2025-06-28 01:46:49.171 UTC
34.080000,-118.160000,34.080000,-118.160000,2025-06-28 21:27:33.25 UTC
34.080000,-118.160000,34.080000,-118.160000,2025-06-28 21:29:34.89 UTC
35.640000,139.640000,35.640000,139.640000,2025-06-28 00:55:51.176 UTC
34.000000,-118.400000,34.040000,-118.240000,2026-08-12 15:13:58.22 UTC
33.880000,-118.320000,33.880000,-118.320000,2026-08-01 22:37:24.625 UTC
33.880000,-118.320000,33.880000,-118.320000,2026-08-01 22:18:55.782 UTC
34.080000,-118.160000,34.080000,-118.160000,2026-08-01 23:27:00.4 UTC
34.040000,-118.320000,34.040000,-118.320000,2026-08-12 23:41:25.343 UTC
34.200000,-118.360000,34.200000,-118.360000,2026-05-01 15:22:37.207 UTC
34.120000,-118.320000,34.120000,-118.320000,2025-11-26 19:21:24.758 UTC
34.080000,-118.160000,34.080000,-118.160000,2025-12-20 04:33:41.46 UTC
34.160000,-118.360000,34.160000,-118.360000,2026-02-19 23:25:31.357 UTC
34.040000,-118.240000,34.040000,-118.240000,2025-10-30 14:47:23.893 UTC
33.880000,-118.320000,33.880000,-118.320000,2025-10-30 01:45:59.221 UTC
34.080000,-118.160000,34.080000,-118.160000,2025-10-30 01:33:16.708 UTC
34.080000,-118.160000,34.080000,-118.160000,2025-10-30 01:26:59.228 UTC
34.120000,-118.200000,34.120000,-118.200000,2026-02-04 15:48:41.483 UTC
33.920000,-118.280000,33.920000,-118.280000,2026-02-04 15:05:01.161 UTC
34.160000,-118.360000,34.120000,-118.320000,2026-02-04 15:05:50.168 UTC
51.520000,-0.200000,51.520000,-0.200000,2026-02-04 15:51:24.486 UTC
33.920000,-118.280000,33.920000,-118.280000,2026-04-06 15:02:57.863 UTC
34.160000,-118.320000,34.000000,-118.360000,2025-08-20 18:42:37.16 UTC
34.040000,-118.240000,34.040000,-118.240000,2025-08-20 15:04:21.164 UTC
34.080000,-118.160000,34.000000,-118.040000,2025-08-20 02:13:06.413 UTC
34.080000,-118.160000,34.080000,-118.160000,2025-08-20 02:01:16.092 UTC
34.080000,-118.160000,34.080000,-118.160000,2025-08-20 02:26:33.964 UTC
34.160000,-118.360000,34.160000,-118.360000,2025-08-20 14:09:05.225 UTC
35.720000,139.600000,35.720000,139.600000,2026-01-23 18:47:45.812 UTC
33.960000,-118.120000,33.960000,-118.120000,2026-01-23 23:15:08.193 UTC
33.960000,-118.200000,34.000000,-118.200000,2026-01-23 03:21:41.049 UTC
33.920000,-118.360000,33.920000,-118.360000,2026-01-23 02:58:32.849 UTC
34.160000,-118.280000,51.520000,-0.080000,2026-01-12 23:21:35.199 UTC
34.160000,-118.120000,34.160000,-118.120000,2026-01-12 15:08:52.143 UTC
-33.840000,151.200000,-33.840000,151.200000,2025-11-02 03:49:58.193 UTC
34.080000,-118.160000,34.080000,-118.160000,2026-01-02 22:54:25.461 UTC
34.080000,-118.160000,34.080000,-118.160000,2026-01-02 22:58:34.227 UTC
34.080000,-118.160000,34.080000,-118.160000,2026-01-02 23:03:59.862 UTC
34.000000,-118.280000,34.000000,-118.280000,2026-01-02 20:13:29.321 UTC
33.880000,-118.320000,33.880000,-118.320000,2026-01-02 22:00:16.994 UTC
34.000000,-118.400000,34.040000,-118.240000,2026-04-07 15:42:04.648 UTC
34.080000,-118.160000,34.080000,-118.160000,2025-11-16 23:04:52.292 UTC
33.880000,-118.320000,33.880000,-118.320000,2025-11-16 23:51:49.266 UTC
33.880000,-118.320000,33.880000,-118.320000,2025-11-16 22:21:00.166 UTC
34.160000,-118.360000,34.160000,-118.360000,2025-11-16 21:23:50.229 UTC
47.600000,-122.400000,47.600000,-122.400000,2025-11-16 20:50:48.508 UTC
34.080000,-118.160000,33.880000,-118.320000,2025-11-16 19:41:51.19 UTC
47.600000,-122.400000,47.600000,-122.400000,2025-11-16 20:24:20.029 UTC
34.080000,-118.160000,34.080000,-118.160000,2025-11-16 19:13:52.18 UTC
34.080000,-118.160000,33.880000,-118.320000,2025-11-16 18:54:41.588 UTC
33.880000,-118.320000,34.080000,-118.160000,2025-11-16 01:02:37.653 UTC
34.080000,-118.160000,34.080000,-118.160000,2025-11-16 00:15:26.478 UTC
33.880000,-118.320000,33.880000,-118.320000,2025-11-16 17:25:30.185 UTC
33.880000,-118.320000,33.880000,-118.320000,2025-11-16 17:02:20.494 UTC
33.880000,-118.200000,33.880000,-118.200000,2026-07-04 23:28:11.171 UTC
34.160000,-118.360000,34.160000,-118.360000,2026-07-04 04:15:00.236 UTC
34.000000,-118.160000,34.000000,-118.160000,2026-07-04 03:26:38.226 UTC
34.080000,-118.160000,34.080000,-118.160000,2025-07-11 04:06:11.15 UTC
33.920000,-118.200000,33.920000,-118.200000,2025-07-11 14:16:05.172 UTC
34.040000,-118.160000,,,2024-05-31 17:48:42.297 UTC
34.160000,-118.120000,,,2024-05-31 19:06:22.264 UTC
33.880000,-118.200000,33.880000,-118.200000,2024-05-31 18:38:03.542 UTC
33.880000,-118.200000,33.880000,-118.200000,2024-07-15 00:48:08.995 UTC
33.880000,-118.200000,33.880000,-118.200000,2024-07-15 01:22:16.226 UTC
34.000000,-118.360000,34.000000,-118.360000,2024-10-07 01:46:15.401 UTC
33.880000,-118.200000,34.040000,-118.160000,2024-10-07 15:29:57.236 UTC
33.880000,-118.200000,33.880000,-118.200000,2024-10-07 18:02:47.753 UTC
34.040000,-118.320000,34.040000,-118.320000,2024-10-07 19:51:08.907 UTC
33.880000,-118.200000,33.880000,-118.200000,2025-03-22 02:15:17.597 UTC
33.880000,-118.200000,33.880000,-118.200000,2025-03-22 17:35:59.259 UTC
33.880000,-118.200000,33.880000,-118.200000,2025-03-22 21:26:44.185 UTC
33.880000,-118.200000,33.880000,-118.200000,2025-03-22 22:09:40.222 UTC
33.880000,-118.200000,33.880000,-118.200000,2025-03-22 23:08:26.812 UTC
33.880000,-118.200000,33.880000,-118.200000,2025-03-22 02:55:00.163 UTC
33.880000,-118.200000,,,2024-06-04 04:46:53.187 UTC
33.880000,-118.200000,33.880000,-118.200000,2025-04-02 00:59:36.119 UTC
33.880000,-118.200000,,,2024-03-10 02:13:34.274 UTC
33.880000,-118.200000,33.880000,-118.200000,2024-03-10 16:55:28.164 UTC
34.040000,-118.320000,34.040000,-118.320000,2025-05-22 20:43:49.158 UTC
33.880000,-118.200000,33.880000,-118.200000,2025-05-22 01:49:11.721 UTC
34.160000,-118.120000,,,2024-06-19 16:20:36.237 UTC
33.880000,-118.200000,33.880000,-118.200000,2025-05-24 21:06:45.149 UTC
33.880000,-118.200000,33.880000,-118.200000,2025-05-24 21:48:59.231 UTC
33.880000,-118.200000,33.880000,-118.200000,2025-05-24 22:46:02.213 UTC
33.880000,-118.200000,33.880000,-118.200000,2025-05-24 23:18:52.956 UTC
33.880000,-118.200000,33.880000,-118.200000,2025-05-24 23:50:53.278 UTC
34.040000,-118.160000,34.040000,-118.160000,2024-12-09 18:43:52.29 UTC
34.080000,-118.360000,,,2023-11-19 05:49:04.452 UTC
34.080000,-118.360000,,,2023-11-19 20:55:11.23 UTC
34.080000,-118.360000,,,2023-11-19 21:19:26.36 UTC
34.080000,-118.360000,,,2023-11-19 21:47:19.622 UTC
34.080000,-118.360000,,,2023-11-19 22:05:51.094 UTC
34.080000,-118.360000,,,2023-11-19 22:43:52.32 UTC
34.080000,-118.360000,34.080000,-118.360000,2023-11-19 22:33:19.462 UTC
33.880000,-118.200000,34.040000,-118.160000,2025-02-11 15:54:23.183 UTC
33.880000,-118.200000,33.880000,-118.200000,2024-05-13 02:28:35.468 UTC
33.880000,-118.200000,33.880000,-118.200000,2025-04-26 20:53:37.809 UTC
33.880000,-118.200000,33.880000,-118.200000,2025-04-26 21:43:41.24 UTC
33.880000,-118.200000,33.880000,-118.200000,2025-04-26 22:22:37.892 UTC
33.880000,-118.200000,33.880000,-118.200000,2025-04-26 23:24:25.53 UTC
33.880000,-118.200000,33.880000,-118.200000,2025-04-26 22:34:43.317 UTC
34.000000,-118.120000,,,2024-02-20 15:32:42.213 UTC
34.000000,-118.120000,,,2024-02-20 15:43:39.483 UTC
33.880000,-118.200000,33.880000,-118.200000,2025-03-27 00:52:20.262 UTC
33.880000,-118.200000,33.880000,-118.200000,2025-03-27 01:37:45.195 UTC
33.880000,-118.200000,33.880000,-118.200000,2025-03-27 02:19:45.439 UTC
34.040000,-118.320000,34.040000,-118.320000,2025-03-27 23:08:59.261 UTC
33.880000,-118.200000,33.880000,-118.200000,2025-03-27 23:52:02.22 UTC
33.880000,-118.200000,33.880000,-118.200000,2024-08-13 03:30:20.206 UTC
33.880000,-118.200000,33.880000,-118.200000,2024-08-13 03:30:12.046 UTC
33.880000,-118.200000,33.880000,-118.200000,2024-08-13 03:46:02.243 UTC
34.040000,-118.320000,34.040000,-118.320000,2024-05-05 21:03:31.912 UTC
33.880000,-118.200000,33.880000,-118.200000,2025-01-31 16:36:55.96 UTC
34.040000,-118.160000,34.040000,-118.160000,2025-01-31 01:48:05.33 UTC
34.160000,-118.120000,34.160000,-118.120000,2024-07-05 23:44:58.378 UTC
34.200000,-118.320000,34.200000,-118.320000,2025-04-07 18:25:54.145 UTC
33.880000,-118.200000,33.880000,-118.200000,2025-01-28 01:27:44.487 UTC
33.880000,-118.200000,33.880000,-118.200000,2025-01-28 02:16:32.452 UTC
33.880000,-118.200000,33.880000,-118.200000,2025-01-28 17:42:23.577 UTC
33.880000,-118.200000,33.880000,-118.200000,2024-08-12 00:26:44.366 UTC
33.880000,-118.200000,33.880000,-118.200000,2024-08-12 21:19:28.279 UTC
34.000000,-118.120000,34.000000,-118.120000,2024-08-12 00:15:39.003 UTC
34.040000,-118.160000,34.040000,-118.160000,2024-08-12 00:22:11.178 UTC
34.080000,-118.080000,34.080000,-118.080000,2024-08-12 03:01:30.599 UTC
33.880000,-118.200000,33.880000,-118.200000,2024-09-13 01:53:39.945 UTC
33.880000,-118.200000,33.880000,-118.200000,2024-09-13 14:52:48.723 UTC
33.880000,-118.200000,33.880000,-118.200000,2024-12-22 21:17:55.484 UTC
33.880000,-118.200000,33.880000,-118.200000,2024-12-22 22:30:30.876 UTC
33.880000,-118.200000,33.880000,-118.200000,2024-12-22 23:25:37.745 UTC
34.040000,-118.160000,,,2024-02-02 21:35:00.579 UTC
34.080000,-118.080000,,,2024-04-09 01:27:35.379 UTC
34.080000,-118.040000,,,2024-04-09 02:18:47.247 UTC
33.880000,-118.200000,33.880000,-118.200000,2024-12-26 01:23:01.089 UTC
33.880000,-118.200000,33.880000,-118.200000,2024-09-26 00:59:56.433 UTC
33.880000,-118.200000,33.880000,-118.200000,2024-09-26 01:19:24.144 UTC
33.880000,-118.200000,33.880000,-118.200000,2024-09-26 01:49:53.192 UTC
33.880000,-118.200000,33.880000,-118.200000,2024-09-26 21:00:27.163 UTC
33.880000,-118.200000,33.880000,-118.200000,2024-09-26 21:25:29.152 UTC
34.160000,-118.120000,34.160000,-118.120000,2024-09-26 19:24:57.135 UTC
34.040000,-118.320000,34.040000,-118.320000,2024-09-26 20:39:17.127 UTC
34.080000,-118.040000,34.080000,-118.040000,2024-09-26 20:09:13.164 UTC
33.880000,-118.200000,33.880000,-118.200000,2024-09-05 21:32:34.24 UTC
33.880000,-118.200000,33.880000,-118.200000,2024-09-05 21:46:34.239 UTC
33.880000,-118.200000,33.880000,-118.200000,2024-09-05 00:53:12.88 UTC
33.880000,-118.200000,33.880000,-118.200000,2024-09-05 02:09:06.34 UTC
33.880000,-118.200000,33.880000,-118.200000,2024-09-05 22:08:49.235 UTC
33.880000,-118.200000,33.880000,-118.200000,2025-01-23 01:10:25.618 UTC
33.880000,-118.200000,33.880000,-118.200000,2025-01-23 02:07:37.415 UTC
34.040000,-118.160000,,,2024-06-14 20:00:21.985 UTC
34.040000,-118.320000,,,2024-06-14 21:10:31.586 UTC
34.200000,-118.320000,34.200000,-118.320000,2025-04-18 20:27:44.217 UTC
34.200000,-118.320000,34.200000,-118.320000,2025-04-18 21:24:34.465 UTC
34.000000,-118.360000,34.000000,-118.360000,2025-04-18 22:41:47.295 UTC
34.040000,-118.160000,34.040000,-118.160000,2025-04-18 19:47:54.195 UTC
34.000000,-118.120000,34.000000,-118.120000,2024-09-21 00:59:02.625 UTC
34.000000,-118.120000,34.000000,-118.120000,2024-09-21 01:59:41.493 UTC
34.000000,-118.120000,34.000000,-118.120000,2024-09-21 01:46:44.676 UTC
33.880000,-118.200000,33.880000,-118.200000,2025-03-12 01:38:59.031 UTC
33.880000,-118.200000,34.040000,-118.160000,2025-03-12 02:26:02.258 UTC
33.880000,-118.200000,33.880000,-118.200000,2025-01-16 01:22:13.273 UTC
33.880000,-118.200000,33.880000,-118.200000,2025-01-16 02:07:02.555 UTC
33.880000,-118.200000,33.880000,-118.200000,2025-02-09 03:28:53.606 UTC
33.880000,-118.200000,33.880000,-118.200000,2025-02-09 21:44:36.708 UTC
33.880000,-118.200000,33.880000,-118.200000,2025-02-09 22:33:16.086 UTC
33.880000,-118.200000,33.880000,-118.200000,2025-02-09 21:33:32.226 UTC
34.000000,-118.360000,34.000000,-118.360000,2024-07-07 17:40:52.417 UTC
34.000000,-118.360000,34.000000,-118.360000,2024-07-07 18:03:57.214 UTC
34.000000,-118.360000,34.000000,-118.360000,2024-07-07 18:49:01.3 UTC
34.000000,-118.360000,34.000000,-118.360000,2024-07-07 19:27:53.271 UTC
34.000000,-118.360000,34.000000,-118.360000,2024-07-07 20:15:00.676 UTC
34.000000,-118.360000,34.000000,-118.360000,2024-07-07 20:30:56.326 UTC
34.040000,-118.160000,34.040000,-118.160000,2024-07-07 21:08:17.307 UTC
34.000000,-118.120000,,,2024-05-29 00:10:41.833 UTC
34.000000,-118.120000,,,2024-05-29 00:51:19.46 UTC
33.880000,-118.200000,,,2024-05-29 01:35:47.012 UTC
34.040000,-118.320000,,,2024-05-29 20:01:38.955 UTC
34.040000,-118.160000,,,2024-05-29 20:58:24.538 UTC
33.880000,-118.200000,,,2024-05-29 22:08:35.381 UTC
33.880000,-118.200000,,,2024-05-07 03:15:12.428 UTC
34.040000,-118.320000,,,2024-05-07 19:59:04.465 UTC
34.040000,-118.160000,,,2024-03-25 17:34:48.221 UTC
33.880000,-118.200000,33.880000,-118.200000,2024-12-18 01:27:07.775 UTC
33.880000,-118.200000,33.880000,-118.200000,2024-12-18 02:13:04.996 UTC
34.040000,-118.320000,34.040000,-118.320000,2024-12-18 16:18:18.5 UTC
34.080000,-118.360000,,,2023-11-18 23:43:03.926 UTC
34.080000,-118.360000,,,2023-11-18 00:41:07.87 UTC
34.080000,-118.360000,,,2023-11-18 01:05:48.334 UTC
34.080000,-118.360000,,,2023-11-18 05:14:17.888 UTC
34.080000,-118.360000,,,2023-11-18 06:42:28.415 UTC
34.080000,-118.360000,,,2023-11-18 00:01:13.532 UTC
34.080000,-118.360000,,,2023-11-18 07:32:26.738 UTC
34.080000,-118.360000,,,2023-11-18 05:02:59.039 UTC
34.080000,-118.360000,,,2023-11-18 07:22:47.689 UTC
34.080000,-118.360000,,,2023-11-18 00:03:30.475 UTC
34.080000,-118.360000,,,2023-11-18 23:43:42.854 UTC
34.080000,-118.360000,,,2023-11-18 02:21:42.948 UTC
34.080000,-118.360000,,,2023-11-18 07:08:00.832 UTC
34.080000,-118.360000,,,2023-11-18 05:17:34.096 UTC
34.080000,-118.360000,,,2023-11-18 05:12:21.062 UTC
34.080000,-118.360000,,,2023-11-18 05:15:40.065 UTC
34.080000,-118.360000,,,2023-11-18 05:06:51.137 UTC
34.080000,-118.360000,,,2023-11-18 01:22:17.947 UTC
34.080000,-118.360000,,,2023-11-18 05:16:29.065 UTC
34.080000,-118.360000,,,2023-11-18 01:45:55.86 UTC
34.080000,-118.360000,,,2023-11-18 01:52:14.972 UTC
34.080000,-118.360000,34.080000,-118.360000,2023-11-18 03:42:31.217 UTC
33.880000,-118.200000,33.880000,-118.200000,2025-03-01 00:40:05.62 UTC
33.880000,-118.200000,33.880000,-118.200000,2025-03-01 01:19:51.215 UTC
33.880000,-118.200000,33.880000,-118.200000,2025-03-01 02:04:59.836 UTC
33.880000,-118.200000,33.880000,-118.200000,2025-03-01 02:49:58.121 UTC
33.880000,-118.200000,33.880000,-118.200000,2025-03-01 16:40:51.948 UTC
33.880000,-118.200000,33.880000,-118.200000,2025-03-01 17:16:13.838 UTC
33.880000,-118.200000,33.880000,-118.200000,2025-03-01 18:04:46.979 UTC
33.880000,-118.200000,33.880000,-118.200000,2025-03-01 18:50:16.215 UTC
33.880000,-118.200000,33.880000,-118.200000,2025-03-01 19:47:05.235 UTC
33.880000,-118.200000,33.880000,-118.200000,2025-03-01 20:34:52 UTC
33.880000,-118.200000,33.880000,-118.200000,2025-03-01 21:14:48.958 UTC
33.880000,-118.200000,33.880000,-118.200000,2025-03-01 22:02:21.793 UTC
33.880000,-118.200000,33.880000,-118.200000,2025-03-01 22:50:02.17 UTC
33.880000,-118.200000,33.880000,-118.200000,2025-03-01 23:38:32.693 UTC
34.080000,-118.360000,,,2023-11-22 00:24:20.491 UTC
34.080000,-118.360000,,,2023-11-22 01:29:36.879 UTC
34.080000,-118.360000,,,2023-11-22 23:20:46.389 UTC
34.080000,-118.360000,,,2023-11-22 02:50:59.466 UTC
34.080000,-118.360000,,,2023-11-22 03:10:03.396 UTC
34.080000,-118.360000,,,2023-11-22 22:24:44.585 UTC
34.080000,-118.360000,,,2023-11-22 01:25:01.344 UTC
34.080000,-118.360000,,,2023-11-22 23:32:21.948 UTC
34.080000,-118.360000,,,2023-11-22 02:15:29.308 UTC
34.080000,-118.360000,,,2023-11-22 23:40:50.848 UTC
34.080000,-118.360000,,,2023-11-22 03:22:51.564 UTC
34.080000,-118.360000,,,2023-11-22 02:23:36.203 UTC
34.080000,-118.360000,,,2023-11-22 23:52:17.807 UTC
34.080000,-118.360000,,,2023-11-22 23:39:55.358 UTC
34.080000,-118.360000,,,2023-11-22 02:34:03.783 UTC
34.080000,-118.360000,,,2023-11-22 23:32:26.809 UTC
34.080000,-118.360000,,,2023-11-22 02:22:53.831 UTC
34.080000,-118.360000,,,2023-11-22 00:14:45.318 UTC
34.080000,-118.360000,,,2023-11-22 02:43:50.756 UTC
34.080000,-118.360000,,,2023-11-22 00:01:35.864 UTC
34.000000,-118.120000,,,2024-05-27 00:06:31.469 UTC
34.000000,-118.120000,,,2024-05-27 00:35:23.41 UTC
34.000000,-118.120000,,,2024-05-27 00:58:20.391 UTC
33.880000,-118.200000,,,2024-05-27 17:01:32.332 UTC
33.880000,-118.200000,,,2024-05-27 17:22:16.955 UTC
34.000000,-118.120000,,,2024-05-27 22:32:03.267 UTC
34.000000,-118.120000,,,2024-05-27 23:05:45 UTC
33.880000,-118.200000,33.880000,-118.200000,2024-11-02 17:03:38.151 UTC
33.880000,-118.200000,33.880000,-118.200000,2024-11-02 17:17:45.61 UTC
33.880000,-118.200000,33.880000,-118.200000,2024-11-02 17:11:44.477 UTC
33.880000,-118.200000,33.880000,-118.200000,2024-09-06 15:10:49.551 UTC
34.040000,-118.320000,34.040000,-118.320000,2024-09-06 19:12:27.891 UTC
33.880000,-118.200000,,,2024-06-22 03:06:20.29 UTC
33.880000,-118.200000,,,2024-06-22 03:50:48.372 UTC
33.880000,-118.200000,,,2024-06-22 23:57:33.308 UTC
33.880000,-118.200000,33.880000,-118.200000,2024-06-22 23:56:00.145 UTC
33.880000,-118.200000,,,2024-03-21 06:20:59.386 UTC
33.880000,-118.200000,33.880000,-118.200000,2025-05-23 18:50:38.299 UTC
34.040000,-118.320000,34.040000,-118.320000,2025-05-23 19:21:24.984 UTC
33.880000,-118.200000,33.880000,-118.200000,2024-12-23 00:11:21.478 UTC
33.880000,-118.200000,33.880000,-118.200000,2024-09-03 03:48:48.018 UTC
33.880000,-118.200000,33.880000,-118.200000,2024-09-03 04:12:23.154 UTC
33.880000,-118.200000,33.880000,-118.200000,2024-09-03 18:42:49.188 UTC
33.880000,-118.200000,33.880000,-118.200000,2024-09-03 19:02:33.86 UTC
34.080000,-118.040000,,,2024-05-26 01:32:36.245 UTC
34.000000,-118.120000,,,2024-05-26 23:48:29.263 UTC
33.880000,-118.200000,,,2024-06-11 03:08:24.883 UTC
34.040000,-118.320000,,,2024-06-11 19:25:36.67 UTC
33.880000,-118.200000,33.880000,-118.200000,2024-08-28 01:49:06.21 UTC
33.880000,-118.200000,33.880000,-118.200000,2024-08-28 02:48:08.222 UTC
33.880000,-118.200000,33.880000,-118.200000,2024-08-28 15:41:24.26 UTC
33.880000,-118.200000,33.880000,-118.200000,2024-08-28 17:06:56.301 UTC
33.880000,-118.200000,33.880000,-118.200000,2024-08-28 02:41:14.037 UTC
33.880000,-118.200000,33.880000,-118.200000,2024-07-06 02:35:12.323 UTC
33.880000,-118.200000,33.880000,-118.200000,2024-07-06 03:00:49.094 UTC
34.000000,-118.120000,34.000000,-118.120000,2024-07-06 21:01:46.099 UTC
33.880000,-118.200000,33.880000,-118.200000,2025-01-24 19:15:33.245 UTC
33.880000,-118.200000,33.880000,-118.200000,2025-01-24 19:51:10.248 UTC
33.880000,-118.200000,33.880000,-118.200000,2024-12-06 20:07:38.25 UTC
33.880000,-118.200000,33.880000,-118.200000,2025-03-20 01:19:37.843 UTC
33.880000,-118.200000,33.880000,-118.200000,2025-03-20 01:56:06.661 UTC
33.880000,-118.200000,33.880000,-118.200000,2025-03-20 02:20:43.283 UTC
34.040000,-118.160000,34.040000,-118.160000,2024-09-14 03:51:25.187 UTC
33.880000,-118.200000,33.880000,-118.200000,2024-09-14 04:30:43.655 UTC
34.080000,-118.040000,34.080000,-118.040000,2024-09-14 19:00:53.126 UTC
33.880000,-118.200000,33.880000,-118.200000,2024-09-14 21:08:00.226 UTC
33.880000,-118.200000,33.880000,-118.200000,2024-09-14 21:58:49.884 UTC
34.040000,-118.160000,34.040000,-118.160000,2024-09-14 23:41:17.302 UTC
33.880000,-118.200000,33.880000,-118.200000,2024-11-26 16:27:14.989 UTC
33.880000,-118.200000,33.880000,-118.200000,2025-02-05 01:14:23.612 UTC
33.880000,-118.200000,33.880000,-118.200000,2025-02-05 01:56:01.198 UTC
33.880000,-118.200000,33.880000,-118.200000,2024-09-07 03:56:40.185 UTC
33.880000,-118.200000,33.880000,-118.200000,2024-09-07 21:13:20.435 UTC
33.880000,-118.200000,33.880000,-118.200000,2024-09-07 23:28:48.116 UTC
33.880000,-118.200000,,,2024-06-25 04:23:39.283 UTC
33.880000,-118.200000,33.880000,-118.200000,2024-06-25 04:28:48.298 UTC
33.880000,-118.200000,33.880000,-118.200000,2024-06-25 20:52:24.525 UTC
34.040000,-118.320000,34.040000,-118.320000,2024-06-25 17:47:41.686 UTC
34.040000,-118.320000,34.040000,-118.320000,2024-06-25 16:21:34.37 UTC
34.040000,-118.320000,34.040000,-118.320000,2024-06-25 16:16:19.886 UTC
33.880000,-118.200000,,,2024-06-23 05:21:50.377 UTC
33.880000,-118.200000,33.880000,-118.200000,2024-07-21 00:01:44.712 UTC
33.880000,-118.200000,33.880000,-118.200000,2024-07-21 00:24:56.303 UTC
33.880000,-118.200000,33.880000,-118.200000,2024-07-21 16:11:02.743 UTC
34.040000,-118.160000,34.040000,-118.160000,2024-07-21 00:35:26.219 UTC
33.880000,-118.200000,33.880000,-118.200000,2025-01-11 02:46:39.877 UTC
33.880000,-118.200000,33.880000,-118.200000,2025-01-11 21:01:42.634 UTC
33.880000,-118.200000,33.880000,-118.200000,2025-01-11 21:42:29.28 UTC
33.880000,-118.200000,33.880000,-118.200000,2025-01-11 22:24:44.271 UTC
33.880000,-118.200000,33.880000,-118.200000,2025-01-11 23:11:10.669 UTC
33.880000,-118.200000,33.880000,-118.200000,2025-01-11 23:52:53.562 UTC
33.880000,-118.200000,33.880000,-118.200000,2025-03-02 23:33:32.513 UTC
33.880000,-118.200000,33.880000,-118.200000,2025-03-02 23:01:04.792 UTC
33.880000,-118.200000,33.880000,-118.200000,2025-03-02 21:42:17.071 UTC
33.880000,-118.200000,33.880000,-118.200000,2025-03-02 21:21:29.947 UTC
33.880000,-118.200000,33.880000,-118.200000,2025-03-02 21:12:48.714 UTC
33.880000,-118.200000,33.880000,-118.200000,2025-03-02 19:57:17.142 UTC
33.880000,-118.200000,33.880000,-118.200000,2025-03-02 19:15:30.994 UTC
33.880000,-118.200000,33.880000,-118.200000,2025-03-02 18:42:36.786 UTC
33.880000,-118.200000,33.880000,-118.200000,2025-03-02 17:38:39.302 UTC
33.880000,-118.200000,33.880000,-118.200000,2025-03-02 01:14:41.875 UTC
33.880000,-118.200000,33.880000,-118.200000,2025-03-02 01:09:06.702 UTC
33.880000,-118.200000,33.880000,-118.200000,2025-04-11 17:51:39.628 UTC
33.880000,-118.200000,33.880000,-118.200000,2025-01-08 01:30:23.891 UTC
33.880000,-118.200000,33.880000,-118.200000,2025-01-08 02:03:40.54 UTC
33.880000,-118.200000,33.880000,-118.200000,2025-02-12 01:26:18.043 UTC
33.880000,-118.200000,33.880000,-118.200000,2025-02-12 02:07:06.679 UTC
34.080000,-118.080000,,,2024-01-06 23:08:25.109 UTC
33.880000,-118.200000,,,2024-05-28 16:45:58.285 UTC
34.040000,-118.320000,,,2024-05-28 19:02:02.487 UTC
34.040000,-118.320000,,,2024-05-28 19:41:27.407 UTC
34.040000,-118.320000,,,2024-05-28 22:13:36.24 UTC
34.000000,-118.120000,,,2024-05-28 23:53:59.008 UTC
34.080000,-118.360000,,,2023-11-23 00:06:47.283 UTC
34.080000,-118.360000,,,2023-11-23 00:29:07.712 UTC
34.080000,-118.360000,,,2023-11-23 00:42:28.109 UTC
34.080000,-118.360000,,,2023-11-23 00:55:02.839 UTC
34.080000,-118.360000,,,2023-11-23 02:09:09.264 UTC
34.040000,-118.320000,,,2024-06-10 01:15:02.224 UTC
33.880000,-118.200000,,,2024-05-08 02:07:35.927 UTC
33.880000,-118.200000,33.880000,-118.200000,2024-05-08 01:20:50.817 UTC
33.880000,-118.200000,33.880000,-118.200000,2025-01-29 01:08:10.203 UTC
34.160000,-118.120000,34.160000,-118.120000,2025-01-29 17:38:19.76 UTC
33.880000,-118.200000,33.880000,-118.200000,2024-11-22 01:04:44.293 UTC
33.880000,-118.200000,33.880000,-118.200000,2024-11-22 01:35:26.068 UTC
33.880000,-118.200000,33.880000,-118.200000,2024-11-22 01:58:24.204 UTC
34.080000,-118.360000,,,2023-11-14 16:05:19.748 UTC
34.080000,-118.360000,,,2023-11-14 15:45:02.542 UTC
34.080000,-118.360000,,,2023-11-14 16:09:48.63 UTC
34.080000,-118.360000,,,2023-11-14 16:12:09.422 UTC
34.080000,-118.360000,34.080000,-118.360000,2023-11-14 15:21:11.023 UTC
33.880000,-118.200000,33.880000,-118.200000,2024-08-11 00:18:28.206 UTC
33.880000,-118.200000,33.880000,-118.200000,2024-08-11 04:01:09.211 UTC
34.000000,-118.120000,34.000000,-118.120000,2024-08-11 23:10:26.359 UTC
34.000000,-118.120000,34.000000,-118.120000,2024-08-11 23:30:05.471 UTC
34.000000,-118.120000,34.000000,-118.120000,2024-08-11 23:51:51.202 UTC
34.000000,-118.120000,34.000000,-118.120000,2024-08-11 18:13:52.328 UTC
33.880000,-118.200000,33.880000,-118.200000,2024-08-23 00:11:43.163 UTC
33.880000,-118.200000,33.880000,-118.200000,2024-08-23 00:07:40.107 UTC
33.880000,-118.200000,33.880000,-118.200000,2024-08-23 15:21:14.901 UTC
34.040000,-118.160000,34.040000,-118.160000,2024-08-23 01:25:03.718 UTC
34.080000,-118.360000,,,2023-11-17 23:40:57.221 UTC
34.080000,-118.360000,,,2023-11-17 08:03:31.344 UTC
34.080000,-118.280000,,,2023-11-17 06:35:24.443 UTC
34.080000,-118.360000,,,2023-11-17 08:42:55.67 UTC
34.080000,-118.360000,,,2023-11-17 08:14:38.984 UTC
34.080000,-118.360000,,,2023-11-17 23:58:58.45 UTC
34.080000,-118.360000,,,2023-11-17 08:49:10.651 UTC
34.080000,-118.360000,34.080000,-118.360000,2023-11-17 23:16:38.722 UTC
34.160000,-118.120000,,,2024-04-25 18:15:15.11 UTC
34.000000,-118.120000,34.000000,-118.120000,2024-11-01 00:41:21.56 UTC
33.880000,-118.200000,33.880000,-118.200000,2024-10-17 01:35:44.66 UTC
33.880000,-118.200000,33.880000,-118.200000,2024-10-17 02:01:37.355 UTC
33.880000,-118.200000,33.880000,-118.200000,2024-10-17 17:22:10.38 UTC
33.880000,-118.200000,33.880000,-118.200000,2024-10-17 01:30:16.524 UTC
33.880000,-118.200000,,,2024-01-20 22:43:44.902 UTC
33.880000,-118.200000,,,2024-01-20 21:58:57.293 UTC
34.080000,-118.080000,,,2024-06-15 01:35:21.255 UTC
33.880000,-118.200000,,,2024-06-15 23:08:35.21 UTC
33.880000,-118.200000,,,2024-06-15 23:42:47.337 UTC
33.880000,-118.200000,33.880000,-118.200000,2025-02-04 00:59:57.903 UTC
33.880000,-118.200000,33.880000,-118.200000,2025-02-04 01:36:30.166 UTC
33.880000,-118.200000,33.880000,-118.200000,2025-02-04 02:37:15.691 UTC
33.880000,-118.200000,33.880000,-118.200000,2025-01-14 01:32:10.387 UTC
33.880000,-118.200000,33.880000,-118.200000,2025-01-14 17:46:37.362 UTC
33.880000,-118.200000,33.880000,-118.200000,2025-03-23 00:39:49.156 UTC
33.880000,-118.200000,33.880000,-118.200000,2025-03-23 22:41:21.449 UTC
51.520000,-0.160000,51.520000,-0.160000,2025-03-23 21:07:46.011 UTC
34.080000,-118.080000,34.080000,-118.080000,2025-03-23 18:33:42.252 UTC
33.880000,-118.200000,,,2024-02-26 00:37:58.898 UTC
34.040000,-118.160000,,,2024-02-26 18:07:51.298 UTC
34.080000,-118.040000,,,2024-06-03 05:51:28.137 UTC
33.880000,-118.200000,,,2024-06-03 20:33:06.488 UTC
33.880000,-118.200000,33.880000,-118.200000,2024-06-03 20:37:33.442 UTC
33.880000,-118.200000,33.880000,-118.200000,2025-05-18 00:08:01.495 UTC
33.960000,-118.360000,33.960000,-118.360000,2025-05-18 20:51:17.216 UTC
33.960000,-118.360000,33.960000,-118.360000,2025-05-18 22:34:23.192 UTC
33.880000,-118.200000,33.880000,-118.200000,2024-09-22 03:51:57.212 UTC
33.880000,-118.200000,33.880000,-118.200000,2024-09-22 21:30:48.114 UTC
33.880000,-118.200000,33.880000,-118.200000,2024-09-22 22:03:35.699 UTC
33.880000,-118.200000,33.880000,-118.200000,2024-09-22 22:47:40.267 UTC
34.040000,-118.160000,34.040000,-118.160000,2024-09-22 04:01:29.209 UTC
34.080000,-118.280000,34.080000,-118.280000,2024-12-29 18:49:57.142 UTC
33.880000,-118.200000,33.880000,-118.200000,2024-12-29 22:09:49.267 UTC
34.000000,-118.120000,34.000000,-118.120000,2024-12-29 22:53:26.2 UTC
34.000000,-118.120000,34.000000,-118.120000,2024-12-29 23:26:30.705 UTC
34.040000,-118.160000,34.040000,-118.160000,2024-12-29 18:28:40.172 UTC
33.880000,-118.200000,33.880000,-118.200000,2024-08-16 04:02:56.187 UTC
33.880000,-118.200000,33.880000,-118.200000,2024-08-16 03:53:13.333 UTC
33.880000,-118.200000,33.880000,-118.200000,2024-08-16 01:50:43.23 UTC
34.160000,-118.120000,34.160000,-118.120000,2024-08-16 22:19:50.234 UTC
33.880000,-118.200000,33.880000,-118.200000,2024-07-09 00:52:15.267 UTC
33.880000,-118.200000,33.880000,-118.200000,2024-07-09 01:27:01.196 UTC
33.880000,-118.200000,33.880000,-118.200000,2024-07-09 02:08:22.2 UTC
34.000000,-118.120000,34.000000,-118.120000,2024-07-09 04:00:29.052 UTC
33.960000,-118.360000,33.960000,-118.360000,2025-01-05 00:18:46.188 UTC
33.880000,-118.200000,33.880000,-118.200000,2025-01-05 21:32:46.154 UTC
33.880000,-118.200000,33.880000,-118.200000,2025-01-05 22:17:54.21 UTC
33.880000,-118.200000,33.880000,-118.200000,2025-01-05 22:56:22.123 UTC
33.880000,-118.200000,33.880000,-118.200000,2025-01-05 23:34:15.048 UTC
33.880000,-118.200000,33.880000,-118.200000,2025-01-05 21:22:34.218 UTC
33.880000,-118.200000,33.880000,-118.200000,2025-01-05 22:09:56.812 UTC
34.000000,-118.120000,,,2024-04-08 02:24:20.178 UTC
34.000000,-118.120000,,,2024-04-08 02:24:25.214 UTC
33.880000,-118.200000,33.880000,-118.200000,2025-02-08 23:26:32.546 UTC
33.880000,-118.200000,34.040000,-118.160000,2025-02-08 15:59:02.185 UTC
33.880000,-118.200000,33.880000,-118.200000,2024-08-05 02:05:30.127 UTC
34.160000,-118.120000,34.160000,-118.120000,2024-08-05 01:56:49.873 UTC
34.040000,-118.160000,34.040000,-118.160000,2024-08-05 01:40:12.403 UTC
33.880000,-118.200000,33.880000,-118.200000,2025-02-02 00:03:07.142 UTC
33.880000,-118.200000,33.880000,-118.200000,2024-12-08 21:05:46.335 UTC
33.880000,-118.200000,33.880000,-118.200000,2024-12-08 21:49:36.566 UTC
33.880000,-118.200000,33.880000,-118.200000,2024-12-08 22:27:09.538 UTC
33.880000,-118.200000,33.880000,-118.200000,2024-12-08 23:21:59.192 UTC
34.040000,-118.160000,,,2024-04-07 00:02:04.323 UTC
34.080000,-118.080000,,,2024-04-07 01:42:11.148 UTC
33.960000,-118.360000,,,2024-04-07 02:22:57.431 UTC
34.080000,-118.080000,34.080000,-118.080000,2024-04-07 19:13:32.998 UTC
34.000000,-118.120000,34.000000,-118.120000,2025-05-10 20:23:46.182 UTC
33.880000,-118.200000,33.880000,-118.200000,2025-05-10 21:32:32.17 UTC
33.880000,-118.200000,33.880000,-118.200000,2025-05-10 22:19:31.045 UTC
33.880000,-118.200000,33.880000,-118.200000,2024-10-04 17:35:17.829 UTC
33.880000,-118.200000,33.880000,-118.200000,2024-10-04 17:10:06.206 UTC
33.880000,-118.200000,33.880000,-118.200000,2024-10-04 17:47:26.253 UTC
33.880000,-118.200000,33.880000,-118.200000,2024-10-04 17:29:02.917 UTC
33.880000,-118.200000,33.880000,-118.200000,2024-11-25 00:41:24.234 UTC
34.040000,-118.320000,34.040000,-118.320000,2024-11-25 01:15:46.193 UTC
33.880000,-118.200000,,,2024-03-23 17:14:30.545 UTC
33.880000,-118.200000,,,2024-03-23 18:22:56.402 UTC
33.880000,-118.200000,33.880000,-118.200000,2024-09-11 00:19:37.908 UTC
34.040000,-118.160000,34.040000,-118.160000,2024-09-11 03:48:22.693 UTC
34.160000,-118.120000,34.160000,-118.120000,2024-09-11 18:10:50.358 UTC
33.880000,-118.200000,33.880000,-118.200000,2024-09-11 22:27:18.153 UTC
33.880000,-118.200000,33.880000,-118.200000,2024-09-11 22:00:21.582 UTC
33.880000,-118.200000,33.880000,-118.200000,2024-07-04 00:54:29.343 UTC
33.880000,-118.200000,33.880000,-118.200000,2024-07-04 01:21:01.282 UTC
33.880000,-118.200000,33.880000,-118.200000,2024-07-04 01:47:29.29 UTC
33.880000,-118.200000,33.880000,-118.200000,2024-07-04 02:38:50.226 UTC
34.080000,-118.040000,,,2024-02-07 20:51:34.633 UTC
34.080000,-118.040000,,,2024-02-07 21:54:05.288 UTC
33.880000,-118.200000,33.880000,-118.200000,2025-01-22 01:18:59.798 UTC
34.080000,-118.040000,34.080000,-118.040000,2025-02-07 00:14:05.228 UTC
34.040000,-118.160000,,,2024-05-01 17:32:27.502 UTC
34.000000,-118.400000,,,2024-05-01 19:00:49.429 UTC
33.880000,-118.200000,33.880000,-118.200000,2024-05-01 01:15:44.284 UTC
33.880000,-118.200000,33.880000,-118.200000,2025-01-20 00:06:20.784 UTC
34.040000,-118.160000,34.040000,-118.160000,2025-01-20 20:31:11.493 UTC
33.880000,-118.200000,,,2024-06-20 01:45:39.907 UTC
33.880000,-118.200000,,,2024-06-20 01:29:43.306 UTC
33.880000,-118.200000,33.880000,-118.200000,2024-07-17 01:42:32.023 UTC
34.040000,-118.160000,34.040000,-118.160000,2024-07-17 05:45:34.508 UTC
33.880000,-118.200000,33.880000,-118.200000,2024-07-29 02:06:28.623 UTC
33.880000,-118.200000,33.880000,-118.200000,2024-07-29 21:01:51.328 UTC
34.040000,-118.320000,34.040000,-118.320000,2024-07-29 22:42:41.015 UTC
33.880000,-118.200000,33.880000,-118.200000,2025-02-17 18:30:13.323 UTC
33.880000,-118.200000,33.880000,-118.200000,2025-02-17 21:43:15.338 UTC
33.880000,-118.200000,33.880000,-118.200000,2025-02-17 22:36:21.436 UTC
33.880000,-118.200000,33.880000,-118.200000,2025-02-17 23:16:22.419 UTC
33.880000,-118.200000,33.880000,-118.200000,2025-02-17 23:44:41.248 UTC
34.000000,-118.120000,,,2024-05-15 22:23:20.321 UTC
33.880000,-118.200000,33.880000,-118.200000,2024-03-08 21:58:54.38 UTC
33.880000,-118.200000,33.880000,-118.200000,2025-02-23 18:21:47.821 UTC
33.880000,-118.200000,33.880000,-118.200000,2025-02-23 19:01:51.32 UTC
33.880000,-118.200000,33.880000,-118.200000,2025-02-23 01:53:27.426 UTC
33.960000,-118.360000,,,2024-04-28 03:22:01.532 UTC
33.880000,-118.200000,33.880000,-118.200000,2024-10-12 22:16:37.312 UTC
33.880000,-118.200000,33.880000,-118.200000,2024-10-12 21:17:38.187 UTC
33.880000,-118.200000,33.880000,-118.200000,2024-10-12 21:43:27.241 UTC
33.880000,-118.200000,33.880000,-118.200000,2024-08-22 23:59:48.338 UTC
33.880000,-118.200000,33.880000,-118.200000,2024-08-22 23:41:34.175 UTC
33.880000,-118.200000,33.880000,-118.200000,2024-08-22 16:46:13.46 UTC
33.880000,-118.200000,33.880000,-118.200000,2024-08-22 01:47:59.889 UTC
33.880000,-118.200000,33.880000,-118.200000,2024-08-22 15:20:46.2 UTC
33.880000,-118.200000,33.880000,-118.200000,2024-08-22 16:52:39.945 UTC
34.160000,-118.120000,34.160000,-118.120000,2024-06-29 22:27:48.18 UTC
34.000000,-118.120000,34.000000,-118.120000,2024-06-29 19:28:58.245 UTC
34.000000,-118.120000,34.000000,-118.120000,2024-06-29 20:12:19.487 UTC
34.000000,-118.120000,34.000000,-118.120000,2024-06-29 20:48:35.204 UTC
34.000000,-118.120000,34.000000,-118.120000,2024-06-29 22:48:57.353 UTC
34.000000,-118.120000,34.000000,-118.120000,2024-06-29 23:26:30.573 UTC
33.880000,-118.200000,33.880000,-118.200000,2025-05-01 00:55:07.168 UTC
33.880000,-118.200000,33.880000,-118.200000,2025-05-01 01:37:08.451 UTC
33.880000,-118.200000,33.880000,-118.200000,2024-08-01 01:15:52.192 UTC
33.880000,-118.200000,33.880000,-118.200000,2024-08-01 01:48:00.873 UTC
33.880000,-118.200000,33.880000,-118.200000,2025-01-21 00:55:03.243 UTC
33.880000,-118.200000,33.880000,-118.200000,2025-01-21 01:41:04.056 UTC
33.880000,-118.200000,33.880000,-118.200000,2024-08-08 01:18:12.886 UTC
33.880000,-118.200000,33.880000,-118.200000,2024-08-08 01:39:59.138 UTC
33.880000,-118.200000,33.880000,-118.200000,2024-08-08 18:40:14.479 UTC
33.880000,-118.200000,33.880000,-118.200000,2024-08-08 19:18:00.184 UTC
33.880000,-118.200000,33.880000,-118.200000,2024-08-08 19:55:10.096 UTC
33.880000,-118.200000,33.880000,-118.200000,2024-08-08 19:25:11.666 UTC
34.040000,-118.320000,,,2024-06-21 20:19:07.695 UTC
34.040000,-118.320000,34.040000,-118.320000,2024-06-21 20:09:33.669 UTC
33.880000,-118.200000,33.880000,-118.200000,2025-01-12 01:20:00.44 UTC
33.880000,-118.200000,33.880000,-118.200000,2024-09-09 21:52:01.392 UTC
33.880000,-118.200000,33.880000,-118.200000,2024-09-09 21:39:24.458 UTC
34.080000,-118.040000,34.080000,-118.040000,2024-09-09 20:05:45.365 UTC
33.880000,-118.200000,33.880000,-118.200000,2024-09-04 15:04:24.727 UTC
34.000000,-118.120000,34.000000,-118.120000,2024-09-04 20:35:03.219 UTC
33.880000,-118.200000,34.040000,-118.160000,2024-09-04 21:53:42.374 UTC
33.880000,-118.200000,33.880000,-118.200000,2024-07-18 01:56:30.791 UTC
34.160000,-118.120000,34.160000,-118.120000,2024-07-18 00:28:28.812 UTC
33.880000,-118.200000,,,2024-02-23 01:46:13.438 UTC
33.880000,-118.200000,,,2024-02-23 01:37:55.357 UTC
33.880000,-118.200000,33.880000,-118.200000,2024-02-23 01:02:54.417 UTC
33.880000,-118.200000,,,2024-06-06 00:58:12.015 UTC
33.880000,-118.200000,,,2024-06-06 01:28:44.242 UTC
34.040000,-118.320000,34.040000,-118.320000,2024-09-27 20:01:17.926 UTC
34.040000,-118.160000,34.040000,-118.160000,2024-09-27 21:16:48.923 UTC
33.880000,-118.200000,33.880000,-118.200000,2025-03-14 20:21:40.235 UTC
34.000000,-118.120000,34.000000,-118.120000,2025-03-14 17:50:57.175 UTC
34.000000,-118.120000,34.000000,-118.120000,2025-03-14 18:09:43.224 UTC
33.880000,-118.200000,33.880000,-118.200000,2025-01-17 16:11:33.599 UTC
34.160000,-118.120000,34.160000,-118.120000,2025-01-17 16:17:55.256 UTC
34.000000,-118.120000,34.000000,-118.120000,2025-01-17 16:24:02.397 UTC
34.040000,-118.160000,34.040000,-118.160000,2025-01-17 18:02:12.206 UTC
34.080000,-118.360000,,,2023-11-20 22:57:08.05 UTC
34.080000,-118.360000,,,2023-11-20 22:59:36.932 UTC
34.080000,-118.360000,,,2023-11-20 22:08:00.989 UTC
34.080000,-118.360000,,,2023-11-20 22:31:42.119 UTC
34.080000,-118.360000,,,2023-11-20 23:00:57.033 UTC
34.080000,-118.360000,,,2023-11-20 22:43:45.957 UTC
34.080000,-118.360000,,,2023-11-20 22:36:21.19 UTC
34.080000,-118.360000,,,2023-11-20 22:53:07.115 UTC
34.080000,-118.360000,,,2023-11-20 22:17:05.784 UTC
34.080000,-118.360000,,,2023-11-20 23:22:54.336 UTC
34.080000,-118.360000,,,2023-11-20 23:41:00.523 UTC
34.080000,-118.360000,34.080000,-118.360000,2023-11-20 01:40:42.914 UTC
34.080000,-118.360000,34.080000,-118.360000,2023-11-20 02:12:50.442 UTC
33.880000,-118.200000,33.880000,-118.200000,2024-11-27 01:26:00.982 UTC
33.960000,-118.360000,33.960000,-118.360000,2024-11-27 19:48:29.229 UTC
-33.920000,151.200000,-33.920000,151.200000,2024-11-27 20:13:14.242 UTC
34.040000,-118.160000,34.040000,-118.160000,2025-05-07 22:35:44.46 UTC
33.880000,-118.200000,33.880000,-118.200000,2025-04-23 01:25:48.116 UTC
33.880000,-118.200000,33.880000,-118.200000,2024-10-05 02:38:17.271 UTC
33.880000,-118.200000,33.880000,-118.200000,2024-10-05 03:09:07.247 UTC
33.880000,-118.200000,33.880000,-118.200000,2024-10-05 21:08:08.2 UTC
33.880000,-118.200000,33.880000,-118.200000,2024-10-05 21:37:05.258 UTC
33.880000,-118.200000,33.880000,-118.200000,2024-10-05 22:07:52.876 UTC
33.880000,-118.200000,33.880000,-118.200000,2024-10-05 22:43:01.33 UTC
33.880000,-118.200000,33.880000,-118.200000,2025-02-06 01:02:44.191 UTC
33.880000,-118.200000,33.880000,-118.200000,2025-02-06 01:56:38.177 UTC
34.000000,-118.360000,,,2024-03-11 03:12:21.547 UTC
34.000000,-118.360000,,,2024-03-11 03:21:49.203 UTC
34.040000,-118.320000,,,2024-03-11 07:16:57.409 UTC
34.000000,-118.360000,,,2024-03-11 03:01:54.42 UTC
34.000000,-118.360000,,,2024-03-11 03:08:34.132 UTC
34.000000,-118.360000,34.000000,-118.360000,2024-03-11 03:50:24.735 UTC
34.040000,-118.320000,,,2024-04-14 21:36:08.347 UTC
33.880000,-118.200000,33.880000,-118.200000,2025-04-24 01:41:34.83 UTC
33.880000,-118.200000,33.880000,-118.200000,2024-09-16 22:58:46.247 UTC
33.880000,-118.200000,33.880000,-118.200000,2024-09-16 22:45:22.206 UTC
33.880000,-118.200000,33.880000,-118.200000,2024-09-16 23:17:33.207 UTC
33.880000,-118.200000,33.880000,-118.200000,2024-09-16 22:44:36.118 UTC
34.040000,-118.320000,34.040000,-118.320000,2024-09-16 18:24:34.269 UTC
33.880000,-118.200000,33.880000,-118.200000,2024-12-13 03:30:54.965 UTC
33.880000,-118.200000,33.880000,-118.200000,2024-12-13 03:52:32.632 UTC
33.880000,-118.200000,33.880000,-118.200000,2024-12-13 15:26:18.619 UTC
33.880000,-118.200000,33.880000,-118.200000,2024-07-26 00:01:11.171 UTC
34.040000,-118.160000,34.040000,-118.160000,2024-07-26 21:02:12.756 UTC
33.880000,-118.200000,33.880000,-118.200000,2025-05-26 01:39:33.238 UTC
33.880000,-118.200000,33.880000,-118.200000,2025-05-26 19:51:11.185 UTC
34.040000,-118.320000,34.040000,-118.320000,2025-05-26 19:31:47.225 UTC
34.000000,-118.360000,,,2024-03-29 22:00:26.228 UTC
34.000000,-118.360000,,,2024-03-29 22:05:51.326 UTC
34.000000,-118.360000,,,2024-03-29 20:14:06.176 UTC
34.000000,-118.360000,,,2024-03-29 21:59:27.202 UTC
34.000000,-118.360000,,,2024-03-29 21:55:54.321 UTC
34.000000,-118.360000,34.000000,-118.360000,2024-03-29 20:49:57.272 UTC
33.880000,-118.200000,33.880000,-118.200000,2024-10-14 20:21:31.173 UTC
34.080000,-118.360000,,,2023-11-26 04:02:15.306 UTC
34.080000,-118.360000,,,2023-11-26 04:20:53.24 UTC
34.080000,-118.280000,34.080000,-118.280000,2023-11-26 07:38:20.31 UTC
34.000000,-118.120000,34.000000,-118.120000,2025-03-18 02:22:23.15 UTC
34.000000,-118.120000,34.000000,-118.120000,2025-03-18 02:23:28.394 UTC
34.000000,-118.120000,34.000000,-118.120000,2025-03-18 04:36:01.158 UTC
33.880000,-118.200000,33.880000,-118.200000,2025-03-18 18:49:50.237 UTC
33.880000,-118.200000,33.880000,-118.200000,2024-08-03 04:27:57.336 UTC
33.880000,-118.200000,33.880000,-118.200000,2024-08-03 18:02:06.962 UTC
33.880000,-118.200000,33.880000,-118.200000,2024-08-03 18:40:49.916 UTC
33.880000,-118.200000,33.880000,-118.200000,2024-08-03 19:58:13.184 UTC
33.880000,-118.200000,33.880000,-118.200000,2024-08-03 20:39:54.7 UTC
34.160000,-118.120000,34.160000,-118.120000,2024-08-03 19:28:37.85 UTC
34.040000,-118.320000,,,2024-03-04 01:43:10.429 UTC
33.880000,-118.200000,,,2024-03-04 04:40:57.696 UTC
33.880000,-118.200000,33.880000,-118.200000,2024-03-04 04:54:57.237 UTC
34.080000,-118.280000,34.080000,-118.280000,2024-08-02 06:15:32.269 UTC
34.080000,-118.280000,34.080000,-118.280000,2024-08-02 06:09:22.904 UTC
34.200000,-118.240000,34.200000,-118.240000,2024-08-02 06:25:31.823 UTC
34.000000,-118.360000,34.000000,-118.360000,2024-08-02 06:32:44.76 UTC
34.000000,-118.360000,34.000000,-118.360000,2024-08-02 06:32:09.757 UTC
34.000000,-118.360000,34.000000,-118.360000,2024-08-02 06:39:41.911 UTC
34.080000,-118.280000,34.080000,-118.280000,2024-08-02 06:57:59.697 UTC
34.040000,-118.320000,34.040000,-118.320000,2024-08-02 07:12:25.692 UTC
34.080000,-118.040000,34.080000,-118.040000,2024-08-02 07:07:36.368 UTC
33.960000,-118.360000,33.960000,-118.360000,2024-08-02 23:46:14.835 UTC
34.040000,-118.160000,,,2024-03-05 17:12:54 UTC
33.880000,-118.200000,33.880000,-118.200000,2025-04-16 00:59:26.026 UTC
33.880000,-118.200000,33.880000,-118.200000,2025-04-16 01:32:57.272 UTC
33.880000,-118.200000,33.880000,-118.200000,2025-04-16 22:10:38.924 UTC
34.040000,-118.160000,34.040000,-118.160000,2025-04-16 02:07:30.588 UTC
33.880000,-118.200000,33.880000,-118.200000,2024-07-25 01:19:42.298 UTC
33.880000,-118.200000,33.880000,-118.200000,2024-07-25 01:54:24.196 UTC
34.080000,-118.360000,,,2023-11-12 09:00:19.992 UTC
34.080000,-118.360000,,,2023-11-12 02:04:23.154 UTC
34.080000,-118.360000,,,2023-11-12 19:28:11.724 UTC
34.080000,-118.360000,,,2023-11-12 09:21:25.839 UTC
34.080000,-118.360000,,,2023-11-12 09:14:19.442 UTC
34.080000,-118.360000,,,2023-11-12 02:37:37.198 UTC
34.080000,-118.360000,,,2023-11-12 08:55:00.089 UTC
34.080000,-118.360000,,,2023-11-12 09:07:57.238 UTC
34.080000,-118.360000,,,2023-11-12 01:52:01.53 UTC
34.080000,-118.360000,,,2023-11-12 08:32:12.768 UTC
34.080000,-118.360000,,,2023-11-12 02:07:32.253 UTC
34.080000,-118.360000,,,2023-11-12 02:04:45.346 UTC
34.080000,-118.360000,,,2023-11-12 17:46:36.359 UTC
34.080000,-118.360000,,,2023-11-12 18:04:23.154 UTC
34.080000,-118.360000,34.080000,-118.360000,2023-11-12 17:32:42.722 UTC
33.880000,-118.200000,33.880000,-118.200000,2024-03-22 16:45:24.572 UTC
34.040000,-118.160000,,,2024-03-09 22:10:10.313 UTC
33.880000,-118.200000,33.880000,-118.200000,2024-08-07 01:07:18.516 UTC
33.880000,-118.200000,33.880000,-118.200000,2024-08-07 01:20:50.713 UTC
33.880000,-118.200000,33.880000,-118.200000,2024-11-24 23:43:24.202 UTC
33.880000,-118.200000,33.880000,-118.200000,2024-11-24 22:40:32.203 UTC
33.880000,-118.200000,33.880000,-118.200000,2024-11-24 22:27:45.721 UTC
33.880000,-118.200000,33.880000,-118.200000,2024-11-24 19:35:27.187 UTC
33.880000,-118.200000,33.880000,-118.200000,2024-11-24 19:05:49.413 UTC
33.880000,-118.200000,33.880000,-118.200000,2024-11-24 19:06:46.759 UTC
33.880000,-118.200000,33.880000,-118.200000,2024-11-24 00:41:43.491 UTC
33.880000,-118.200000,33.880000,-118.200000,2024-11-24 00:35:01.743 UTC
33.880000,-118.200000,33.880000,-118.200000,2024-11-24 21:19:52.16 UTC
33.880000,-118.200000,33.880000,-118.200000,2024-11-24 00:06:51.359 UTC
34.000000,-118.120000,34.000000,-118.120000,2025-05-14 20:58:10.266 UTC
34.000000,-118.360000,34.000000,-118.360000,2024-10-25 16:36:47.888 UTC
34.000000,-118.360000,34.000000,-118.360000,2024-10-25 16:53:33.807 UTC
34.000000,-118.360000,34.000000,-118.360000,2024-10-25 17:56:57.319 UTC
34.000000,-118.360000,34.000000,-118.360000,2024-10-25 19:05:18.268 UTC
34.000000,-118.360000,34.000000,-118.360000,2024-10-25 19:48:36.966 UTC
34.080000,-118.040000,34.080000,-118.040000,2024-10-25 20:53:16.211 UTC
34.000000,-118.120000,34.000000,-118.120000,2025-04-21 20:11:16.609 UTC
34.000000,-118.120000,34.000000,-118.120000,2025-04-21 20:41:15.179 UTC
34.000000,-118.120000,34.000000,-118.120000,2025-04-21 21:08:24.671 UTC
34.040000,-118.160000,34.040000,-118.160000,2025-04-21 20:05:00.692 UTC
34.000000,-118.120000,,,2024-03-02 02:47:29.427 UTC
34.040000,-118.160000,,,2024-03-02 23:29:54.62 UTC
33.880000,-118.200000,33.880000,-118.200000,2024-10-28 21:28:13.198 UTC
33.880000,-118.200000,33.880000,-118.200000,2024-08-24 04:09:53.246 UTC
33.880000,-118.200000,33.880000,-118.200000,2024-08-24 19:56:01.306 UTC
33.880000,-118.200000,33.880000,-118.200000,2024-08-24 20:28:27.129 UTC
33.880000,-118.200000,33.880000,-118.200000,2024-08-24 20:57:02.161 UTC
33.880000,-118.200000,33.880000,-118.200000,2024-08-24 21:29:38.219 UTC
33.880000,-118.200000,33.880000,-118.200000,2024-08-24 22:02:19.133 UTC
33.880000,-118.200000,33.880000,-118.200000,2024-08-24 22:19:24.109 UTC
33.880000,-118.200000,33.880000,-118.200000,2024-08-24 22:46:29.279 UTC
33.880000,-118.200000,33.880000,-118.200000,2025-02-01 18:22:39.212 UTC
33.880000,-118.200000,33.880000,-118.200000,2025-02-01 20:54:46.348 UTC
33.880000,-118.200000,33.880000,-118.200000,2025-02-01 21:40:05.796 UTC
33.880000,-118.200000,33.880000,-118.200000,2025-02-01 22:23:05.431 UTC
33.880000,-118.200000,33.880000,-118.200000,2025-02-01 23:17:53.074 UTC
33.880000,-118.200000,33.880000,-118.200000,2025-02-01 23:50:38.61 UTC
33.880000,-118.200000,,,2024-05-30 01:31:28.315 UTC
33.880000,-118.200000,,,2024-05-30 02:06:49.583 UTC
33.880000,-118.200000,33.880000,-118.200000,2025-05-28 16:30:19.184 UTC
33.880000,-118.200000,33.880000,-118.200000,2025-02-13 01:16:44.156 UTC
33.880000,-118.200000,33.880000,-118.200000,2025-02-13 01:47:27.179 UTC
33.880000,-118.200000,33.880000,-118.200000,2025-01-02 01:07:33.319 UTC
33.880000,-118.200000,33.880000,-118.200000,2025-01-02 01:55:28.193 UTC
33.880000,-118.200000,,,2024-05-04 21:28:53.926 UTC
33.880000,-118.200000,33.880000,-118.200000,2024-05-04 22:02:41.246 UTC
33.880000,-118.200000,,,2024-03-17 23:38:39.451 UTC
33.880000,-118.200000,33.880000,-118.200000,2024-03-17 04:49:01.525 UTC
33.880000,-118.200000,33.880000,-118.200000,2024-07-02 03:34:06.96 UTC
33.880000,-118.200000,33.880000,-118.200000,2024-07-02 04:22:28.141 UTC
33.880000,-118.200000,33.880000,-118.200000,2024-07-02 18:53:09.907 UTC
33.880000,-118.200000,33.880000,-118.200000,2025-03-19 01:35:47.791 UTC
33.880000,-118.200000,33.880000,-118.200000,2025-03-19 02:37:26.347 UTC
33.880000,-118.200000,33.880000,-118.200000,2024-03-13 05:24:15.347 UTC
33.880000,-118.200000,,,2024-05-09 01:04:39.876 UTC
33.880000,-118.200000,33.880000,-118.200000,2024-05-09 01:09:41.29 UTC
34.040000,-118.160000,34.040000,-118.160000,2024-07-27 03:50:06.388 UTC
33.880000,-118.200000,33.880000,-118.200000,2024-07-27 04:16:13.936 UTC
33.880000,-118.200000,33.880000,-118.200000,2024-07-27 04:38:37.079 UTC
34.000000,-118.120000,34.000000,-118.120000,2024-07-27 18:18:10.105 UTC
34.000000,-118.120000,34.000000,-118.120000,2024-07-27 19:25:21.673 UTC
34.000000,-118.120000,34.000000,-118.120000,2024-07-27 20:27:21.629 UTC
34.000000,-118.120000,34.000000,-118.120000,2024-07-27 20:59:32.562 UTC
34.000000,-118.120000,34.000000,-118.120000,2024-07-27 21:40:55.39 UTC
34.000000,-118.120000,34.000000,-118.120000,2024-07-27 22:17:29.055 UTC
34.000000,-118.120000,34.000000,-118.120000,2024-07-27 23:09:54.206 UTC
34.000000,-118.120000,34.000000,-118.120000,2024-07-27 23:48:40.145 UTC
34.000000,-118.120000,34.000000,-118.120000,2024-07-27 22:35:59.125 UTC
34.040000,-118.160000,34.040000,-118.160000,2025-03-30 19:20:48.258 UTC
33.880000,-118.200000,33.880000,-118.200000,2024-08-29 01:25:46.16 UTC
33.880000,-118.200000,33.880000,-118.200000,2024-08-29 01:46:33.267 UTC
34.000000,-118.120000,34.000000,-118.120000,2024-08-29 20:58:54.215 UTC
34.000000,-118.120000,34.000000,-118.120000,2024-08-29 21:11:28.181 UTC
34.040000,-118.160000,34.040000,-118.160000,2024-09-01 04:24:41.467 UTC
33.880000,-118.200000,,,2024-02-25 00:20:05.942 UTC
33.880000,-118.200000,,,2024-02-25 00:20:01.6 UTC
33.880000,-118.200000,33.880000,-118.200000,2024-08-31 21:02:29.192 UTC
33.880000,-118.200000,33.880000,-118.200000,2024-08-31 22:01:02.017 UTC
33.880000,-118.200000,33.880000,-118.200000,2024-08-31 03:05:37.192 UTC
33.880000,-118.200000,33.880000,-118.200000,2024-08-31 22:03:10.786 UTC
33.880000,-118.200000,33.880000,-118.200000,2024-08-31 23:19:55.037 UTC
34.160000,-118.200000,34.160000,-118.200000,2024-08-31 20:21:22.992 UTC
33.880000,-118.200000,,,2024-03-06 02:32:54.181 UTC
33.880000,-118.200000,,,2024-02-22 02:01:54.404 UTC
34.000000,-118.120000,34.000000,-118.120000,2024-07-01 01:29:06.344 UTC
34.000000,-118.120000,34.000000,-118.120000,2024-07-01 02:11:52.023 UTC
34.000000,-118.120000,34.000000,-118.120000,2024-07-01 03:01:09.922 UTC
34.000000,-118.360000,34.000000,-118.360000,2024-11-20 17:23:33.617 UTC
33.880000,-118.200000,33.880000,-118.200000,2024-11-20 01:55:56.8 UTC
34.080000,-118.040000,34.080000,-118.040000,2024-11-20 18:43:00.375 UTC
34.200000,-118.320000,34.200000,-118.320000,2024-11-20 17:03:47.253 UTC
33.880000,-118.200000,33.880000,-118.200000,2025-04-08 19:20:54.317 UTC
34.080000,-118.080000,34.080000,-118.080000,2025-04-08 19:48:24.216 UTC
33.880000,-118.200000,33.880000,-118.200000,2025-02-26 01:11:44.919 UTC
33.880000,-118.200000,33.880000,-118.200000,2025-02-26 02:15:52.174 UTC
33.880000,-118.200000,33.880000,-118.200000,2025-02-26 02:55:53.217 UTC
34.080000,-118.040000,34.080000,-118.040000,2025-02-26 20:16:49.185 UTC
34.080000,-118.040000,34.080000,-118.040000,2025-02-26 21:13:19.149 UTC
34.040000,-118.160000,34.040000,-118.160000,2025-02-26 19:51:16.864 UTC
34.160000,-118.200000,34.160000,-118.200000,2024-10-23 00:36:51.358 UTC
34.160000,-118.120000,,,2024-02-10 20:44:04.256 UTC
34.000000,-118.360000,34.000000,-118.360000,2024-10-06 23:48:33.072 UTC
33.880000,-118.200000,,,2024-03-15 22:32:31.265 UTC
34.080000,-118.040000,34.080000,-118.040000,2024-08-17 19:12:17.274 UTC
33.880000,-118.200000,33.880000,-118.200000,2024-08-17 22:28:25.319 UTC
34.000000,-118.120000,34.000000,-118.120000,2024-07-28 00:04:35.254 UTC
33.880000,-118.200000,,,2024-06-13 20:03:34.271 UTC
33.880000,-118.200000,,,2024-06-13 19:53:15.453 UTC
33.880000,-118.200000,,,2024-06-13 01:21:28.183 UTC
33.880000,-118.200000,,,2024-06-13 20:07:10.209 UTC
33.880000,-118.200000,,,2024-06-13 01:55:55.17 UTC
33.880000,-118.200000,33.880000,-118.200000,2025-04-03 01:04:37.182 UTC
33.880000,-118.200000,33.880000,-118.200000,2025-04-03 01:52:26.591 UTC
33.880000,-118.200000,33.880000,-118.200000,2024-07-19 23:58:21.365 UTC
34.000000,-118.120000,34.000000,-118.120000,2024-06-30 01:01:41.233 UTC
33.880000,-118.200000,33.880000,-118.200000,2024-06-30 02:10:10.23 UTC
34.000000,-118.360000,34.000000,-118.360000,2024-06-30 22:45:00.351 UTC
34.000000,-118.120000,,,2024-06-07 04:35:43.215 UTC
34.160000,-118.120000,,,2024-06-07 04:59:51.963 UTC
33.880000,-118.200000,33.880000,-118.200000,2025-01-04 00:57:26.674 UTC
34.040000,-118.320000,34.040000,-118.320000,2025-01-04 18:53:15.474 UTC
34.040000,-118.320000,34.040000,-118.320000,2025-01-04 20:50:29.454 UTC
34.040000,-118.160000,34.040000,-118.160000,2025-01-04 18:43:30.797 UTC
34.080000,-118.080000,34.080000,-118.080000,2025-01-04 23:25:36.274 UTC
33.880000,-118.200000,33.880000,-118.200000,2025-02-25 01:37:37.916 UTC
33.880000,-118.200000,33.880000,-118.200000,2025-02-25 02:23:00.268 UTC
33.880000,-118.200000,33.880000,-118.200000,2025-02-25 18:49:51.304 UTC
33.880000,-118.200000,33.880000,-118.200000,2025-02-25 19:29:53.889 UTC
33.880000,-118.200000,33.880000,-118.200000,2025-02-25 20:22:46.177 UTC
33.880000,-118.200000,33.880000,-118.200000,2025-02-25 21:02:37.782 UTC
33.880000,-118.200000,33.880000,-118.200000,2025-02-25 21:48:17.734 UTC
33.880000,-118.200000,33.880000,-118.200000,2025-02-25 22:25:42.153 UTC
34.040000,-118.320000,34.040000,-118.320000,2025-02-03 16:24:47.285 UTC
33.880000,-118.200000,33.880000,-118.200000,2024-07-23 02:27:21.216 UTC
33.880000,-118.200000,33.880000,-118.200000,2024-07-23 02:04:17.803 UTC
33.880000,-118.200000,33.880000,-118.200000,2024-07-23 02:40:08.865 UTC
33.880000,-118.200000,33.880000,-118.200000,2024-08-20 15:06:28.883 UTC
33.880000,-118.200000,33.880000,-118.200000,2024-08-20 15:51:38.088 UTC
33.880000,-118.200000,33.880000,-118.200000,2024-08-20 15:46:56.16 UTC
34.160000,-118.120000,34.160000,-118.120000,2024-08-20 20:45:18.98 UTC
33.880000,-118.200000,33.880000,-118.200000,2024-10-11 20:25:34.35 UTC
33.880000,-118.200000,33.880000,-118.200000,2024-10-11 20:17:02.787 UTC
33.880000,-118.200000,33.880000,-118.200000,2024-10-11 21:40:10.262 UTC
33.880000,-118.200000,33.880000,-118.200000,2024-10-11 21:33:55.549 UTC
33.880000,-118.200000,33.880000,-118.200000,2025-04-17 01:09:10.349 UTC
33.880000,-118.200000,33.880000,-118.200000,2025-04-17 01:45:04.788 UTC
33.880000,-118.200000,33.880000,-118.200000,2025-04-17 02:20:10.645 UTC
33.960000,-118.360000,,,2024-01-04 01:24:28.268 UTC
33.960000,-118.360000,,,2024-01-04 01:21:25.716 UTC
33.880000,-118.200000,33.880000,-118.200000,2024-07-24 00:54:08.741 UTC
33.880000,-118.200000,33.880000,-118.200000,2024-07-24 01:25:50.459 UTC
33.880000,-118.200000,33.880000,-118.200000,2024-07-24 01:52:21.763 UTC
33.880000,-118.200000,33.880000,-118.200000,2024-07-24 02:15:05.173 UTC
33.880000,-118.200000,33.880000,-118.200000,2024-07-24 20:22:05.19 UTC
33.880000,-118.200000,,,2024-05-02 00:57:40.298 UTC
33.880000,-118.200000,,,2024-05-02 01:42:25.303 UTC
33.880000,-118.200000,34.040000,-118.160000,2024-10-08 01:11:08.24 UTC
33.880000,-118.200000,,,2024-03-19 16:50:16.421 UTC
33.880000,-118.200000,,,2024-03-19 17:44:38.374 UTC
34.040000,-118.320000,34.040000,-118.320000,2024-11-19 23:43:57.278 UTC
33.880000,-118.200000,33.880000,-118.200000,2025-01-30 01:14:20.266 UTC
33.880000,-118.200000,33.880000,-118.200000,2025-01-30 01:54:40.23 UTC
33.960000,-118.360000,33.960000,-118.360000,2025-01-30 02:50:46.255 UTC
33.880000,-118.200000,33.880000,-118.200000,2024-12-25 01:14:42.161 UTC
33.880000,-118.200000,33.880000,-118.200000,2024-12-25 02:12:53.341 UTC
33.880000,-118.200000,33.880000,-118.200000,2024-12-25 03:16:13.208 UTC
34.000000,-118.120000,34.000000,-118.120000,2024-12-25 03:38:57.21 UTC
34.040000,-118.160000,34.040000,-118.160000,2024-12-25 03:55:23.196 UTC
34.000000,-118.120000,34.000000,-118.120000,2024-10-13 19:01:10.555 UTC
33.880000,-118.200000,33.880000,-118.200000,2024-12-12 01:12:54.682 UTC
33.880000,-118.200000,33.880000,-118.200000,2024-12-12 01:43:15.181 UTC
34.040000,-118.160000,34.040000,-118.160000,2024-12-12 17:54:34.242 UTC
33.880000,-118.200000,33.880000,-118.200000,2025-02-27 00:22:17.183 UTC
33.880000,-118.200000,33.880000,-118.200000,2025-02-27 01:23:07.488 UTC
33.880000,-118.200000,33.880000,-118.200000,2025-02-27 02:03:30.174 UTC
33.880000,-118.200000,33.880000,-118.200000,2025-02-27 02:42:11.315 UTC
33.880000,-118.200000,33.880000,-118.200000,2025-02-27 21:10:30.241 UTC
33.880000,-118.200000,33.880000,-118.200000,2025-02-27 22:06:15.436 UTC
33.880000,-118.200000,33.880000,-118.200000,2025-02-27 22:42:20.257 UTC
33.880000,-118.200000,33.880000,-118.200000,2025-05-03 21:34:08.361 UTC
33.880000,-118.200000,33.880000,-118.200000,2025-05-03 22:18:21.439 UTC
33.880000,-118.200000,33.880000,-118.200000,2025-05-03 23:00:45.087 UTC
33.880000,-118.200000,33.880000,-118.200000,2024-08-27 00:59:47.411 UTC
33.880000,-118.200000,33.880000,-118.200000,2024-08-27 04:32:39.881 UTC
33.880000,-118.200000,33.880000,-118.200000,2024-08-27 04:26:19.608 UTC
33.880000,-118.200000,33.880000,-118.200000,2024-08-27 04:43:59.457 UTC
34.160000,-118.120000,34.160000,-118.120000,2024-08-27 00:16:17.232 UTC
34.040000,-118.320000,34.040000,-118.320000,2024-08-27 00:46:15.386 UTC
33.880000,-118.200000,33.880000,-118.200000,2025-03-13 00:47:31.488 UTC
33.880000,-118.200000,33.880000,-118.200000,2025-03-13 01:34:36.607 UTC
33.880000,-118.200000,33.880000,-118.200000,2025-03-13 02:06:49.045 UTC
34.080000,-118.360000,,,2023-11-24 23:55:01.502 UTC
34.080000,-118.360000,,,2023-11-24 23:39:55.244 UTC
34.080000,-118.280000,34.080000,-118.280000,2025-01-01 19:44:27.306 UTC
33.880000,-118.200000,33.880000,-118.200000,2025-01-01 01:34:37.276 UTC
33.880000,-118.200000,33.880000,-118.200000,2025-01-01 19:08:00.226 UTC
33.960000,-118.360000,33.960000,-118.360000,2025-01-01 22:18:50.188 UTC
34.080000,-118.080000,34.080000,-118.080000,2025-01-01 22:03:26.176 UTC
34.080000,-118.360000,,,2023-11-15 07:38:38.277 UTC
34.080000,-118.360000,,,2023-11-15 02:29:46.547 UTC
34.080000,-118.360000,,,2023-11-15 07:53:47.518 UTC
34.080000,-118.360000,,,2023-11-15 08:09:19.9 UTC
34.080000,-118.360000,,,2023-11-15 02:36:19.921 UTC
34.080000,-118.360000,,,2023-11-15 07:57:21.64 UTC
34.080000,-118.360000,,,2023-11-15 02:35:40.001 UTC
34.080000,-118.360000,,,2023-11-15 02:22:19.518 UTC
34.080000,-118.360000,34.080000,-118.360000,2023-11-15 02:07:46.384 UTC
33.880000,-118.200000,33.880000,-118.200000,2025-02-20 00:57:22.802 UTC
33.880000,-118.200000,33.880000,-118.200000,2025-02-20 01:40:19.01 UTC
33.880000,-118.200000,33.880000,-118.200000,2025-02-20 15:10:14.798 UTC
33.880000,-118.200000,33.880000,-118.200000,2025-02-20 15:45:17.275 UTC
33.880000,-118.200000,33.880000,-118.200000,2025-02-20 22:58:42.488 UTC
33.880000,-118.200000,33.880000,-118.200000,2025-02-20 23:47:00.8 UTC
33.880000,-118.200000,33.880000,-118.200000,2024-08-09 03:34:01.501 UTC
33.880000,-118.200000,33.880000,-118.200000,2025-03-05 01:36:54.223 UTC
33.880000,-118.200000,33.880000,-118.200000,2025-03-05 02:47:32.337 UTC
34.040000,-118.160000,34.040000,-118.160000,2025-03-05 06:36:15.098 UTC
33.880000,-118.200000,,,2024-03-18 00:33:57.124 UTC
33.880000,-118.200000,,,2024-03-18 22:33:40.345 UTC
34.040000,-118.160000,,,2024-03-01 15:26:25.401 UTC
33.880000,-118.200000,33.880000,-118.200000,2024-12-15 01:16:40.964 UTC
33.880000,-118.200000,33.880000,-118.200000,2024-12-15 23:06:21.24 UTC
34.080000,-118.280000,,,2024-01-01 02:39:34.44 UTC
33.880000,-118.200000,33.880000,-118.200000,2024-09-23 01:23:21.271 UTC
33.880000,-118.200000,33.880000,-118.200000,2024-09-23 21:27:26.285 UTC
34.040000,-118.320000,34.040000,-118.320000,2024-09-23 20:22:41.481 UTC
34.080000,-118.040000,34.080000,-118.040000,2024-09-23 19:47:18.268 UTC
33.880000,-118.200000,33.880000,-118.200000,2024-12-30 00:21:02.955 UTC
34.080000,-118.360000,,,2023-11-08 04:03:30.309 UTC
34.080000,-118.360000,,,2023-11-08 03:51:28.058 UTC
34.080000,-118.360000,,,2023-11-08 05:22:47.07 UTC
34.080000,-118.360000,,,2023-11-08 04:51:06.52 UTC
34.080000,-118.360000,,,2023-11-08 05:23:22.539 UTC
34.080000,-118.360000,,,2023-11-08 04:54:37.24 UTC
33.880000,-118.200000,33.880000,-118.200000,2024-10-24 20:53:20.21 UTC
33.880000,-118.200000,33.880000,-118.200000,2024-10-24 21:37:45.939 UTC
33.880000,-118.200000,33.880000,-118.200000,2025-03-29 01:13:38.262 UTC
33.880000,-118.200000,33.880000,-118.200000,2025-03-29 21:39:13.221 UTC
33.880000,-118.200000,33.880000,-118.200000,2025-03-29 22:37:52.95 UTC
33.880000,-118.200000,33.880000,-118.200000,2025-03-29 23:35:25.293 UTC
33.880000,-118.200000,33.880000,-118.200000,2025-03-29 21:59:04.245 UTC
33.880000,-118.200000,33.880000,-118.200000,2024-12-05 01:20:59.207 UTC
33.880000,-118.200000,33.880000,-118.200000,2024-12-05 01:45:12.193 UTC
34.000000,-118.360000,34.000000,-118.360000,2025-03-11 15:43:33.185 UTC
34.000000,-118.360000,34.000000,-118.360000,2025-03-11 15:53:19.194 UTC
34.000000,-118.360000,34.000000,-118.360000,2025-03-11 16:25:54.273 UTC
33.880000,-118.200000,33.880000,-118.200000,2025-03-11 01:24:32.551 UTC
33.880000,-118.200000,33.880000,-118.200000,2025-03-11 02:01:01.763 UTC
34.040000,-118.160000,34.040000,-118.160000,2025-03-11 01:22:23.184 UTC
33.880000,-118.200000,33.880000,-118.200000,2024-06-27 01:38:19.496 UTC
33.880000,-118.200000,33.880000,-118.200000,2024-06-27 04:54:32.439 UTC
33.880000,-118.200000,33.880000,-118.200000,2024-06-27 05:28:44.627 UTC
34.040000,-118.320000,34.040000,-118.320000,2024-06-27 17:41:26.295 UTC
34.040000,-118.160000,34.040000,-118.160000,2024-06-27 18:18:24.435 UTC
33.880000,-118.200000,33.880000,-118.200000,2025-04-09 01:21:38.198 UTC
33.880000,-118.200000,33.880000,-118.200000,2025-04-09 00:26:30.969 UTC
34.040000,-118.160000,34.040000,-118.160000,2025-05-16 15:25:40.841 UTC
34.040000,-118.160000,34.040000,-118.160000,2025-05-16 16:12:24.206 UTC
34.160000,-118.200000,,,2024-03-24 20:04:47.916 UTC
51.520000,-0.160000,51.520000,-0.160000,2025-03-07 02:20:37.233 UTC
33.880000,-118.200000,33.880000,-118.200000,2024-09-18 03:10:56.196 UTC
33.880000,-118.200000,33.880000,-118.200000,2024-09-18 03:49:59.14 UTC
33.880000,-118.200000,33.880000,-118.200000,2025-04-05 20:59:01.473 UTC
33.880000,-118.200000,33.880000,-118.200000,2025-04-05 21:49:06.093 UTC
33.880000,-118.200000,33.880000,-118.200000,2025-04-05 22:30:11.215 UTC
33.880000,-118.200000,33.880000,-118.200000,2025-04-05 23:14:10.24 UTC
33.880000,-118.200000,33.880000,-118.200000,2025-04-05 21:54:59.654 UTC
34.080000,-118.360000,,,2023-11-16 02:48:03.183 UTC
34.080000,-118.360000,,,2023-11-16 03:14:12.124 UTC
34.080000,-118.360000,,,2023-11-16 02:37:01.146 UTC
34.080000,-118.360000,,,2023-11-16 03:10:20.49 UTC
34.080000,-118.360000,,,2023-11-16 02:43:05.98 UTC
33.880000,-118.200000,33.880000,-118.200000,2025-01-09 01:07:21.093 UTC
33.880000,-118.200000,33.880000,-118.200000,2025-01-09 01:44:09.302 UTC
33.880000,-118.200000,33.880000,-118.200000,2025-01-09 16:44:18.612 UTC
34.040000,-118.320000,,,2024-02-17 21:48:46.102 UTC
33.880000,-118.200000,,,2024-04-12 02:09:24.296 UTC
33.880000,-118.200000,33.880000,-118.200000,2024-12-14 21:02:00.186 UTC
33.880000,-118.200000,33.880000,-118.200000,2024-12-14 21:46:56.421 UTC
33.880000,-118.200000,33.880000,-118.200000,2024-12-14 22:23:34.126 UTC
33.880000,-118.200000,33.880000,-118.200000,2024-12-14 22:56:29.206 UTC
33.880000,-118.200000,33.880000,-118.200000,2024-12-14 23:34:30.276 UTC
34.160000,-118.120000,34.160000,-118.120000,2024-12-14 00:07:01.194 UTC
34.160000,-118.200000,34.160000,-118.200000,2024-12-14 18:21:59.184 UTC
33.880000,-118.200000,33.880000,-118.200000,2024-10-20 04:21:19.889 UTC
33.880000,-118.200000,33.880000,-118.200000,2024-10-20 04:52:45.324 UTC
33.880000,-118.200000,33.880000,-118.200000,2024-08-19 14:53:55.038 UTC
33.880000,-118.200000,33.880000,-118.200000,2024-08-19 15:27:24.403 UTC
33.880000,-118.200000,33.880000,-118.200000,2024-08-19 00:14:29.37 UTC
33.880000,-118.200000,33.880000,-118.200000,2024-08-19 15:54:53.247 UTC
33.880000,-118.200000,33.880000,-118.200000,2024-09-02 17:20:50.147 UTC
33.880000,-118.200000,33.880000,-118.200000,2024-09-02 16:53:49.159 UTC
34.040000,-118.160000,34.040000,-118.160000,2024-09-02 01:25:59.159 UTC
33.880000,-118.200000,33.880000,-118.200000,2025-04-12 20:39:54.24 UTC
33.880000,-118.200000,33.880000,-118.200000,2025-04-12 20:09:11.139 UTC
33.880000,-118.200000,33.880000,-118.200000,2025-04-12 15:50:38.991 UTC
33.880000,-118.200000,33.880000,-118.200000,2025-04-12 18:13:37.622 UTC
34.000000,-118.120000,34.000000,-118.120000,2025-04-12 18:57:25.211 UTC
34.040000,-118.160000,34.040000,-118.160000,2025-04-12 20:53:50.194 UTC
33.880000,-118.200000,,,2024-04-17 01:28:48.688 UTC
34.000000,-118.120000,,,2024-04-17 21:14:03.455 UTC
33.880000,-118.200000,33.880000,-118.200000,2024-04-17 01:37:37.228 UTC
33.880000,-118.200000,33.880000,-118.200000,2024-08-06 03:57:48.304 UTC
33.880000,-118.200000,33.880000,-118.200000,2024-08-06 04:20:49.85 UTC
33.880000,-118.200000,33.880000,-118.200000,2024-08-06 04:39:53.447 UTC
34.040000,-118.320000,34.040000,-118.320000,2024-08-06 20:42:28.738 UTC
33.880000,-118.200000,33.880000,-118.200000,2025-03-26 00:40:21.193 UTC
33.880000,-118.200000,33.880000,-118.200000,2025-03-26 01:36:43.817 UTC
33.880000,-118.200000,33.880000,-118.200000,2025-03-26 02:11:38.481 UTC
33.880000,-118.200000,33.880000,-118.200000,2025-04-25 01:01:21.932 UTC
33.880000,-118.200000,33.880000,-118.200000,2025-04-25 01:55:53.204 UTC
34.040000,-118.160000,34.040000,-118.160000,2025-04-25 02:19:09.14 UTC
33.880000,-118.200000,33.880000,-118.200000,2025-01-25 00:49:42.233 UTC
33.880000,-118.200000,33.880000,-118.200000,2025-01-25 01:30:28.773 UTC
33.880000,-118.200000,33.880000,-118.200000,2025-01-25 21:09:53.24 UTC
33.880000,-118.200000,33.880000,-118.200000,2025-01-25 22:08:51.37 UTC
33.880000,-118.200000,33.880000,-118.200000,2025-01-25 22:44:34.33 UTC
33.880000,-118.200000,33.880000,-118.200000,2025-01-25 23:37:55.687 UTC
33.880000,-118.200000,33.880000,-118.200000,2024-07-31 01:26:28.853 UTC
33.880000,-118.200000,33.880000,-118.200000,2024-07-31 01:24:04.201 UTC
33.880000,-118.200000,33.880000,-118.200000,2024-07-31 18:09:51.855 UTC
34.040000,-118.320000,34.040000,-118.320000,2024-07-31 20:40:49.833 UTC
34.080000,-118.280000,,,2024-02-11 19:49:37.651 UTC
34.080000,-118.080000,,,2024-02-11 21:20:39.552 UTC
34.080000,-118.080000,34.080000,-118.080000,2024-02-11 21:59:53.144 UTC
33.880000,-118.200000,33.880000,-118.200000,2024-08-30 22:18:20.643 UTC
34.040000,-118.160000,34.040000,-118.160000,2024-08-30 19:42:29.474 UTC
34.040000,-118.320000,,,2024-06-17 02:11:38.488 UTC
33.960000,-118.360000,,,2024-06-17 19:27:02.348 UTC
34.080000,-118.080000,,,2024-06-17 20:02:42.249 UTC
34.080000,-118.040000,,,2024-06-17 20:33:39.461 UTC
34.040000,-118.160000,34.040000,-118.160000,2025-05-25 20:28:34.619 UTC
33.880000,-118.200000,33.880000,-118.200000,2025-05-25 21:40:06.219 UTC
33.880000,-118.200000,33.880000,-118.200000,2025-05-25 22:18:47.014 UTC
33.880000,-118.200000,33.880000,-118.200000,2025-05-25 22:51:21.89 UTC
33.880000,-118.200000,33.880000,-118.200000,2025-05-25 23:33:17.939 UTC
34.000000,-118.120000,34.000000,-118.120000,2025-03-16 00:46:55.686 UTC
33.880000,-118.200000,33.880000,-118.200000,2025-03-16 17:56:19.273 UTC
33.880000,-118.200000,33.880000,-118.200000,2025-03-16 20:40:25.233 UTC
33.880000,-118.200000,33.880000,-118.200000,2025-03-16 21:28:28.156 UTC
33.880000,-118.200000,33.880000,-118.200000,2025-03-16 23:36:32.296 UTC
34.080000,-118.360000,,,2023-11-21 00:07:05.999 UTC
34.080000,-118.360000,,,2023-11-21 18:35:42.289 UTC
34.080000,-118.360000,,,2023-11-21 19:10:19.889 UTC
34.080000,-118.360000,,,2023-11-21 18:17:38.539 UTC
34.080000,-118.360000,,,2023-11-21 19:10:09.137 UTC
34.080000,-118.360000,,,2023-11-21 18:37:30.065 UTC
34.080000,-118.360000,,,2023-11-21 18:57:40.993 UTC
34.080000,-118.360000,,,2023-11-21 00:03:44.251 UTC
34.080000,-118.360000,,,2023-11-21 18:16:49.739 UTC
34.080000,-118.360000,,,2023-11-21 01:05:47.993 UTC
34.080000,-118.360000,,,2023-11-21 18:16:59.291 UTC
33.880000,-118.200000,33.880000,-118.200000,2024-12-21 00:20:44.227 UTC
33.880000,-118.200000,33.880000,-118.200000,2024-12-21 21:08:58.171 UTC
33.880000,-118.200000,33.880000,-118.200000,2024-12-21 22:43:37.181 UTC
33.880000,-118.200000,33.880000,-118.200000,2024-12-21 23:26:13.575 UTC
34.000000,-118.120000,34.000000,-118.120000,2024-12-21 17:54:02.718 UTC
34.040000,-118.320000,34.040000,-118.320000,2024-08-14 21:39:46.682 UTC
33.880000,-118.200000,33.880000,-118.200000,2025-03-17 01:15:59.287 UTC
51.520000,-0.160000,51.520000,-0.160000,2025-03-17 21:00:25.21 UTC
34.000000,-118.120000,,,2024-02-28 22:02:05.231 UTC
33.880000,-118.200000,,,2024-02-28 23:33:38.234 UTC
33.880000,-118.200000,,,2024-02-28 23:21:23.326 UTC
33.880000,-118.200000,,,2024-02-28 04:36:04.269 UTC
33.880000,-118.200000,33.880000,-118.200000,2024-02-28 03:44:55.709 UTC
33.880000,-118.200000,33.880000,-118.200000,2025-02-28 00:38:36.203 UTC
33.880000,-118.200000,33.880000,-118.200000,2025-02-28 01:20:17.188 UTC
33.880000,-118.200000,33.880000,-118.200000,2025-02-28 02:40:09.62 UTC
33.880000,-118.200000,33.880000,-118.200000,2025-02-28 19:46:32.173 UTC
33.880000,-118.200000,,,2024-06-05 01:15:33.572 UTC
33.880000,-118.200000,,,2024-06-05 01:05:39.039 UTC
33.880000,-118.200000,,,2024-06-05 02:03:38.541 UTC
33.880000,-118.200000,33.880000,-118.200000,2024-07-16 03:33:36.504 UTC
33.880000,-118.200000,33.880000,-118.200000,2024-07-16 04:05:21.24 UTC
34.160000,-118.120000,34.160000,-118.120000,2025-05-27 21:41:58.399 UTC
34.000000,-118.120000,,,2024-06-02 22:30:48.297 UTC
33.880000,-118.200000,,,2024-06-02 21:00:24.442 UTC
34.080000,-118.080000,,,2024-06-02 22:04:33.229 UTC
33.880000,-118.200000,,,2024-06-02 03:49:19.27 UTC
33.880000,-118.200000,,,2024-05-11 23:39:20.006 UTC
34.040000,-118.160000,,,2024-05-06 02:03:35.222 UTC
34.000000,-118.120000,,,2024-05-06 02:37:27.002 UTC
33.880000,-118.200000,,,2024-05-06 03:09:59.714 UTC
34.000000,-118.120000,34.000000,-118.120000,2024-10-29 01:51:37.945 UTC
33.880000,-118.200000,33.880000,-118.200000,2024-08-04 01:18:52.547 UTC
33.880000,-118.200000,33.880000,-118.200000,2024-08-04 01:59:46.237 UTC
33.880000,-118.200000,33.880000,-118.200000,2024-07-20 03:20:55.312 UTC
33.880000,-118.200000,33.880000,-118.200000,2024-07-20 04:25:47.242 UTC
33.880000,-118.200000,33.880000,-118.200000,2024-07-20 18:54:28.355 UTC
33.880000,-118.200000,33.880000,-118.200000,2024-07-20 23:57:44.993 UTC
33.880000,-118.200000,33.880000,-118.200000,2025-05-15 01:16:50.175 UTC
33.880000,-118.200000,33.880000,-118.200000,2025-05-15 01:46:31.776 UTC
33.880000,-118.200000,33.880000,-118.200000,2025-05-15 02:50:22.441 UTC
34.080000,-118.040000,34.080000,-118.040000,2024-11-29 20:46:53.384 UTC
34.080000,-118.040000,34.080000,-118.040000,2024-11-29 20:47:30.99 UTC
33.880000,-118.200000,33.880000,-118.200000,2024-07-14 00:17:10.405 UTC
33.880000,-118.200000,33.880000,-118.200000,2024-07-14 00:52:39.843 UTC
34.000000,-118.120000,34.000000,-118.120000,2024-07-14 17:04:29.237 UTC
34.000000,-118.120000,34.000000,-118.120000,2024-07-14 18:28:27.299 UTC
33.880000,-118.200000,33.880000,-118.200000,2024-07-14 19:06:42.753 UTC
33.880000,-118.200000,33.880000,-118.200000,2024-07-14 20:46:47.017 UTC
33.880000,-118.200000,33.880000,-118.200000,2024-07-14 21:29:13.839 UTC
33.880000,-118.200000,33.880000,-118.200000,2024-07-14 22:18:49.319 UTC
33.880000,-118.200000,,,2024-03-12 22:39:13.164 UTC
33.880000,-118.200000,33.880000,-118.200000,2024-03-12 05:48:23.87 UTC
33.880000,-118.200000,,,2024-03-31 01:54:13.909 UTC
33.880000,-118.200000,,,2024-03-31 17:27:26.583 UTC
33.880000,-118.200000,,,2024-03-31 19:32:47.837 UTC
33.880000,-118.200000,33.880000,-118.200000,2025-03-10 00:15:32.108 UTC
33.880000,-118.200000,33.880000,-118.200000,2025-03-10 00:48:00.239 UTC
33.880000,-118.200000,33.880000,-118.200000,2025-03-10 15:16:58.636 UTC
34.040000,-118.160000,34.040000,-118.160000,2025-03-10 16:29:13.278 UTC
33.880000,-118.200000,33.880000,-118.200000,2024-10-09 04:00:45.212 UTC
33.880000,-118.200000,33.880000,-118.200000,2024-10-09 04:07:52.339 UTC
34.000000,-118.120000,34.000000,-118.120000,2025-04-06 17:25:30.451 UTC
34.000000,-118.120000,34.000000,-118.120000,2025-04-06 20:02:44.187 UTC
34.040000,-118.160000,34.040000,-118.160000,2025-04-06 23:57:48.305 UTC
33.880000,-118.200000,33.880000,-118.200000,2025-04-10 01:08:20.202 UTC
33.880000,-118.200000,33.880000,-118.200000,2025-04-10 01:45:33.254 UTC
33.880000,-118.200000,33.880000,-118.200000,2025-04-13 20:56:53.259 UTC
33.880000,-118.200000,33.880000,-118.200000,2025-04-13 21:41:00.244 UTC
33.880000,-118.200000,33.880000,-118.200000,2025-04-13 22:26:27.084 UTC
33.880000,-118.200000,33.880000,-118.200000,2025-04-13 23:12:47.584 UTC
33.880000,-118.200000,33.880000,-118.200000,2024-11-28 01:38:43.903 UTC
33.880000,-118.200000,33.880000,-118.200000,2024-11-28 02:09:53.884 UTC
34.040000,-118.160000,34.040000,-118.160000,2024-11-28 19:15:54.053 UTC
34.040000,-118.160000,34.040000,-118.160000,2025-03-08 17:45:29.683 UTC
33.880000,-118.200000,33.880000,-118.200000,2025-03-08 21:32:31.217 UTC
33.880000,-118.200000,33.880000,-118.200000,2025-03-08 22:16:07.704 UTC
33.880000,-118.200000,33.880000,-118.200000,2025-03-08 23:31:21.192 UTC
34.080000,-118.280000,34.080000,-118.280000,2024-12-02 00:57:09.335 UTC
34.080000,-118.280000,34.080000,-118.280000,2024-12-02 01:31:08.963 UTC
34.080000,-118.280000,34.080000,-118.280000,2024-12-02 02:09:42.846 UTC
33.880000,-118.200000,33.880000,-118.200000,2024-12-02 18:11:03.076 UTC
33.880000,-118.200000,34.040000,-118.160000,2024-12-02 18:10:30.407 UTC
33.880000,-118.200000,33.880000,-118.200000,2024-12-19 01:25:38.834 UTC
33.880000,-118.200000,33.880000,-118.200000,2024-12-19 01:49:49.256 UTC
33.880000,-118.200000,33.880000,-118.200000,2025-02-22 00:25:51.592 UTC
33.880000,-118.200000,33.880000,-118.200000,2025-02-22 18:47:53.224 UTC
33.880000,-118.200000,33.880000,-118.200000,2025-02-22 19:17:34.223 UTC
33.880000,-118.200000,,,2024-04-10 06:10:04.209 UTC
33.880000,-118.200000,33.880000,-118.200000,2024-07-11 01:20:37.308 UTC
33.880000,-118.200000,33.880000,-118.200000,2024-07-11 01:44:52.212 UTC
33.880000,-118.200000,33.880000,-118.200000,2024-07-11 02:09:48.566 UTC
34.160000,-118.240000,,,2023-10-17 23:55:42.113 UTC
33.880000,-118.200000,33.880000,-118.200000,2024-10-03 02:05:49.444 UTC
33.880000,-118.200000,33.880000,-118.200000,2024-10-03 02:05:45.412 UTC
33.880000,-118.200000,33.880000,-118.200000,2024-10-03 01:36:25.168 UTC
33.880000,-118.200000,33.880000,-118.200000,2024-12-11 15:23:01.182 UTC
33.880000,-118.200000,33.880000,-118.200000,2024-12-11 15:23:57.165 UTC
33.880000,-118.200000,33.880000,-118.200000,2025-02-15 01:29:07.414 UTC
33.880000,-118.200000,33.880000,-118.200000,2025-02-15 20:49:51.141 UTC
33.880000,-118.200000,33.880000,-118.200000,2025-02-15 21:38:35.669 UTC
33.880000,-118.200000,33.880000,-118.200000,2025-02-15 22:20:15.47 UTC
33.880000,-118.200000,33.880000,-118.200000,2025-02-15 23:06:58.166 UTC
33.880000,-118.200000,33.880000,-118.200000,2025-02-15 23:47:45.794 UTC
34.040000,-118.160000,34.040000,-118.160000,2024-09-29 01:12:10.386 UTC
34.000000,-118.120000,34.000000,-118.120000,2024-09-29 21:14:24.201 UTC
34.000000,-118.120000,34.000000,-118.120000,2024-09-29 21:42:48.982 UTC
34.000000,-118.120000,34.000000,-118.120000,2024-09-29 22:01:30.458 UTC
33.880000,-118.200000,,,2024-04-18 01:00:08.183 UTC
33.880000,-118.200000,,,2024-04-18 01:29:17.208 UTC
34.080000,-118.360000,,,2023-11-25 00:01:51.484 UTC
34.080000,-118.360000,,,2023-11-25 01:23:42.299 UTC
34.080000,-118.360000,,,2023-11-25 02:13:21.89 UTC
34.080000,-118.360000,,,2023-11-25 02:46:29.03 UTC
34.080000,-118.360000,,,2023-11-25 03:19:27.548 UTC
34.040000,-118.320000,34.040000,-118.320000,2025-05-05 16:49:36.233 UTC
34.000000,-118.120000,34.000000,-118.120000,2025-05-05 19:03:03.214 UTC
33.880000,-118.200000,33.880000,-118.200000,2024-10-10 01:52:33.266 UTC
33.880000,-118.200000,33.880000,-118.200000,2024-10-10 01:35:32.49 UTC
34.040000,-118.320000,34.040000,-118.320000,2024-10-10 21:50:03.576 UTC
33.880000,-118.200000,33.880000,-118.200000,2024-12-04 01:04:17.176 UTC
33.880000,-118.200000,33.880000,-118.200000,2024-12-04 02:05:49.124 UTC
33.880000,-118.200000,33.880000,-118.200000,2024-11-23 01:53:23.562 UTC
34.040000,-118.160000,33.880000,-118.200000,2024-11-23 02:40:40.781 UTC
34.040000,-118.160000,34.040000,-118.160000,2024-11-23 16:20:39.45 UTC
33.880000,-118.200000,33.880000,-118.200000,2024-11-23 17:25:02.3 UTC
33.880000,-118.200000,33.880000,-118.200000,2024-11-23 18:17:28.583 UTC
33.880000,-118.200000,33.880000,-118.200000,2024-11-23 19:05:21.395 UTC
34.000000,-118.120000,34.000000,-118.120000,2024-11-23 19:41:23.312 UTC
33.880000,-118.200000,33.880000,-118.200000,2024-11-23 20:09:39.191 UTC
33.880000,-118.200000,33.880000,-118.200000,2024-11-23 21:18:32.601 UTC
33.880000,-118.200000,33.880000,-118.200000,2024-11-23 21:57:11.247 UTC
33.880000,-118.200000,33.880000,-118.200000,2024-11-23 22:42:35.22 UTC
33.880000,-118.200000,33.880000,-118.200000,2024-11-23 23:31:43.24 UTC
33.880000,-118.200000,33.880000,-118.200000,2024-11-23 02:27:58.979 UTC
33.880000,-118.200000,33.880000,-118.200000,2024-11-23 23:38:06.444 UTC
33.880000,-118.200000,,,2024-05-12 00:28:09.085 UTC
33.880000,-118.200000,,,2024-05-12 01:46:48.494 UTC
33.880000,-118.200000,,,2024-05-12 02:27:32.319 UTC
33.880000,-118.200000,,,2024-05-12 03:18:39.601 UTC
34.040000,-118.160000,,,2024-05-12 19:51:39.323 UTC
33.880000,-118.200000,33.880000,-118.200000,2024-05-12 02:22:11.093 UTC
34.040000,-118.160000,,,2024-02-24 15:54:40.253 UTC
34.040000,-118.160000,,,2024-02-24 18:52:36.267 UTC
33.880000,-118.200000,,,2024-02-24 20:51:44.588 UTC
33.880000,-118.200000,,,2024-02-24 21:41:33.093 UTC
33.880000,-118.200000,33.880000,-118.200000,2024-08-26 22:04:03.323 UTC
33.880000,-118.200000,33.880000,-118.200000,2024-08-26 21:49:25.817 UTC
33.880000,-118.200000,33.880000,-118.200000,2024-08-26 03:14:01.339 UTC
33.880000,-118.200000,33.880000,-118.200000,2024-08-26 22:11:14.793 UTC
34.040000,-118.320000,34.040000,-118.320000,2024-08-26 19:36:16.266 UTC
33.880000,-118.200000,,,2024-06-24 03:30:30.684 UTC
33.880000,-118.200000,,,2024-06-24 03:30:18.125 UTC
33.880000,-118.200000,33.880000,-118.200000,2024-06-24 03:32:29.805 UTC
33.880000,-118.200000,33.880000,-118.200000,2025-01-26 23:06:31.267 UTC
34.040000,-118.160000,34.040000,-118.160000,2025-01-26 16:07:07.266 UTC
33.880000,-118.200000,33.880000,-118.200000,2024-10-15 01:55:51.298 UTC
33.880000,-118.200000,33.880000,-118.200000,2024-10-15 01:55:47.68 UTC
34.040000,-118.320000,,,2024-06-09 01:08:51.245 UTC
34.000000,-118.120000,,,2024-05-25 18:05:19.263 UTC
34.000000,-118.120000,,,2024-05-25 19:31:03.728 UTC
34.000000,-118.120000,,,2024-05-25 19:48:21.238 UTC
33.880000,-118.200000,,,2024-05-25 22:26:58.177 UTC
34.000000,-118.120000,,,2024-05-25 23:02:19.289 UTC
34.040000,-118.160000,,,2024-05-25 23:40:53.686 UTC
33.880000,-118.200000,33.880000,-118.200000,2024-09-30 03:54:19.202 UTC
34.000000,-118.120000,34.000000,-118.120000,2024-09-30 03:15:31.546 UTC
34.000000,-118.120000,34.000000,-118.120000,2024-09-30 03:04:05.25 UTC
34.040000,-118.160000,34.040000,-118.160000,2024-09-30 00:17:56.469 UTC
33.880000,-118.200000,33.880000,-118.200000,2025-02-21 20:57:22.162 UTC
33.880000,-118.200000,33.880000,-118.200000,2025-02-21 21:14:14.837 UTC
33.880000,-118.200000,33.880000,-118.200000,2025-02-21 21:54:09.579 UTC
33.880000,-118.200000,33.880000,-118.200000,2025-02-21 23:30:10.165 UTC
34.040000,-118.320000,34.040000,-118.320000,2025-02-21 18:53:57.163 UTC
33.880000,-118.200000,33.880000,-118.200000,2024-07-12 01:28:24.489 UTC
33.880000,-118.200000,33.880000,-118.200000,2024-07-12 01:34:22.266 UTC
33.880000,-118.200000,33.880000,-118.200000,2024-07-12 02:15:55.312 UTC
33.880000,-118.200000,33.880000,-118.200000,2025-04-14 01:21:18.078 UTC
33.880000,-118.200000,33.880000,-118.200000,2025-04-14 02:11:40.742 UTC
33.880000,-118.200000,33.880000,-118.200000,2025-02-16 19:12:43.228 UTC
33.880000,-118.200000,,,2024-04-15 22:21:20.251 UTC
33.880000,-118.200000,33.880000,-118.200000,2024-04-15 04:14:54.563 UTC
33.880000,-118.200000,33.880000,-118.200000,2024-09-10 17:59:57.187 UTC
33.880000,-118.200000,33.880000,-118.200000,2024-09-10 18:11:09.224 UTC
34.040000,-118.320000,34.040000,-118.320000,2024-09-10 23:53:57.332 UTC
33.880000,-118.200000,33.880000,-118.200000,2025-01-15 01:04:59.586 UTC
33.880000,-118.200000,33.880000,-118.200000,2025-01-15 01:52:40.091 UTC
34.080000,-118.040000,34.080000,-118.040000,2025-01-15 18:41:23.154 UTC
33.960000,-118.360000,33.960000,-118.360000,2025-01-15 02:26:12.324 UTC
34.040000,-118.160000,34.040000,-118.160000,2025-01-15 19:09:25.192 UTC
33.880000,-118.200000,33.880000,-118.200000,2025-04-19 21:08:49.512 UTC
33.880000,-118.200000,33.880000,-118.200000,2025-04-19 23:06:31.803 UTC
34.040000,-118.320000,34.040000,-118.320000,2024-10-21 17:45:24.432 UTC
34.040000,-118.320000,34.040000,-118.320000,2025-04-04 01:31:51.976 UTC
33.880000,-118.200000,33.880000,-118.200000,2025-03-03 00:42:35.781 UTC
51.520000,-0.160000,51.520000,-0.160000,2025-03-03 02:16:11.157 UTC
33.880000,-118.200000,33.880000,-118.200000,2025-03-15 21:35:48.229 UTC
33.880000,-118.200000,33.880000,-118.200000,2025-03-15 22:56:34.841 UTC
34.040000,-118.160000,34.040000,-118.160000,2025-03-15 23:48:13.296 UTC
33.880000,-118.200000,33.880000,-118.200000,2024-08-21 01:32:18.563 UTC
33.880000,-118.200000,33.880000,-118.200000,2024-08-21 01:32:16.29 UTC
33.880000,-118.200000,33.880000,-118.200000,2024-08-21 01:53:42.197 UTC
34.000000,-118.120000,34.000000,-118.120000,2024-08-21 19:16:37.126 UTC
34.000000,-118.120000,34.000000,-118.120000,2024-08-21 20:28:45.211 UTC
34.000000,-118.120000,34.000000,-118.120000,2024-08-21 19:21:58.805 UTC
34.040000,-118.160000,34.040000,-118.160000,2024-08-21 20:53:52.232 UTC
34.040000,-118.160000,34.040000,-118.160000,2024-12-07 02:46:14.342 UTC
33.880000,-118.200000,33.880000,-118.200000,2024-12-07 22:43:36.8 UTC
33.880000,-118.200000,33.880000,-118.200000,2024-12-07 23:35:31.007 UTC
34.080000,-118.080000,34.080000,-118.080000,2024-12-07 19:00:42.766 UTC
33.880000,-118.200000,33.880000,-118.200000,2025-05-17 19:47:54.127 UTC
33.880000,-118.200000,33.880000,-118.200000,2025-05-17 21:00:08.614 UTC
33.880000,-118.200000,33.880000,-118.200000,2025-05-17 21:29:48.225 UTC
33.880000,-118.200000,33.880000,-118.200000,2025-05-17 22:00:18.47 UTC
33.880000,-118.200000,33.880000,-118.200000,2025-05-17 22:33:44.164 UTC
33.880000,-118.200000,33.880000,-118.200000,2025-05-17 23:12:19.43 UTC
33.880000,-118.200000,33.880000,-118.200000,2025-05-17 23:50:17.908 UTC
34.040000,-118.320000,34.040000,-118.320000,2025-05-17 02:06:33.876 UTC
34.040000,-118.160000,34.040000,-118.160000,2025-05-17 00:37:19.233 UTC
33.880000,-118.200000,33.880000,-118.200000,2025-04-27 21:07:07.745 UTC
33.880000,-118.200000,33.880000,-118.200000,2025-04-27 22:01:26.15 UTC
33.880000,-118.200000,33.880000,-118.200000,2025-04-27 22:59:10.397 UTC
33.880000,-118.200000,33.880000,-118.200000,2025-04-27 22:42:45.593 UTC
33.880000,-118.200000,33.880000,-118.200000,2024-08-15 01:33:16.301 UTC
33.880000,-118.200000,33.880000,-118.200000,2024-08-15 01:10:09.416 UTC
33.880000,-118.200000,33.880000,-118.200000,2024-08-15 01:57:25.241 UTC
34.080000,-118.080000,34.080000,-118.080000,2025-01-03 21:01:30.313 UTC
34.160000,-118.120000,34.160000,-118.120000,2025-01-03 21:34:26.137 UTC
33.880000,-118.200000,33.880000,-118.200000,2024-09-19 01:20:15.145 UTC
33.880000,-118.200000,33.880000,-118.200000,2024-09-19 18:34:07.494 UTC
33.880000,-118.200000,,,2024-03-07 15:27:51.244 UTC
33.880000,-118.200000,33.880000,-118.200000,2024-03-07 15:45:12.194 UTC
33.880000,-118.200000,33.880000,-118.200000,2024-07-10 01:21:14.58 UTC
33.880000,-118.200000,33.880000,-118.200000,2024-07-10 01:21:18.14 UTC
33.880000,-118.200000,33.880000,-118.200000,2024-07-10 01:14:43.596 UTC
34.040000,-118.320000,34.040000,-118.320000,2024-07-10 19:29:44.261 UTC
34.040000,-118.320000,34.040000,-118.320000,2024-07-10 19:11:35.306 UTC
34.000000,-118.120000,34.000000,-118.120000,2024-07-10 03:09:35.287 UTC
34.000000,-118.120000,34.000000,-118.120000,2024-07-10 18:46:24.177 UTC
34.000000,-118.120000,34.000000,-118.120000,2024-07-10 02:47:11.199 UTC
33.880000,-118.200000,,,2024-02-15 23:37:30.245 UTC
34.040000,-118.320000,34.040000,-118.320000,2024-07-30 00:14:00.219 UTC
34.080000,-118.080000,34.080000,-118.080000,2024-07-30 01:58:23.101 UTC
33.880000,-118.200000,33.880000,-118.200000,2024-12-01 01:50:35.904 UTC
33.880000,-118.200000,33.880000,-118.200000,2024-12-01 20:47:50.158 UTC
33.880000,-118.200000,34.040000,-118.160000,2024-12-01 03:31:26.127 UTC
34.200000,-118.320000,34.200000,-118.320000,2024-12-01 21:18:52.197 UTC
33.880000,-118.200000,33.880000,-118.200000,2024-06-28 04:53:55.572 UTC
34.040000,-118.320000,34.040000,-118.320000,2024-06-28 19:24:36.232 UTC
33.880000,-118.200000,33.880000,-118.200000,2024-06-28 04:53:39.566 UTC
34.000000,-118.120000,34.000000,-118.120000,2024-08-10 18:13:57.225 UTC
34.000000,-118.120000,34.000000,-118.120000,2024-08-10 19:12:05.828 UTC
34.000000,-118.120000,34.000000,-118.120000,2024-08-10 19:53:49.847 UTC
34.040000,-118.160000,34.040000,-118.160000,2024-08-10 20:58:43.476 UTC
33.880000,-118.200000,33.880000,-118.200000,2024-08-10 21:59:42.2 UTC
33.880000,-118.200000,33.880000,-118.200000,2024-08-10 22:17:47.604 UTC
33.880000,-118.200000,33.880000,-118.200000,2024-08-10 22:38:03.075 UTC
34.040000,-118.160000,34.040000,-118.160000,2024-08-10 23:43:02.415 UTC
33.880000,-118.200000,,,2024-04-13 21:14:10.196 UTC
33.880000,-118.200000,,,2024-04-13 21:54:01.208 UTC
33.880000,-118.200000,,,2024-04-13 22:49:11.353 UTC
33.880000,-118.200000,33.880000,-118.200000,2025-05-08 00:58:11.614 UTC
33.880000,-118.200000,33.880000,-118.200000,2025-05-08 01:33:41.211 UTC
33.880000,-118.200000,33.880000,-118.200000,2025-05-08 02:16:16.855 UTC
33.880000,-118.200000,33.880000,-118.200000,2025-05-08 17:48:55.266 UTC
33.880000,-118.200000,33.880000,-118.200000,2025-05-08 18:05:32.304 UTC
33.880000,-118.200000,33.880000,-118.200000,2025-05-08 19:07:57.504 UTC
33.880000,-118.200000,33.880000,-118.200000,2025-05-08 00:58:16.794 UTC
34.160000,-118.240000,,,2023-10-18 01:58:00.402 UTC
34.160000,-118.240000,,,2023-10-18 00:50:32.968 UTC
34.160000,-118.240000,,,2023-10-18 01:24:50.771 UTC
34.160000,-118.240000,,,2023-10-18 01:32:40.067 UTC
34.160000,-118.240000,,,2023-10-18 01:48:04.63 UTC
34.160000,-118.240000,,,2023-10-18 01:26:50.024 UTC
34.160000,-118.240000,,,2023-10-18 03:05:08.932 UTC
34.160000,-118.240000,,,2023-10-18 01:16:21.912 UTC
34.160000,-118.240000,,,2023-10-18 00:50:23.027 UTC
34.160000,-118.240000,,,2023-10-18 01:17:43.662 UTC
34.160000,-118.240000,,,2023-10-18 00:31:12.993 UTC
34.160000,-118.200000,,,2024-03-14 23:10:52.03 UTC
33.880000,-118.200000,33.880000,-118.200000,2024-10-16 00:57:54.18 UTC
33.880000,-118.200000,33.880000,-118.200000,2024-10-31 01:18:55.291 UTC
33.880000,-118.200000,33.880000,-118.200000,2024-10-31 01:49:30.171 UTC
33.880000,-118.200000,33.880000,-118.200000,2024-10-31 01:13:50.234 UTC
33.880000,-118.200000,33.880000,-118.200000,2025-03-09 20:38:24.202 UTC
33.880000,-118.200000,33.880000,-118.200000,2025-03-09 21:10:01.628 UTC
33.880000,-118.200000,33.880000,-118.200000,2025-03-09 21:51:38.969 UTC
33.880000,-118.200000,33.880000,-118.200000,2025-03-09 22:49:17.381 UTC
33.880000,-118.200000,33.880000,-118.200000,2025-03-09 23:24:13.093 UTC
34.040000,-118.160000,34.040000,-118.160000,2025-03-09 20:32:34.104 UTC
33.880000,-118.200000,33.880000,-118.200000,2025-02-18 02:41:37.18 UTC
33.880000,-118.200000,33.880000,-118.200000,2025-02-18 03:21:37.147 UTC
34.040000,-118.160000,34.040000,-118.160000,2024-12-17 00:11:14.333 UTC
34.080000,-118.280000,34.080000,-118.280000,2024-12-17 01:47:21.192 UTC
34.080000,-118.080000,34.080000,-118.080000,2024-12-17 03:06:54.304 UTC
34.080000,-118.080000,34.080000,-118.080000,2024-12-17 03:41:07.189 UTC
33.880000,-118.200000,33.880000,-118.200000,2024-09-12 01:00:06.22 UTC
33.880000,-118.200000,33.880000,-118.200000,2024-09-12 01:30:33.84 UTC
33.880000,-118.200000,33.880000,-118.200000,2024-09-12 02:05:57.146 UTC
34.040000,-118.320000,34.040000,-118.320000,2024-09-12 18:13:53.203 UTC
34.160000,-118.200000,34.160000,-118.200000,2024-09-12 19:21:21.757 UTC
34.040000,-118.320000,34.040000,-118.320000,2024-09-12 18:12:22.721 UTC
34.000000,-118.120000,,,2024-06-12 17:04:57.402 UTC
33.880000,-118.200000,33.880000,-118.200000,2024-10-30 02:03:48.727 UTC
33.880000,-118.200000,33.880000,-118.200000,2024-10-30 01:24:00.9 UTC
34.040000,-118.160000,34.040000,-118.160000,2024-10-30 21:21:57.411 UTC
33.880000,-118.200000,33.880000,-118.200000,2024-12-16 00:34:47.511 UTC
33.880000,-118.200000,33.880000,-118.200000,2024-12-16 15:26:12.748 UTC
33.880000,-118.200000,,,2024-03-03 02:41:30.581 UTC
33.880000,-118.200000,,,2024-03-03 04:27:10.255 UTC
34.040000,-118.160000,,,2024-03-03 22:50:58.607 UTC
33.880000,-118.200000,33.880000,-118.200000,2024-03-03 03:58:43.225 UTC
33.880000,-118.200000,,,2024-04-20 04:34:08.926 UTC
33.880000,-118.200000,,,2024-02-14 01:06:37.271 UTC
33.880000,-118.200000,,,2024-02-14 19:58:13.375 UTC
34.040000,-118.160000,34.040000,-118.160000,2024-02-14 04:39:28.949 UTC
33.880000,-118.200000,33.880000,-118.200000,2025-02-24 16:40:10.185 UTC
33.880000,-118.200000,33.880000,-118.200000,2025-02-24 20:14:18.2 UTC
33.880000,-118.200000,33.880000,-118.200000,2024-09-08 03:27:38.996 UTC
33.880000,-118.200000,33.880000,-118.200000,2024-09-08 21:16:24.615 UTC
34.040000,-118.160000,34.040000,-118.160000,2024-09-08 21:55:09.1 UTC
-33.920000,151.200000,-33.920000,151.200000,2024-07-03 20:02:50.53 UTC
34.200000,-118.320000,34.200000,-118.320000,2024-07-03 20:37:16.496 UTC
34.080000,-118.080000,34.080000,-118.080000,2024-07-03 21:45:08.297 UTC
33.880000,-118.200000,33.880000,-118.200000,2024-07-03 22:57:39.213 UTC
34.040000,-118.320000,34.040000,-118.320000,2024-07-03 22:42:26.515 UTC
33.880000,-118.200000,33.880000,-118.200000,2025-03-06 01:15:02.565 UTC
33.880000,-118.200000,33.880000,-118.200000,2025-03-06 01:51:31.689 UTC
33.880000,-118.200000,33.880000,-118.200000,2025-03-06 15:31:01.268 UTC
33.880000,-118.200000,33.880000,-118.200000,2025-03-06 01:52:15.52 UTC
34.080000,-118.080000,34.080000,-118.080000,2024-08-18 02:19:41.544 UTC
34.040000,-118.160000,34.040000,-118.160000,2024-08-18 03:18:46.265 UTC
33.880000,-118.200000,33.880000,-118.200000,2024-08-18 21:30:27.054 UTC
33.880000,-118.200000,33.880000,-118.200000,2024-08-18 23:18:03.497 UTC
33.880000,-118.200000,33.880000,-118.200000,2024-08-18 21:12:44.317 UTC
33.880000,-118.200000,33.880000,-118.200000,2024-08-18 23:23:52.768 UTC
33.880000,-118.200000,33.880000,-118.200000,2025-03-31 18:51:25.863 UTC
33.880000,-118.200000,33.880000,-118.200000,2025-03-31 21:06:28.123 UTC
33.880000,-118.200000,,,2024-04-02 00:48:33.306 UTC
33.880000,-118.200000,33.880000,-118.200000,2024-04-02 05:56:47.984 UTC
33.880000,-118.200000,33.880000,-118.200000,2025-01-19 21:26:40.844 UTC
33.880000,-118.200000,33.880000,-118.200000,2025-01-19 22:04:25.271 UTC
33.880000,-118.200000,33.880000,-118.200000,2025-01-19 22:51:57.805 UTC
33.880000,-118.200000,33.880000,-118.200000,2025-01-19 23:35:44.429 UTC
34.160000,-118.120000,34.160000,-118.120000,2024-04-03 05:29:01.679 UTC
33.880000,-118.200000,33.880000,-118.200000,2024-10-01 01:31:59.301 UTC
34.000000,-118.120000,34.000000,-118.120000,2024-10-01 00:06:40.407 UTC
34.000000,-118.120000,34.000000,-118.120000,2024-10-01 02:40:31.38 UTC
34.040000,-118.160000,34.040000,-118.160000,2024-10-01 02:36:35.395 UTC
33.880000,-118.200000,33.880000,-118.200000,2024-07-08 04:13:27.959 UTC
33.880000,-118.200000,33.880000,-118.200000,2024-07-08 20:55:32.251 UTC
33.880000,-118.200000,33.880000,-118.200000,2024-07-13 23:36:48.609 UTC
33.880000,-118.200000,33.880000,-118.200000,2025-02-19 01:28:34.336 UTC
33.880000,-118.200000,33.880000,-118.200000,2025-02-19 02:18:19.714 UTC
34.040000,-118.160000,,,2024-06-16 00:49:44.494 UTC
34.000000,-118.360000,,,2024-06-16 01:21:01.137 UTC
34.200000,-118.160000,,,2024-06-16 01:41:22.409 UTC
34.000000,-118.360000,,,2024-06-16 02:20:35.619 UTC
34.000000,-118.360000,,,2024-06-16 03:21:07.152 UTC
34.000000,-118.360000,,,2024-06-16 03:49:34.289 UTC
34.160000,-118.200000,,,2024-06-16 04:10:42.148 UTC
34.000000,-118.360000,34.000000,-118.360000,2024-06-16 03:00:10.756 UTC
33.880000,-118.200000,33.880000,-118.200000,2024-07-13 17:28:45.108 UTC
33.880000,-118.200000,33.880000,-118.200000,2024-07-13 18:05:02.711 UTC
33.880000,-118.200000,33.880000,-118.200000,2024-07-13 01:12:38.171 UTC
33.880000,-118.200000,33.880000,-118.200000,2024-07-13 18:07:34.55 UTC
33.880000,-118.200000,33.880000,-118.200000,2024-07-13 18:05:15.669 UTC
34.040000,-118.320000,34.040000,-118.320000,2024-10-18 18:25:35.26 UTC
33.880000,-118.200000,33.880000,-118.200000,2024-07-13 22:50:28.883 UTC
33.880000,-118.200000,33.880000,-118.200000,2024-07-13 22:38:28.935 UTC
33.880000,-118.200000,33.880000,-118.200000,2024-07-13 20:40:12.67 UTC
33.880000,-118.200000,33.880000,-118.200000,2024-07-13 20:23:40.385 UTC
33.880000,-118.200000,33.880000,-118.200000,2024-07-13 21:03:16.601 UTC