Player_Latitude,Player_Longitude,Gym_Latitude,Gym_Longitude,Timestamp
34.200000,-118.360000,,,2025-06-02 15:01:08.471 UTC
34.000000,-118.040000,,,2026-02-06 16:00:58.363 UTC
34.120000,-118.120000,,,2026-03-16 20:48:32.209 UTC
34.120000,-118.200000,,,2026-07-17 19:03:32.13 UTC
34.000000,-118.400000,,,2026-07-17 03:18:27.794 UTC
34.000000,-118.400000,,,2026-07-17 01:44:22.245 UTC
33.960000,-118.400000,,,2026-07-17 01:29:37.294 UTC
33.960000,-118.400000,,,2026-07-17 03:36:04.747 UTC
34.000000,-118.120000,,,2026-01-03 23:42:03.205 UTC
-23.600000,-46.600000,,,2026-01-03 19:47:07.297 UTC
35.600000,139.680000,,,2026-01-03 16:24:01.475 UTC
34.120000,-118.200000,,,2026-01-03 23:52:36.662 UTC
34.120000,-118.160000,,,2025-09-13 20:42:20.727 UTC
34.000000,-118.040000,,,2025-11-05 14:42:04.224 UTC
33.920000,-118.280000,,,2025-11-05 21:10:29.156 UTC
33.920000,-118.280000,,,2025-11-05 21:19:29.496 UTC
41.840000,-87.600000,,,2025-12-21 16:33:17.42 UTC
34.080000,-118.320000,,,2025-12-21 18:16:11.02 UTC
-33.840000,151.160000,,,2026-05-28 15:52:54.633 UTC
33.960000,-118.160000,,,2026-01-01 06:00:28.189 UTC
34.160000,-118.360000,,,2025-10-02 00:17:47.135 UTC
33.920000,-118.360000,,,2025-12-05 02:52:06.218 UTC
33.920000,-118.160000,,,2025-08-27 14:33:13.132 UTC
34.080000,-118.400000,,,2025-08-15 00:08:55.128 UTC
40.680000,-74.040000,,,2026-03-22 18:34:06.437 UTC
34.040000,-118.200000,,,2025-11-30 00:16:14.318 UTC
34.120000,-118.240000,,,2026-05-27 19:28:23.274 UTC
34.160000,-118.160000,,,2025-07-23 02:30:19.224 UTC
33.880000,-118.200000,,,2025-07-23 04:11:17.041 UTC
34.040000,-118.440000,,,2025-07-23 16:02:44.345 UTC
34.160000,-118.280000,,,2025-07-23 04:38:39.149 UTC
34.080000,-118.400000,,,2025-07-23 03:12:36.212 UTC
34.200000,-118.280000,,,2026-02-22 21:44:05.282 UTC
34.200000,-118.280000,,,2026-02-22 22:10:18.391 UTC
34.160000,-118.360000,,,2026-02-22 16:19:41.124 UTC
34.160000,-118.360000,,,2026-02-22 06:18:30.762 UTC
51.560000,-0.080000,,,2026-02-22 02:08:46.164 UTC
34.040000,-118.120000,,,2026-02-22 01:25:53.845 UTC
34.160000,-118.360000,,,2026-02-22 02:32:53.622 UTC
34.200000,-118.240000,,,2026-07-14 18:19:53.187 UTC
34.200000,-118.240000,,,2026-07-14 18:19:57.24 UTC
40.760000,-73.960000,,,2026-05-06 15:54:59.185 UTC
41.840000,-87.720000,,,2025-09-10 14:32:17.3 UTC
47.560000,-122.360000,,,2026-03-09 01:12:35.249 UTC
34.120000,-118.400000,,,2026-01-26 15:06:47.161 UTC
51.520000,-0.080000,,,2025-10-23 15:01:59.956 UTC
34.040000,-118.280000,,,2026-02-11 01:48:32.627 UTC
34.200000,-118.280000,,,2026-02-11 01:14:29.163 UTC
34.000000,-118.200000,,,2026-02-11 00:05:32.163 UTC
34.040000,-118.280000,,,2026-02-11 01:42:41.121 UTC
34.080000,-118.360000,,,2026-02-11 02:56:32.131 UTC
34.200000,-118.280000,,,2026-02-11 01:02:45.563 UTC
34.040000,-118.240000,,,2026-02-11 02:48:02.794 UTC
34.120000,-118.400000,,,2026-05-20 15:18:12.188 UTC
34.160000,-118.240000,,,2026-03-08 23:03:57.036 UTC
34.160000,-118.280000,,,2026-04-21 07:26:11.172 UTC
34.040000,-118.080000,,,2025-06-05 18:05:52.135 UTC
34.240000,-118.240000,,,2025-08-21 14:25:37.379 UTC
47.600000,-122.320000,,,2025-12-28 21:57:55.189 UTC
34.040000,-118.080000,,,2025-12-28 22:24:41.724 UTC
34.120000,-118.080000,,,2025-12-14 03:20:59.54 UTC
41.920000,-87.680000,,,2025-12-14 01:24:23.354 UTC
34.040000,-118.440000,,,2025-07-21 17:12:07.935 UTC
-33.920000,151.240000,,,2026-02-07 18:54:57.176 UTC
34.040000,-118.200000,,,2025-11-29 23:44:25.074 UTC
41.840000,-87.720000,,,2026-03-11 14:19:17.263 UTC
33.960000,-118.160000,,,2025-06-30 00:33:13.189 UTC
33.920000,-118.160000,,,2025-06-30 00:15:37.234 UTC
34.200000,-118.240000,,,2026-07-16 18:04:50.183 UTC
34.160000,-118.280000,,,2025-07-24 03:48:43.006 UTC
34.040000,-118.440000,,,2025-07-24 16:51:46.641 UTC
34.120000,-118.040000,,,2025-07-24 03:37:22.77 UTC
34.000000,-118.160000,,,2025-12-31 15:27:37.171 UTC
34.120000,-118.280000,,,2025-12-26 18:04:32.196 UTC
34.080000,-118.280000,,,2025-10-27 15:06:38.766 UTC
34.120000,-118.320000,,,2025-05-30 07:04:43.501 UTC
34.120000,-118.240000,,,2026-01-04 23:49:55.675 UTC
34.040000,-118.360000,,,2026-01-04 20:42:22.197 UTC
34.080000,-118.400000,,,2026-03-13 19:14:19.483 UTC
34.000000,-118.400000,,,2025-11-14 15:16:46.365 UTC
34.120000,-118.120000,,,2026-05-29 23:01:43.181 UTC
33.920000,-118.240000,,,2026-02-10 01:34:38.144 UTC
33.960000,-118.280000,,,2026-02-10 01:10:53.13 UTC
33.960000,-118.280000,,,2026-02-10 00:50:57.824 UTC
51.480000,-0.160000,,,2025-11-25 13:51:24.42 UTC
34.040000,-118.440000,,,2026-07-11 00:07:30.399 UTC
34.040000,-118.240000,,,2025-07-20 21:32:32.662 UTC
34.040000,-118.320000,,,2025-07-20 21:36:08.259 UTC
34.120000,-118.240000,,,2025-07-20 22:19:27.807 UTC
34.120000,-118.240000,,,2025-07-20 22:11:21.855 UTC
33.920000,-118.200000,,,2025-07-20 21:04:57.265 UTC
33.960000,-118.440000,,,2026-03-28 23:28:59.635 UTC
34.240000,-118.280000,,,2026-02-21 18:47:20.749 UTC
34.040000,-118.160000,,,2026-02-21 00:27:53.189 UTC
34.040000,-118.160000,,,2026-02-21 00:49:17.815 UTC
34.040000,-118.120000,,,2026-02-21 04:28:39.256 UTC
34.040000,-118.120000,,,2026-02-21 04:28:22.204 UTC
34.040000,-118.160000,,,2026-02-21 00:56:32.952 UTC
34.160000,-118.360000,,,2026-02-21 05:22:40.001 UTC
33.920000,-118.200000,,,2025-12-18 03:06:04.922 UTC
47.640000,-122.320000,,,2025-12-18 18:23:21.197 UTC
33.960000,-118.360000,,,2025-12-18 02:51:37.344 UTC
34.120000,-118.440000,,,2025-07-05 19:10:10.556 UTC
34.040000,-118.240000,,,2025-12-02 00:11:16.985 UTC
33.960000,-118.160000,,,2025-12-02 02:10:22.757 UTC
35.600000,139.640000,,,2025-10-19 22:06:55.538 UTC
34.120000,-118.440000,,,2025-06-22 20:18:09.285 UTC
34.080000,-118.360000,,,2026-08-12 23:49:19.056 UTC
34.120000,-118.240000,,,2025-12-22 00:22:42.259 UTC
33.920000,-118.240000,,,2026-07-13 17:03:28.074 UTC
47.600000,-122.360000,,,2025-07-08 18:20:38.714 UTC
34.080000,-118.440000,,,2025-09-19 02:33:08.748 UTC
33.920000,-118.200000,,,2025-09-19 16:52:22.576 UTC
33.920000,-118.200000,,,2025-09-19 16:07:08.851 UTC
34.080000,-118.240000,,,2025-09-19 02:56:04.885 UTC
34.080000,-118.440000,,,2025-06-12 01:58:02.43 UTC
34.160000,-118.160000,,,2025-06-12 01:19:49.604 UTC
34.160000,-118.080000,,,2026-02-03 15:29:31.188 UTC
33.920000,-118.360000,,,2026-02-03 15:14:09.072 UTC
33.880000,-118.200000,,,2026-08-22 19:27:28.976 UTC
33.920000,-118.320000,,,2025-11-23 19:29:50.81 UTC
34.040000,-118.160000,,,2025-11-23 18:35:57.76 UTC
47.640000,-122.360000,,,2025-11-23 19:35:03.179 UTC
34.160000,-118.160000,,,2025-12-17 20:37:15.208 UTC
34.120000,-118.400000,,,2026-01-15 14:45:54.803 UTC
34.080000,-118.200000,,,2025-08-26 06:15:32.108 UTC
33.920000,-118.360000,,,2025-10-04 02:09:34.15 UTC
33.960000,-118.160000,,,2025-09-14 18:59:55.055 UTC
33.880000,-118.200000,,,2026-05-25 16:56:05 UTC
34.160000,-118.360000,,,2025-09-02 18:48:55.832 UTC
34.040000,-118.240000,,,2026-01-22 15:37:39.044 UTC
34.120000,-118.240000,,,2025-08-10 23:00:39.242 UTC
34.040000,-118.120000,,,2025-09-28 02:50:15.089 UTC
51.520000,-0.240000,,,2025-10-20 02:58:12.393 UTC
34.040000,-118.080000,,,2026-01-29 17:20:12.108 UTC
34.160000,-118.360000,,,2026-01-29 12:56:25.16 UTC
47.560000,-122.320000,,,2025-11-11 14:33:43.194 UTC
34.120000,-118.160000,,,2025-11-11 04:46:59.204 UTC
33.960000,-118.200000,,,2025-05-31 00:27:30.882 UTC
34.160000,-118.080000,,,2025-05-31 15:58:28.14 UTC
35.680000,139.600000,,,2025-05-31 15:36:27.656 UTC
34.120000,-118.400000,,,2026-02-05 15:39:53.993 UTC
41.840000,-87.720000,,,2026-06-10 14:57:41.271 UTC
35.680000,139.640000,,,2025-08-17 23:52:42.54 UTC
34.160000,-118.120000,,,2025-08-19 14:33:31.657 UTC
34.160000,-118.360000,,,2025-08-19 14:35:59.862 UTC
34.120000,-118.160000,,,2025-08-19 14:27:31.075 UTC
34.000000,-118.280000,,,2025-12-24 03:11:23.958 UTC
-33.840000,151.240000,,,2025-12-24 03:15:25.661 UTC
34.200000,-118.200000,,,2025-12-27 20:39:52.323 UTC
40.680000,-74.040000,,,2025-12-27 01:02:11.548 UTC
34.040000,-118.080000,,,2025-12-27 01:17:16.672 UTC
40.720000,-74.000000,,,2026-07-12 19:27:35.274 UTC
34.120000,-118.080000,,,2025-11-10 21:59:51.724 UTC
34.080000,-118.240000,,,2026-03-06 22:37:47.198 UTC
34.120000,-118.240000,,,2025-06-19 21:12:43.686 UTC
34.160000,-118.200000,,,2025-10-05 02:30:34.292 UTC
34.160000,-118.400000,,,2025-10-05 02:35:29.2 UTC
34.160000,-118.360000,,,2025-06-26 19:32:19.743 UTC
34.120000,-118.280000,,,2026-07-03 00:31:55.924 UTC
33.880000,-118.240000,,,2026-04-20 17:30:19.884 UTC
34.200000,-118.200000,,,2025-11-27 00:17:09.187 UTC
34.160000,-118.240000,,,2025-12-10 16:18:48.298 UTC
33.920000,-118.160000,,,2026-02-09 23:35:46.507 UTC
33.920000,-118.360000,,,2026-02-09 21:53:14.643 UTC
51.480000,-0.120000,,,2026-02-09 19:00:56.083 UTC
34.000000,-118.200000,,,2026-02-09 23:14:51.031 UTC
34.200000,-118.280000,,,2026-02-09 23:52:29.114 UTC
40.760000,-73.960000,,,2025-12-16 15:03:13.527 UTC
34.080000,-118.280000,,,2025-11-06 01:53:28.299 UTC
34.000000,-118.400000,,,2025-11-06 00:45:38.56 UTC
34.080000,-118.280000,,,2025-11-06 02:33:18.412 UTC
33.920000,-118.320000,,,2025-09-27 20:28:30.165 UTC
33.920000,-118.320000,,,2025-09-27 19:04:14.207 UTC
33.920000,-118.320000,,,2025-09-27 01:24:24.435 UTC
34.040000,-118.200000,,,2025-08-16 17:29:08.629 UTC
33.960000,-118.200000,,,2026-07-15 21:22:47.553 UTC
34.200000,-118.240000,,,2026-07-15 21:18:04.977 UTC
34.000000,-118.160000,,,2026-04-23 15:21:31.338 UTC
-33.880000,151.160000,,,2026-02-23 00:32:45.256 UTC
34.120000,-118.320000,,,2025-09-20 17:51:56.803 UTC
34.200000,-118.200000,,,2025-09-20 17:51:10.037 UTC
33.960000,-118.400000,,,2025-09-20 16:45:39.645 UTC
34.200000,-118.200000,,,2025-09-20 16:30:01.443 UTC
34.200000,-118.240000,,,2025-06-29 21:09:11.056 UTC
34.080000,-118.440000,,,2025-06-11 06:05:10.056 UTC
34.080000,-118.440000,,,2025-06-11 06:05:25.827 UTC
34.080000,-118.440000,,,2025-06-11 01:38:39.801 UTC
34.000000,-118.080000,,,2026-02-12 21:46:12.117 UTC
34.000000,-118.080000,,,2026-02-12 22:19:34.089 UTC
34.160000,-118.320000,,,2026-01-20 15:31:04.141 UTC
33.960000,-118.200000,,,2025-09-23 02:55:58.147 UTC
34.080000,-118.360000,,,2025-11-18 14:49:07.332 UTC
34.040000,-118.040000,,,2026-01-13 23:50:04.126 UTC
34.080000,-118.400000,,,2026-02-28 21:05:17.132 UTC
34.000000,-118.240000,,,2025-07-14 02:27:35.64 UTC
34.080000,-118.080000,,,2025-05-29 20:34:04.685 UTC
35.680000,139.720000,,,2025-05-29 20:33:09.409 UTC
33.960000,-118.360000,,,2025-05-29 19:49:01.05 UTC
33.920000,-118.320000,,,2025-05-29 19:34:26.274 UTC
34.120000,-118.400000,,,2025-10-01 14:33:32.182 UTC
34.120000,-118.400000,,,2026-03-10 14:47:11.164 UTC
34.040000,-118.120000,,,2026-03-26 15:10:29.135 UTC
34.160000,-118.240000,,,2025-08-20 14:30:28.227 UTC
47.600000,-122.360000,,,2025-08-20 18:39:54.788 UTC
51.520000,-0.080000,,,2026-01-12 15:15:43.653 UTC
33.960000,-118.240000,,,2025-08-22 14:33:57.244 UTC
33.920000,-118.360000,,,2025-08-22 14:24:26.144 UTC
33.960000,-118.280000,,,2025-07-27 18:46:33.778 UTC
34.160000,-118.320000,,,2025-07-27 19:07:08.716 UTC
34.040000,-118.240000,,,2025-11-02 01:23:39.782 UTC
-33.840000,151.200000,,,2025-11-02 01:29:46.189 UTC
34.160000,-118.280000,,,2025-11-28 01:32:22.218 UTC
34.080000,-118.400000,,,2025-11-16 21:15:21.315 UTC
33.960000,-118.320000,,,2025-11-04 18:48:17.892 UTC
34.120000,-118.280000,,,2025-11-04 18:57:54.116 UTC
34.200000,-118.200000,,,2025-11-04 17:08:52.125 UTC
33.880000,-118.200000,,,2026-07-04 23:28:39.301 UTC
34.080000,-118.440000,,,2026-07-04 03:57:27.854 UTC
34.040000,-118.160000,,,2026-02-20 21:10:50.696 UTC
40.800000,-74.040000,,,2026-02-20 16:31:58.789 UTC
35.640000,139.600000,,,2026-02-20 16:41:15.727 UTC
33.960000,-118.200000,,,2026-02-20 04:09:09.302 UTC
34.120000,-118.440000,,,2026-02-20 02:04:01.964 UTC
33.960000,-118.200000,,,2026-02-20 01:46:02.475 UTC
33.960000,-118.200000,,,2026-02-20 01:54:57.204 UTC
47.520000,-122.280000,,,2026-02-20 02:22:04.807 UTC
34.000000,-118.280000,,,2026-01-02 20:13:48.285 UTC
34.080000,-118.400000,,,2026-02-04 18:43:41.127 UTC
34.000000,-118.200000,,,2025-09-21 16:24:55.245 UTC
34.120000,-118.320000,,,2025-09-21 16:00:39.014 UTC
34.200000,-118.160000,,,2025-09-21 16:34:48.697 UTC
35.640000,139.680000,,,2026-02-19 18:54:37.547 UTC
47.600000,-122.360000,,,2026-01-23 19:02:52.505 UTC
-23.560000,-46.600000,,,2026-02-22 00:05:53.069 UTC
-23.560000,-46.600000,,,2026-02-22 00:46:59.245 UTC
-23.560000,-46.600000,,,2026-02-22 00:54:26 UTC
-23.560000,-46.600000,,,2026-02-21 23:55:45.173 UTC
-23.560000,-46.600000,,,2026-02-21 20:59:17.319 UTC
-23.560000,-46.600000,,,2026-02-21 23:40:46.621 UTC
-23.560000,-46.600000,,,2026-02-21 20:57:57.626 UTC
34.000000,-118.320000,,,2026-02-21 17:58:22.922 UTC
-23.560000,-46.600000,,,2026-02-21 18:35:24.093 UTC
34.000000,-118.320000,,,2026-02-21 17:53:14.629 UTC
34.200000,-118.360000,,,2026-02-21 02:28:27.811 UTC
34.200000,-118.360000,,,2026-02-21 02:04:38.424 UTC
34.200000,-118.360000,,,2026-02-21 03:57:08.602 UTC
34.200000,-118.360000,,,2026-02-21 01:36:11.211 UTC
34.200000,-118.360000,,,2026-02-20 18:13:34.305 UTC
34.200000,-118.360000,,,2026-02-20 17:49:08.118 UTC
34.200000,-118.360000,,,2026-02-20 18:31:09.983 UTC
33.920000,-118.160000,,,2026-02-20 21:14:55.141 UTC
34.200000,-118.360000,,,2026-02-20 17:28:19.206 UTC
34.200000,-118.360000,,,2026-02-20 19:00:11.862 UTC
34.200000,-118.360000,,,2026-02-20 19:10:26.597 UTC
47.560000,-122.280000,,,2026-07-17 04:13:16.229 UTC
34.080000,-118.120000,,,2026-07-14 22:25:44.711 UTC
34.000000,-118.280000,,,2026-07-14 18:42:57.941 UTC
34.080000,-118.120000,,,2026-07-14 20:51:56.632 UTC
34.000000,-118.280000,,,2026-07-14 18:30:51.648 UTC
34.000000,-118.280000,,,2026-07-16 21:31:26.322 UTC
47.560000,-122.280000,,,2026-07-16 00:15:04.189 UTC
34.000000,-118.280000,,,2026-07-15 18:28:00.11 UTC
34.000000,-118.280000,,,2026-07-15 19:07:08.234 UTC
47.560000,-122.280000,,,2026-07-15 04:57:03.241 UTC
47.560000,-122.280000,,,2026-07-15 01:08:42.041 UTC
34.000000,-118.280000,,,2026-07-15 00:44:44.336 UTC
33.920000,-118.280000,,,2025-06-02 02:28:20.236 UTC
34.160000,-118.280000,,,2026-01-31 22:46:43.835 UTC
34.160000,-118.280000,,,2026-03-16 21:03:31.312 UTC
34.160000,-118.280000,,,2025-07-06 23:19:12.318 UTC
34.160000,-118.280000,,,2026-01-03 00:33:50.393 UTC
33.920000,-118.280000,,,2026-01-03 20:04:54.452 UTC
34.160000,-118.360000,,,2025-06-21 18:46:39.862 UTC
34.160000,-118.280000,,,2025-09-13 16:56:29.083 UTC
34.160000,-118.360000,,,2025-09-13 20:40:26.432 UTC
33.920000,-118.280000,,,2026-05-31 17:57:10.456 UTC
34.160000,-118.280000,,,2025-08-24 04:19:30.738 UTC
34.160000,-118.280000,,,2026-06-21 02:05:31.169 UTC
34.160000,-118.280000,,,2026-05-28 21:25:38.117 UTC
33.920000,-118.280000,,,2026-05-28 01:11:20.018 UTC
34.160000,-118.360000,,,2025-11-01 17:23:56.463 UTC
33.920000,-118.280000,,,2025-11-01 17:24:33.968 UTC
33.920000,-118.280000,,,2026-01-01 01:45:27.174 UTC
34.160000,-118.360000,,,2025-09-01 22:53:52.969 UTC
33.920000,-118.280000,,,2025-10-02 02:55:30.348 UTC
33.920000,-118.280000,,,2025-12-05 02:02:50.538 UTC
34.160000,-118.280000,,,2025-06-01 03:44:47.084 UTC
34.160000,-118.280000,,,2025-08-15 00:53:48.603 UTC
34.160000,-118.280000,,,2025-11-30 18:35:17.182 UTC
34.160000,-118.280000,,,2025-12-03 02:16:46.921 UTC
34.160000,-118.280000,,,2025-12-23 04:09:43.113 UTC
34.160000,-118.280000,,,2025-08-31 00:09:17.068 UTC
34.160000,-118.280000,,,2025-08-30 20:27:40.057 UTC
34.160000,-118.280000,,,2026-08-21 06:51:08.187 UTC
34.160000,-118.280000,,,2026-05-30 05:33:23.156 UTC
34.160000,-118.280000,,,2025-06-23 05:00:43.829 UTC
34.160000,-118.280000,,,2026-03-08 18:36:36.106 UTC
34.160000,-118.280000,,,2025-06-05 23:23:34.182 UTC
34.160000,-118.280000,,,2025-08-21 04:34:02.126 UTC
34.160000,-118.280000,,,2025-08-21 04:19:38.24 UTC
33.920000,-118.280000,,,2025-12-28 21:33:14.057 UTC
34.160000,-118.280000,,,2025-11-09 20:41:40.612 UTC
34.160000,-118.280000,,,2025-12-14 04:15:40.109 UTC
34.160000,-118.280000,,,2025-12-14 03:35:22.316 UTC
33.920000,-118.280000,,,2026-02-07 17:25:22.213 UTC
33.920000,-118.280000,,,2026-07-24 01:19:52.169 UTC
34.160000,-118.360000,,,2026-07-24 01:13:15.641 UTC
33.920000,-118.280000,,,2026-07-23 23:43:13.448 UTC
34.160000,-118.280000,,,2026-04-04 21:36:18.565 UTC
34.160000,-118.280000,,,2025-06-30 02:34:22.125 UTC
34.160000,-118.360000,,,2025-06-30 00:12:01.541 UTC
34.120000,-118.320000,,,2025-12-31 21:24:49.916 UTC
34.160000,-118.280000,,,2026-03-31 00:31:19.192 UTC
34.160000,-118.280000,,,2026-02-16 07:43:30.771 UTC
34.160000,-118.280000,,,2025-12-26 23:01:43.329 UTC
34.160000,-118.360000,,,2025-12-26 17:44:44.44 UTC
33.920000,-118.280000,,,2025-10-27 01:40:52.91 UTC
34.160000,-118.280000,,,2026-01-04 21:24:54.713 UTC
34.120000,-118.320000,,,2026-05-29 14:49:13.78 UTC
34.160000,-118.280000,,,2025-12-25 04:10:32.37 UTC
34.160000,-118.360000,,,2026-03-14 20:29:33.898 UTC
33.920000,-118.280000,,,2025-06-20 00:54:25.345 UTC
34.160000,-118.280000,,,2026-06-05 14:42:55.131 UTC
33.920000,-118.280000,,,2025-07-05 20:27:05.663 UTC
34.160000,-118.360000,,,2025-12-02 00:51:13.166 UTC
34.160000,-118.280000,,,2025-12-02 22:12:47.249 UTC
33.920000,-118.280000,,,2025-08-23 19:03:54.501 UTC
33.920000,-118.280000,,,2025-08-23 19:02:11.913 UTC
34.160000,-118.360000,,,2025-10-19 00:31:45.519 UTC
34.160000,-118.280000,,,2025-09-26 00:53:16.959 UTC
34.160000,-118.280000,,,2025-11-12 02:09:20.273 UTC
33.920000,-118.280000,,,2025-06-24 00:48:03.189 UTC
34.160000,-118.280000,,,2026-02-02 02:04:45.153 UTC
34.160000,-118.280000,,,2026-08-22 22:44:46.219 UTC
34.160000,-118.280000,,,2025-12-12 00:57:51.483 UTC
34.160000,-118.360000,,,2025-11-23 16:59:23.175 UTC
34.160000,-118.280000,,,2025-12-17 20:50:12.086 UTC
34.160000,-118.360000,,,2025-07-07 14:26:25.378 UTC
33.920000,-118.280000,,,2025-07-26 17:17:16.178 UTC
34.160000,-118.360000,,,2025-07-26 17:00:07.573 UTC
33.920000,-118.280000,,,2025-10-04 02:48:15.349 UTC
34.160000,-118.280000,,,2025-10-04 00:09:59.258 UTC
34.160000,-118.280000,,,2025-07-13 19:54:16.283 UTC
33.920000,-118.280000,,,2026-05-25 15:34:57.186 UTC
34.160000,-118.280000,,,2025-09-28 03:18:14.982 UTC
34.160000,-118.280000,,,2025-11-15 00:34:35.504 UTC
34.160000,-118.280000,,,2025-10-24 23:18:04.137 UTC
34.160000,-118.280000,,,2026-02-01 23:42:49.263 UTC
34.160000,-118.280000,,,2025-08-17 18:23:42.788 UTC
34.160000,-118.360000,,,2026-03-23 02:32:53.332 UTC
34.160000,-118.280000,,,2025-12-24 19:42:54.219 UTC
34.160000,-118.360000,,,2025-12-27 22:57:54.655 UTC
34.160000,-118.360000,,,2025-12-27 23:04:42.723 UTC
34.160000,-118.280000,,,2026-01-05 00:13:45.3 UTC
33.920000,-118.280000,,,2026-07-12 22:35:17.091 UTC
34.120000,-118.360000,,,2026-07-12 20:47:55.911 UTC
34.160000,-118.280000,,,2025-07-16 01:38:02.288 UTC
34.160000,-118.280000,,,2025-12-11 15:02:22.124 UTC
34.160000,-118.280000,,,2025-07-03 23:11:58.392 UTC
34.160000,-118.280000,,,2025-06-26 02:15:45.197 UTC
34.160000,-118.280000,,,2025-12-10 22:57:45.651 UTC
34.160000,-118.280000,,,2025-12-10 02:33:04.053 UTC
33.920000,-118.280000,,,2025-12-06 00:45:58.178 UTC
33.920000,-118.280000,,,2025-12-16 22:52:34.259 UTC
34.160000,-118.280000,,,2025-08-16 19:22:33.949 UTC
34.160000,-118.280000,,,2025-08-16 19:00:54.802 UTC
34.160000,-118.360000,,,2025-08-16 16:38:08.484 UTC
34.160000,-118.280000,,,2025-11-08 23:34:09.104 UTC
34.160000,-118.280000,,,2026-02-23 05:09:48.57 UTC
33.920000,-118.280000,,,2025-12-30 02:02:22.02 UTC
34.160000,-118.280000,,,2025-06-29 00:49:49.175 UTC
33.920000,-118.280000,,,2025-09-30 01:45:07.115 UTC
34.160000,-118.280000,,,2025-06-28 20:13:16.183 UTC
34.160000,-118.280000,,,2025-06-28 20:14:49.935 UTC
34.160000,-118.280000,,,2025-09-23 03:10:14.876 UTC
34.120000,-118.360000,,,2025-07-04 18:54:00.928 UTC
34.160000,-118.280000,,,2025-09-03 01:24:41.325 UTC
33.920000,-118.280000,,,2025-11-18 05:16:35.198 UTC
34.160000,-118.280000,,,2025-08-25 01:56:27.109 UTC
33.880000,-118.280000,,,2025-12-20 18:55:54.265 UTC
34.160000,-118.280000,,,2026-02-28 20:18:08.294 UTC
34.160000,-118.280000,,,2025-07-14 03:35:09.924 UTC
33.920000,-118.280000,,,2025-07-22 03:51:09.736 UTC
34.160000,-118.280000,,,2025-12-13 21:12:27.134 UTC
34.160000,-118.360000,,,2025-06-27 14:25:29.43 UTC
34.160000,-118.280000,,,2026-03-07 17:44:20.245 UTC
34.160000,-118.280000,,,2025-08-22 00:15:54.143 UTC
34.160000,-118.280000,,,2025-09-06 19:23:31.144 UTC
34.160000,-118.280000,,,2025-07-27 22:36:23.519 UTC
34.160000,-118.360000,,,2025-11-26 19:22:12.49 UTC
33.920000,-118.280000,,,2025-12-04 00:25:57.298 UTC
34.160000,-118.280000,,,2026-06-13 21:43:09.926 UTC
33.920000,-118.280000,,,2025-11-21 03:48:31.962 UTC
34.160000,-118.280000,,,2025-10-29 02:10:01.605 UTC
34.160000,-118.280000,,,2025-08-28 02:20:02.571 UTC
33.920000,-118.280000,,,2026-02-04 19:29:27.165 UTC
34.160000,-118.280000,,,2025-07-11 04:33:57.108 UTC
34.080000,-118.400000,,,2026-01-31 19:11:18.225 UTC
34.080000,-118.400000,,,2025-07-06 21:41:38.6 UTC
34.000000,-118.200000,,,2026-07-26 19:13:34.491 UTC
34.080000,-118.400000,,,2025-12-21 03:20:55.481 UTC
34.080000,-118.400000,,,2025-12-21 05:30:47.172 UTC
34.080000,-118.400000,,,2026-01-01 05:45:43.201 UTC
34.080000,-118.400000,,,2026-01-30 23:25:05.33 UTC
34.080000,-118.400000,,,2025-12-03 02:24:41.608 UTC
34.080000,-118.400000,,,2025-08-30 20:24:17.199 UTC
34.080000,-118.400000,,,2025-06-23 04:57:13.108 UTC
34.080000,-118.400000,,,2026-01-19 00:14:00.276 UTC
34.080000,-118.400000,,,2026-02-07 17:14:53.019 UTC
34.080000,-118.400000,,,2025-11-24 22:36:24.478 UTC
34.080000,-118.400000,,,2026-03-31 01:01:16.225 UTC
34.080000,-118.400000,,,2025-10-18 04:53:18.208 UTC
34.080000,-118.400000,,,2026-03-14 21:58:28.126 UTC
34.080000,-118.400000,,,2025-07-05 01:33:22.16 UTC
34.080000,-118.400000,,,2025-12-02 22:30:56.447 UTC
34.080000,-118.400000,,,2025-10-19 00:38:40.841 UTC
40.680000,-74.080000,,,2025-12-22 03:40:44.224 UTC
34.080000,-118.400000,,,2025-11-23 23:16:38.401 UTC
34.080000,-118.400000,,,2025-07-26 01:58:00.18 UTC
34.080000,-118.400000,,,2025-09-14 22:57:51.458 UTC
34.080000,-118.400000,,,2025-11-15 02:16:39.658 UTC
34.080000,-118.400000,,,2025-12-27 23:48:03.171 UTC
34.080000,-118.400000,,,2026-07-12 18:49:40.331 UTC
34.080000,-118.400000,,,2025-06-19 01:58:02.771 UTC
34.080000,-118.400000,,,2026-07-03 04:05:51.2 UTC
34.080000,-118.400000,,,2026-02-14 04:09:02.467 UTC
34.080000,-118.400000,,,2025-11-08 19:44:17.279 UTC
34.080000,-118.400000,,,2025-06-29 18:55:54.997 UTC
34.080000,-118.400000,,,2025-09-23 01:00:34.417 UTC
34.080000,-118.400000,,,2026-03-01 01:18:22.159 UTC
34.080000,-118.400000,,,2025-08-25 02:09:04.929 UTC
34.080000,-118.400000,,,2026-02-28 21:56:09.293 UTC
34.080000,-118.400000,,,2025-12-13 22:33:29.14 UTC
34.080000,-118.400000,,,2025-09-06 02:07:35.731 UTC
34.080000,-118.400000,,,2026-05-02 22:51:03.096 UTC
40.680000,-74.080000,,,2026-08-01 22:31:27.908 UTC
34.080000,-118.400000,,,2026-01-02 21:40:31.303 UTC
34.080000,-118.400000,,,2025-06-10 02:38:06.159 UTC
34.080000,-118.160000,,,2025-07-06 23:11:18.234 UTC
34.080000,-118.160000,,,2025-06-16 00:31:02.837 UTC
34.080000,-118.160000,,,2025-07-10 01:15:36.831 UTC
34.080000,-118.160000,,,2026-01-03 16:06:12.407 UTC
34.080000,-118.160000,,,2025-06-21 03:28:11.907 UTC
34.080000,-118.160000,,,2025-06-21 03:51:28.469 UTC
34.080000,-118.160000,,,2025-08-24 21:26:33.834 UTC
34.080000,-118.160000,,,2025-08-24 21:12:46.36 UTC
34.080000,-118.160000,,,2025-08-24 19:00:43.477 UTC
34.080000,-118.160000,,,2025-08-24 19:03:50.023 UTC
34.080000,-118.160000,,,2025-08-24 19:44:08.973 UTC
34.080000,-118.160000,,,2025-08-24 20:00:31.171 UTC
34.080000,-118.160000,,,2025-08-24 20:10:25.539 UTC
34.080000,-118.240000,,,2025-12-21 04:49:12.148 UTC
34.080000,-118.160000,,,2025-11-01 23:15:23.144 UTC
34.080000,-118.160000,,,2025-11-01 23:13:55.339 UTC
34.080000,-118.160000,,,2025-11-01 21:24:48.156 UTC
34.080000,-118.160000,,,2025-11-01 22:52:34.154 UTC
34.080000,-118.160000,,,2025-11-01 21:15:57.045 UTC
34.080000,-118.160000,,,2026-02-27 01:45:36.751 UTC
34.080000,-118.160000,,,2025-10-02 01:24:14.424 UTC
34.080000,-118.160000,,,2025-10-02 02:05:35.634 UTC
34.080000,-118.160000,,,2025-06-01 20:39:46.233 UTC
34.080000,-118.160000,,,2025-06-01 20:41:48.089 UTC
34.080000,-118.160000,,,2025-07-19 23:37:29.73 UTC
34.080000,-118.160000,,,2025-07-19 23:02:08.077 UTC
34.080000,-118.160000,,,2025-06-25 01:11:57.178 UTC
34.080000,-118.160000,,,2025-06-25 00:59:40.988 UTC
34.080000,-118.160000,,,2025-08-31 22:21:56.3 UTC
34.080000,-118.160000,,,2025-08-31 21:34:28.738 UTC
34.080000,-118.160000,,,2025-08-30 21:13:12.09 UTC
34.080000,-118.160000,,,2025-08-30 21:08:47.135 UTC
34.080000,-118.160000,,,2025-08-30 23:22:23.331 UTC
34.080000,-118.160000,,,2026-01-18 23:22:10.859 UTC
34.080000,-118.160000,,,2025-06-14 17:08:55.184 UTC
34.080000,-118.160000,,,2025-06-14 18:34:50.748 UTC
34.080000,-118.160000,,,2025-06-23 03:18:07.406 UTC
34.000000,-118.040000,,,2026-03-08 03:17:02.367 UTC
34.080000,-118.160000,,,2025-06-05 01:45:54.576 UTC
34.080000,-118.160000,,,2025-08-21 01:20:12.806 UTC
34.080000,-118.160000,,,2025-08-21 02:08:03.985 UTC
35.640000,139.640000,,,2025-12-28 22:37:52.003 UTC
34.080000,-118.160000,,,2025-11-29 21:06:29.671 UTC
34.000000,-118.040000,,,2025-11-29 20:55:04.623 UTC
34.080000,-118.160000,,,2025-07-12 23:10:59.095 UTC
34.080000,-118.160000,,,2025-07-12 02:39:06.442 UTC
34.080000,-118.160000,,,2025-07-12 21:45:26.156 UTC
34.080000,-118.160000,,,2026-04-04 21:57:09.131 UTC
34.080000,-118.160000,,,2026-04-04 23:16:53.197 UTC
34.080000,-118.160000,,,2026-04-04 21:44:06.838 UTC
34.080000,-118.160000,,,2025-12-31 21:08:08.189 UTC
34.080000,-118.160000,,,2026-05-23 22:06:10.135 UTC
34.080000,-118.160000,,,2026-05-23 21:30:14.361 UTC
34.000000,-118.040000,,,2026-01-24 21:23:22.782 UTC
34.000000,-118.040000,,,2026-01-24 22:19:11.023 UTC
34.080000,-118.160000,,,2025-10-18 21:34:58.259 UTC
34.080000,-118.160000,,,2025-10-18 23:06:28.124 UTC
34.080000,-118.160000,,,2025-10-18 04:46:59.797 UTC
34.080000,-118.160000,,,2026-06-20 23:02:30.173 UTC
34.080000,-118.160000,,,2026-03-14 23:16:32.214 UTC
34.080000,-118.160000,,,2026-07-11 23:43:11.632 UTC
34.080000,-118.160000,,,2026-07-11 22:43:50.515 UTC
34.080000,-118.160000,,,2026-07-11 22:48:19.548 UTC
34.080000,-118.160000,,,2026-07-11 23:21:54.741 UTC
34.080000,-118.160000,,,2026-07-11 19:38:28.164 UTC
34.080000,-118.160000,,,2026-07-11 18:54:53.825 UTC
34.080000,-118.160000,,,2026-07-11 18:08:21.135 UTC
34.080000,-118.160000,,,2026-07-11 17:04:51.299 UTC
34.080000,-118.160000,,,2026-07-11 17:20:49.792 UTC
34.080000,-118.160000,,,2026-07-11 19:30:01.648 UTC
34.080000,-118.160000,,,2026-07-11 18:38:15.33 UTC
34.080000,-118.160000,,,2026-07-11 18:11:24.838 UTC
34.080000,-118.160000,,,2026-07-11 17:29:41.297 UTC
34.080000,-118.160000,,,2026-07-11 17:20:58.676 UTC
34.080000,-118.160000,,,2026-07-11 16:50:18.843 UTC
34.080000,-118.160000,,,2026-03-28 21:16:12.049 UTC
34.080000,-118.160000,,,2026-03-28 22:21:20.635 UTC
34.080000,-118.160000,,,2026-03-28 16:57:11.826 UTC
34.080000,-118.160000,,,2026-03-28 16:09:20.606 UTC
34.080000,-118.160000,,,2025-07-05 22:49:05.574 UTC
34.080000,-118.160000,,,2025-07-05 23:14:14.905 UTC
34.080000,-118.160000,,,2025-07-05 22:47:45.179 UTC
34.080000,-118.160000,,,2025-07-05 23:14:40.608 UTC
34.080000,-118.160000,,,2025-09-11 01:13:08.731 UTC
34.080000,-118.160000,,,2025-08-23 23:16:57.198 UTC
34.080000,-118.160000,,,2025-08-23 21:42:00.477 UTC
34.080000,-118.160000,,,2025-08-23 21:52:04.605 UTC
34.080000,-118.160000,,,2025-08-23 22:37:32.1 UTC
34.080000,-118.160000,,,2025-08-23 21:19:42.186 UTC
34.080000,-118.160000,,,2025-08-23 20:51:23.98 UTC
34.080000,-118.160000,,,2025-08-23 21:29:18.542 UTC
34.080000,-118.160000,,,2025-08-23 20:03:22.015 UTC
34.080000,-118.160000,,,2025-08-23 17:21:21.862 UTC
34.080000,-118.160000,,,2025-08-23 17:25:36.131 UTC
34.080000,-118.160000,,,2025-08-23 16:55:34.722 UTC
34.080000,-118.160000,,,2025-08-23 17:08:19.618 UTC
34.080000,-118.160000,,,2025-08-23 18:59:24.177 UTC
34.080000,-118.240000,,,2025-08-23 19:00:03.553 UTC
34.080000,-118.160000,,,2025-08-23 01:14:29.178 UTC
34.080000,-118.160000,,,2025-06-22 00:11:07.576 UTC
34.080000,-118.160000,,,2025-06-24 00:59:51.435 UTC
34.080000,-118.160000,,,2025-06-24 02:09:32.982 UTC
34.080000,-118.160000,,,2026-07-13 01:44:56.503 UTC
34.080000,-118.160000,,,2026-07-13 00:17:46.258 UTC
34.080000,-118.160000,,,2026-07-13 01:52:02.938 UTC
34.080000,-118.160000,,,2026-07-13 01:45:03.502 UTC
34.080000,-118.160000,,,2026-07-13 00:10:51.108 UTC
34.080000,-118.160000,,,2026-07-13 01:13:46.864 UTC
34.080000,-118.160000,,,2026-08-22 21:23:07.895 UTC
34.080000,-118.160000,,,2026-08-22 21:26:55.646 UTC
34.080000,-118.160000,,,2025-07-26 16:08:57.923 UTC
34.080000,-118.160000,,,2025-07-26 16:08:04.895 UTC
34.080000,-118.160000,,,2025-10-04 23:11:02.77 UTC
34.080000,-118.160000,,,2025-10-04 22:04:42.051 UTC
34.080000,-118.160000,,,2025-10-04 20:57:51.485 UTC
34.080000,-118.160000,,,2025-09-14 23:26:02.177 UTC
34.080000,-118.160000,,,2025-05-31 22:08:21.18 UTC
34.000000,-118.040000,,,2025-11-15 01:34:52.443 UTC
34.080000,-118.160000,,,2025-11-15 19:35:06.829 UTC
33.920000,-118.200000,,,2026-02-05 15:16:43.222 UTC
34.080000,-118.160000,,,2025-09-07 22:59:11.594 UTC
34.080000,-118.160000,,,2025-09-07 22:07:13.528 UTC
34.080000,-118.160000,,,2025-09-07 21:12:52.569 UTC
34.080000,-118.160000,,,2025-12-27 23:34:10.19 UTC
34.080000,-118.160000,,,2025-12-27 22:20:00.177 UTC
34.080000,-118.160000,,,2025-12-27 22:08:22.863 UTC
34.080000,-118.160000,,,2026-07-12 23:22:27.095 UTC
34.080000,-118.160000,,,2026-07-12 22:50:35.488 UTC
34.080000,-118.160000,,,2026-07-12 22:16:08.169 UTC
34.080000,-118.160000,,,2026-07-12 22:49:42.446 UTC
34.080000,-118.160000,,,2026-07-12 22:05:50.608 UTC
34.080000,-118.160000,,,2026-07-12 20:54:00.337 UTC
34.080000,-118.160000,,,2026-07-12 21:14:45.144 UTC
34.080000,-118.160000,,,2026-07-12 21:26:01.117 UTC
34.080000,-118.160000,,,2026-07-12 21:40:56.179 UTC
34.080000,-118.240000,,,2026-07-12 19:08:41.244 UTC
34.080000,-118.160000,,,2026-07-12 00:24:12.374 UTC
34.080000,-118.160000,,,2026-07-12 00:15:05.957 UTC
34.080000,-118.160000,,,2026-07-12 00:23:54.569 UTC
34.080000,-118.160000,,,2026-07-12 18:25:58.03 UTC
34.080000,-118.160000,,,2026-07-12 17:36:43.943 UTC
34.080000,-118.160000,,,2026-07-12 17:13:32.029 UTC
34.080000,-118.160000,,,2026-07-12 18:35:20.416 UTC
34.080000,-118.160000,,,2026-07-12 17:57:45.854 UTC
34.080000,-118.160000,,,2026-07-12 17:33:53.333 UTC
34.080000,-118.160000,,,2026-07-12 17:28:50.749 UTC
34.080000,-118.160000,,,2025-06-19 01:55:18.147 UTC
34.080000,-118.160000,,,2025-06-26 01:52:23.654 UTC
34.080000,-118.160000,,,2025-06-26 01:53:59.348 UTC
34.080000,-118.160000,,,2025-06-07 22:42:22.703 UTC
34.080000,-118.160000,,,2025-06-07 22:25:04.203 UTC
34.080000,-118.160000,,,2025-12-10 03:46:46.685 UTC
34.080000,-118.240000,,,2025-08-16 18:09:59.245 UTC
34.080000,-118.160000,,,2025-08-16 15:21:04.219 UTC
34.080000,-118.160000,,,2025-11-08 20:58:43.628 UTC
34.080000,-118.160000,,,2026-07-12 23:50:37.338 UTC
34.080000,-118.160000,,,2025-09-25 01:24:35.146 UTC
34.080000,-118.160000,,,2025-09-25 02:00:27.507 UTC
34.080000,-118.160000,,,2025-09-20 15:41:51.767 UTC
34.080000,-118.160000,,,2025-06-29 23:15:53.874 UTC
34.080000,-118.160000,,,2025-06-29 19:06:24.296 UTC
34.000000,-118.040000,,,2025-06-29 22:04:30.117 UTC
34.080000,-118.160000,,,2025-06-29 17:37:33.412 UTC
34.080000,-118.160000,,,2025-06-29 23:34:15.845 UTC
34.080000,-118.160000,,,2025-06-29 22:36:11.87 UTC
34.080000,-118.160000,,,2025-06-29 18:19:31.11 UTC
34.080000,-118.160000,,,2025-06-28 23:24:31.775 UTC
34.080000,-118.160000,,,2025-06-28 18:18:44.146 UTC
34.000000,-118.040000,,,2025-06-28 01:20:25.778 UTC
34.080000,-118.160000,,,2025-06-28 23:22:54.726 UTC
34.080000,-118.160000,,,2026-03-01 22:22:21.261 UTC
34.080000,-118.160000,,,2026-03-01 22:22:08.727 UTC
34.080000,-118.160000,,,2026-03-01 21:10:39.287 UTC
34.080000,-118.160000,,,2026-03-01 19:20:07.08 UTC
34.080000,-118.160000,,,2026-03-01 17:45:23.644 UTC
34.080000,-118.160000,,,2026-03-01 00:40:27.586 UTC
34.080000,-118.160000,,,2026-03-01 17:16:47.118 UTC
34.080000,-118.160000,,,2026-03-01 21:50:13.28 UTC
34.080000,-118.160000,,,2026-03-01 21:11:11.388 UTC
34.080000,-118.160000,,,2026-03-01 17:43:43.278 UTC
34.080000,-118.160000,,,2026-03-01 00:41:07.586 UTC
34.080000,-118.160000,,,2025-07-04 18:31:16.815 UTC
34.080000,-118.160000,,,2025-11-18 04:54:55.148 UTC
34.080000,-118.160000,,,2025-07-09 03:51:51.896 UTC
34.080000,-118.160000,,,2025-09-04 01:16:07.145 UTC
34.080000,-118.160000,,,2025-09-04 02:07:54.274 UTC
34.080000,-118.160000,,,2025-10-30 02:14:45.493 UTC
34.080000,-118.160000,,,2026-02-28 18:17:08.186 UTC
34.080000,-118.240000,,,2026-02-28 20:09:18.118 UTC
34.080000,-118.160000,,,2026-02-28 22:34:26.977 UTC
34.080000,-118.160000,,,2026-02-28 23:44:13.084 UTC
34.080000,-118.160000,,,2026-02-28 22:28:25.48 UTC
34.080000,-118.160000,,,2026-02-28 18:49:27.981 UTC
34.080000,-118.160000,,,2026-02-28 18:16:46.58 UTC
34.080000,-118.160000,,,2025-05-29 02:13:41.362 UTC
34.080000,-118.160000,,,2025-12-13 22:42:06.934 UTC
34.080000,-118.160000,,,2025-12-13 22:43:00.842 UTC
34.080000,-118.160000,,,2025-06-27 01:22:35.154 UTC
34.000000,-118.040000,,,2025-08-20 02:08:53.9 UTC
35.640000,139.640000,,,2025-08-20 00:59:35.88 UTC
34.080000,-118.160000,,,2025-08-22 01:24:53.926 UTC
34.080000,-118.160000,,,2025-09-06 02:03:18.566 UTC
34.080000,-118.160000,,,2025-09-06 21:39:18.416 UTC
34.080000,-118.160000,,,2025-09-06 19:30:41.629 UTC
34.080000,-118.160000,,,2025-09-06 21:02:49.157 UTC
34.080000,-118.160000,,,2025-08-14 01:15:02.21 UTC
34.080000,-118.160000,,,2025-07-27 16:25:43.056 UTC
34.080000,-118.160000,,,2025-07-27 15:21:52.796 UTC
34.080000,-118.160000,,,2025-11-28 19:08:15.145 UTC
34.080000,-118.160000,,,2026-05-02 21:53:43.114 UTC
34.080000,-118.160000,,,2026-08-01 23:20:11.112 UTC
34.080000,-118.160000,,,2026-08-01 23:50:57.161 UTC
34.080000,-118.160000,,,2026-01-02 22:14:06.21 UTC
34.080000,-118.160000,,,2026-01-02 23:07:30.83 UTC
34.080000,-118.160000,,,2026-01-02 22:22:52.733 UTC
34.080000,-118.160000,,,2025-08-28 01:37:58.568 UTC
34.080000,-118.160000,,,2025-08-28 02:04:12.149 UTC
34.080000,-118.160000,,,2025-09-21 18:23:18.04 UTC
34.000000,-118.080000,,,2025-07-06 23:14:48.183 UTC
33.880000,-118.320000,,,2025-06-16 00:56:17.87 UTC
33.880000,-118.320000,,,2025-07-10 01:46:33.296 UTC
34.000000,-118.240000,,,2026-01-03 15:35:56.196 UTC
33.880000,-118.320000,,,2025-06-21 02:54:49.261 UTC
33.880000,-118.320000,,,2025-06-21 03:10:34.756 UTC
33.880000,-118.320000,,,2025-08-24 21:28:50.051 UTC
33.880000,-118.320000,,,2025-08-24 20:56:32.725 UTC
33.880000,-118.320000,,,2025-08-24 20:18:53.713 UTC
34.040000,-118.400000,,,2026-05-28 23:37:41.485 UTC
33.880000,-118.320000,,,2025-11-01 21:49:23.062 UTC
33.880000,-118.320000,,,2025-11-01 22:02:09.174 UTC
33.880000,-118.320000,,,2026-02-27 01:30:33.008 UTC
33.880000,-118.320000,,,2025-10-02 00:58:58.535 UTC
33.880000,-118.320000,,,2026-01-30 22:44:10.453 UTC
33.880000,-118.320000,,,2025-06-01 20:43:45.289 UTC
33.880000,-118.320000,,,2025-07-19 23:17:16.332 UTC
33.880000,-118.320000,,,2025-07-19 21:08:49.894 UTC
33.880000,-118.320000,,,2025-07-19 22:37:13.737 UTC
33.880000,-118.320000,,,2025-06-25 01:23:39.218 UTC
33.880000,-118.320000,,,2025-06-25 01:29:30.336 UTC
33.880000,-118.320000,,,2025-08-31 22:12:32.203 UTC
33.880000,-118.320000,,,2025-08-31 21:45:33.205 UTC
33.880000,-118.320000,,,2025-08-30 21:03:45.123 UTC
33.880000,-118.320000,,,2025-08-30 23:28:02.417 UTC
33.880000,-118.320000,,,2026-05-07 00:50:57.565 UTC
33.880000,-118.320000,,,2026-01-18 23:24:14.517 UTC
33.880000,-118.320000,,,2025-06-14 18:35:56.912 UTC
33.880000,-118.320000,,,2025-06-23 02:49:13.005 UTC
33.880000,-118.320000,,,2026-03-08 03:36:32.246 UTC
33.880000,-118.320000,,,2025-06-05 02:01:23.993 UTC
33.880000,-118.320000,,,2026-01-19 00:06:01.158 UTC
33.880000,-118.320000,,,2025-08-21 01:28:17.162 UTC
-23.560000,-46.680000,,,2025-08-21 00:58:37.108 UTC
33.880000,-118.320000,,,2025-12-14 23:29:12.957 UTC
33.880000,-118.320000,,,2025-11-29 18:59:14.403 UTC
33.880000,-118.320000,,,2025-07-12 21:37:30.664 UTC
33.880000,-118.320000,,,2025-07-12 22:38:36.211 UTC
33.880000,-118.320000,,,2025-07-12 22:10:00.032 UTC
33.880000,-118.320000,,,2026-04-04 23:00:47.249 UTC
33.880000,-118.320000,,,2026-04-04 23:00:32.854 UTC
33.880000,-118.320000,,,2026-05-23 21:00:40.034 UTC
33.880000,-118.320000,,,2026-05-23 21:47:32.792 UTC
33.880000,-118.320000,,,2026-01-24 21:44:03.678 UTC
33.880000,-118.320000,,,2026-01-24 21:58:50.121 UTC
33.880000,-118.320000,,,2026-01-24 22:55:32.027 UTC
33.880000,-118.320000,,,2025-10-18 23:23:33.516 UTC
33.880000,-118.320000,,,2025-10-18 21:53:24.935 UTC
33.880000,-118.320000,,,2025-10-18 23:18:19.175 UTC
33.880000,-118.320000,,,2025-10-18 20:56:54.689 UTC
33.880000,-118.320000,,,2025-10-18 21:54:28.146 UTC
33.880000,-118.320000,,,2026-03-14 23:07:31.874 UTC
33.880000,-118.320000,,,2026-07-11 23:03:58.24 UTC
33.880000,-118.320000,,,2026-07-11 22:09:33.011 UTC
33.880000,-118.320000,,,2026-07-11 18:24:07.25 UTC
33.880000,-118.320000,,,2026-07-11 17:45:41.307 UTC
33.880000,-118.320000,,,2026-07-11 18:22:01.588 UTC
33.880000,-118.320000,,,2026-07-11 17:43:32.733 UTC
33.880000,-118.320000,,,2025-06-20 00:26:11.235 UTC
33.880000,-118.320000,,,2026-03-28 21:03:12.426 UTC
33.880000,-118.320000,,,2025-07-05 21:36:39.267 UTC
33.880000,-118.320000,,,2025-07-05 23:24:31.752 UTC
33.880000,-118.320000,,,2025-07-05 22:50:18.567 UTC
33.880000,-118.320000,,,2025-09-11 01:03:33.594 UTC
33.880000,-118.320000,,,2025-09-11 01:12:21.12 UTC
33.880000,-118.320000,,,2025-08-23 21:42:55.136 UTC
33.880000,-118.320000,,,2025-08-23 21:48:59.849 UTC
33.880000,-118.320000,,,2025-08-23 20:40:34.597 UTC
33.880000,-118.320000,,,2025-08-23 20:36:24.944 UTC
33.880000,-118.320000,,,2025-08-23 20:27:01.836 UTC
33.880000,-118.320000,,,2025-08-23 17:51:47.492 UTC
33.880000,-118.320000,,,2025-08-23 16:56:34.107 UTC
33.880000,-118.320000,,,2025-08-23 01:37:14.741 UTC
33.880000,-118.320000,,,2025-08-23 01:05:29.925 UTC
33.880000,-118.320000,,,2025-06-24 01:38:39.123 UTC
33.880000,-118.320000,,,2025-06-24 01:10:17.292 UTC
33.880000,-118.320000,,,2026-07-13 00:58:13.249 UTC
33.880000,-118.320000,,,2026-07-13 02:01:19.653 UTC
33.880000,-118.320000,,,2026-07-13 01:04:02.473 UTC
33.880000,-118.320000,,,2026-08-22 20:57:50.581 UTC
33.880000,-118.320000,,,2026-08-22 21:07:05.208 UTC
33.880000,-118.320000,,,2025-07-26 01:05:54.189 UTC
33.880000,-118.320000,,,2025-07-26 15:51:56.208 UTC
33.880000,-118.320000,,,2025-10-04 22:15:53.116 UTC
33.880000,-118.320000,,,2025-10-04 22:26:01.826 UTC
33.880000,-118.320000,,,2025-10-04 22:16:15.897 UTC
33.880000,-118.320000,,,2025-09-14 23:10:12.203 UTC
33.880000,-118.320000,,,2025-05-31 22:51:00.419 UTC
33.880000,-118.320000,,,2025-11-15 01:51:45.359 UTC
33.880000,-118.320000,,,2025-11-15 01:57:54.481 UTC
33.880000,-118.320000,,,2026-02-01 21:07:49.357 UTC
33.880000,-118.320000,,,2025-08-17 15:19:28.684 UTC
33.880000,-118.320000,,,2025-08-17 15:36:38.202 UTC
33.880000,-118.320000,,,2025-09-07 22:23:43.905 UTC
33.880000,-118.320000,,,2025-09-07 21:41:01.118 UTC
33.880000,-118.320000,,,2026-07-12 23:37:43.266 UTC
33.880000,-118.320000,,,2026-07-12 22:59:14.332 UTC
33.880000,-118.320000,,,2026-07-12 22:18:08.568 UTC
33.880000,-118.320000,,,2026-07-12 21:06:00.171 UTC
33.880000,-118.320000,,,2026-07-12 20:58:32.373 UTC
33.880000,-118.320000,,,2026-07-12 21:36:05.583 UTC
33.880000,-118.320000,,,2026-07-12 19:18:56.491 UTC
33.880000,-118.320000,,,2026-07-12 00:04:11.243 UTC
33.880000,-118.320000,,,2026-07-12 17:43:51.828 UTC
33.880000,-118.320000,,,2026-07-12 18:45:27.012 UTC
33.880000,-118.320000,,,2026-07-12 16:41:10.805 UTC
33.880000,-118.320000,,,2025-06-19 01:08:58.289 UTC
33.880000,-118.320000,,,2025-07-03 00:59:26.295 UTC
33.880000,-118.320000,,,2025-06-26 01:50:41.317 UTC
33.880000,-118.320000,,,2026-07-03 03:25:49.651 UTC
33.880000,-118.320000,,,2025-06-07 21:30:48.775 UTC
33.880000,-118.320000,,,2026-02-14 03:37:54.912 UTC
-23.560000,-46.680000,,,2025-08-16 17:42:00.087 UTC
33.880000,-118.320000,,,2025-08-16 15:17:46.428 UTC
33.880000,-118.320000,,,2025-11-08 20:23:55.868 UTC
33.880000,-118.320000,,,2025-09-25 01:52:01.749 UTC
-23.560000,-46.680000,,,2025-09-20 15:29:48.879 UTC
33.880000,-118.320000,,,2025-06-29 23:38:48.969 UTC
33.880000,-118.320000,,,2025-06-29 22:15:38.36 UTC
33.880000,-118.320000,,,2025-06-29 20:17:57.226 UTC
33.880000,-118.320000,,,2025-06-29 19:39:11.789 UTC
33.880000,-118.320000,,,2025-06-29 19:10:26.805 UTC
33.880000,-118.320000,,,2025-06-29 22:17:17.817 UTC
33.880000,-118.320000,,,2025-06-29 21:29:39.75 UTC
33.880000,-118.320000,,,2025-06-29 17:52:17.754 UTC
33.880000,-118.320000,,,2025-06-29 23:46:06.618 UTC
33.880000,-118.320000,,,2025-06-29 23:48:14.922 UTC
33.880000,-118.320000,,,2025-06-29 23:08:48.446 UTC
33.880000,-118.320000,,,2025-06-29 19:37:17.469 UTC
33.880000,-118.320000,,,2025-06-29 19:17:38.394 UTC
33.880000,-118.320000,,,2025-06-29 22:20:57.375 UTC
33.880000,-118.320000,,,2025-06-29 18:39:48.415 UTC
33.880000,-118.320000,,,2025-06-29 17:02:54.098 UTC
33.880000,-118.320000,,,2025-06-29 21:19:07.702 UTC
33.880000,-118.320000,,,2025-06-28 22:44:42.366 UTC
33.880000,-118.320000,,,2025-06-28 23:30:53.208 UTC
33.880000,-118.320000,,,2025-06-28 21:13:34.716 UTC
33.880000,-118.320000,,,2025-06-28 20:52:40.72 UTC
33.880000,-118.320000,,,2025-06-28 18:26:37.14 UTC
33.880000,-118.320000,,,2025-06-28 17:47:26.691 UTC
33.880000,-118.320000,,,2025-06-28 17:32:35.023 UTC
33.880000,-118.320000,,,2025-06-28 20:42:55.804 UTC
33.880000,-118.320000,,,2025-06-28 22:36:31.4 UTC
33.880000,-118.320000,,,2025-06-28 21:44:57.925 UTC
33.880000,-118.320000,,,2025-06-28 01:38:25.195 UTC
33.880000,-118.320000,,,2025-06-28 18:24:59.973 UTC
33.880000,-118.320000,,,2025-06-28 17:19:42.401 UTC
34.040000,-118.400000,,,2026-01-20 14:08:09.198 UTC
33.880000,-118.320000,,,2026-03-01 21:46:25.674 UTC
33.880000,-118.320000,,,2026-03-01 20:14:48.118 UTC
33.880000,-118.320000,,,2026-03-01 18:12:06.999 UTC
33.880000,-118.320000,,,2026-03-01 00:18:21.861 UTC
33.880000,-118.320000,,,2026-03-01 21:45:20.096 UTC
33.880000,-118.320000,,,2026-03-01 20:49:50.115 UTC
33.880000,-118.320000,,,2026-03-01 18:54:07.283 UTC
33.880000,-118.320000,,,2026-03-01 00:11:02.92 UTC
33.880000,-118.320000,,,2025-07-04 18:28:21.286 UTC
33.880000,-118.320000,,,2025-09-04 01:06:23.592 UTC
33.880000,-118.320000,,,2025-09-04 01:42:56.67 UTC
33.880000,-118.320000,,,2025-10-30 01:44:40.456 UTC
33.880000,-118.320000,,,2025-10-30 01:48:06.365 UTC
33.880000,-118.320000,,,2026-02-28 20:06:02.588 UTC
33.880000,-118.320000,,,2026-02-28 23:55:24.986 UTC
33.880000,-118.320000,,,2026-02-28 23:13:52.239 UTC
33.880000,-118.320000,,,2026-02-28 22:53:10.553 UTC
33.880000,-118.320000,,,2026-02-28 22:52:30.068 UTC
33.880000,-118.320000,,,2026-02-28 22:11:13.041 UTC
33.880000,-118.320000,,,2026-02-28 22:55:05.148 UTC
33.880000,-118.320000,,,2026-02-28 23:18:54.978 UTC
33.880000,-118.320000,,,2025-05-29 01:41:59.408 UTC
33.880000,-118.320000,,,2025-06-27 01:25:36.19 UTC
33.880000,-118.320000,,,2025-08-20 01:03:45.733 UTC
33.880000,-118.320000,,,2025-08-20 01:01:31.737 UTC
33.880000,-118.320000,,,2025-08-22 01:36:02.995 UTC
33.880000,-118.320000,,,2025-08-22 01:15:11.121 UTC
33.880000,-118.320000,,,2025-09-06 21:27:37.36 UTC
33.880000,-118.320000,,,2025-09-06 19:27:56.271 UTC
33.880000,-118.320000,,,2025-08-14 01:36:32.026 UTC
33.880000,-118.320000,,,2025-07-27 15:58:19.373 UTC
33.880000,-118.320000,,,2025-11-28 18:18:34.253 UTC
33.880000,-118.320000,,,2026-05-02 21:52:07.163 UTC
33.880000,-118.320000,,,2026-05-02 21:28:55.128 UTC
33.880000,-118.320000,,,2025-11-16 17:08:26.253 UTC
33.880000,-118.320000,,,2025-11-16 17:14:16.468 UTC
33.880000,-118.320000,,,2026-08-01 23:18:56.172 UTC
41.920000,-87.600000,,,2026-07-04 23:38:35.143 UTC
33.880000,-118.320000,,,2026-01-02 22:36:54.42 UTC
33.880000,-118.320000,,,2025-08-28 01:57:32.252 UTC
33.880000,-118.320000,,,2025-09-21 18:13:03.195 UTC
33.880000,-118.320000,,,2025-07-11 03:49:20.639 UTC
34.040000,-118.200000,,,2026-07-25 23:33:41.251 UTC
35.680000,139.680000,,,2026-07-25 22:41:17.811 UTC
35.680000,139.680000,,,2026-05-28 22:30:14.37 UTC
34.080000,-118.280000,,,2026-06-07 20:26:16.832 UTC
33.960000,-118.120000,,,2026-03-11 14:04:47.048 UTC
35.680000,139.680000,,,2026-07-11 21:39:45.449 UTC
35.680000,139.680000,,,2026-07-11 20:02:14.635 UTC
35.680000,139.680000,,,2026-07-11 20:23:15.599 UTC
35.680000,139.680000,,,2026-05-18 01:02:13.235 UTC
34.200000,-118.280000,,,2025-09-20 16:27:04.823 UTC
34.200000,-118.280000,,,2025-09-20 16:27:50.099 UTC
34.080000,-118.280000,,,2025-06-29 20:53:38.232 UTC
34.040000,-118.200000,,,2025-06-29 21:02:02.508 UTC
34.080000,-118.280000,,,2025-06-29 20:32:21.692 UTC
33.920000,-118.160000,,,2026-01-25 23:08:39.209 UTC
34.080000,-118.280000,,,2026-01-25 22:53:09.927 UTC
35.680000,139.680000,,,2025-09-21 17:16:23.306 UTC
33.920000,-118.200000,,,2025-09-21 17:41:08.515 UTC
33.960000,-118.280000,,,2025-12-03 15:44:15.149 UTC
34.120000,-118.400000,,,2025-12-26 22:29:52.219 UTC
33.960000,-118.280000,,,2025-10-04 02:19:16.242 UTC
34.120000,-118.400000,,,2025-12-24 03:16:32.901 UTC
34.120000,-118.400000,,,2025-09-04 02:30:48.557 UTC
34.120000,-118.400000,,,2026-01-25 20:15:39.563 UTC
47.600000,-122.400000,,,2025-08-24 23:54:32.154 UTC
47.600000,-122.400000,,,2026-01-30 03:16:43.281 UTC
34.160000,-118.360000,,,2026-03-09 01:09:12.375 UTC
34.160000,-118.360000,,,2025-10-27 02:00:14.584 UTC
40.760000,-74.040000,,,2026-07-11 01:04:02.901 UTC
34.160000,-118.360000,,,2026-02-02 01:27:21.221 UTC
34.160000,-118.360000,,,2025-12-24 20:55:58.51 UTC
47.600000,-122.400000,,,2026-02-14 20:07:23.707 UTC
47.600000,-122.400000,,,2025-08-25 00:01:26.147 UTC
34.160000,-118.360000,,,2026-02-28 21:01:24.988 UTC
47.600000,-122.400000,,,2025-12-04 00:03:16.837 UTC
40.760000,-74.040000,,,2025-11-16 20:58:04.083 UTC
33.920000,-118.160000,,,2025-12-21 21:10:12.884 UTC
33.920000,-118.160000,,,2025-12-21 21:13:48.301 UTC
33.920000,-118.160000,,,2025-12-21 18:37:08.951 UTC
33.920000,-118.160000,,,2025-12-21 18:47:49.856 UTC
33.920000,-118.160000,,,2025-12-21 18:47:56.659 UTC
33.920000,-118.160000,,,2025-12-21 20:39:33.39 UTC
33.920000,-118.160000,,,2025-12-21 23:49:37.998 UTC
33.920000,-118.160000,,,2025-12-21 22:31:09.754 UTC
33.920000,-118.160000,,,2025-12-21 22:22:05.031 UTC
33.960000,-118.080000,,,2025-11-13 14:53:03.295 UTC
34.000000,-118.400000,,,2026-01-29 12:59:27.255 UTC
33.960000,-118.080000,,,2026-03-26 15:20:07.188 UTC
40.760000,-74.040000,,,2025-12-21 18:31:05.444 UTC
33.920000,-118.240000,,,2025-12-21 22:54:41.882 UTC
33.920000,-118.240000,,,2025-12-21 17:04:00.238 UTC
33.920000,-118.240000,,,2025-12-21 21:52:16.211 UTC
40.760000,-74.040000,,,2025-12-21 18:20:00.124 UTC
33.920000,-118.240000,,,2025-12-21 23:14:09.861 UTC
-33.840000,151.160000,,,2026-05-29 23:02:14.173 UTC
33.920000,-118.120000,,,2026-01-15 14:45:34.135 UTC
33.920000,-118.120000,,,2025-09-03 14:45:20.986 UTC
33.920000,-118.120000,,,2025-08-14 14:35:15.037 UTC
34.120000,-118.240000,,,2025-08-27 15:07:43.172 UTC
34.120000,-118.240000,,,2026-03-11 14:38:35.721 UTC
40.720000,-73.960000,,,2025-12-25 01:07:09.049 UTC
34.120000,-118.240000,,,2026-08-13 15:29:58.234 UTC
34.160000,-118.160000,,,2025-08-19 14:58:54.422 UTC
34.120000,-118.240000,,,2026-08-12 15:09:25.143 UTC
34.200000,-118.280000,,,2026-05-24 17:42:39.245 UTC
34.120000,-118.120000,,,2025-08-31 23:48:19.293 UTC
34.200000,-118.280000,,,2025-12-14 21:15:00.058 UTC
34.200000,-118.280000,,,2026-01-04 21:56:38.834 UTC
34.160000,-118.120000,,,2026-01-15 14:56:18.71 UTC
34.160000,-118.120000,,,2026-03-05 14:41:52.517 UTC
34.160000,-118.120000,,,2025-10-01 14:46:30.139 UTC
40.760000,-74.000000,,,2025-09-24 14:53:12.481 UTC
40.760000,-74.000000,,,2026-08-24 15:25:17.483 UTC
40.760000,-74.000000,,,2026-01-26 15:20:40.962 UTC
40.760000,-74.000000,,,2025-11-13 15:05:48.23 UTC
34.080000,-118.280000,,,2025-12-25 03:48:53.161 UTC
35.680000,139.600000,,,2025-09-26 02:03:32.85 UTC
40.760000,-74.000000,,,2026-08-26 15:45:31.278 UTC
40.760000,-74.000000,,,2026-01-27 15:29:19.076 UTC
40.760000,-74.000000,,,2025-06-17 14:48:32.951 UTC
40.760000,-74.000000,,,2025-10-01 14:50:23.795 UTC
40.760000,-74.000000,,,2026-01-12 15:11:10.233 UTC
34.080000,-118.280000,,,2025-07-01 14:53:27.038 UTC
-23.520000,-46.560000,,,2026-05-06 16:03:28.162 UTC
-23.520000,-46.560000,,,2025-10-27 15:01:41.227 UTC
51.480000,-0.080000,,,2025-09-26 01:47:02.05 UTC
35.680000,139.640000,,,2026-01-22 15:28:22.672 UTC
34.160000,-118.360000,,,2026-07-03 00:09:19.002 UTC
-23.520000,-46.560000,,,2025-09-23 15:48:45.753 UTC
-23.520000,-46.560000,,,2025-08-20 15:03:22.188 UTC
-33.840000,151.120000,,,2026-01-23 03:03:28.198 UTC
40.760000,-74.040000,,,2025-10-02 14:59:06.277 UTC
40.760000,-74.040000,,,2025-10-23 15:03:22.332 UTC
34.120000,-118.240000,,,2025-07-25 15:01:45.089 UTC
40.760000,-74.040000,,,2026-04-29 15:27:48.515 UTC
40.760000,-74.040000,,,2026-06-16 15:15:41.875 UTC
40.760000,-74.040000,,,2026-01-27 15:37:16.813 UTC
34.120000,-118.240000,,,2026-01-20 15:36:37.579 UTC
40.760000,-74.040000,,,2026-01-06 15:08:10.834 UTC
40.760000,-74.040000,,,2025-08-22 14:56:11.066 UTC
40.760000,-74.040000,,,2026-02-04 15:46:54.502 UTC
51.520000,-0.040000,,,2026-02-27 16:05:35.143 UTC
51.520000,-0.040000,,,2026-01-26 15:27:45.519 UTC
51.520000,-0.040000,,,2025-11-13 15:15:24.205 UTC
51.520000,-0.080000,,,2026-05-29 22:48:40.217 UTC
34.160000,-118.280000,,,2025-07-08 23:38:36.647 UTC
34.160000,-118.280000,,,2025-10-28 23:55:03.249 UTC
33.960000,-118.120000,,,2026-03-06 22:36:50.172 UTC
51.520000,-0.040000,,,2025-09-03 15:06:16.097 UTC
33.960000,-118.120000,,,2026-06-19 15:48:38.326 UTC
34.040000,-118.320000,,,2026-08-12 23:41:12.578 UTC
34.040000,-118.320000,,,2025-08-14 15:00:42.444 UTC
40.720000,-73.920000,,,2025-07-18 14:53:44.99 UTC
34.120000,-118.280000,,,2025-06-09 17:08:04.242 UTC
51.520000,-0.200000,,,2026-02-06 19:19:55.223 UTC
51.520000,-0.200000,,,2025-11-17 15:20:45.118 UTC
51.520000,-0.200000,,,2026-01-30 16:04:19.287 UTC
51.520000,-0.200000,,,2025-12-23 19:04:29.355 UTC
51.520000,-0.200000,,,2025-09-10 19:03:28.442 UTC
51.520000,-0.200000,,,2026-01-26 15:29:07.12 UTC
51.520000,-0.200000,,,2025-06-18 21:16:36.248 UTC
51.520000,-0.200000,,,2025-07-21 15:05:49.06 UTC
51.520000,-0.200000,,,2025-11-24 14:50:34.222 UTC
51.520000,-0.200000,,,2025-06-30 14:54:05.153 UTC
51.520000,-0.200000,,,2025-10-03 14:52:43.275 UTC
51.520000,-0.200000,,,2026-05-29 19:23:46.563 UTC
51.520000,-0.200000,,,2026-06-01 15:21:03.13 UTC
51.520000,-0.200000,,,2026-06-18 15:53:26.146 UTC
51.520000,-0.200000,,,2025-07-08 20:25:00.327 UTC
51.520000,-0.200000,,,2025-08-29 18:32:35.496 UTC
51.520000,-0.200000,,,2025-09-02 18:09:40.651 UTC
51.520000,-0.200000,,,2026-02-05 15:57:29.611 UTC
34.040000,-118.280000,,,2025-08-19 20:09:43.251 UTC
51.520000,-0.200000,,,2025-06-03 15:21:05.579 UTC
51.520000,-0.200000,,,2025-12-11 15:51:53.28 UTC
51.520000,-0.200000,,,2025-12-10 18:47:09.18 UTC
51.520000,-0.200000,,,2025-12-30 17:58:48.067 UTC
51.520000,-0.200000,,,2026-01-08 14:58:00.873 UTC
51.520000,-0.200000,,,2025-06-04 14:08:28.271 UTC
51.520000,-0.200000,,,2026-07-30 16:04:18.139 UTC
51.520000,-0.200000,,,2025-08-25 22:02:00.168 UTC
51.520000,-0.200000,,,2025-09-04 15:03:51.864 UTC
51.520000,-0.200000,,,2026-08-12 23:40:03.031 UTC
51.520000,-0.200000,,,2025-06-27 19:52:24.179 UTC
51.520000,-0.200000,,,2025-10-22 19:59:47.408 UTC
51.520000,-0.200000,,,2025-08-22 15:04:36.374 UTC
51.520000,-0.200000,,,2025-07-18 21:03:23.16 UTC
51.520000,-0.200000,,,2026-02-04 16:40:43.638 UTC
51.520000,-0.200000,,,2025-07-01 18:39:02.29 UTC
34.160000,-118.320000,,,2026-07-02 15:36:09.775 UTC
34.160000,-118.320000,,,2025-12-05 15:58:43.765 UTC
34.160000,-118.320000,,,2026-05-27 15:43:55.261 UTC
34.160000,-118.320000,,,2025-09-05 16:14:03.22 UTC
34.160000,-118.320000,,,2026-03-09 14:44:48.832 UTC
34.160000,-118.320000,,,2026-01-26 15:33:46.322 UTC
34.160000,-118.320000,,,2025-06-18 15:10:53.484 UTC
34.160000,-118.320000,,,2025-08-21 15:06:46.973 UTC
34.160000,-118.320000,,,2025-11-24 13:36:09.115 UTC
34.160000,-118.320000,,,2026-03-31 14:54:27.783 UTC
34.160000,-118.320000,,,2025-10-27 15:12:21.495 UTC
34.160000,-118.320000,,,2026-05-29 19:00:32.48 UTC
34.040000,-118.200000,,,2025-11-25 13:54:34.651 UTC
34.160000,-118.320000,,,2025-09-11 15:13:47.177 UTC
34.160000,-118.320000,,,2026-02-03 19:37:18.211 UTC
34.160000,-118.320000,,,2025-12-12 15:54:25.46 UTC
34.160000,-118.320000,,,2025-09-02 15:16:38.171 UTC
34.160000,-118.320000,,,2026-06-17 15:29:27.152 UTC
34.160000,-118.320000,,,2026-06-10 15:22:51.804 UTC
34.160000,-118.320000,,,2025-08-19 16:19:19.934 UTC
34.160000,-118.320000,,,2025-12-11 15:53:30.99 UTC
34.160000,-118.320000,,,2025-12-10 18:46:50.155 UTC
34.160000,-118.320000,,,2026-03-03 15:09:13.615 UTC
34.160000,-118.320000,,,2025-12-30 15:39:44.11 UTC
34.160000,-118.320000,,,2025-09-12 19:25:00.154 UTC
34.160000,-118.320000,,,2025-09-23 15:59:46.257 UTC
34.160000,-118.320000,,,2026-06-19 15:53:55.383 UTC
34.160000,-118.320000,,,2025-10-30 14:54:05.079 UTC
34.160000,-118.320000,,,2025-10-01 15:00:33.865 UTC
34.160000,-118.320000,,,2025-10-22 15:04:01.401 UTC
34.160000,-118.320000,,,2026-01-12 15:23:04.043 UTC
34.160000,-118.320000,,,2026-08-20 15:50:12.191 UTC
34.160000,-118.320000,,,2025-07-18 20:36:50.084 UTC
34.160000,-118.320000,,,2026-01-23 15:34:01.134 UTC
34.000000,-118.360000,,,2026-05-27 19:43:43.827 UTC
34.000000,-118.360000,,,2025-11-13 19:41:16.173 UTC
34.000000,-118.360000,,,2025-08-19 16:10:59.194 UTC
34.000000,-118.360000,,,2025-07-03 19:18:36.308 UTC
34.160000,-118.120000,,,2026-04-20 20:14:00.228 UTC
34.000000,-118.360000,,,2025-09-04 18:34:05.622 UTC
34.000000,-118.240000,,,2026-02-27 19:40:57.794 UTC
34.040000,-118.280000,,,2026-04-21 05:59:26.518 UTC
34.000000,-118.320000,,,2025-10-21 19:44:17.131 UTC
34.000000,-118.240000,,,2025-08-10 22:38:49.302 UTC
34.000000,-118.320000,,,2025-11-10 14:09:22.764 UTC
34.000000,-118.360000,,,2025-09-23 18:19:03.18 UTC
34.000000,-118.320000,,,2025-12-04 19:10:57.326 UTC
34.000000,-118.080000,,,2026-04-21 06:24:43.737 UTC
34.000000,-118.080000,,,2025-08-26 06:51:07.303 UTC
34.000000,-118.080000,,,2025-08-10 18:33:17.716 UTC
34.000000,-118.080000,,,2025-08-10 20:29:10.033 UTC
34.000000,-118.080000,,,2025-08-10 19:24:26.279 UTC
34.000000,-118.080000,,,2025-08-10 18:57:12.023 UTC
34.000000,-118.080000,,,2025-08-10 19:21:19.335 UTC
34.000000,-118.080000,,,2025-08-10 20:21:41.05 UTC
34.000000,-118.080000,,,2025-08-10 21:49:19.798 UTC
34.000000,-118.080000,,,2025-08-10 21:43:07.939 UTC
33.960000,-118.280000,,,2025-08-10 20:14:20.119 UTC
34.000000,-118.080000,,,2025-08-10 20:19:30.089 UTC
34.000000,-118.080000,,,2025-08-10 19:05:38.907 UTC
34.000000,-118.080000,,,2025-08-10 22:26:04.006 UTC
34.000000,-118.080000,,,2025-08-10 18:13:01.135 UTC
34.000000,-118.080000,,,2025-08-10 19:20:25.024 UTC
34.000000,-118.080000,,,2025-08-10 19:23:20.974 UTC
34.000000,-118.080000,,,2025-08-10 19:50:44.142 UTC
34.080000,-118.320000,,,2025-07-23 01:39:22.223 UTC
34.000000,-118.360000,,,2025-07-23 02:18:09.839 UTC
34.000000,-118.360000,,,2025-07-24 00:21:59.364 UTC
34.080000,-118.320000,,,2025-07-24 01:49:59.197 UTC
34.080000,-118.320000,,,2025-07-24 00:41:47.215 UTC
34.080000,-118.320000,,,2025-12-18 01:31:42.209 UTC
34.080000,-118.320000,,,2025-12-18 01:26:35.545 UTC
33.960000,-118.400000,,,2025-06-12 01:17:53.522 UTC
34.080000,-118.320000,,,2025-06-11 02:39:39.347 UTC
34.000000,-118.360000,,,2025-09-18 02:06:40.337 UTC
-23.520000,-46.640000,,,2026-02-11 14:07:59.593 UTC
-23.520000,-46.640000,,,2026-02-11 16:29:46.021 UTC
34.200000,-118.120000,,,2026-02-11 23:36:15.149 UTC
34.200000,-118.120000,,,2026-02-11 23:44:55.729 UTC
-23.520000,-46.640000,,,2026-02-11 17:57:54.005 UTC
34.040000,-118.160000,,,2026-02-11 17:07:45.148 UTC
-23.520000,-46.640000,,,2026-02-10 23:59:35.975 UTC
34.040000,-118.160000,,,2026-02-10 23:08:55.626 UTC
-23.520000,-46.640000,,,2026-02-10 16:44:18.038 UTC
-23.520000,-46.640000,,,2026-02-10 16:45:16.323 UTC
34.120000,-118.280000,,,2026-02-13 15:44:29.655 UTC
34.120000,-118.280000,,,2026-02-12 21:34:02.919 UTC
-23.520000,-46.640000,,,2026-02-12 20:28:26.177 UTC
34.160000,-118.120000,,,2025-01-13 21:32:08.367 UTC
34.160000,-118.120000,,,2025-01-13 21:29:10.708 UTC
33.880000,-118.200000,,,2024-05-31 20:13:44.593 UTC
34.040000,-118.160000,,,2024-06-04 04:42:27.412 UTC
33.880000,-118.200000,,,2024-06-04 06:17:55.099 UTC
33.880000,-118.200000,,,2024-06-04 04:12:03.478 UTC
33.880000,-118.200000,,,2024-12-26 01:25:51.633 UTC
33.880000,-118.200000,,,2024-12-26 01:45:35.27 UTC
33.880000,-118.200000,,,2025-04-26 21:46:33.494 UTC
33.880000,-118.200000,,,2025-04-26 21:16:52.971 UTC
33.880000,-118.200000,,,2025-04-26 21:22:21.161 UTC
33.880000,-118.200000,,,2025-04-26 21:27:35.159 UTC
33.880000,-118.200000,,,2025-04-26 21:53:51.912 UTC
33.880000,-118.200000,,,2025-04-26 21:22:29.899 UTC
34.000000,-118.360000,,,2024-10-07 02:10:53.495 UTC
34.000000,-118.360000,,,2024-10-07 01:41:25.552 UTC
34.040000,-118.320000,,,2024-10-07 19:15:20.152 UTC
34.000000,-118.360000,,,2024-10-07 00:20:50.463 UTC
34.160000,-118.120000,,,2024-10-07 20:08:43.077 UTC
34.040000,-118.320000,,,2024-10-07 19:05:59.526 UTC
34.000000,-118.360000,,,2024-06-16 03:49:59.658 UTC
34.200000,-118.160000,,,2024-06-16 02:05:23.527 UTC
34.000000,-118.360000,,,2024-06-16 03:30:41.428 UTC
34.000000,-118.360000,,,2024-06-16 01:22:02.424 UTC
34.000000,-118.360000,,,2024-06-16 02:55:21.941 UTC
33.880000,-118.200000,,,2024-06-16 00:48:30.259 UTC
33.880000,-118.200000,,,2024-02-02 21:11:14.383 UTC
33.880000,-118.200000,,,2024-06-14 18:23:23.077 UTC
33.880000,-118.200000,,,2024-06-14 19:57:37.289 UTC
33.880000,-118.200000,,,2024-06-14 18:09:50.844 UTC
33.880000,-118.200000,,,2024-09-05 14:42:28.372 UTC
34.040000,-118.160000,,,2024-09-05 03:07:45.298 UTC
33.880000,-118.200000,,,2024-09-05 23:08:38.055 UTC
33.880000,-118.200000,,,2024-09-05 03:13:29.169 UTC
34.040000,-118.160000,,,2024-09-05 03:05:36.563 UTC
33.880000,-118.200000,,,2025-01-31 22:10:06.056 UTC
33.880000,-118.200000,,,2025-01-31 22:10:21.42 UTC
33.880000,-118.200000,,,2025-01-31 00:54:27.403 UTC
34.040000,-118.160000,,,2025-01-31 00:25:54.369 UTC
33.880000,-118.200000,,,2024-06-08 05:09:44.374 UTC
33.880000,-118.200000,,,2024-06-08 06:34:21.187 UTC
33.880000,-118.200000,,,2024-06-08 05:14:25.304 UTC
34.160000,-118.120000,,,2024-06-08 05:40:08.737 UTC
34.160000,-118.120000,,,2024-09-26 23:21:49.32 UTC
33.880000,-118.200000,,,2024-09-26 02:12:35.562 UTC
34.040000,-118.320000,,,2024-09-26 20:11:13.88 UTC
33.880000,-118.200000,,,2024-09-26 21:42:34.053 UTC
33.880000,-118.200000,,,2024-09-26 01:11:40.274 UTC
33.880000,-118.200000,,,2024-09-26 21:44:32.732 UTC
33.880000,-118.200000,,,2024-09-26 21:04:48.111 UTC
34.080000,-118.040000,,,2024-09-26 19:50:45.429 UTC
34.040000,-118.320000,,,2024-02-20 16:00:26.741 UTC
34.000000,-118.120000,,,2024-02-20 15:39:24.478 UTC
33.880000,-118.200000,,,2024-02-20 21:12:43.122 UTC
34.040000,-118.320000,,,2024-02-20 16:25:30.168 UTC
33.880000,-118.200000,,,2024-03-21 05:48:14.947 UTC
33.880000,-118.200000,,,2024-03-21 06:26:34.333 UTC
33.880000,-118.200000,,,2024-03-21 06:11:09.23 UTC
34.160000,-118.120000,,,2024-06-19 04:53:44.524 UTC
33.880000,-118.200000,,,2024-06-19 05:02:37.182 UTC
34.160000,-118.120000,,,2024-06-19 04:42:20.338 UTC
33.880000,-118.200000,,,2024-01-05 03:00:01.885 UTC
33.880000,-118.200000,,,2024-01-05 03:28:45.258 UTC
33.880000,-118.200000,,,2024-03-20 21:41:31.149 UTC
33.880000,-118.200000,,,2025-02-11 23:37:32.796 UTC
33.880000,-118.200000,,,2025-02-11 20:04:03.708 UTC
34.040000,-118.160000,,,2025-01-16 00:51:19.112 UTC
33.880000,-118.200000,,,2025-01-16 01:35:04.947 UTC
33.880000,-118.200000,,,2025-01-16 01:00:13.376 UTC
33.880000,-118.200000,,,2025-01-16 02:13:55.327 UTC
34.120000,-118.160000,,,2025-04-18 20:35:53.514 UTC
33.880000,-118.200000,,,2024-07-15 00:40:50.204 UTC
33.880000,-118.200000,,,2024-07-15 00:31:40.76 UTC
33.880000,-118.200000,,,2024-07-15 00:41:31.436 UTC
34.040000,-118.160000,,,2023-12-31 02:42:19.662 UTC
33.880000,-118.200000,,,2024-02-13 18:37:08.203 UTC
33.880000,-118.200000,,,2024-09-13 01:21:03.158 UTC
33.880000,-118.200000,,,2025-05-24 21:07:38.18 UTC
33.880000,-118.200000,,,2025-05-24 23:52:56.367 UTC
33.880000,-118.200000,,,2025-05-24 23:10:06.147 UTC
34.040000,-118.160000,,,2025-05-24 23:24:40.586 UTC
33.880000,-118.200000,,,2025-01-28 01:32:19.38 UTC
33.880000,-118.200000,,,2025-01-28 02:41:22.116 UTC
33.880000,-118.200000,,,2025-01-28 01:06:58.387 UTC
33.880000,-118.200000,,,2025-01-28 02:42:30.829 UTC
34.040000,-118.160000,,,2025-01-28 17:59:50.258 UTC
33.880000,-118.200000,,,2024-03-26 06:03:31.205 UTC
33.880000,-118.200000,,,2024-03-26 05:30:19.297 UTC
34.160000,-118.120000,,,2024-03-26 05:41:09.806 UTC
33.880000,-118.200000,,,2024-07-13 20:10:53.243 UTC
33.880000,-118.200000,,,2024-07-13 18:45:26.072 UTC
33.880000,-118.200000,,,2024-07-13 17:15:16.615 UTC
33.880000,-118.200000,,,2024-07-13 18:45:01.298 UTC
33.880000,-118.200000,,,2024-07-13 22:09:17.009 UTC
33.880000,-118.200000,,,2024-07-13 23:10:32.192 UTC
33.880000,-118.200000,,,2024-07-13 21:39:08.111 UTC
33.880000,-118.200000,,,2024-07-13 22:14:55.267 UTC
33.880000,-118.200000,,,2024-07-13 23:46:55.122 UTC
33.880000,-118.200000,,,2024-07-13 19:51:28.381 UTC
33.880000,-118.200000,,,2024-07-13 19:07:45.377 UTC
33.880000,-118.200000,,,2024-07-13 22:55:04.193 UTC
33.880000,-118.200000,,,2024-07-13 19:46:27.874 UTC
33.880000,-118.200000,,,2024-07-13 00:58:51.611 UTC
33.880000,-118.200000,,,2024-07-13 18:49:20.881 UTC
33.880000,-118.200000,,,2024-07-13 18:18:18.587 UTC
33.880000,-118.200000,,,2024-07-13 19:52:52.489 UTC
33.880000,-118.200000,,,2024-07-13 21:25:30.27 UTC
33.880000,-118.200000,,,2024-07-13 19:39:19.21 UTC
33.880000,-118.200000,,,2024-07-13 20:39:13.556 UTC
33.880000,-118.200000,,,2024-07-13 19:07:21.601 UTC
33.880000,-118.200000,,,2024-07-13 17:57:03.909 UTC
33.880000,-118.200000,,,2024-12-22 21:48:54.577 UTC
33.880000,-118.200000,,,2024-12-22 23:09:57.785 UTC
33.880000,-118.200000,,,2024-12-22 19:29:17.947 UTC
33.880000,-118.200000,,,2024-12-22 21:52:49.306 UTC
33.880000,-118.200000,,,2024-12-22 23:24:26.065 UTC
33.880000,-118.200000,,,2024-12-22 23:48:57.296 UTC
33.880000,-118.200000,,,2025-03-27 23:55:31.625 UTC
33.880000,-118.200000,,,2025-03-27 00:57:00.967 UTC
33.880000,-118.200000,,,2025-03-12 01:10:17.517 UTC
34.040000,-118.160000,,,2025-03-12 02:09:39.638 UTC
33.880000,-118.200000,,,2025-03-12 01:35:59.271 UTC
51.520000,-0.160000,,,2024-12-24 01:33:05.715 UTC
34.000000,-118.360000,,,2024-07-07 19:30:52.448 UTC
34.000000,-118.360000,,,2024-07-07 19:17:40.134 UTC
34.160000,-118.120000,,,2024-06-11 03:04:49.514 UTC
33.880000,-118.200000,,,2024-06-11 03:08:11.392 UTC
34.080000,-118.080000,,,2024-04-09 01:41:16.496 UTC
33.880000,-118.200000,,,2024-04-09 02:44:47.698 UTC
33.880000,-118.200000,,,2025-05-23 20:20:32.713 UTC
33.880000,-118.200000,,,2025-05-23 20:41:43.952 UTC
34.040000,-118.320000,,,2025-05-23 19:20:47.494 UTC
33.880000,-118.200000,,,2024-04-29 15:00:50.706 UTC
34.080000,-118.360000,,,2023-11-19 05:39:58.582 UTC
34.080000,-118.360000,,,2023-11-19 05:30:53.749 UTC
34.080000,-118.360000,,,2023-11-19 05:28:41 UTC
34.080000,-118.360000,,,2023-11-19 05:29:42.879 UTC
34.080000,-118.360000,,,2023-11-19 20:54:29.521 UTC
34.040000,-118.160000,,,2024-09-06 20:05:40.04 UTC
33.880000,-118.200000,,,2024-09-06 20:42:02.395 UTC
34.040000,-118.160000,,,2024-09-06 20:31:25.508 UTC
33.880000,-118.200000,,,2024-08-28 20:28:42.113 UTC
33.880000,-118.200000,,,2024-08-28 15:46:43.377 UTC
33.880000,-118.200000,,,2024-10-26 02:13:41.919 UTC
34.080000,-118.080000,,,2025-04-07 18:22:01.803 UTC
34.040000,-118.320000,,,2024-03-25 17:47:47.491 UTC
34.040000,-118.320000,,,2024-03-25 17:45:04.133 UTC
33.880000,-118.200000,,,2024-01-23 15:00:13.439 UTC
33.880000,-118.200000,,,2024-06-26 03:18:46.508 UTC
33.880000,-118.200000,,,2024-01-11 20:58:30.228 UTC
33.880000,-118.200000,,,2024-12-23 00:02:14.183 UTC
33.880000,-118.200000,,,2024-06-03 21:04:04.533 UTC
34.080000,-118.360000,,,2023-11-22 23:52:27.369 UTC
34.080000,-118.360000,,,2023-11-22 00:13:49.974 UTC
34.080000,-118.360000,,,2023-11-22 00:28:57.859 UTC
34.080000,-118.360000,,,2023-11-22 00:56:00.296 UTC
34.080000,-118.360000,,,2023-11-22 01:14:34.947 UTC
34.080000,-118.360000,,,2023-11-22 01:30:09.299 UTC
34.080000,-118.360000,,,2023-11-22 02:49:20.764 UTC
34.080000,-118.360000,,,2023-11-22 02:56:25.241 UTC
34.080000,-118.360000,,,2023-11-22 03:11:18.143 UTC
34.080000,-118.360000,,,2023-11-22 03:28:21.987 UTC
34.080000,-118.360000,,,2023-11-22 22:53:19.094 UTC
34.080000,-118.360000,,,2023-11-22 23:24:27.975 UTC
34.080000,-118.360000,,,2023-11-22 23:40:41.663 UTC
34.080000,-118.360000,,,2023-11-22 00:05:55.032 UTC
34.080000,-118.360000,,,2023-11-22 00:26:01.255 UTC
34.080000,-118.360000,,,2023-11-22 00:50:11.886 UTC
34.080000,-118.360000,,,2023-11-22 01:05:44.772 UTC
34.080000,-118.360000,,,2023-11-22 01:26:21.316 UTC
34.080000,-118.360000,,,2023-11-22 02:51:32.208 UTC
34.080000,-118.360000,,,2023-11-22 03:08:02.215 UTC
34.080000,-118.360000,,,2023-11-22 03:24:47.914 UTC
34.080000,-118.360000,,,2023-11-22 22:51:37.798 UTC
34.080000,-118.360000,,,2023-11-22 23:08:55.6 UTC
34.080000,-118.360000,,,2023-11-22 23:44:14.385 UTC
33.880000,-118.200000,,,2024-05-26 00:08:47.123 UTC
33.880000,-118.200000,,,2024-09-21 00:47:44.696 UTC
34.000000,-118.120000,,,2024-09-21 02:05:06.784 UTC
34.000000,-118.120000,,,2024-09-21 01:34:20.328 UTC
33.880000,-118.200000,,,2024-08-13 04:14:39.336 UTC
33.880000,-118.200000,,,2024-08-13 03:12:25.47 UTC
34.040000,-118.160000,,,2025-04-28 01:04:25.269 UTC
33.880000,-118.200000,,,2024-05-07 21:34:04.53 UTC
33.880000,-118.200000,,,2024-05-07 19:19:48.269 UTC
34.040000,-118.320000,,,2024-05-07 20:37:26.17 UTC
34.000000,-118.120000,,,2024-05-29 00:37:50.738 UTC
34.080000,-118.040000,,,2024-05-29 19:52:12.385 UTC
33.880000,-118.200000,,,2024-05-29 22:16:48.919 UTC
33.880000,-118.200000,,,2024-05-29 21:18:56.285 UTC
34.040000,-118.320000,,,2024-05-29 20:23:24.734 UTC
34.000000,-118.120000,,,2024-05-29 00:37:33.137 UTC
33.880000,-118.200000,,,2025-03-01 00:09:42.205 UTC
33.880000,-118.200000,,,2025-03-01 01:48:31.043 UTC
33.880000,-118.200000,,,2025-03-01 03:08:36.488 UTC
33.880000,-118.200000,,,2025-03-01 17:19:34.169 UTC
33.880000,-118.200000,,,2025-03-01 17:42:17.923 UTC
33.880000,-118.200000,,,2025-03-01 18:25:50.169 UTC
33.880000,-118.200000,,,2025-03-01 18:55:40.785 UTC
33.880000,-118.200000,,,2025-03-01 19:39:07.471 UTC
33.880000,-118.200000,,,2025-03-01 20:32:17.91 UTC
33.880000,-118.200000,,,2025-03-01 21:06:59.282 UTC
33.880000,-118.200000,,,2025-03-01 21:54:57.965 UTC
33.880000,-118.200000,,,2025-03-01 22:21:19.968 UTC
33.880000,-118.200000,,,2025-03-01 22:53:37.177 UTC
33.880000,-118.200000,,,2025-03-01 23:54:49.293 UTC
33.880000,-118.200000,,,2025-03-01 01:36:39.463 UTC
33.880000,-118.200000,,,2025-03-01 02:51:17.176 UTC
33.880000,-118.200000,,,2025-03-01 17:03:22.784 UTC
33.880000,-118.200000,,,2025-03-01 17:47:34.308 UTC
33.880000,-118.200000,,,2025-03-01 18:32:54.725 UTC
33.880000,-118.200000,,,2025-03-01 19:29:18.268 UTC
33.880000,-118.200000,,,2025-03-01 19:59:43.429 UTC
33.880000,-118.200000,,,2025-03-01 21:12:35.189 UTC
33.880000,-118.200000,,,2025-03-01 21:54:49.215 UTC
33.880000,-118.200000,,,2025-03-01 22:49:15.882 UTC
33.880000,-118.200000,,,2025-03-01 23:53:26.189 UTC
33.880000,-118.200000,,,2025-01-24 20:11:43.522 UTC
33.880000,-118.200000,,,2025-01-24 04:42:46.247 UTC
33.880000,-118.200000,,,2024-09-25 07:12:41.337 UTC
34.160000,-118.120000,,,2024-06-22 03:16:06.729 UTC
33.880000,-118.200000,,,2024-06-22 04:05:10.3 UTC
34.040000,-118.160000,,,2024-06-22 22:47:51.549 UTC
33.880000,-118.200000,,,2024-06-22 03:13:15.79 UTC
33.880000,-118.200000,,,2024-06-22 04:02:55.186 UTC
33.880000,-118.200000,,,2024-06-22 23:58:04.585 UTC
33.880000,-118.200000,,,2024-05-16 16:23:06.348 UTC
33.880000,-118.200000,,,2024-12-18 01:31:55.173 UTC
34.160000,-118.120000,,,2024-12-18 19:13:55.119 UTC
33.880000,-118.200000,,,2024-12-18 01:49:49.161 UTC
34.040000,-118.160000,,,2024-12-18 19:19:34.989 UTC
33.880000,-118.200000,,,2024-09-07 03:55:53.145 UTC
34.040000,-118.320000,,,2024-09-07 22:36:38.415 UTC
33.880000,-118.200000,,,2024-09-07 04:21:29.482 UTC
33.880000,-118.200000,,,2024-07-21 23:08:38.135 UTC
33.880000,-118.200000,,,2024-07-21 00:30:19.835 UTC
33.880000,-118.200000,,,2024-06-23 03:02:34.385 UTC
34.160000,-118.120000,,,2024-06-23 06:01:47.252 UTC
34.040000,-118.160000,,,2024-09-20 01:46:34.535 UTC
33.880000,-118.200000,,,2025-02-05 01:57:04.584 UTC
34.040000,-118.160000,,,2025-02-05 02:20:46.974 UTC
33.880000,-118.200000,,,2025-02-05 02:01:37.396 UTC
33.880000,-118.200000,,,2025-02-05 01:54:48.009 UTC
33.880000,-118.200000,,,2025-02-05 01:53:20.219 UTC
33.880000,-118.200000,,,2024-02-05 16:14:13.072 UTC
33.880000,-118.200000,,,2024-02-05 16:15:31.438 UTC
33.880000,-118.200000,,,2025-03-02 17:49:47.803 UTC
33.880000,-118.200000,,,2025-03-02 23:33:24.205 UTC
33.880000,-118.200000,,,2025-03-02 21:57:18.502 UTC
33.880000,-118.200000,,,2025-03-02 20:37:10.991 UTC
33.880000,-118.200000,,,2025-03-02 22:17:25.205 UTC
33.880000,-118.200000,,,2025-03-02 19:56:36.385 UTC
33.880000,-118.200000,,,2025-03-02 17:36:56.154 UTC
33.880000,-118.200000,,,2025-03-02 18:12:40.269 UTC
33.880000,-118.200000,,,2025-03-02 17:57:21.161 UTC
33.880000,-118.200000,,,2025-03-02 17:15:06.875 UTC
33.880000,-118.200000,,,2025-03-02 00:22:06.35 UTC
33.880000,-118.200000,,,2025-03-02 01:01:40.573 UTC
33.880000,-118.200000,,,2025-03-02 23:20:41.201 UTC
33.880000,-118.200000,,,2025-03-02 22:54:33.265 UTC
33.880000,-118.200000,,,2025-03-02 22:07:42.676 UTC
33.880000,-118.200000,,,2025-03-02 20:55:37.572 UTC
33.880000,-118.200000,,,2025-03-02 22:31:35.071 UTC
33.880000,-118.200000,,,2025-03-02 18:37:25.721 UTC
33.880000,-118.200000,,,2025-03-02 18:05:10.647 UTC
33.880000,-118.200000,,,2025-03-02 17:55:30.823 UTC
33.880000,-118.200000,,,2025-03-02 01:27:40.518 UTC
33.880000,-118.200000,,,2025-03-02 00:28:58.817 UTC
34.000000,-118.120000,,,2024-05-27 00:48:19.587 UTC
34.000000,-118.120000,,,2024-05-27 00:33:02.22 UTC
34.000000,-118.120000,,,2024-05-27 22:33:38.996 UTC
33.880000,-118.200000,,,2024-05-27 17:22:03.556 UTC
34.000000,-118.120000,,,2024-05-27 22:38:39.983 UTC
34.000000,-118.120000,,,2024-05-27 22:52:10.655 UTC
34.080000,-118.360000,,,2023-11-14 16:15:21.628 UTC
34.080000,-118.360000,,,2023-11-14 15:58:01.043 UTC
34.080000,-118.360000,,,2023-11-14 15:33:09.928 UTC
34.080000,-118.360000,,,2023-11-14 15:24:57.38 UTC
34.080000,-118.360000,,,2023-11-14 15:26:38.055 UTC
34.080000,-118.360000,,,2023-11-14 16:05:29.671 UTC
34.080000,-118.360000,,,2023-11-23 02:09:17.454 UTC
34.080000,-118.360000,,,2023-11-23 00:50:05.643 UTC
34.080000,-118.360000,,,2023-11-23 01:07:02.567 UTC
34.080000,-118.360000,,,2023-11-23 02:07:39.937 UTC
34.080000,-118.360000,,,2023-11-23 00:01:21.976 UTC
34.080000,-118.360000,,,2023-11-23 00:41:20.135 UTC
34.080000,-118.360000,,,2023-11-23 01:05:41.41 UTC
33.880000,-118.200000,,,2025-01-11 23:35:01.365 UTC
33.880000,-118.200000,,,2025-01-11 23:06:15.261 UTC
33.880000,-118.200000,,,2025-01-11 23:59:34.235 UTC
33.880000,-118.200000,,,2025-01-11 21:03:21.204 UTC
33.880000,-118.200000,,,2025-01-11 22:47:42.811 UTC
33.880000,-118.200000,,,2025-01-11 23:10:18.874 UTC
33.880000,-118.200000,,,2025-01-11 21:50:02.522 UTC
33.880000,-118.200000,,,2025-01-11 22:10:57.228 UTC
33.880000,-118.200000,,,2025-01-11 21:04:04.074 UTC
34.040000,-118.320000,,,2025-03-20 20:31:45.791 UTC
33.880000,-118.200000,,,2024-06-25 04:57:43.136 UTC
33.880000,-118.200000,,,2024-06-25 20:17:45.524 UTC
33.880000,-118.200000,,,2024-06-25 04:56:04.775 UTC
33.880000,-118.200000,,,2024-06-25 21:02:11.142 UTC
33.880000,-118.200000,,,2024-06-25 19:03:41.236 UTC
33.880000,-118.200000,,,2024-06-25 04:18:27.282 UTC
34.040000,-118.320000,,,2024-06-25 18:15:37.39 UTC
33.880000,-118.200000,,,2025-02-12 16:47:53.699 UTC
33.880000,-118.200000,,,2025-02-12 19:35:37.35 UTC
33.880000,-118.200000,,,2025-02-12 01:50:28.485 UTC
33.880000,-118.200000,,,2025-02-12 00:57:09.859 UTC
33.880000,-118.200000,,,2025-02-12 01:49:25.472 UTC
33.880000,-118.200000,,,2025-02-12 19:36:09.211 UTC
33.880000,-118.200000,,,2025-02-12 02:09:01.027 UTC
33.880000,-118.200000,,,2025-02-12 19:43:03.302 UTC
33.880000,-118.200000,,,2024-11-02 17:17:18.237 UTC
33.880000,-118.200000,,,2025-02-14 04:26:26.112 UTC
34.080000,-118.360000,,,2023-11-17 08:05:51.335 UTC
34.080000,-118.360000,,,2023-11-17 08:16:09.849 UTC
34.080000,-118.360000,,,2023-11-17 07:55:32.236 UTC
34.080000,-118.360000,,,2023-11-17 08:02:50.841 UTC
34.080000,-118.360000,,,2023-11-17 08:50:29.081 UTC
34.040000,-118.320000,,,2024-06-10 01:19:45.753 UTC
34.040000,-118.320000,,,2024-06-10 00:42:41.536 UTC
34.040000,-118.320000,,,2024-06-10 01:41:03.303 UTC
33.880000,-118.200000,,,2024-01-20 22:27:22.699 UTC
33.880000,-118.200000,,,2024-01-20 00:37:51.113 UTC
33.880000,-118.200000,,,2024-01-20 22:51:47.216 UTC
33.880000,-118.200000,,,2024-08-12 23:35:37.371 UTC
33.880000,-118.200000,,,2024-08-12 21:18:33.214 UTC
34.040000,-118.320000,,,2024-08-12 21:29:15.313 UTC
33.880000,-118.200000,,,2024-08-12 23:39:05.289 UTC
34.040000,-118.160000,,,2024-08-12 22:08:14.279 UTC
34.040000,-118.160000,,,2024-09-14 03:54:56.504 UTC
33.880000,-118.200000,,,2024-09-14 04:44:36.966 UTC
34.040000,-118.320000,,,2024-09-14 19:43:36.031 UTC
33.880000,-118.200000,,,2024-09-14 23:26:52.729 UTC
33.880000,-118.200000,,,2024-09-14 04:09:14.772 UTC
33.880000,-118.200000,,,2024-09-14 20:36:32.77 UTC
34.040000,-118.320000,,,2024-09-14 19:43:20.232 UTC
34.040000,-118.160000,,,2024-09-14 03:59:30.736 UTC
33.880000,-118.200000,,,2024-05-28 18:34:18.808 UTC
33.880000,-118.200000,,,2024-05-28 16:14:22.239 UTC
33.880000,-118.200000,,,2024-05-28 16:47:51.842 UTC
33.880000,-118.200000,,,2024-05-28 16:15:45.156 UTC
33.880000,-118.200000,,,2024-05-28 18:33:25.11 UTC
34.040000,-118.320000,,,2024-05-28 20:31:22.75 UTC
34.040000,-118.320000,,,2024-05-28 20:29:43.127 UTC
34.040000,-118.160000,,,2024-05-28 22:25:37.647 UTC
34.080000,-118.080000,,,2024-01-06 23:25:33.267 UTC
33.880000,-118.200000,,,2024-08-23 00:11:22.883 UTC
33.880000,-118.200000,,,2024-08-23 00:05:20.681 UTC
33.880000,-118.200000,,,2024-08-23 00:57:40.756 UTC
34.040000,-118.160000,,,2024-08-23 01:13:57.164 UTC
33.880000,-118.200000,,,2025-03-23 22:43:41.488 UTC
34.080000,-118.080000,,,2025-03-23 18:37:29.228 UTC
34.080000,-118.080000,,,2025-03-23 18:49:10.003 UTC
33.880000,-118.200000,,,2025-02-09 03:15:06.947 UTC
33.880000,-118.200000,,,2025-02-09 21:50:46.187 UTC
33.880000,-118.200000,,,2025-02-09 22:22:14.353 UTC
33.880000,-118.200000,,,2025-02-09 23:09:07.142 UTC
33.880000,-118.200000,,,2025-02-09 02:52:56.535 UTC
33.880000,-118.200000,,,2025-02-09 21:15:47.571 UTC
33.880000,-118.200000,,,2025-02-09 21:58:29.467 UTC
33.880000,-118.200000,,,2025-02-09 22:36:49.678 UTC
33.880000,-118.200000,,,2025-02-09 23:06:03.622 UTC
33.880000,-118.200000,,,2024-10-17 02:04:56.264 UTC
33.880000,-118.200000,,,2024-10-17 00:56:53.432 UTC
33.880000,-118.200000,,,2024-10-17 16:54:25.067 UTC
33.880000,-118.200000,,,2025-02-02 00:11:16.101 UTC
33.880000,-118.200000,,,2024-11-22 01:39:19.204 UTC
33.880000,-118.200000,,,2024-11-22 01:10:56.225 UTC
34.160000,-118.120000,,,2024-04-25 17:46:28.145 UTC
34.160000,-118.120000,,,2024-04-25 17:49:23.403 UTC
33.880000,-118.200000,,,2025-02-04 02:36:46.697 UTC
33.880000,-118.200000,,,2025-02-04 01:43:17.346 UTC
33.880000,-118.200000,,,2025-02-04 01:30:44.773 UTC
33.880000,-118.200000,,,2025-02-04 00:39:38.191 UTC
33.880000,-118.200000,,,2024-02-26 00:53:15.184 UTC
34.040000,-118.160000,,,2024-02-26 18:05:14.953 UTC
33.880000,-118.200000,,,2024-02-26 00:58:26.731 UTC
34.040000,-118.160000,,,2024-02-26 18:05:42.27 UTC
33.880000,-118.200000,,,2025-01-08 01:34:00.996 UTC
33.880000,-118.200000,,,2025-01-08 02:14:22.361 UTC
33.880000,-118.200000,,,2024-07-17 01:31:46.336 UTC
33.880000,-118.200000,,,2024-07-17 05:37:31.316 UTC
33.880000,-118.200000,,,2024-08-11 00:10:37.184 UTC
33.880000,-118.200000,,,2024-08-11 21:05:31.503 UTC
33.880000,-118.200000,,,2024-08-11 00:02:55.319 UTC
33.880000,-118.200000,,,2024-08-11 04:16:12.382 UTC
33.880000,-118.200000,,,2024-08-11 21:56:47.73 UTC
33.880000,-118.200000,,,2024-09-22 03:58:35.244 UTC
33.880000,-118.200000,,,2024-09-22 22:11:03.171 UTC
33.880000,-118.200000,,,2024-09-22 22:01:00.338 UTC
34.040000,-118.160000,,,2024-09-22 03:37:38.59 UTC
33.880000,-118.200000,,,2024-09-22 03:49:16.851 UTC
33.880000,-118.200000,,,2024-09-22 01:44:17.145 UTC
34.040000,-118.160000,,,2024-09-22 22:37:32.169 UTC
34.000000,-118.120000,,,2024-12-29 23:06:43.408 UTC
34.000000,-118.120000,,,2024-12-29 23:23:54.992 UTC
33.880000,-118.200000,,,2024-12-29 21:50:53.427 UTC
34.000000,-118.120000,,,2024-12-29 23:23:16.552 UTC
33.880000,-118.200000,,,2024-12-06 20:00:23.885 UTC
33.880000,-118.200000,,,2024-12-06 20:00:30.996 UTC
34.040000,-118.160000,,,2025-02-08 18:36:03.53 UTC
34.040000,-118.160000,,,2025-02-08 18:34:51.215 UTC
33.880000,-118.200000,,,2025-02-08 23:19:09.31 UTC
34.040000,-118.160000,,,2025-02-08 16:29:22.784 UTC
34.040000,-118.160000,,,2025-02-08 16:10:48.993 UTC
33.880000,-118.200000,,,2024-04-08 18:44:43.135 UTC
33.880000,-118.200000,,,2024-10-02 00:52:10.168 UTC
34.040000,-118.160000,,,2024-10-02 01:32:25.236 UTC
33.880000,-118.200000,,,2024-10-02 01:10:09.176 UTC
34.040000,-118.160000,,,2024-10-02 01:19:28.866 UTC
33.880000,-118.200000,,,2024-08-16 01:52:12.663 UTC
33.880000,-118.200000,,,2024-08-16 02:08:32.59 UTC
33.880000,-118.200000,,,2024-08-16 22:28:26.096 UTC
33.880000,-118.200000,,,2024-08-16 03:49:14.093 UTC
34.040000,-118.160000,,,2024-08-16 01:23:33.122 UTC
34.080000,-118.080000,,,2024-04-07 02:11:14.294 UTC
34.080000,-118.080000,,,2024-04-07 01:39:32.204 UTC
34.080000,-118.280000,,,2024-04-07 00:18:51.751 UTC
34.040000,-118.160000,,,2024-04-07 02:56:52.19 UTC
33.880000,-118.200000,,,2024-04-07 03:00:03.055 UTC
33.880000,-118.200000,,,2024-04-07 16:37:32.109 UTC
34.160000,-118.120000,,,2024-04-07 05:18:19.775 UTC
34.080000,-118.080000,,,2024-04-07 02:11:19.853 UTC
34.040000,-118.160000,,,2025-01-20 17:01:08.441 UTC
34.040000,-118.160000,,,2025-01-20 17:05:04.577 UTC
33.880000,-118.200000,,,2025-01-14 01:19:33.225 UTC
33.880000,-118.200000,,,2025-01-14 15:02:44.213 UTC
33.880000,-118.200000,,,2024-01-31 17:48:08.493 UTC
34.160000,-118.120000,,,2024-01-31 17:00:20.02 UTC
34.080000,-118.280000,,,2024-06-15 02:23:03.267 UTC
33.880000,-118.200000,,,2024-06-15 23:43:40.257 UTC
33.880000,-118.200000,,,2024-07-29 02:29:17.315 UTC
33.880000,-118.200000,,,2024-07-29 02:38:27.517 UTC
33.880000,-118.200000,,,2024-07-29 20:56:10.424 UTC
34.040000,-118.320000,,,2024-07-29 21:59:12.565 UTC
33.880000,-118.200000,,,2024-07-09 01:37:22.254 UTC
34.040000,-118.160000,,,2024-07-09 21:45:49.602 UTC
33.880000,-118.200000,,,2024-07-09 21:50:55.441 UTC
34.040000,-118.160000,,,2024-07-09 21:44:40.442 UTC
33.960000,-118.360000,,,2025-05-18 21:10:43.451 UTC
33.960000,-118.360000,,,2025-05-18 21:37:07.966 UTC
34.080000,-118.080000,,,2025-05-18 19:30:05.93 UTC
33.880000,-118.200000,,,2025-05-18 00:11:32.859 UTC
33.880000,-118.200000,,,2024-10-04 16:33:46.639 UTC
34.040000,-118.320000,,,2024-02-07 21:57:38.281 UTC
34.080000,-118.040000,,,2024-02-07 21:10:48.009 UTC
33.880000,-118.200000,,,2025-02-17 22:01:43.246 UTC
33.880000,-118.200000,,,2025-02-17 17:04:52.435 UTC
33.880000,-118.200000,,,2025-02-17 18:15:41.475 UTC
33.880000,-118.200000,,,2025-02-17 22:36:49.51 UTC
33.880000,-118.200000,,,2025-05-10 22:09:13.215 UTC
33.880000,-118.200000,,,2025-05-10 21:00:09.177 UTC
33.880000,-118.200000,,,2025-05-10 22:28:39.248 UTC
33.880000,-118.200000,,,2025-01-29 01:36:43.628 UTC
34.160000,-118.120000,,,2025-01-29 17:24:31.265 UTC
34.160000,-118.120000,,,2025-01-29 17:55:50.052 UTC
33.880000,-118.200000,,,2025-01-29 01:05:13.12 UTC
34.160000,-118.120000,,,2025-01-29 17:45:46.468 UTC
33.880000,-118.200000,,,2025-02-23 19:21:21.948 UTC
33.880000,-118.200000,,,2025-02-23 18:26:16.953 UTC
34.040000,-118.320000,,,2025-02-23 23:15:23.064 UTC
34.000000,-118.120000,,,2024-05-15 22:20:09.359 UTC
34.000000,-118.120000,,,2024-05-15 22:17:51.238 UTC
33.880000,-118.200000,,,2025-05-01 01:47:24.308 UTC
33.880000,-118.200000,,,2025-05-01 02:06:28.031 UTC
34.160000,-118.120000,,,2025-01-18 00:42:27.442 UTC
34.160000,-118.120000,,,2025-01-18 00:05:17.219 UTC
33.880000,-118.200000,,,2024-03-23 01:42:53.159 UTC
33.880000,-118.200000,,,2024-03-23 05:25:46.334 UTC
33.880000,-118.200000,,,2024-03-23 18:36:52.413 UTC
34.160000,-118.120000,,,2024-03-23 05:44:13.119 UTC
33.880000,-118.200000,,,2024-08-01 01:30:22.089 UTC
33.880000,-118.200000,,,2024-08-01 01:29:33.335 UTC
33.880000,-118.200000,,,2024-08-01 01:18:26.271 UTC
33.880000,-118.200000,,,2024-09-24 18:15:41.138 UTC
33.880000,-118.200000,,,2024-09-03 03:29:47.192 UTC
33.880000,-118.200000,,,2024-09-03 03:33:35.202 UTC
34.040000,-118.160000,,,2024-05-01 19:28:02.356 UTC
34.040000,-118.320000,,,2024-05-01 19:13:09.161 UTC
34.000000,-118.400000,,,2024-05-01 18:59:19.402 UTC
33.880000,-118.200000,,,2024-05-01 04:35:07.187 UTC
34.160000,-118.120000,,,2024-05-01 17:05:13.807 UTC
34.040000,-118.160000,,,2024-11-01 17:07:13.925 UTC
34.040000,-118.320000,,,2024-11-01 16:50:20.809 UTC
33.880000,-118.200000,,,2024-09-11 22:00:12.164 UTC
33.880000,-118.200000,,,2024-09-11 15:53:26.825 UTC
33.880000,-118.200000,,,2024-09-11 17:24:31.575 UTC
33.880000,-118.200000,,,2024-09-11 15:46:24.431 UTC
34.160000,-118.120000,,,2024-09-11 17:28:18.43 UTC
34.080000,-118.040000,,,2025-02-07 00:02:32.758 UTC
33.880000,-118.200000,,,2024-06-06 01:50:58.123 UTC
33.880000,-118.200000,,,2024-06-06 01:55:51.186 UTC
33.880000,-118.200000,,,2024-06-06 01:30:29.192 UTC
33.880000,-118.200000,,,2024-06-06 20:44:28.365 UTC
33.880000,-118.200000,,,2024-06-06 05:20:23.077 UTC
33.880000,-118.200000,,,2024-08-08 19:56:56.699 UTC
34.040000,-118.160000,,,2024-08-08 18:48:17.138 UTC
33.880000,-118.200000,,,2024-08-08 20:02:06.497 UTC
33.880000,-118.200000,,,2024-08-08 01:19:33.806 UTC
34.040000,-118.160000,,,2024-08-08 02:06:46.352 UTC
34.000000,-118.120000,,,2024-06-29 20:18:25.393 UTC
34.000000,-118.120000,,,2024-06-29 20:11:32.865 UTC
33.880000,-118.200000,,,2025-03-14 20:10:48.657 UTC
33.880000,-118.200000,,,2024-07-18 01:30:17.254 UTC
34.000000,-118.120000,,,2024-07-18 02:05:25.521 UTC
33.960000,-118.360000,,,2024-04-28 02:05:12.1 UTC
33.960000,-118.360000,,,2024-04-28 04:14:36.177 UTC
33.880000,-118.200000,,,2024-04-28 18:33:28.081 UTC
33.960000,-118.360000,,,2024-04-28 02:01:54.074 UTC
33.960000,-118.360000,,,2024-04-28 03:49:57.554 UTC
33.880000,-118.200000,,,2024-01-24 18:48:34.211 UTC
33.880000,-118.200000,,,2024-10-12 21:02:28.648 UTC
33.880000,-118.200000,,,2024-10-12 21:47:45.953 UTC
33.880000,-118.200000,,,2024-09-09 14:53:09.299 UTC
34.040000,-118.320000,,,2024-09-27 20:17:31.164 UTC
34.040000,-118.320000,,,2024-09-27 20:02:12.023 UTC
33.880000,-118.200000,,,2024-03-28 01:52:16.373 UTC
33.880000,-118.200000,,,2024-11-26 16:46:25.947 UTC
34.160000,-118.120000,,,2024-03-04 05:06:30.421 UTC
33.880000,-118.200000,,,2024-03-04 04:38:52.635 UTC
34.000000,-118.120000,,,2024-03-04 02:22:29.975 UTC
33.880000,-118.200000,,,2024-03-04 04:39:20.808 UTC
33.880000,-118.200000,,,2024-03-04 05:18:26.066 UTC
33.880000,-118.200000,,,2024-03-04 04:20:47.651 UTC
33.880000,-118.200000,,,2025-04-22 23:11:54.404 UTC
33.880000,-118.200000,,,2024-08-22 00:57:47.045 UTC
33.880000,-118.200000,,,2024-08-22 02:33:13.336 UTC
33.880000,-118.200000,,,2024-08-22 23:56:09.007 UTC
33.880000,-118.200000,,,2024-08-22 01:47:13.644 UTC
33.880000,-118.200000,,,2024-08-22 14:56:07.691 UTC
33.880000,-118.200000,,,2024-08-22 23:42:07.208 UTC
33.880000,-118.200000,,,2024-06-21 23:08:40.263 UTC
34.040000,-118.320000,,,2024-06-21 19:51:55.62 UTC
34.160000,-118.120000,,,2024-06-21 19:17:10.433 UTC
33.880000,-118.200000,,,2024-04-30 23:34:28.233 UTC
33.880000,-118.200000,,,2024-08-05 02:19:54.851 UTC
33.880000,-118.200000,,,2024-08-05 01:48:31.123 UTC
34.000000,-118.120000,,,2024-08-05 00:43:11.165 UTC
33.880000,-118.200000,,,2024-09-04 01:34:18.401 UTC
34.160000,-118.120000,,,2024-09-04 19:55:51.499 UTC
33.880000,-118.200000,,,2024-09-04 01:08:05.504 UTC
33.880000,-118.200000,,,2024-09-04 01:40:30.574 UTC
34.000000,-118.120000,,,2024-09-04 20:01:47.49 UTC
-33.920000,151.200000,,,2024-11-27 19:58:25.217 UTC
33.880000,-118.200000,,,2024-11-27 02:16:17.454 UTC
33.880000,-118.200000,,,2024-11-27 01:23:48.475 UTC
-33.920000,151.200000,,,2024-11-27 21:02:36.517 UTC
33.880000,-118.200000,,,2025-01-12 00:13:03.485 UTC
33.880000,-118.200000,,,2025-02-06 02:44:55.147 UTC
33.880000,-118.200000,,,2025-02-06 01:37:46.014 UTC
33.880000,-118.200000,,,2025-02-06 01:55:26.086 UTC
33.880000,-118.200000,,,2025-02-06 09:09:34.291 UTC
34.080000,-118.360000,,,2023-11-20 22:50:32.265 UTC
34.080000,-118.360000,,,2023-11-20 22:12:58.048 UTC
34.080000,-118.360000,,,2023-11-20 22:26:51.818 UTC
34.080000,-118.360000,,,2023-11-20 23:52:59.834 UTC
34.080000,-118.360000,,,2023-11-20 23:52:29.839 UTC
34.080000,-118.360000,,,2023-11-20 22:13:56.923 UTC
33.880000,-118.200000,,,2025-03-18 18:54:05.789 UTC
33.880000,-118.200000,,,2025-03-18 18:50:52.258 UTC
34.000000,-118.120000,,,2025-03-18 03:07:58.42 UTC
33.880000,-118.200000,,,2025-03-18 00:50:56.24 UTC
33.880000,-118.200000,,,2024-04-14 05:42:08.275 UTC
33.880000,-118.200000,,,2024-04-14 05:43:25.747 UTC
33.880000,-118.200000,,,2024-04-14 02:21:02.452 UTC
33.880000,-118.200000,,,2024-04-14 05:31:18.449 UTC
34.160000,-118.120000,,,2024-04-14 21:38:19.205 UTC
34.080000,-118.360000,,,2023-11-26 04:33:56.924 UTC
34.080000,-118.360000,,,2023-11-26 04:03:30.722 UTC
34.080000,-118.360000,,,2023-11-26 04:06:35.749 UTC
34.080000,-118.360000,,,2023-11-26 04:28:36.393 UTC
33.880000,-118.200000,,,2024-02-23 01:49:59.057 UTC
33.880000,-118.200000,,,2024-02-23 01:49:54.98 UTC
33.880000,-118.200000,,,2024-02-23 01:53:41.65 UTC
34.040000,-118.320000,,,2024-09-16 18:24:46.466 UTC
34.040000,-118.320000,,,2024-09-16 18:25:34.068 UTC
34.160000,-118.120000,,,2024-09-16 03:28:18.246 UTC
33.880000,-118.200000,,,2024-09-16 18:54:29.286 UTC
34.040000,-118.320000,,,2024-09-16 18:22:56.962 UTC
34.040000,-118.320000,,,2024-09-16 17:43:11.249 UTC
34.000000,-118.120000,,,2024-09-01 04:20:04.354 UTC
33.880000,-118.200000,,,2024-09-01 04:29:15.901 UTC
33.880000,-118.200000,,,2025-01-21 02:34:11.212 UTC
33.880000,-118.200000,,,2025-01-21 00:58:35.936 UTC
33.880000,-118.200000,,,2025-01-21 00:52:41.852 UTC
33.880000,-118.200000,,,2025-05-07 22:43:25.407 UTC
34.000000,-118.360000,,,2024-03-29 20:49:52.167 UTC
33.880000,-118.200000,,,2024-03-29 16:08:29.11 UTC
34.000000,-118.360000,,,2024-03-29 21:37:52.157 UTC
34.000000,-118.360000,,,2024-03-29 20:51:00.124 UTC
33.880000,-118.200000,,,2024-03-29 16:06:11.539 UTC
33.880000,-118.200000,,,2024-03-29 16:03:43.826 UTC
34.160000,-118.120000,,,2024-03-29 15:23:20.346 UTC
33.880000,-118.200000,,,2024-08-07 01:29:04.178 UTC
33.880000,-118.200000,,,2024-08-07 01:00:31.495 UTC
33.880000,-118.200000,,,2025-01-17 18:02:57.919 UTC
34.000000,-118.120000,,,2025-01-17 17:55:47.456 UTC
33.880000,-118.200000,,,2025-01-17 16:11:15.248 UTC
34.000000,-118.120000,,,2025-01-17 16:25:13.249 UTC
33.880000,-118.200000,,,2025-05-09 20:21:17.175 UTC
33.880000,-118.200000,,,2024-03-22 16:55:35.268 UTC
33.880000,-118.200000,,,2024-03-22 15:50:58.539 UTC
33.880000,-118.200000,,,2024-03-22 17:29:43.209 UTC
33.880000,-118.200000,,,2024-03-22 17:29:34.479 UTC
33.880000,-118.200000,,,2024-03-22 16:41:03.824 UTC
33.880000,-118.200000,,,2024-03-22 17:30:51.484 UTC
33.880000,-118.200000,,,2025-01-27 05:28:16.143 UTC
34.040000,-118.320000,,,2025-01-27 18:19:03.013 UTC
34.080000,-118.360000,,,2023-11-12 02:49:54.639 UTC
34.080000,-118.360000,,,2023-11-12 08:52:33.928 UTC
34.080000,-118.360000,,,2023-11-12 19:11:54.883 UTC
34.080000,-118.360000,,,2023-11-12 09:21:13.253 UTC
34.080000,-118.360000,,,2023-11-12 09:21:37.901 UTC
34.080000,-118.360000,,,2023-11-12 17:15:47.798 UTC
34.080000,-118.360000,,,2023-11-12 09:09:14.11 UTC
34.080000,-118.360000,,,2023-11-12 09:21:00.355 UTC
34.080000,-118.360000,,,2023-11-12 08:34:20.786 UTC
34.080000,-118.360000,,,2023-11-12 09:04:46.876 UTC
34.080000,-118.360000,,,2023-11-12 17:40:05.019 UTC
34.080000,-118.360000,,,2023-11-12 17:51:11.65 UTC
34.080000,-118.360000,,,2023-11-12 01:52:06.945 UTC
34.080000,-118.360000,,,2023-11-12 09:07:04.499 UTC
34.080000,-118.360000,,,2023-11-12 18:00:56.048 UTC
34.080000,-118.360000,,,2023-11-12 08:41:53.212 UTC
34.080000,-118.360000,,,2023-11-12 01:57:08.895 UTC
34.080000,-118.360000,,,2023-11-12 09:21:57.804 UTC
34.080000,-118.360000,,,2023-11-12 08:45:00.78 UTC
34.080000,-118.360000,,,2023-11-12 09:04:02.83 UTC
34.080000,-118.360000,,,2023-11-12 17:21:20.208 UTC
34.080000,-118.360000,,,2023-11-12 17:50:10.125 UTC
34.080000,-118.360000,,,2023-11-12 08:59:12.898 UTC
34.080000,-118.360000,,,2023-11-12 01:51:40.759 UTC
33.880000,-118.200000,,,2025-01-22 00:57:01.796 UTC
33.880000,-118.200000,,,2025-01-22 01:22:23.284 UTC
33.880000,-118.200000,,,2025-01-22 01:26:11.508 UTC
33.880000,-118.200000,,,2024-03-05 06:04:28.917 UTC
34.040000,-118.160000,,,2024-03-05 06:49:53.997 UTC
33.880000,-118.200000,,,2024-03-05 07:21:30.886 UTC
33.880000,-118.200000,,,2024-03-05 18:17:11.388 UTC
33.880000,-118.200000,,,2024-03-05 06:42:10.041 UTC
34.160000,-118.120000,,,2024-03-05 06:35:29.279 UTC
34.040000,-118.160000,,,2024-03-05 07:06:06.287 UTC
34.000000,-118.120000,,,2024-12-20 20:41:36.771 UTC
33.880000,-118.200000,,,2024-12-20 20:37:50.204 UTC
33.880000,-118.200000,,,2024-06-20 16:56:09.734 UTC
33.880000,-118.200000,,,2024-06-20 02:09:45.255 UTC
34.160000,-118.120000,,,2024-06-20 15:55:09.597 UTC
33.880000,-118.200000,,,2024-07-27 03:12:39.261 UTC
33.880000,-118.200000,,,2024-07-27 04:42:23.48 UTC
34.000000,-118.120000,,,2024-07-27 18:46:11.289 UTC
34.000000,-118.120000,,,2024-07-27 19:31:18.311 UTC
34.000000,-118.120000,,,2024-07-27 21:43:22.235 UTC
34.000000,-118.120000,,,2024-07-27 22:23:25.999 UTC
34.000000,-118.120000,,,2024-07-27 23:10:50.095 UTC
34.000000,-118.120000,,,2024-07-27 23:49:09.328 UTC
33.880000,-118.200000,,,2024-07-27 04:37:28.826 UTC
34.000000,-118.120000,,,2024-07-27 18:25:02.827 UTC
34.000000,-118.120000,,,2024-07-27 19:21:29.008 UTC
34.000000,-118.120000,,,2024-07-27 21:03:21.739 UTC
34.000000,-118.120000,,,2024-07-27 21:56:01.86 UTC
34.000000,-118.120000,,,2024-07-27 22:46:56 UTC
34.000000,-118.120000,,,2024-07-27 23:24:44.44 UTC
34.000000,-118.360000,,,2024-03-11 02:41:50.757 UTC
33.880000,-118.200000,,,2025-02-26 01:29:39.24 UTC
33.880000,-118.200000,,,2025-02-26 02:50:05.694 UTC
34.080000,-118.040000,,,2025-02-26 21:25:01.177 UTC
33.880000,-118.200000,,,2025-02-26 01:06:52.163 UTC
33.880000,-118.200000,,,2025-02-26 02:54:44.176 UTC
34.080000,-118.040000,,,2025-02-26 20:56:41.872 UTC
34.000000,-118.120000,,,2024-03-02 02:49:51.192 UTC
33.880000,-118.200000,,,2024-03-02 04:42:43.133 UTC
33.880000,-118.200000,,,2024-03-02 22:59:09.3 UTC
33.880000,-118.200000,,,2024-03-02 20:42:21.14 UTC
33.880000,-118.200000,,,2024-03-02 21:48:10.233 UTC
33.880000,-118.200000,,,2025-05-26 03:03:21.739 UTC
33.880000,-118.200000,,,2025-05-26 00:14:06.081 UTC
33.880000,-118.200000,,,2025-05-26 00:11:20.925 UTC
33.880000,-118.200000,,,2025-05-26 21:12:16.065 UTC
33.880000,-118.200000,,,2025-05-26 03:17:49.17 UTC
33.880000,-118.200000,,,2024-10-05 23:00:13.203 UTC
33.880000,-118.200000,,,2024-10-05 23:00:00.574 UTC
33.880000,-118.200000,,,2024-10-05 03:26:13.269 UTC
33.880000,-118.200000,,,2024-07-22 03:44:07.134 UTC
34.160000,-118.120000,,,2024-10-28 21:29:22.741 UTC
33.880000,-118.200000,,,2024-07-26 00:16:00.476 UTC
33.880000,-118.200000,,,2024-07-26 00:32:38.125 UTC
33.880000,-118.200000,,,2024-02-25 00:29:02.711 UTC
33.880000,-118.200000,,,2024-02-25 02:08:54.27 UTC
33.880000,-118.200000,,,2024-02-25 22:55:33.042 UTC
33.880000,-118.200000,,,2024-02-25 00:13:49.546 UTC
33.880000,-118.200000,,,2024-02-25 04:35:41.539 UTC
33.880000,-118.200000,,,2025-03-19 00:58:50.47 UTC
33.880000,-118.200000,,,2025-03-19 01:26:28.468 UTC
33.880000,-118.200000,,,2024-08-24 04:26:32.073 UTC
33.880000,-118.200000,,,2024-08-24 22:38:21.207 UTC
33.880000,-118.200000,,,2024-08-24 22:44:45.093 UTC
33.880000,-118.200000,,,2024-08-24 21:44:02.019 UTC
33.880000,-118.200000,,,2024-08-24 21:48:07.414 UTC
34.080000,-118.080000,,,2025-04-08 19:53:38.528 UTC
33.880000,-118.200000,,,2024-12-13 04:16:35.143 UTC
34.000000,-118.360000,,,2024-10-25 20:27:59.606 UTC
34.000000,-118.360000,,,2024-10-25 20:26:16.377 UTC
34.080000,-118.040000,,,2024-10-25 20:49:16.329 UTC
33.880000,-118.200000,,,2024-07-25 01:45:43.296 UTC
33.880000,-118.200000,,,2024-07-25 01:12:56.221 UTC
34.000000,-118.120000,,,2024-07-28 00:01:14.733 UTC
33.880000,-118.200000,,,2024-07-02 04:51:44.738 UTC
33.880000,-118.200000,,,2024-07-02 04:21:28.018 UTC
33.880000,-118.200000,,,2024-07-02 18:25:47.498 UTC
33.880000,-118.200000,,,2024-07-02 03:42:35.523 UTC
33.880000,-118.200000,,,2024-07-02 18:24:44.297 UTC
33.880000,-118.200000,,,2024-06-07 09:15:35.983 UTC
33.880000,-118.200000,,,2024-06-07 05:08:54.428 UTC
33.880000,-118.200000,,,2024-06-07 05:11:25.712 UTC
33.880000,-118.200000,,,2024-11-20 01:05:49.186 UTC
33.880000,-118.200000,,,2024-11-20 00:18:54.15 UTC
33.880000,-118.200000,,,2024-11-20 01:36:49.001 UTC
34.080000,-118.040000,,,2024-11-20 17:44:28.464 UTC
33.880000,-118.200000,,,2025-04-16 01:17:54.43 UTC
34.040000,-118.160000,,,2025-04-16 01:53:13.434 UTC
33.880000,-118.200000,,,2025-04-16 20:54:17.895 UTC
33.880000,-118.200000,,,2025-04-16 00:58:57.301 UTC
33.880000,-118.200000,,,2025-04-16 21:19:16.821 UTC
34.040000,-118.160000,,,2025-04-16 02:02:12.256 UTC
34.200000,-118.240000,,,2024-08-02 06:22:09.831 UTC
34.000000,-118.360000,,,2024-08-02 06:36:18.899 UTC
34.000000,-118.120000,,,2025-04-21 20:38:49.484 UTC
34.000000,-118.120000,,,2025-04-21 20:28:10.613 UTC
33.880000,-118.200000,,,2025-04-21 21:51:06.563 UTC
34.000000,-118.120000,,,2025-04-21 20:21:11.779 UTC
33.880000,-118.200000,,,2024-10-14 20:16:22.828 UTC
33.880000,-118.200000,,,2025-03-30 19:28:39.928 UTC
33.880000,-118.200000,,,2025-05-14 00:02:18.165 UTC
34.160000,-118.120000,,,2024-11-24 01:10:36.31 UTC
33.880000,-118.200000,,,2024-11-24 00:33:06.254 UTC
33.880000,-118.200000,,,2024-11-24 00:39:22.49 UTC
33.880000,-118.200000,,,2024-11-24 17:32:39.25 UTC
33.880000,-118.200000,,,2024-11-24 01:01:40.947 UTC
33.880000,-118.200000,,,2024-03-17 03:30:55.229 UTC
33.880000,-118.200000,,,2024-03-17 22:07:27.279 UTC
33.880000,-118.200000,,,2024-03-17 23:52:46.681 UTC
33.880000,-118.200000,,,2024-03-17 22:25:33.155 UTC
33.880000,-118.200000,,,2024-08-03 18:49:19.776 UTC
33.880000,-118.200000,,,2024-08-03 19:05:32.024 UTC
33.880000,-118.200000,,,2024-08-03 18:46:12.981 UTC
33.880000,-118.200000,,,2024-08-03 21:44:46 UTC
33.880000,-118.200000,,,2025-02-13 00:57:02.559 UTC
33.880000,-118.200000,,,2025-02-13 01:10:22.524 UTC
33.880000,-118.200000,,,2025-02-13 14:45:10.227 UTC
33.880000,-118.200000,,,2025-02-13 01:06:20.109 UTC
34.000000,-118.120000,,,2024-06-30 01:15:42.203 UTC
34.000000,-118.120000,,,2024-06-30 01:14:51.331 UTC
33.880000,-118.200000,,,2024-06-30 02:34:57.074 UTC
34.000000,-118.120000,,,2024-06-30 02:04:58.154 UTC
34.000000,-118.120000,,,2024-04-27 02:42:13.37 UTC
33.880000,-118.200000,,,2024-10-23 21:34:09.282 UTC
33.880000,-118.200000,,,2024-10-23 21:44:38.094 UTC
33.880000,-118.200000,,,2024-07-23 01:47:39.95 UTC
34.160000,-118.120000,,,2024-07-23 22:49:21.463 UTC
33.880000,-118.200000,,,2024-07-23 02:20:13.209 UTC
33.880000,-118.200000,,,2024-07-24 01:22:24.076 UTC
33.880000,-118.200000,,,2024-07-24 01:13:03.271 UTC
33.880000,-118.200000,,,2024-07-24 17:39:06.543 UTC
33.880000,-118.200000,,,2024-07-24 01:02:46.433 UTC
33.880000,-118.200000,,,2024-07-24 17:01:14.853 UTC
33.880000,-118.200000,,,2024-07-24 20:30:45.175 UTC
33.880000,-118.200000,,,2024-07-24 01:39:03.593 UTC
33.880000,-118.200000,,,2024-05-30 02:16:30.309 UTC
33.880000,-118.200000,,,2024-05-30 01:06:20.694 UTC
33.880000,-118.200000,,,2025-01-04 00:36:39.76 UTC
34.000000,-118.120000,,,2024-07-01 02:48:26.707 UTC
34.000000,-118.120000,,,2024-07-01 03:00:55.301 UTC
34.160000,-118.120000,,,2024-07-01 03:04:23.806 UTC
34.000000,-118.120000,,,2024-07-01 01:51:04.252 UTC
34.000000,-118.360000,,,2024-10-06 23:14:40.181 UTC
34.080000,-118.080000,,,2024-10-06 22:31:22.871 UTC
34.160000,-118.120000,,,2024-02-10 20:19:59.267 UTC
34.000000,-118.120000,,,2024-02-10 20:37:28.283 UTC
33.880000,-118.200000,,,2024-08-31 20:45:48.1 UTC
33.880000,-118.200000,,,2024-08-31 23:20:45.304 UTC
34.160000,-118.200000,,,2024-08-31 20:28:23.151 UTC
33.880000,-118.200000,,,2024-08-31 22:47:47.007 UTC
33.880000,-118.200000,,,2024-08-31 23:27:56.096 UTC
34.160000,-118.200000,,,2024-08-31 20:28:14.414 UTC
33.880000,-118.200000,,,2024-10-08 01:13:23.261 UTC
33.880000,-118.200000,,,2025-02-01 17:55:51.555 UTC
33.880000,-118.200000,,,2025-02-01 21:39:32.213 UTC
33.880000,-118.200000,,,2025-02-01 23:39:38.99 UTC
33.880000,-118.200000,,,2025-02-01 18:47:29.887 UTC
33.880000,-118.200000,,,2025-02-01 22:17:41.438 UTC
33.880000,-118.200000,,,2025-02-03 17:25:56.442 UTC
33.880000,-118.200000,,,2025-02-03 17:24:30.041 UTC
33.880000,-118.200000,,,2025-02-25 22:23:35.251 UTC
34.160000,-118.120000,,,2025-02-25 22:18:42.595 UTC
33.880000,-118.200000,,,2025-02-25 20:00:39.224 UTC
33.880000,-118.200000,,,2025-02-25 20:01:41.084 UTC
33.880000,-118.200000,,,2025-02-25 20:42:07.1 UTC
33.880000,-118.200000,,,2025-02-25 18:57:44.31 UTC
33.880000,-118.200000,,,2025-02-25 18:09:38.183 UTC
33.880000,-118.200000,,,2025-02-25 01:51:48.177 UTC
33.880000,-118.200000,,,2025-02-25 02:17:34.205 UTC
33.880000,-118.200000,,,2025-02-25 00:57:23.184 UTC
33.880000,-118.200000,,,2025-04-03 01:58:21.521 UTC
33.880000,-118.200000,,,2025-04-03 02:05:56.162 UTC
33.880000,-118.200000,,,2025-04-03 01:10:46.218 UTC
33.880000,-118.200000,,,2025-01-02 01:18:09.362 UTC
33.880000,-118.200000,,,2025-01-02 01:14:44.596 UTC
34.080000,-118.040000,,,2024-08-17 19:11:36.198 UTC
33.880000,-118.200000,,,2024-08-17 23:23:38.537 UTC
33.880000,-118.200000,,,2024-08-17 23:24:36.908 UTC
33.880000,-118.200000,,,2024-08-17 23:10:59.374 UTC
34.040000,-118.160000,,,2024-08-17 02:03:16.059 UTC
33.880000,-118.200000,,,2025-02-27 00:56:20.985 UTC
33.880000,-118.200000,,,2025-02-27 01:43:38.112 UTC
33.880000,-118.200000,,,2025-02-27 02:54:33.92 UTC
33.880000,-118.200000,,,2025-02-27 21:44:44.87 UTC
33.880000,-118.200000,,,2025-02-27 00:54:05.677 UTC
33.880000,-118.200000,,,2025-02-27 02:50:48.16 UTC
33.880000,-118.200000,,,2025-02-27 21:23:30.173 UTC
33.880000,-118.200000,,,2024-10-22 23:59:33.911 UTC
33.960000,-118.360000,,,2024-01-04 00:48:35.232 UTC
33.960000,-118.360000,,,2024-01-04 00:55:44.872 UTC
34.160000,-118.120000,,,2024-03-19 06:22:42.352 UTC
33.880000,-118.200000,,,2024-03-19 06:47:00.983 UTC
33.880000,-118.200000,,,2024-03-19 06:09:22.266 UTC
33.880000,-118.200000,,,2024-03-19 17:40:23.408 UTC
33.880000,-118.200000,,,2024-03-19 06:11:39.19 UTC
33.880000,-118.200000,,,2024-04-01 20:31:56.206 UTC
34.080000,-118.280000,,,2024-01-01 02:43:12.493 UTC
33.880000,-118.200000,,,2025-03-13 21:12:30.263 UTC
33.880000,-118.200000,,,2025-03-13 00:41:56.12 UTC
33.880000,-118.200000,,,2025-03-13 02:23:32.791 UTC
33.880000,-118.200000,,,2024-10-11 19:45:44.113 UTC
34.040000,-118.160000,,,2024-03-01 15:53:15.271 UTC
34.040000,-118.160000,,,2024-03-01 16:15:45.975 UTC
33.880000,-118.200000,,,2024-08-20 21:02:05.094 UTC
33.880000,-118.200000,,,2024-08-20 20:38:09.759 UTC
33.880000,-118.200000,,,2024-08-20 20:39:22.308 UTC
33.880000,-118.200000,,,2024-08-20 15:32:37.309 UTC
34.040000,-118.160000,,,2024-08-20 21:21:49.517 UTC
34.000000,-118.120000,,,2024-10-13 18:32:32.749 UTC
34.000000,-118.120000,,,2024-10-13 18:32:40.102 UTC
33.880000,-118.200000,,,2025-05-03 22:48:54.154 UTC
33.880000,-118.200000,,,2025-05-03 21:08:19.168 UTC
33.880000,-118.200000,,,2025-05-03 22:12:45.945 UTC
33.880000,-118.200000,,,2025-05-03 21:55:49.082 UTC
33.880000,-118.200000,,,2025-02-10 07:42:37.298 UTC
33.880000,-118.200000,,,2024-12-25 01:04:02.471 UTC
33.880000,-118.200000,,,2025-03-29 23:00:14.274 UTC
33.880000,-118.200000,,,2025-03-29 01:53:38.838 UTC
33.880000,-118.200000,,,2025-03-29 23:31:16.214 UTC
34.080000,-118.280000,,,2024-02-22 01:06:17.499 UTC
33.880000,-118.200000,,,2024-02-22 07:44:57.617 UTC
34.080000,-118.280000,,,2024-02-22 00:53:39.775 UTC
33.880000,-118.200000,,,2024-02-22 17:13:27.166 UTC
33.880000,-118.200000,,,2024-10-20 03:59:49.676 UTC
34.160000,-118.120000,,,2024-08-29 19:52:58.479 UTC
33.880000,-118.200000,,,2024-08-29 02:05:20.514 UTC
34.000000,-118.120000,,,2024-08-29 21:02:17.415 UTC
33.880000,-118.200000,,,2024-12-12 18:30:51.975 UTC
33.880000,-118.200000,,,2024-12-12 01:19:02.932 UTC
33.880000,-118.200000,,,2024-12-12 19:42:44.112 UTC
33.880000,-118.200000,,,2024-06-13 02:35:23.394 UTC
33.880000,-118.200000,,,2024-06-13 02:36:48.321 UTC
33.880000,-118.200000,,,2024-05-02 01:32:50.156 UTC
33.880000,-118.200000,,,2024-05-02 22:39:48.141 UTC
33.880000,-118.200000,,,2024-05-02 02:44:36.102 UTC
33.880000,-118.200000,,,2025-01-30 18:28:18.609 UTC
33.880000,-118.200000,,,2025-01-30 02:04:21.375 UTC
33.880000,-118.200000,,,2025-01-30 23:49:28.383 UTC
33.880000,-118.200000,,,2025-01-30 01:48:19.209 UTC
33.880000,-118.200000,,,2024-08-09 00:55:12.196 UTC
33.880000,-118.200000,,,2024-12-15 22:14:54.976 UTC
33.880000,-118.200000,,,2024-12-15 23:24:24.117 UTC
33.880000,-118.200000,,,2024-12-15 02:58:44.818 UTC
33.880000,-118.200000,,,2024-12-15 23:58:14.741 UTC
33.880000,-118.200000,,,2024-12-15 01:18:37.271 UTC
34.040000,-118.320000,,,2024-11-19 23:47:11.214 UTC
33.880000,-118.200000,,,2024-09-15 16:48:22.402 UTC
33.880000,-118.200000,,,2024-09-15 02:46:10.711 UTC
33.880000,-118.200000,,,2024-08-27 04:52:25.01 UTC
34.040000,-118.320000,,,2024-08-27 00:29:37.436 UTC
33.880000,-118.200000,,,2024-08-27 15:14:27.186 UTC
33.880000,-118.200000,,,2024-08-27 14:52:03.567 UTC
33.880000,-118.200000,,,2025-01-01 01:03:26.693 UTC
33.880000,-118.200000,,,2025-01-01 01:49:32.55 UTC
33.960000,-118.360000,,,2025-01-01 22:16:09.39 UTC
33.880000,-118.200000,,,2025-01-01 01:51:03.325 UTC
34.080000,-118.080000,,,2025-01-01 19:51:44.481 UTC
33.880000,-118.200000,,,2025-03-07 22:39:10.006 UTC
51.520000,-0.160000,,,2025-03-07 02:17:39.987 UTC
34.080000,-118.360000,,,2023-11-08 05:02:17.186 UTC
34.080000,-118.360000,,,2023-11-08 05:28:50.122 UTC
34.080000,-118.360000,,,2023-11-08 05:16:30.031 UTC
34.080000,-118.360000,,,2023-11-08 04:50:32.063 UTC
34.080000,-118.360000,,,2023-11-08 04:52:31.651 UTC
33.880000,-118.200000,,,2024-01-21 19:57:01.415 UTC
33.880000,-118.200000,,,2024-02-27 06:06:51.566 UTC
33.880000,-118.200000,,,2024-02-27 05:59:55.271 UTC
34.080000,-118.360000,,,2023-11-24 23:26:42.422 UTC
33.880000,-118.200000,,,2025-03-05 07:15:25.173 UTC
33.880000,-118.200000,,,2025-03-05 01:44:56.231 UTC
33.880000,-118.200000,,,2025-03-05 01:01:06.053 UTC
33.880000,-118.200000,,,2025-03-05 00:59:23.718 UTC
33.880000,-118.200000,,,2025-03-05 01:26:59.279 UTC
33.880000,-118.200000,,,2024-12-14 22:41:45.555 UTC
33.880000,-118.200000,,,2024-12-14 23:18:47.373 UTC
34.040000,-118.320000,,,2024-12-14 00:12:20.563 UTC
33.880000,-118.200000,,,2024-12-14 22:24:31.528 UTC
33.880000,-118.200000,,,2024-12-14 22:41:28.182 UTC
33.880000,-118.200000,,,2024-12-14 22:28:48.085 UTC
34.040000,-118.320000,,,2024-12-14 00:53:27.216 UTC
33.880000,-118.200000,,,2024-06-27 04:58:04.062 UTC
33.880000,-118.200000,,,2024-06-27 04:45:46.227 UTC
33.880000,-118.200000,,,2024-06-27 04:53:04.167 UTC
33.880000,-118.200000,,,2024-06-27 04:45:33.205 UTC
33.880000,-118.200000,,,2024-06-27 05:08:31.203 UTC
34.080000,-118.360000,,,2023-11-15 07:33:52.138 UTC
34.080000,-118.360000,,,2023-11-15 02:27:32.609 UTC
34.080000,-118.360000,,,2023-11-15 03:03:53.029 UTC
34.080000,-118.360000,,,2023-11-15 07:50:35.357 UTC
34.080000,-118.360000,,,2023-11-15 02:10:53.787 UTC
34.080000,-118.360000,,,2023-11-15 02:31:22.074 UTC
34.080000,-118.360000,,,2023-11-15 03:04:58.365 UTC
34.080000,-118.360000,,,2023-11-15 07:46:14.379 UTC
34.080000,-118.360000,,,2023-11-15 09:20:53.295 UTC
33.880000,-118.200000,,,2025-04-12 20:08:09.991 UTC
34.040000,-118.160000,,,2025-04-12 20:46:20.919 UTC
33.880000,-118.200000,,,2025-04-12 20:17:34.721 UTC
33.880000,-118.200000,,,2025-04-12 15:57:43.273 UTC
33.880000,-118.200000,,,2025-04-12 20:26:29.168 UTC
34.040000,-118.160000,,,2025-04-12 20:56:37.363 UTC
33.880000,-118.200000,,,2024-09-02 01:51:50.219 UTC
33.880000,-118.200000,,,2024-09-02 01:52:55.022 UTC
33.880000,-118.200000,,,2024-09-18 03:15:33.536 UTC
33.880000,-118.200000,,,2024-09-18 17:59:20.264 UTC
33.880000,-118.200000,,,2024-09-18 03:15:24.812 UTC
33.880000,-118.200000,,,2024-09-18 17:45:02.455 UTC
34.040000,-118.160000,,,2024-09-18 03:11:56.345 UTC
33.880000,-118.200000,,,2025-02-20 01:59:01.137 UTC
33.880000,-118.200000,,,2025-02-20 15:56:05.328 UTC
33.880000,-118.200000,,,2025-02-20 23:00:07.757 UTC
33.880000,-118.200000,,,2025-02-20 01:40:06.686 UTC
33.880000,-118.200000,,,2025-02-20 03:40:57.914 UTC
33.880000,-118.200000,,,2025-02-20 22:48:08.923 UTC
34.160000,-118.120000,,,2025-02-20 18:29:33.211 UTC
34.080000,-118.360000,,,2023-11-16 03:08:34.508 UTC
34.080000,-118.360000,,,2023-11-16 02:21:30.94 UTC
34.080000,-118.360000,,,2023-11-16 02:19:54.565 UTC
34.080000,-118.360000,,,2023-11-16 03:07:12.145 UTC
34.080000,-118.360000,,,2023-11-16 02:49:00.803 UTC
33.880000,-118.200000,,,2025-04-05 22:47:08.981 UTC
33.880000,-118.200000,,,2025-04-05 22:33:06.302 UTC
33.880000,-118.200000,,,2025-04-05 21:19:12.168 UTC
33.880000,-118.200000,,,2025-05-25 20:58:56.997 UTC
33.880000,-118.200000,,,2025-05-25 21:52:35.24 UTC
33.880000,-118.200000,,,2025-05-25 20:33:11.081 UTC
33.880000,-118.200000,,,2025-05-25 22:12:44.279 UTC
34.040000,-118.320000,,,2025-05-25 20:18:20.261 UTC
33.880000,-118.200000,,,2025-05-16 15:16:17.838 UTC
34.040000,-118.160000,,,2025-03-24 22:46:30.114 UTC
33.880000,-118.200000,,,2025-01-09 16:47:03.971 UTC
33.880000,-118.200000,,,2025-01-09 16:59:55.897 UTC
33.880000,-118.200000,,,2025-01-09 17:13:22.026 UTC
33.880000,-118.200000,,,2025-01-09 01:10:19.744 UTC
33.880000,-118.200000,,,2025-03-26 02:22:38.947 UTC
33.880000,-118.200000,,,2025-03-26 02:12:23.248 UTC
33.880000,-118.200000,,,2024-02-12 00:42:29.215 UTC
33.880000,-118.200000,,,2025-01-25 01:28:51.228 UTC
33.880000,-118.200000,,,2025-01-25 21:26:07.232 UTC
33.880000,-118.200000,,,2025-01-25 22:18:13.127 UTC
33.880000,-118.200000,,,2025-01-25 22:56:14.39 UTC
33.880000,-118.200000,,,2025-01-25 23:40:47.2 UTC
33.880000,-118.200000,,,2025-01-25 01:15:55.134 UTC
33.880000,-118.200000,,,2025-01-25 21:21:30.1 UTC
33.880000,-118.200000,,,2025-01-25 22:15:58.22 UTC
33.880000,-118.200000,,,2025-01-25 23:17:53.197 UTC
33.880000,-118.200000,,,2024-03-24 05:37:04.451 UTC
33.880000,-118.200000,,,2024-03-24 05:30:47.146 UTC
34.160000,-118.120000,,,2024-03-24 05:49:03.475 UTC
34.040000,-118.320000,,,2024-02-17 19:47:37.029 UTC
34.040000,-118.160000,,,2024-02-17 15:29:38.159 UTC
33.880000,-118.200000,,,2024-12-30 19:07:58.348 UTC
33.880000,-118.200000,,,2024-12-30 19:15:13.541 UTC
33.880000,-118.200000,,,2024-08-19 00:08:30.215 UTC
33.880000,-118.200000,,,2024-08-19 00:12:01.834 UTC
33.880000,-118.200000,,,2024-08-19 15:16:00.531 UTC
33.880000,-118.200000,,,2024-08-19 00:11:53.137 UTC
34.160000,-118.120000,,,2024-10-24 20:48:28.552 UTC
33.880000,-118.200000,,,2024-05-06 03:14:36.308 UTC
33.880000,-118.200000,,,2024-05-06 00:49:45.256 UTC
34.040000,-118.160000,,,2024-05-06 00:45:07.241 UTC
34.080000,-118.040000,,,2024-09-23 20:12:00.305 UTC
34.040000,-118.160000,,,2024-09-23 21:25:43.594 UTC
33.880000,-118.200000,,,2024-09-23 22:33:56.184 UTC
33.880000,-118.200000,,,2024-09-23 23:32:27.125 UTC
33.880000,-118.200000,,,2024-09-23 21:42:33.253 UTC
33.880000,-118.200000,,,2024-09-23 23:30:28.681 UTC
33.880000,-118.200000,,,2024-09-23 01:52:15.631 UTC
34.040000,-118.320000,,,2024-09-23 21:12:49.716 UTC
34.040000,-118.160000,,,2024-06-17 20:58:40.645 UTC
34.080000,-118.040000,,,2024-06-17 20:22:00.308 UTC
34.160000,-118.120000,,,2024-06-17 02:03:15.227 UTC
34.080000,-118.080000,,,2024-06-17 19:54:41.745 UTC
33.880000,-118.200000,,,2025-04-17 01:39:23.918 UTC
33.880000,-118.200000,,,2025-04-17 05:09:18.349 UTC
33.880000,-118.200000,,,2025-04-17 01:05:36.94 UTC
33.880000,-118.200000,,,2025-04-17 02:19:17.63 UTC
34.040000,-118.320000,,,2024-08-14 22:25:15.397 UTC
33.880000,-118.200000,,,2024-10-09 01:49:38.655 UTC
33.880000,-118.200000,,,2024-10-09 19:42:52.892 UTC
33.880000,-118.200000,,,2024-06-05 01:02:13.899 UTC
33.880000,-118.200000,,,2024-06-05 02:24:09.12 UTC
33.880000,-118.200000,,,2024-06-05 01:10:13.228 UTC
33.880000,-118.200000,,,2024-06-05 02:22:42.185 UTC
33.880000,-118.200000,,,2024-06-05 00:59:58.348 UTC
34.040000,-118.160000,,,2024-02-28 21:29:10.063 UTC
33.880000,-118.200000,,,2024-02-28 23:20:58.086 UTC
33.880000,-118.200000,,,2024-02-28 23:03:44.878 UTC
33.880000,-118.200000,,,2024-02-28 01:20:27.248 UTC
33.880000,-118.200000,,,2024-02-28 05:02:33.234 UTC
34.040000,-118.160000,,,2024-02-28 16:36:34.43 UTC
33.880000,-118.200000,,,2024-02-28 01:45:30.203 UTC
33.880000,-118.200000,,,2024-02-28 04:52:46.456 UTC
33.880000,-118.200000,,,2024-02-28 03:45:11.275 UTC
34.040000,-118.160000,,,2024-02-28 16:47:30.286 UTC
34.080000,-118.080000,,,2024-02-11 20:45:28.453 UTC
33.880000,-118.200000,,,2024-02-11 23:46:25.113 UTC
34.040000,-118.160000,,,2024-02-11 18:13:23.831 UTC
33.880000,-118.200000,,,2025-05-15 02:06:22.962 UTC
33.880000,-118.200000,,,2025-05-15 01:14:56.269 UTC
33.880000,-118.200000,,,2025-05-15 01:44:14.113 UTC
33.880000,-118.200000,,,2025-05-15 01:56:19.569 UTC
33.880000,-118.200000,,,2025-02-28 00:03:03.657 UTC
33.880000,-118.200000,,,2025-02-28 00:12:18.938 UTC
33.880000,-118.200000,,,2025-02-28 02:14:54.249 UTC
33.880000,-118.200000,,,2025-02-28 03:10:16.247 UTC
33.880000,-118.200000,,,2025-02-28 02:35:23.973 UTC
34.040000,-118.160000,,,2025-02-28 20:16:16.069 UTC
34.040000,-118.160000,,,2024-07-20 18:22:21.264 UTC
33.880000,-118.200000,,,2024-07-20 04:04:26.185 UTC
33.880000,-118.200000,,,2024-07-20 23:31:56.2 UTC
33.880000,-118.200000,,,2024-03-18 00:03:20.675 UTC
33.880000,-118.200000,,,2024-03-18 20:07:29.362 UTC
33.880000,-118.200000,,,2024-03-18 22:30:33.824 UTC
34.160000,-118.120000,,,2024-03-18 20:28:58.961 UTC
33.880000,-118.200000,,,2024-03-18 00:26:13.292 UTC
33.880000,-118.200000,,,2024-03-18 21:08:00.701 UTC
33.880000,-118.200000,,,2024-03-18 20:18:04.203 UTC
33.880000,-118.200000,,,2025-03-17 00:26:04.553 UTC
33.880000,-118.200000,,,2025-03-17 01:28:45.989 UTC
33.880000,-118.200000,,,2025-03-17 00:40:52.308 UTC
33.880000,-118.200000,,,2025-03-17 06:44:34.814 UTC
34.000000,-118.120000,,,2024-10-29 01:46:45.67 UTC
34.000000,-118.120000,,,2024-10-29 02:08:59.911 UTC
34.000000,-118.120000,,,2024-10-29 02:34:28.577 UTC
33.880000,-118.200000,,,2024-10-29 17:39:28.889 UTC
34.000000,-118.120000,,,2024-10-29 02:14:05.182 UTC
34.000000,-118.120000,,,2024-07-14 18:33:59.975 UTC
33.880000,-118.200000,,,2024-07-14 22:02:44.597 UTC
33.880000,-118.200000,,,2024-07-14 19:10:20.258 UTC
33.880000,-118.200000,,,2024-07-14 18:51:39.467 UTC
34.000000,-118.120000,,,2024-07-14 18:26:23.431 UTC
33.880000,-118.200000,,,2024-07-14 19:59:01.976 UTC
33.880000,-118.200000,,,2024-07-14 18:47:54.292 UTC
33.880000,-118.200000,,,2024-07-14 00:30:02.254 UTC
33.880000,-118.200000,,,2024-07-14 21:41:29.221 UTC
33.880000,-118.200000,,,2024-07-14 00:44:07.074 UTC
33.880000,-118.200000,,,2024-07-14 21:16:23.4 UTC
33.880000,-118.200000,,,2024-07-14 00:37:09.652 UTC
33.880000,-118.200000,,,2024-07-14 00:01:59.451 UTC
33.880000,-118.200000,,,2024-07-14 22:37:55.181 UTC
33.880000,-118.200000,,,2024-07-14 05:33:58.128 UTC
33.880000,-118.200000,,,2024-07-14 22:49:58.099 UTC
33.880000,-118.200000,,,2024-07-14 21:42:52.069 UTC
34.000000,-118.120000,,,2024-07-14 18:33:29.546 UTC
34.000000,-118.120000,,,2024-07-14 18:25:18.494 UTC
33.880000,-118.200000,,,2024-12-19 01:07:02.409 UTC
33.880000,-118.200000,,,2024-12-19 01:32:18.344 UTC
33.880000,-118.200000,,,2024-07-31 01:51:34.149 UTC
33.880000,-118.200000,,,2024-07-31 01:20:48.894 UTC
33.880000,-118.200000,,,2025-05-05 19:14:53.389 UTC
33.880000,-118.200000,,,2025-05-05 19:15:04.829 UTC
34.000000,-118.120000,,,2025-05-05 18:25:23.137 UTC
33.880000,-118.200000,,,2024-07-16 03:49:49.078 UTC
33.880000,-118.200000,,,2024-07-16 04:10:41.936 UTC
33.880000,-118.200000,,,2024-07-16 03:50:16.281 UTC
33.880000,-118.200000,,,2025-04-13 21:48:48.854 UTC
33.880000,-118.200000,,,2025-04-13 22:54:22.692 UTC
33.880000,-118.200000,,,2025-04-13 21:12:27.045 UTC
33.880000,-118.200000,,,2025-04-13 22:17:08.194 UTC
33.880000,-118.200000,,,2025-04-13 23:08:21.678 UTC
33.880000,-118.200000,,,2024-08-30 05:13:52.066 UTC
33.880000,-118.200000,,,2024-08-30 08:42:57.892 UTC
34.080000,-118.080000,,,2024-08-30 03:45:38.197 UTC
34.160000,-118.120000,,,2025-05-27 21:26:47.802 UTC
33.880000,-118.200000,,,2025-04-25 02:14:24.847 UTC
33.880000,-118.200000,,,2025-04-25 01:02:19.02 UTC
33.880000,-118.200000,,,2025-03-11 01:45:04.191 UTC
34.000000,-118.360000,,,2025-03-11 15:45:39.843 UTC
34.000000,-118.360000,,,2025-03-11 16:21:27.228 UTC
33.880000,-118.200000,,,2025-03-11 02:40:37.959 UTC
33.880000,-118.200000,,,2025-02-22 18:27:30.204 UTC
33.880000,-118.200000,,,2025-02-22 06:44:54.162 UTC
33.880000,-118.200000,,,2025-02-22 00:11:37.166 UTC
33.880000,-118.200000,,,2025-02-22 03:10:32.566 UTC
33.880000,-118.200000,,,2025-02-22 19:23:40.492 UTC
33.880000,-118.200000,,,2024-08-06 04:49:10.275 UTC
33.880000,-118.200000,,,2024-08-06 04:51:44.657 UTC
33.880000,-118.200000,,,2024-08-06 22:14:45.991 UTC
33.880000,-118.200000,,,2024-08-06 04:22:02.083 UTC
34.040000,-118.320000,,,2024-08-06 19:08:02.873 UTC
33.880000,-118.200000,,,2025-01-26 22:39:34.519 UTC
34.040000,-118.160000,,,2025-01-26 16:17:55.297 UTC
34.040000,-118.160000,,,2025-01-26 19:01:03.614 UTC
33.880000,-118.200000,,,2025-01-26 23:09:43.348 UTC
33.880000,-118.200000,,,2025-01-26 19:31:55.221 UTC
34.040000,-118.160000,,,2025-01-26 16:08:15.801 UTC
34.040000,-118.160000,,,2025-01-26 19:08:37.427 UTC
33.880000,-118.200000,,,2024-04-10 06:20:46.949 UTC
33.880000,-118.200000,,,2024-04-10 05:19:45.473 UTC
34.160000,-118.120000,,,2024-04-10 06:02:59.464 UTC
33.880000,-118.200000,,,2025-03-08 21:53:50.207 UTC
33.880000,-118.200000,,,2025-03-08 23:36:19.18 UTC
34.040000,-118.160000,,,2025-03-08 17:44:20.79 UTC
33.880000,-118.200000,,,2025-03-08 23:35:09.188 UTC
33.880000,-118.200000,,,2025-03-08 21:33:36.163 UTC
33.880000,-118.200000,,,2025-03-08 17:34:18.064 UTC
34.000000,-118.120000,,,2025-04-06 19:06:31.188 UTC
33.880000,-118.200000,,,2025-04-06 20:11:24.551 UTC
34.040000,-118.160000,,,2025-04-06 00:13:39.954 UTC
34.080000,-118.040000,,,2024-11-29 20:23:54.084 UTC
34.080000,-118.040000,,,2024-11-29 20:24:01.181 UTC
33.880000,-118.200000,,,2024-11-28 19:13:07.371 UTC
33.880000,-118.200000,,,2024-11-28 02:14:13.17 UTC
33.880000,-118.200000,,,2024-11-28 02:09:45.183 UTC
33.880000,-118.200000,,,2024-08-04 00:59:53.928 UTC
33.880000,-118.200000,,,2024-06-09 00:56:21.539 UTC
33.880000,-118.200000,,,2024-06-09 02:44:59.112 UTC
33.880000,-118.200000,,,2024-06-09 08:08:34.229 UTC
34.040000,-118.160000,,,2024-06-09 00:59:18.144 UTC
33.880000,-118.200000,,,2024-04-12 01:59:55.978 UTC
34.000000,-118.120000,,,2024-04-12 21:25:53.579 UTC
34.000000,-118.120000,,,2024-05-25 23:35:39.1 UTC
34.040000,-118.160000,,,2024-05-25 20:53:13.06 UTC
34.000000,-118.120000,,,2024-05-25 19:34:57.162 UTC
33.880000,-118.200000,,,2024-05-25 22:12:07.898 UTC
33.880000,-118.200000,,,2024-05-25 20:33:15.023 UTC
34.000000,-118.120000,,,2024-05-25 17:59:58.417 UTC
34.040000,-118.160000,,,2024-05-25 22:47:07.945 UTC
33.880000,-118.200000,,,2024-08-26 22:30:39.956 UTC
33.880000,-118.200000,,,2024-08-26 22:22:21.475 UTC
33.880000,-118.200000,,,2024-08-26 14:56:17.149 UTC
33.880000,-118.200000,,,2024-08-26 22:27:44.369 UTC
34.040000,-118.160000,,,2025-03-10 16:51:28.648 UTC
34.040000,-118.160000,,,2025-03-10 16:21:37.948 UTC
33.880000,-118.200000,,,2025-03-10 00:33:50.974 UTC
34.080000,-118.360000,,,2023-11-21 00:58:33.841 UTC
34.080000,-118.360000,,,2023-11-20 23:52:39.109 UTC
34.080000,-118.360000,,,2023-11-21 00:48:41.995 UTC
34.080000,-118.360000,,,2023-11-21 00:54:26.425 UTC
34.080000,-118.360000,,,2023-11-21 18:18:02.55 UTC
34.080000,-118.360000,,,2023-11-21 23:54:35.346 UTC
34.080000,-118.360000,,,2023-11-21 18:35:30.539 UTC
34.080000,-118.360000,,,2023-11-21 18:57:50.987 UTC
33.880000,-118.200000,,,2024-03-31 02:07:39.445 UTC
33.880000,-118.200000,,,2024-03-31 01:56:44.381 UTC
33.880000,-118.200000,,,2024-03-31 18:26:25.157 UTC
33.880000,-118.200000,,,2024-03-31 01:50:27.212 UTC
33.880000,-118.200000,,,2024-03-31 01:24:26.2 UTC
33.880000,-118.200000,,,2024-03-31 01:53:45.548 UTC
33.880000,-118.200000,,,2024-03-31 19:30:29.44 UTC
33.880000,-118.200000,,,2024-03-31 17:10:18.06 UTC
34.040000,-118.160000,,,2024-03-31 18:23:23.184 UTC
33.880000,-118.200000,,,2025-03-15 22:09:39.016 UTC
33.880000,-118.200000,,,2025-03-15 23:12:35.526 UTC
33.880000,-118.200000,,,2025-03-15 22:42:53.068 UTC
34.040000,-118.160000,,,2025-03-15 23:18:23.295 UTC
33.880000,-118.200000,,,2024-12-11 19:55:35.785 UTC
33.880000,-118.200000,,,2024-12-11 19:56:28.154 UTC
33.880000,-118.200000,,,2025-02-21 20:58:56.134 UTC
33.880000,-118.200000,,,2025-02-21 21:37:19.003 UTC
33.880000,-118.200000,,,2025-02-21 22:14:49.82 UTC
33.880000,-118.200000,,,2025-02-21 21:54:34.182 UTC
33.880000,-118.200000,,,2025-03-16 22:44:11.146 UTC
34.000000,-118.120000,,,2025-03-16 01:00:25.324 UTC
34.040000,-118.160000,,,2025-03-16 18:20:15.199 UTC
33.880000,-118.200000,,,2025-03-16 21:10:11.23 UTC
33.880000,-118.200000,,,2025-03-16 22:33:42.437 UTC
33.880000,-118.200000,,,2025-03-16 16:37:04.047 UTC
33.880000,-118.200000,,,2025-03-16 20:34:24.204 UTC
33.880000,-118.200000,,,2025-03-16 22:05:11.094 UTC
33.880000,-118.200000,,,2025-03-16 23:35:16.191 UTC
34.040000,-118.160000,,,2025-03-16 18:15:47.958 UTC
33.880000,-118.200000,,,2024-02-21 22:21:01.231 UTC
34.080000,-118.280000,,,2024-02-21 23:53:32.65 UTC
33.880000,-118.200000,,,2024-08-21 01:58:19.245 UTC
34.000000,-118.120000,,,2024-08-21 18:58:17.813 UTC
33.880000,-118.200000,,,2024-08-21 19:45:37.165 UTC
33.880000,-118.200000,,,2024-08-21 01:59:08.752 UTC
33.880000,-118.200000,,,2024-08-21 20:56:59.578 UTC
34.000000,-118.120000,,,2024-08-21 19:26:55.945 UTC
33.880000,-118.200000,,,2024-10-10 01:13:41.223 UTC
33.880000,-118.200000,,,2024-10-10 16:15:29.311 UTC
33.880000,-118.200000,,,2024-10-10 01:24:41.193 UTC
33.880000,-118.200000,,,2024-10-10 22:06:55.261 UTC
33.880000,-118.200000,,,2024-09-29 01:15:43.931 UTC
34.000000,-118.120000,,,2024-09-29 22:03:54.21 UTC
34.000000,-118.120000,,,2024-09-29 21:54:04.812 UTC
34.160000,-118.120000,,,2024-09-29 22:18:11.605 UTC
34.040000,-118.160000,,,2024-09-29 22:23:41.631 UTC
33.880000,-118.200000,,,2024-01-19 02:06:23.199 UTC
33.880000,-118.200000,,,2024-09-19 01:17:53.557 UTC
33.880000,-118.200000,,,2024-09-19 02:42:29.698 UTC
33.880000,-118.200000,,,2024-09-19 01:05:20.225 UTC
33.880000,-118.200000,,,2024-09-19 18:41:44.307 UTC
33.880000,-118.200000,,,2024-11-23 23:18:05.768 UTC
33.880000,-118.200000,,,2024-11-23 18:38:46.191 UTC
33.880000,-118.200000,,,2024-11-23 17:46:27.171 UTC
33.880000,-118.200000,,,2024-11-23 21:18:38.059 UTC
33.880000,-118.200000,,,2024-11-23 18:21:38.195 UTC
33.880000,-118.200000,,,2024-11-23 18:00:05.755 UTC
33.880000,-118.200000,,,2024-11-23 01:18:52.193 UTC
33.880000,-118.200000,,,2024-11-23 21:56:38.198 UTC
33.880000,-118.200000,,,2024-11-23 19:20:09.013 UTC
33.880000,-118.200000,,,2024-11-23 18:43:36.145 UTC
33.880000,-118.200000,,,2024-11-23 01:21:11.042 UTC
33.880000,-118.200000,,,2024-11-23 23:17:21.667 UTC
33.880000,-118.200000,,,2024-11-23 19:09:43.902 UTC
33.880000,-118.200000,,,2024-11-23 19:53:35.556 UTC
34.000000,-118.120000,,,2024-11-23 19:30:08.836 UTC
33.880000,-118.200000,,,2024-06-24 03:23:35.262 UTC
34.080000,-118.040000,,,2024-06-24 00:55:00.409 UTC
33.880000,-118.200000,,,2024-06-24 01:17:52.131 UTC
34.240000,-118.320000,,,2024-06-24 00:55:36.805 UTC
33.880000,-118.200000,,,2024-10-15 02:10:43.719 UTC
33.880000,-118.200000,,,2024-10-15 02:34:29.951 UTC
34.080000,-118.280000,,,2024-12-02 01:38:18.028 UTC
34.080000,-118.280000,,,2024-12-02 01:08:35.381 UTC
34.080000,-118.280000,,,2024-12-02 01:20:08.673 UTC
33.880000,-118.200000,,,2025-01-15 01:30:34.484 UTC
33.880000,-118.200000,,,2025-01-15 18:19:58.234 UTC
33.880000,-118.200000,,,2025-01-15 01:48:24.062 UTC
33.880000,-118.200000,,,2025-01-15 01:46:13.714 UTC
33.880000,-118.200000,,,2025-01-15 18:19:34.264 UTC
33.880000,-118.200000,,,2025-04-14 01:12:59.752 UTC
33.880000,-118.200000,,,2025-04-14 02:11:31.499 UTC
33.880000,-118.200000,,,2024-05-12 01:30:04.126 UTC
33.880000,-118.200000,,,2024-05-12 06:43:35.656 UTC
33.880000,-118.200000,,,2024-05-12 19:39:23.01 UTC
34.040000,-118.160000,,,2024-12-07 02:28:56.071 UTC
33.880000,-118.200000,,,2024-12-07 22:35:27.165 UTC
33.880000,-118.200000,,,2024-12-07 02:24:19.817 UTC
33.880000,-118.200000,,,2024-07-12 04:35:29.902 UTC
33.880000,-118.200000,,,2024-07-12 22:16:09.277 UTC
33.880000,-118.200000,,,2025-05-11 01:09:26.12 UTC
33.880000,-118.200000,,,2025-02-15 01:37:19.816 UTC
33.880000,-118.200000,,,2025-02-15 01:33:06.371 UTC
33.880000,-118.200000,,,2025-02-15 22:45:06.003 UTC
33.880000,-118.200000,,,2025-02-15 23:08:02.086 UTC
33.880000,-118.200000,,,2025-02-15 01:36:28.197 UTC
33.880000,-118.200000,,,2025-02-15 18:10:29.121 UTC
33.880000,-118.200000,,,2025-02-15 23:23:34.382 UTC
33.880000,-118.200000,,,2025-02-15 01:33:26.316 UTC
33.880000,-118.200000,,,2025-02-15 00:47:49.368 UTC
33.880000,-118.200000,,,2025-02-15 22:14:45.156 UTC
33.880000,-118.200000,,,2025-04-27 19:24:11.33 UTC
33.880000,-118.200000,,,2025-04-27 21:41:39.123 UTC
33.880000,-118.200000,,,2025-04-27 22:19:52.169 UTC
33.880000,-118.200000,,,2025-04-27 22:47:25.596 UTC
34.040000,-118.160000,,,2025-04-27 23:42:00.391 UTC
33.880000,-118.200000,,,2025-04-27 21:21:46.705 UTC
33.880000,-118.200000,,,2025-04-27 21:59:03.772 UTC
33.880000,-118.200000,,,2025-04-27 22:43:29.26 UTC
33.880000,-118.200000,,,2025-04-27 23:17:04.023 UTC
34.040000,-118.160000,,,2025-04-27 23:41:05.284 UTC
33.880000,-118.200000,,,2024-09-10 02:15:35.121 UTC
33.880000,-118.200000,,,2024-09-10 17:55:00.846 UTC
33.880000,-118.200000,,,2024-09-10 18:35:46.338 UTC
33.880000,-118.200000,,,2024-09-10 03:29:01.088 UTC
33.880000,-118.200000,,,2024-09-10 17:57:27.814 UTC
34.160000,-118.120000,,,2024-09-10 23:41:56.34 UTC
34.160000,-118.120000,,,2024-10-03 02:02:46.327 UTC
33.880000,-118.200000,,,2024-10-03 01:54:36.235 UTC
34.040000,-118.160000,,,2024-10-03 21:13:14.927 UTC
33.880000,-118.200000,,,2024-10-03 00:59:51.136 UTC
33.880000,-118.200000,,,2024-10-03 20:45:47.206 UTC
34.040000,-118.160000,,,2024-10-03 21:28:23.546 UTC
33.880000,-118.200000,,,2025-05-17 21:47:38.616 UTC
33.880000,-118.200000,,,2025-05-17 23:07:57.654 UTC
33.880000,-118.200000,,,2025-05-17 23:38:58.219 UTC
34.040000,-118.320000,,,2025-05-17 01:03:14.631 UTC
33.880000,-118.200000,,,2025-05-17 22:38:23.694 UTC
33.880000,-118.200000,,,2025-05-17 22:09:54.31 UTC
33.880000,-118.200000,,,2025-05-17 21:07:47.865 UTC
33.880000,-118.200000,,,2025-05-17 21:35:46.618 UTC
33.880000,-118.200000,,,2025-05-17 19:52:18.637 UTC
33.880000,-118.200000,,,2025-05-17 00:33:33.677 UTC
34.040000,-118.320000,,,2025-05-17 02:23:16.981 UTC
33.880000,-118.200000,,,2024-02-24 19:44:33.065 UTC
33.880000,-118.200000,,,2024-02-24 21:58:58.772 UTC
34.040000,-118.160000,,,2024-02-24 17:09:28.772 UTC
34.040000,-118.160000,,,2024-02-24 16:53:07.13 UTC
34.040000,-118.160000,,,2024-02-24 15:58:58.426 UTC
33.880000,-118.200000,,,2024-02-24 05:43:56.869 UTC
33.880000,-118.200000,,,2024-02-24 07:42:25.145 UTC
33.880000,-118.200000,,,2024-02-24 21:50:37.523 UTC
33.880000,-118.200000,,,2024-02-24 22:34:52.264 UTC
34.040000,-118.160000,,,2024-02-24 15:59:15.964 UTC
34.160000,-118.200000,,,2025-03-03 02:08:37.383 UTC
33.880000,-118.200000,,,2025-03-03 01:55:55.128 UTC
33.880000,-118.200000,,,2025-03-03 00:59:00.244 UTC
33.880000,-118.200000,,,2025-03-03 00:45:09.223 UTC
51.520000,-0.160000,,,2025-03-03 02:20:01.326 UTC
33.880000,-118.200000,,,2024-04-13 04:47:14.196 UTC
33.880000,-118.200000,,,2024-04-13 22:25:01.258 UTC
33.880000,-118.200000,,,2024-04-13 21:20:27.213 UTC
33.880000,-118.200000,,,2024-04-13 22:52:13.302 UTC
34.160000,-118.120000,,,2024-04-15 03:43:07.68 UTC
34.160000,-118.120000,,,2024-04-15 03:45:33.166 UTC
34.040000,-118.320000,,,2024-12-01 03:10:55.695 UTC
33.880000,-118.200000,,,2024-12-01 01:49:23.689 UTC
34.040000,-118.320000,,,2024-12-01 03:10:35.822 UTC
33.880000,-118.200000,,,2025-04-10 01:03:23.101 UTC
33.880000,-118.200000,,,2025-04-10 01:03:36.438 UTC
33.880000,-118.200000,,,2025-04-10 01:48:45.024 UTC
33.880000,-118.200000,,,2025-02-16 00:21:25.015 UTC
33.880000,-118.200000,,,2025-02-16 00:04:41.164 UTC
34.080000,-118.080000,,,2025-01-03 20:50:56.141 UTC
33.880000,-118.200000,,,2025-01-03 21:48:06.503 UTC
34.080000,-118.080000,,,2025-01-03 20:52:51.622 UTC
33.880000,-118.200000,,,2024-02-15 23:43:12.461 UTC
33.880000,-118.200000,,,2024-08-10 22:45:07.284 UTC
33.880000,-118.200000,,,2024-08-10 23:57:29.212 UTC
34.000000,-118.120000,,,2024-08-10 19:28:27.154 UTC
34.000000,-118.120000,,,2024-08-10 19:25:42.075 UTC
34.040000,-118.160000,,,2024-08-10 21:00:14.176 UTC
33.880000,-118.200000,,,2024-08-10 23:54:51.329 UTC
33.880000,-118.200000,,,2024-08-10 21:39:52.223 UTC
34.000000,-118.120000,,,2024-08-10 20:54:02.773 UTC
34.000000,-118.120000,,,2024-08-10 18:24:56.042 UTC
34.040000,-118.160000,,,2024-08-10 23:43:55.31 UTC
33.880000,-118.200000,,,2024-09-30 02:40:31.174 UTC
34.000000,-118.120000,,,2024-09-30 03:38:41.13 UTC
33.880000,-118.200000,,,2024-09-30 02:46:25.038 UTC
34.000000,-118.120000,,,2024-09-30 03:15:06.908 UTC
34.040000,-118.160000,,,2024-08-15 02:17:01.67 UTC
33.880000,-118.200000,,,2024-08-15 01:37:51.783 UTC
34.080000,-118.360000,,,2023-11-25 03:14:34.371 UTC
34.080000,-118.360000,,,2023-11-25 00:40:02.638 UTC
34.080000,-118.360000,,,2023-11-25 21:01:48.586 UTC
33.880000,-118.200000,,,2025-03-09 23:36:40.849 UTC
33.880000,-118.200000,,,2025-03-09 21:40:51.687 UTC
33.880000,-118.200000,,,2025-03-09 21:11:05.213 UTC
33.880000,-118.200000,,,2025-03-09 20:53:19.197 UTC
33.880000,-118.200000,,,2025-03-09 00:02:03.174 UTC
33.880000,-118.200000,,,2025-03-09 22:28:01.188 UTC
34.040000,-118.160000,,,2025-03-09 20:35:07.104 UTC
33.880000,-118.200000,,,2024-07-10 00:56:00.739 UTC
34.000000,-118.120000,,,2024-07-10 03:43:21.272 UTC
33.880000,-118.200000,,,2024-07-10 01:08:30.547 UTC
34.000000,-118.120000,,,2024-07-10 03:42:51.304 UTC
34.040000,-118.320000,,,2024-05-03 16:56:56.217 UTC
-33.920000,151.200000,,,2024-07-03 19:55:23.685 UTC
33.880000,-118.200000,,,2024-07-03 05:02:38.335 UTC
33.880000,-118.200000,,,2024-07-03 05:42:58.187 UTC
34.200000,-118.320000,,,2024-07-03 21:32:58.334 UTC
33.880000,-118.200000,,,2024-07-03 23:02:49.598 UTC
33.880000,-118.200000,,,2024-07-03 05:10:18.394 UTC
33.880000,-118.200000,,,2024-07-03 23:14:42.436 UTC
34.040000,-118.320000,,,2024-07-03 22:45:49.656 UTC
34.200000,-118.320000,,,2024-07-03 21:18:28.341 UTC
33.880000,-118.200000,,,2024-06-28 04:45:06.735 UTC
33.880000,-118.200000,,,2024-06-28 04:51:35.017 UTC
33.880000,-118.200000,,,2024-06-28 05:39:19.517 UTC
33.880000,-118.200000,,,2024-06-28 05:07:24.638 UTC
33.880000,-118.200000,,,2025-05-08 00:54:40.145 UTC
33.880000,-118.200000,,,2025-05-08 01:56:28.215 UTC
33.880000,-118.200000,,,2025-05-08 17:49:09.551 UTC
33.880000,-118.200000,,,2025-05-08 00:55:02.888 UTC
33.880000,-118.200000,,,2025-05-08 02:05:50.119 UTC
33.880000,-118.200000,,,2025-05-08 17:47:21.197 UTC
33.880000,-118.200000,,,2024-10-30 21:24:33.246 UTC
33.880000,-118.200000,,,2024-10-30 21:27:41.175 UTC
33.880000,-118.200000,,,2024-10-30 21:25:51.089 UTC
33.880000,-118.200000,,,2024-02-14 04:30:12.291 UTC
34.040000,-118.160000,,,2024-02-14 04:39:17.446 UTC
33.880000,-118.200000,,,2024-02-14 01:33:27.48 UTC
33.880000,-118.200000,,,2024-02-14 05:12:48.134 UTC
34.040000,-118.160000,,,2024-02-14 00:38:21.527 UTC
33.880000,-118.200000,,,2024-10-31 01:55:41.177 UTC
33.880000,-118.200000,,,2024-10-31 01:01:55.881 UTC
34.040000,-118.160000,,,2024-12-21 00:23:57.357 UTC
34.000000,-118.120000,,,2024-12-21 17:57:43.202 UTC
33.880000,-118.200000,,,2024-12-21 21:44:10.125 UTC
33.880000,-118.200000,,,2024-12-21 23:11:38.219 UTC
33.880000,-118.200000,,,2024-12-21 01:00:55.055 UTC
33.880000,-118.200000,,,2024-12-21 22:33:58.221 UTC
33.880000,-118.200000,,,2024-12-21 23:14:29.765 UTC
34.040000,-118.160000,,,2024-12-21 00:54:16.024 UTC
33.880000,-118.200000,,,2024-06-12 17:22:25.075 UTC
33.880000,-118.200000,,,2025-01-19 21:35:21.888 UTC
33.880000,-118.200000,,,2025-01-19 23:46:10.427 UTC
33.880000,-118.200000,,,2025-01-19 23:44:38.574 UTC
33.880000,-118.200000,,,2025-01-19 23:20:02.758 UTC
33.880000,-118.200000,,,2025-01-19 23:37:53.148 UTC
33.880000,-118.200000,,,2025-01-19 22:13:35.149 UTC
33.880000,-118.200000,,,2025-01-19 22:54:01.475 UTC
34.080000,-118.280000,,,2024-12-17 01:37:06.55 UTC
34.080000,-118.080000,,,2024-12-17 03:36:48.579 UTC
33.880000,-118.200000,,,2024-12-17 15:01:40.466 UTC
34.080000,-118.080000,,,2024-12-17 01:51:17.891 UTC
34.080000,-118.080000,,,2024-12-17 03:43:36.648 UTC
33.880000,-118.200000,,,2024-10-21 19:44:43.097 UTC
33.880000,-118.200000,,,2024-06-18 01:59:08.651 UTC
33.880000,-118.200000,,,2024-06-18 04:17:25.409 UTC
33.880000,-118.200000,,,2024-06-18 03:53:25.695 UTC
33.880000,-118.200000,,,2025-02-24 16:02:58.389 UTC
33.880000,-118.200000,,,2025-02-24 16:55:11.134 UTC
33.880000,-118.200000,,,2025-02-24 16:02:45.093 UTC
34.160000,-118.120000,,,2024-07-30 00:22:04.183 UTC
33.880000,-118.200000,,,2024-07-30 20:59:44.253 UTC
34.040000,-118.160000,,,2024-07-30 20:52:42.887 UTC
33.880000,-118.200000,,,2024-03-27 04:37:39.652 UTC
33.880000,-118.200000,,,2024-03-27 05:11:20.019 UTC
34.160000,-118.120000,,,2024-03-27 05:00:40.313 UTC
34.160000,-118.120000,,,2024-04-02 06:21:03.798 UTC
33.880000,-118.200000,,,2024-04-02 00:41:50.564 UTC
33.880000,-118.200000,,,2024-04-02 05:50:28.423 UTC
33.880000,-118.200000,,,2024-04-02 06:34:44.269 UTC
33.880000,-118.200000,,,2025-02-19 01:01:28.553 UTC
33.880000,-118.200000,,,2025-02-19 01:34:58.246 UTC
33.880000,-118.200000,,,2025-02-19 00:15:50.165 UTC
33.880000,-118.200000,,,2025-02-19 02:00:27.8 UTC
33.880000,-118.200000,,,2025-02-19 23:09:23.153 UTC
33.880000,-118.200000,,,2024-09-08 03:28:13.5 UTC
34.040000,-118.160000,,,2024-09-08 21:38:09.09 UTC
33.880000,-118.200000,,,2024-09-08 03:54:48.095 UTC
33.880000,-118.200000,,,2024-09-08 21:03:03.533 UTC
33.880000,-118.200000,,,2025-03-31 19:24:53.458 UTC
34.040000,-118.160000,,,2025-03-31 20:45:47.715 UTC
34.040000,-118.160000,,,2024-08-18 20:19:17.394 UTC
33.880000,-118.200000,,,2024-08-18 03:19:53.157 UTC
33.880000,-118.200000,,,2024-08-18 21:36:06.275 UTC
33.880000,-118.200000,,,2024-08-18 23:27:41.989 UTC
33.880000,-118.200000,,,2024-08-18 21:05:58.448 UTC
33.880000,-118.200000,,,2024-08-18 22:37:16.314 UTC
33.880000,-118.200000,,,2024-08-18 23:46:10.118 UTC
34.160000,-118.200000,,,2024-08-18 02:56:17.303 UTC
34.080000,-118.080000,,,2024-08-18 02:30:31.176 UTC
33.880000,-118.200000,,,2024-12-16 00:40:03.935 UTC
33.880000,-118.200000,,,2024-12-16 15:25:00.144 UTC
33.880000,-118.200000,,,2024-12-16 16:23:07.195 UTC
34.000000,-118.120000,,,2024-10-01 02:43:36.175 UTC
33.880000,-118.200000,,,2024-10-01 04:42:47.208 UTC
34.000000,-118.120000,,,2024-10-01 02:51:36.328 UTC
33.880000,-118.200000,,,2024-04-03 05:01:40.183 UTC
33.880000,-118.200000,,,2024-04-03 06:15:51.147 UTC
33.880000,-118.200000,,,2024-04-03 04:58:00.49 UTC
33.880000,-118.200000,,,2025-03-06 00:53:31.533 UTC
33.880000,-118.200000,,,2025-03-06 01:22:32.696 UTC
33.880000,-118.200000,,,2025-03-06 00:44:23.808 UTC
33.880000,-118.200000,,,2025-03-06 01:02:25.008 UTC
33.880000,-118.200000,,,2025-02-18 03:34:59.425 UTC
33.880000,-118.200000,,,2025-02-18 03:18:07.609 UTC
34.040000,-118.320000,,,2024-12-27 17:56:36.252 UTC
33.880000,-118.200000,,,2024-04-20 04:30:58.425 UTC
34.080000,-118.040000,,,2024-04-20 21:18:22.21 UTC
34.080000,-118.040000,,,2024-04-20 21:14:59.279 UTC
33.880000,-118.200000,,,2024-04-20 22:56:37.15 UTC
34.160000,-118.240000,,,2023-10-18 00:30:22.111 UTC
34.160000,-118.240000,,,2023-10-18 01:58:48.755 UTC
34.160000,-118.240000,,,2023-10-18 02:57:22.917 UTC
34.160000,-118.240000,,,2023-10-18 01:53:40.718 UTC
34.160000,-118.240000,,,2023-10-18 01:40:49.364 UTC
34.160000,-118.240000,,,2023-10-18 03:00:30.299 UTC
34.160000,-118.240000,,,2023-10-18 03:04:36.071 UTC
34.160000,-118.240000,,,2023-10-18 01:39:39.15 UTC
34.160000,-118.240000,,,2023-10-18 02:52:05.124 UTC
34.160000,-118.240000,,,2023-10-18 00:27:13.136 UTC
34.160000,-118.240000,,,2023-10-18 03:06:19.165 UTC
34.160000,-118.240000,,,2023-10-18 01:33:26.135 UTC
34.160000,-118.240000,,,2023-10-18 01:25:35.998 UTC
34.160000,-118.240000,,,2023-10-18 02:06:46.095 UTC
34.040000,-118.320000,,,2024-10-18 17:40:24.295 UTC
34.040000,-118.320000,,,2024-05-23 19:07:56.284 UTC
34.040000,-118.320000,,,2025-05-22 20:45:25.894 UTC
34.040000,-118.320000,,,2025-05-22 22:24:51.205 UTC
33.880000,-118.200000,,,2024-09-12 20:04:10.209 UTC
34.160000,-118.200000,,,2024-09-12 19:10:47.306 UTC
33.880000,-118.200000,,,2024-09-12 01:28:42.266 UTC
33.880000,-118.200000,,,2024-09-12 02:25:22.151 UTC
33.880000,-118.200000,,,2024-09-12 14:52:00.208 UTC
34.040000,-118.320000,,,2024-09-12 18:54:39.774 UTC
34.160000,-118.200000,,,2024-09-12 19:47:00.286 UTC
33.880000,-118.200000,,,2024-03-03 04:44:30.092 UTC
33.880000,-118.200000,,,2024-03-03 03:17:11.322 UTC
33.880000,-118.200000,,,2024-03-03 02:56:41.053 UTC