Date and time	Type of activity	Vendor	Item purchased	Number of items	Change in pokecoins	Money spent on purchase	Currency
06/16/2021 05:58:26 UTC	Pokecoin spent for in-game item		POKECOIN		0
06/16/2021 05:58:27 UTC	In-game item bought		Poke balls	2	
06/16/2021 05:58:27 UTC	In-game item bought		LPSKU_BUNDLE.GENERAL1.FREE.	1	
06/16/2021 05:58:27 UTC	In-game item bought		Potion	2	
06/16/2021 11:51:59 UTC	Pokecoin spent for in-game item		POKECOIN		0
06/16/2021 11:51:59 UTC	In-game item bought		Poke balls	1	
06/16/2021 11:51:59 UTC	In-game item bought		Great balls	1	
06/16/2021 11:51:59 UTC	In-game item bought		LPSKU_BUNDLE.GENERAL1.FREE.	1	
06/16/2021 11:51:59 UTC	In-game item bought		Potion	2	
06/17/2021 07:52:59 UTC	Pokecoin spent for in-game item		POKECOIN		0
06/17/2021 07:52:59 UTC	In-game item bought		Poke balls	2	
06/17/2021 07:52:59 UTC	In-game item bought		Great balls	1	
06/17/2021 07:52:59 UTC	In-game item bought		LPSKU_BUNDLE.GENERAL1.FREE.	1	
06/17/2021 07:52:59 UTC	In-game item bought		Potion	1	
06/18/2021 15:52:39 UTC	Pokecoin spent for in-game item		POKECOIN		0
06/18/2021 15:52:39 UTC	In-game item bought		Poke balls	2	
06/18/2021 15:52:39 UTC	In-game item bought		LPSKU_BUNDLE.GENERAL1.FREE.	1	
06/18/2021 15:52:39 UTC	In-game item bought		Potion	2	
06/19/2021 14:01:05 UTC	Pokecoin spent for in-game item		POKECOIN		0
06/19/2021 14:01:05 UTC	In-game item bought		Great balls	3	
06/19/2021 14:01:05 UTC	In-game item bought		LPSKU_BUNDLE.GENERAL1.FREE.	1	
06/19/2021 14:01:05 UTC	In-game item bought		Potion	1	
06/19/2021 14:01:20 UTC	Pokecoin spent for in-game item		POKECOIN		-200
06/19/2021 14:01:20 UTC	In-game item bought		Pokemon storage upgrade	1	
06/20/2021 05:23:44 UTC	Pokecoin bought	GOOGLE	POKECOIN		2500	19.99	USD
06/20/2021 05:23:55 UTC	Pokecoin spent for in-game item		POKECOIN		-200
06/20/2021 05:23:55 UTC	In-game item bought		Pokemon storage upgrade	1	
06/20/2021 05:28:04 UTC	Pokecoin spent for in-game item		POKECOIN		-200
06/20/2021 05:28:04 UTC	In-game item bought		Bag upgrade	1	
06/20/2021 05:28:32 UTC	Pokecoin spent for in-game item		POKECOIN		-1480
06/20/2021 05:28:32 UTC	In-game item bought		Raid pass (paid)	16	
06/20/2021 05:28:32 UTC	In-game item bought		Incense	6	
06/20/2021 05:28:32 UTC	In-game item bought		Star pieces	5	
06/20/2021 05:28:32 UTC	In-game item bought		Lucky egg	5	
06/20/2021 05:33:34 UTC	Pokecoin spent for in-game item		POKECOIN		-200
06/20/2021 05:33:34 UTC	In-game item bought		Pokemon storage upgrade	1	
06/20/2021 05:33:39 UTC	Pokecoin spent for in-game item		POKECOIN		-200
06/20/2021 05:33:39 UTC	In-game item bought		Bag upgrade	1	
06/20/2021 22:37:21 UTC	Pokecoin spent for in-game item		POKECOIN		0
06/20/2021 22:37:21 UTC	In-game item bought		Poke balls	2	
06/20/2021 22:37:21 UTC	In-game item bought		Great balls	1	
06/20/2021 22:37:21 UTC	In-game item bought		LPSKU_BUNDLE.GENERAL1.FREE.	1	
06/20/2021 22:37:21 UTC	In-game item bought		Potion	1	
06/21/2021 00:23:26 UTC	Pokecoin spent for in-game item		POKECOIN		-200
06/21/2021 00:23:26 UTC	In-game item bought		Bag upgrade	1	
06/21/2021 07:27:10 UTC	Pokecoin spent for in-game item		POKECOIN		0
06/21/2021 07:27:10 UTC	In-game item bought		Poke balls	4	
06/21/2021 07:27:10 UTC	In-game item bought		LPSKU_BUNDLE.GENERAL1.FREE.	1	
06/22/2021 17:03:23 UTC	Pokecoin spent for in-game item		POKECOIN		0
06/22/2021 17:03:23 UTC	In-game item bought		Poke balls	1	
06/22/2021 17:03:23 UTC	In-game item bought		Great balls	2	
06/22/2021 17:03:23 UTC	In-game item bought		LPSKU_BUNDLE.GENERAL1.FREE.	1	
06/22/2021 17:03:23 UTC	In-game item bought		Potion	1	
06/23/2021 14:05:14 UTC	Pokecoin spent for in-game item		POKECOIN		0
06/23/2021 14:05:14 UTC	In-game item bought		Poke balls	3	
06/23/2021 14:05:14 UTC	In-game item bought		Great balls	1	
06/23/2021 14:05:14 UTC	In-game item bought		LPSKU_BUNDLE.GENERAL1.FREE.	1	
06/24/2021 12:33:10 UTC	Pokecoin spent for in-game item		POKECOIN		0
06/24/2021 12:33:10 UTC	In-game item bought		Poke balls	2	
06/24/2021 12:33:10 UTC	In-game item bought		LPSKU_BUNDLE.GENERAL1.FREE.	1	
06/24/2021 12:33:10 UTC	In-game item bought		Potion	2	
06/24/2021 15:56:48 UTC	Pokecoin spent for in-game item		POKECOIN		-200
06/24/2021 15:56:48 UTC	In-game item bought		Pokemon storage upgrade	1	
06/25/2021 13:26:18 UTC	Pokecoin spent for in-game item		POKECOIN		0
06/25/2021 13:26:18 UTC	In-game item bought		Poke balls	1	
06/25/2021 13:26:18 UTC	In-game item bought		Great balls	2	
06/25/2021 13:26:18 UTC	In-game item bought		LPSKU_BUNDLE.GENERAL1.FREE.	1	
06/25/2021 13:26:18 UTC	In-game item bought		Potion	1	
06/26/2021 15:26:58 UTC	Pokecoin spent for in-game item		POKECOIN		0
06/26/2021 15:26:58 UTC	In-game item bought		Great balls	1	
06/26/2021 15:26:58 UTC	In-game item bought		LPSKU_BUNDLE.GENERAL1.FREE.	1	
06/26/2021 15:26:58 UTC	In-game item bought		Potion	3	
06/28/2021 14:45:47 UTC	Pokecoin spent for in-game item		POKECOIN		0
06/28/2021 14:45:47 UTC	In-game item bought		Poke balls	2	
06/28/2021 14:45:47 UTC	In-game item bought		Great balls	1	
06/28/2021 14:45:47 UTC	In-game item bought		LPSKU_BUNDLE.GENERAL1.FREE.	1	
06/28/2021 14:45:47 UTC	In-game item bought		Potion	1	
06/29/2021 12:41:12 UTC	Pokecoin spent for in-game item		POKECOIN		0
06/29/2021 12:41:12 UTC	In-game item bought		Poke balls	1	
06/29/2021 12:41:12 UTC	In-game item bought		Great balls	2	
06/29/2021 12:41:12 UTC	In-game item bought		LPSKU_BUNDLE.GENERAL1.FREE.	1	
06/29/2021 12:41:12 UTC	In-game item bought		Potion	1	
06/30/2021 03:07:46 UTC	Pokecoin spent for in-game item		POKECOIN		-200
06/30/2021 03:07:46 UTC	In-game item bought		Bag upgrade	1	
06/30/2021 13:45:35 UTC	Pokecoin spent for in-game item		POKECOIN		0
06/30/2021 13:45:35 UTC	In-game item bought		Razz berry	1	
06/30/2021 13:45:35 UTC	In-game item bought		Poke balls	2	
06/30/2021 13:45:35 UTC	In-game item bought		LPSKU_BUNDLE.GENERAL1.FREE.	1	
06/30/2021 13:45:35 UTC	In-game item bought		Potion	1	
07/01/2021 13:56:17 UTC	Pokecoin spent for in-game item		POKECOIN		0
07/01/2021 13:56:17 UTC	In-game item bought		Poke balls	2	
07/01/2021 13:56:17 UTC	In-game item bought		Great balls	1	
07/01/2021 13:56:17 UTC	In-game item bought		LPSKU_BUNDLE.GENERAL1.FREE.	1	
07/01/2021 13:56:17 UTC	In-game item bought		Potion	1	
07/01/2021 14:01:32 UTC	Pokecoin bought	GOOGLE	POKECOIN		2500	19.99	USD
07/01/2021 14:09:57 UTC	Pokecoin spent for in-game item		POKECOIN		-200
07/01/2021 14:09:57 UTC	In-game item bought		Bag upgrade	1	
07/01/2021 14:10:02 UTC	Pokecoin spent for in-game item		POKECOIN		-200
07/01/2021 14:10:02 UTC	In-game item bought		Bag upgrade	1	
07/01/2021 14:10:06 UTC	Pokecoin spent for in-game item		POKECOIN		-200
07/01/2021 14:10:06 UTC	In-game item bought		Bag upgrade	1	
07/02/2021 12:14:06 UTC	Pokecoin spent for in-game item		POKECOIN		0
07/02/2021 12:14:06 UTC	In-game item bought		Razz berry	1	
07/02/2021 12:14:06 UTC	In-game item bought		Poke balls	1	
07/02/2021 12:14:06 UTC	In-game item bought		LPSKU_BUNDLE.GENERAL1.FREE.	1	
07/02/2021 12:14:06 UTC	In-game item bought		Potion	2	
07/02/2021 16:34:16 UTC	Pokecoin spent for in-game item		POKECOIN		-200
07/02/2021 16:34:16 UTC	In-game item bought		Bag upgrade	1	
07/02/2021 16:34:20 UTC	Pokecoin spent for in-game item		POKECOIN		-200
07/02/2021 16:34:20 UTC	In-game item bought		Bag upgrade	1	
07/02/2021 20:11:39 UTC	Pokecoin spent for in-game item		POKECOIN		0
07/02/2021 20:11:39 UTC	In-game item bought		Ultra balls	30	
07/02/2021 20:11:39 UTC	In-game item bought		LPSKU_BUNDLE.GENERAL2.MEDIUM.	1	
07/03/2021 07:08:26 UTC	Pokecoin spent for in-game item		POKECOIN		0
07/03/2021 07:08:26 UTC	In-game item bought		Poke balls	1	
07/03/2021 07:08:26 UTC	In-game item bought		Great balls	1	
07/03/2021 07:08:26 UTC	In-game item bought		LPSKU_BUNDLE.GENERAL1.FREE.	1	
07/03/2021 07:08:26 UTC	In-game item bought		Potion	2	
07/04/2021 03:00:33 UTC	Pokecoin spent for in-game item		POKECOIN		-150
07/04/2021 03:00:33 UTC	In-game item bought		Egg incubator	1	
07/04/2021 08:55:45 UTC	Pokecoin spent for in-game item		POKECOIN		0
07/04/2021 08:55:45 UTC	In-game item bought		Poke balls	3	
07/04/2021 08:55:45 UTC	In-game item bought		LPSKU_BUNDLE.GENERAL1.FREE.	1	
07/04/2021 08:55:45 UTC	In-game item bought		Potion	1	
07/05/2021 20:03:02 UTC	Pokecoin spent for in-game item		POKECOIN		0
07/05/2021 20:03:02 UTC	In-game item bought		Poke balls	3	
07/05/2021 20:03:02 UTC	In-game item bought		Great balls	1	
07/05/2021 20:03:02 UTC	In-game item bought		LPSKU_BUNDLE.GENERAL1.FREE.	1	
07/06/2021 12:37:23 UTC	Pokecoin spent for in-game item		POKECOIN		0
07/06/2021 12:37:23 UTC	In-game item bought		Poke balls	3	
07/06/2021 12:37:23 UTC	In-game item bought		LPSKU_BUNDLE.GENERAL1.FREE.	1	
07/06/2021 12:37:23 UTC	In-game item bought		Potion	1	
07/06/2021 16:10:06 UTC	Pokecoin spent for in-game item		POKECOIN		-200
07/06/2021 16:10:06 UTC	In-game item bought		Pokemon storage upgrade	1	
07/07/2021 07:25:15 UTC	Pokecoin spent for in-game item		POKECOIN		0
07/07/2021 07:25:15 UTC	In-game item bought		Poke balls	1	
07/07/2021 07:25:15 UTC	In-game item bought		Great balls	1	
07/07/2021 07:25:15 UTC	In-game item bought		LPSKU_BUNDLE.GENERAL1.FREE.	1	
07/07/2021 07:25:15 UTC	In-game item bought		Potion	2	
07/08/2021 13:50:55 UTC	Pokecoin spent for in-game item		POKECOIN		0
07/08/2021 13:50:55 UTC	In-game item bought		Poke balls	2	
07/08/2021 13:50:55 UTC	In-game item bought		Great balls	2	
07/08/2021 13:50:55 UTC	In-game item bought		LPSKU_BUNDLE.GENERAL1.FREE.	1	
07/09/2021 07:12:59 UTC	Pokecoin spent for in-game item		POKECOIN		0
07/09/2021 07:12:59 UTC	In-game item bought		Poke balls	3	
07/09/2021 07:12:59 UTC	In-game item bought		Great balls	1	
07/09/2021 07:12:59 UTC	In-game item bought		LPSKU_BUNDLE.GENERAL1.FREE.	1	
07/10/2021 06:17:05 UTC	Pokecoin spent for in-game item		POKECOIN		-200
07/10/2021 06:17:05 UTC	In-game item bought		Pokemon storage upgrade	1	
07/10/2021 09:10:03 UTC	Pokecoin spent for in-game item		POKECOIN		0
07/10/2021 09:10:03 UTC	In-game item bought		Poke balls	2	
07/10/2021 09:10:03 UTC	In-game item bought		Great balls	1	
07/10/2021 09:10:03 UTC	In-game item bought		LPSKU_BUNDLE.GENERAL1.FREE.	1	
07/10/2021 09:10:03 UTC	In-game item bought		Potion	1	
07/11/2021 07:10:25 UTC	Pokecoin spent for in-game item		POKECOIN		0
07/11/2021 07:10:25 UTC	In-game item bought		Poke balls	2	
07/11/2021 07:10:25 UTC	In-game item bought		Great balls	1	
07/11/2021 07:10:25 UTC	In-game item bought		LPSKU_BUNDLE.GENERAL1.FREE.	1	
07/11/2021 07:10:25 UTC	In-game item bought		Potion	1	
07/12/2021 02:42:25 UTC	Pokecoin spent for in-game item		POKECOIN		-1480
07/12/2021 02:42:25 UTC	In-game item bought		Ultra balls	50	
07/12/2021 02:42:25 UTC	In-game item bought		Raid pass (paid)	20	
07/12/2021 02:42:25 UTC	In-game item bought		Incense	5	
07/12/2021 02:42:25 UTC	In-game item bought		Star pieces	4	
07/12/2021 11:47:59 UTC	Pokecoin spent for in-game item		POKECOIN		0
07/12/2021 11:47:59 UTC	In-game item bought		Poke balls	4	
07/12/2021 11:47:59 UTC	In-game item bought		LPSKU_BUNDLE.GENERAL1.FREE.	1	
07/13/2021 12:11:17 UTC	Pokecoin spent for in-game item		POKECOIN		0
07/13/2021 12:11:17 UTC	In-game item bought		Razz berry	1	
07/13/2021 12:11:17 UTC	In-game item bought		Poke balls	2	
07/13/2021 12:11:17 UTC	In-game item bought		Great balls	1	
07/13/2021 12:11:17 UTC	In-game item bought		LPSKU_BUNDLE.GENERAL1.FREE.	1	
07/14/2021 12:47:40 UTC	Pokecoin spent for in-game item		POKECOIN		0
07/14/2021 12:47:40 UTC	In-game item bought		Poke balls	2	
07/14/2021 12:47:40 UTC	In-game item bought		LPSKU_BUNDLE.GENERAL1.FREE.	1	
07/14/2021 12:47:40 UTC	In-game item bought		Potion	1	
07/14/2021 12:47:40 UTC	In-game item bought		Revive	1	
07/14/2021 14:19:23 UTC	Pokecoin spent for in-game item		POKECOIN		-200
07/14/2021 14:19:23 UTC	In-game item bought		Pokemon storage upgrade	1	
07/15/2021 02:31:31 UTC	Pokecoin bought	GOOGLE	POKECOIN		5200	0.0	UNKNOWN
07/15/2021 02:32:42 UTC	Pokecoin spent for in-game item		POKECOIN		-200
07/15/2021 02:32:42 UTC	In-game item bought		Pokemon storage upgrade	1	
07/15/2021 02:32:46 UTC	Pokecoin spent for in-game item		POKECOIN		-200
07/15/2021 02:32:46 UTC	In-game item bought		Bag upgrade	1	
07/15/2021 02:32:49 UTC	Pokecoin spent for in-game item		POKECOIN		-200
07/15/2021 02:32:49 UTC	In-game item bought		Pokemon storage upgrade	1	
07/15/2021 02:32:53 UTC	Pokecoin spent for in-game item		POKECOIN		-200
07/15/2021 02:32:53 UTC	In-game item bought		Bag upgrade	1	
07/15/2021 02:32:57 UTC	Pokecoin spent for in-game item		POKECOIN		-200
07/15/2021 02:32:57 UTC	In-game item bought		Pokemon storage upgrade	1	
07/15/2021 02:33:00 UTC	Pokecoin spent for in-game item		POKECOIN		-200
07/15/2021 02:33:00 UTC	In-game item bought		Bag upgrade	1	
07/15/2021 02:33:04 UTC	Pokecoin spent for in-game item		POKECOIN		-200
07/15/2021 02:33:04 UTC	In-game item bought		Pokemon storage upgrade	1	
07/15/2021 02:33:07 UTC	Pokecoin spent for in-game item		POKECOIN		-200
07/15/2021 02:33:07 UTC	In-game item bought		Bag upgrade	1	
07/15/2021 16:54:22 UTC	Pokecoin spent for in-game item		POKECOIN		0
07/15/2021 16:54:22 UTC	In-game item bought		Poke balls	3	
07/15/2021 16:54:22 UTC	In-game item bought		LPSKU_BUNDLE.GENERAL1.FREE.	1	
07/15/2021 16:54:22 UTC	In-game item bought		Potion	1	
07/16/2021 12:26:20 UTC	Pokecoin spent for in-game item		POKECOIN		0
07/16/2021 12:26:20 UTC	In-game item bought		Poke balls	2	
07/16/2021 12:26:20 UTC	In-game item bought		Great balls	1	
07/16/2021 12:26:20 UTC	In-game item bought		LPSKU_BUNDLE.GENERAL1.FREE.	1	
07/16/2021 12:26:20 UTC	In-game item bought		Potion	1	
07/16/2021 15:34:45 UTC	Pokecoin spent for in-game item		POKECOIN		-250
07/16/2021 15:34:45 UTC	In-game item bought		ITEM_REMOTE_RAID_TICKET	3	
07/16/2021 16:41:28 UTC	Pokecoin spent for in-game item		POKECOIN		-250
07/16/2021 16:41:28 UTC	In-game item bought		ITEM_REMOTE_RAID_TICKET	3	
07/17/2021 17:45:56 UTC	Pokecoin spent for in-game item		POKECOIN		0
07/17/2021 17:45:56 UTC	In-game item bought		Poke balls	3	
07/17/2021 17:45:56 UTC	In-game item bought		Great balls	1	
07/17/2021 17:45:56 UTC	In-game item bought		LPSKU_BUNDLE.GENERAL1.FREE.	1	
07/18/2021 04:09:06 UTC	Pokecoin spent for in-game item		POKECOIN		-250
07/18/2021 04:09:06 UTC	In-game item bought		ITEM_REMOTE_RAID_TICKET	3	
07/18/2021 04:56:07 UTC	Pokecoin spent for in-game item		POKECOIN		-250
07/18/2021 04:56:07 UTC	In-game item bought		ITEM_REMOTE_RAID_TICKET	3	
07/18/2021 05:24:35 UTC	Pokecoin spent for in-game item		POKECOIN		-250
07/18/2021 05:24:35 UTC	In-game item bought		ITEM_REMOTE_RAID_TICKET	3	
07/18/2021 05:54:14 UTC	Pokecoin spent for in-game item		POKECOIN		-250
07/18/2021 05:54:14 UTC	In-game item bought		ITEM_REMOTE_RAID_TICKET	3	
07/18/2021 15:34:42 UTC	Pokecoin spent for in-game item		POKECOIN		0
07/18/2021 15:34:42 UTC	In-game item bought		Poke balls	1	
07/18/2021 15:34:42 UTC	In-game item bought		Great balls	2	
07/18/2021 15:34:42 UTC	In-game item bought		LPSKU_BUNDLE.GENERAL1.FREE.	1	
07/18/2021 15:34:42 UTC	In-game item bought		Potion	1	
07/18/2021 17:59:37 UTC	Pokecoin spent for in-game item		POKECOIN		-200
07/18/2021 17:59:37 UTC	In-game item bought		Bag upgrade	1	
07/18/2021 19:20:06 UTC	Pokecoin spent for in-game item		POKECOIN		0
07/18/2021 19:20:06 UTC	In-game item bought		LPSKU_REMOTEPASS.BUNDLE.GENERAL3.SMALL.	1	
07/18/2021 19:20:06 UTC	In-game item bought		ITEM_REMOTE_RAID_TICKET	3	
07/18/2021 21:34:55 UTC	Pokecoin spent for in-game item		POKECOIN		-1480
07/18/2021 21:34:55 UTC	In-game item bought		Ultra balls	50	
07/18/2021 21:34:55 UTC	In-game item bought		Raid pass (paid)	20	
07/18/2021 21:34:55 UTC	In-game item bought		Incense	5	
07/18/2021 21:34:55 UTC	In-game item bought		Star pieces	4	
07/19/2021 18:18:13 UTC	Pokecoin spent for in-game item		POKECOIN		0
07/19/2021 18:18:13 UTC	In-game item bought		Poke balls	2	
07/19/2021 18:18:13 UTC	In-game item bought		LPSKU_BUNDLE.GENERAL1.FREE.	1	
07/19/2021 18:18:13 UTC	In-game item bought		Potion	2	
07/20/2021 17:33:51 UTC	Pokecoin spent for in-game item		POKECOIN		0
07/20/2021 17:33:51 UTC	In-game item bought		Poke balls	2	
07/20/2021 17:33:51 UTC	In-game item bought		LPSKU_BUNDLE.GENERAL1.FREE.	1	
07/20/2021 17:33:51 UTC	In-game item bought		Potion	2	
07/21/2021 07:34:04 UTC	Pokecoin spent for in-game item		POKECOIN		0
07/21/2021 07:34:04 UTC	In-game item bought		Poke balls	3	
07/21/2021 07:34:04 UTC	In-game item bought		LPSKU_BUNDLE.GENERAL1.FREE.	1	
07/21/2021 07:34:04 UTC	In-game item bought		Potion	1	
07/21/2021 20:30:03 UTC	Pokecoin spent for in-game item		POKECOIN		-200
07/21/2021 20:30:03 UTC	In-game item bought		Pokemon storage upgrade	1	
07/21/2021 20:30:07 UTC	Pokecoin spent for in-game item		POKECOIN		-200
07/21/2021 20:30:07 UTC	In-game item bought		Bag upgrade	1	
07/23/2021 02:45:54 UTC	Pokecoin spent for in-game item		POKECOIN		0
07/23/2021 02:45:54 UTC	In-game item bought		Razz berry	1	
07/23/2021 02:45:54 UTC	In-game item bought		Great balls	2	
07/23/2021 02:45:54 UTC	In-game item bought		LPSKU_BUNDLE.GENERAL1.FREE.	1	
07/23/2021 02:45:54 UTC	In-game item bought		Potion	1	
07/23/2021 12:42:14 UTC	Pokecoin spent for in-game item		POKECOIN		0
07/23/2021 12:42:14 UTC	In-game item bought		Poke balls	2	
07/23/2021 12:42:14 UTC	In-game item bought		Great balls	1	
07/23/2021 12:42:14 UTC	In-game item bought		LPSKU_BUNDLE.GENERAL1.FREE.	1	
07/23/2021 12:42:14 UTC	In-game item bought		Potion	1	
07/24/2021 09:00:34 UTC	Pokecoin spent for in-game item		POKECOIN		0
07/24/2021 09:00:34 UTC	In-game item bought		Poke balls	3	
07/24/2021 09:00:34 UTC	In-game item bought		Great balls	1	
07/24/2021 09:00:34 UTC	In-game item bought		LPSKU_BUNDLE.GENERAL1.FREE.	1	
07/25/2021 07:09:20 UTC	Pokecoin spent for in-game item		POKECOIN		0
07/25/2021 07:09:20 UTC	In-game item bought		Poke balls	2	
07/25/2021 07:09:20 UTC	In-game item bought		Great balls	1	
07/25/2021 07:09:20 UTC	In-game item bought		LPSKU_BUNDLE.GENERAL1.FREE.	1	
07/25/2021 07:09:20 UTC	In-game item bought		Potion	1	
07/26/2021 12:57:14 UTC	Pokecoin spent for in-game item		POKECOIN		0
07/26/2021 12:57:14 UTC	In-game item bought		Razz berry	1	
07/26/2021 12:57:14 UTC	In-game item bought		Poke balls	1	
07/26/2021 12:57:14 UTC	In-game item bought		LPSKU_BUNDLE.GENERAL1.FREE.	1	
07/26/2021 12:57:14 UTC	In-game item bought		Potion	2	
07/26/2021 12:57:22 UTC	Pokecoin spent for in-game item		POKECOIN		-200
07/26/2021 12:57:22 UTC	In-game item bought		Pokemon storage upgrade	1	
07/26/2021 12:57:26 UTC	Pokecoin spent for in-game item		POKECOIN		-200
07/26/2021 12:57:26 UTC	In-game item bought		Bag upgrade	1	
07/26/2021 12:57:30 UTC	Pokecoin spent for in-game item		POKECOIN		-200
07/26/2021 12:57:30 UTC	In-game item bought		Bag upgrade	1	
07/27/2021 12:57:06 UTC	Pokecoin spent for in-game item		POKECOIN		0
07/27/2021 12:57:06 UTC	In-game item bought		Great balls	2	
07/27/2021 12:57:06 UTC	In-game item bought		LPSKU_BUNDLE.GENERAL1.FREE.	1	
07/27/2021 12:57:06 UTC	In-game item bought		Potion	2	
07/28/2021 18:15:28 UTC	Pokecoin spent for in-game item		POKECOIN		0
07/28/2021 18:15:28 UTC	In-game item bought		Poke balls	2	
07/28/2021 18:15:28 UTC	In-game item bought		Great balls	2	
07/28/2021 18:15:28 UTC	In-game item bought		LPSKU_BUNDLE.GENERAL1.FREE.	1	
07/30/2021 06:01:51 UTC	Pokecoin spent for in-game item		POKECOIN		0
07/30/2021 06:01:51 UTC	In-game item bought		Razz berry	1	
07/30/2021 06:01:51 UTC	In-game item bought		Poke balls	3	
07/30/2021 06:01:51 UTC	In-game item bought		LPSKU_BUNDLE.GENERAL1.FREE.	1	
08/10/2021 14:36:16 UTC	Pokecoin spent for in-game item		POKECOIN		0
08/10/2021 14:36:16 UTC	In-game item bought		Poke balls	3	
08/10/2021 14:36:16 UTC	In-game item bought		Great balls	1	
08/10/2021 14:36:16 UTC	In-game item bought		LPSKU_BUNDLE.GENERAL1.FREE.	1	
08/10/2021 14:36:20 UTC	Pokecoin spent for in-game item		POKECOIN		-1
08/10/2021 14:36:20 UTC	In-game item bought		LPSKU_BUNDLE.GENERAL1.MEDIUM.	1	
08/10/2021 14:36:20 UTC	In-game item bought		Razz berry	15	
08/10/2021 14:36:20 UTC	In-game item bought		Great balls	10	
08/10/2021 14:36:20 UTC	In-game item bought		ITEM_REMOTE_RAID_TICKET	1	
08/13/2021 22:36:14 UTC	Pokecoin spent for in-game item		POKECOIN		0
08/13/2021 22:36:14 UTC	In-game item bought		Ultra balls	30	
08/13/2021 22:36:14 UTC	In-game item bought		LPSKU_BUNDLE.GENERAL2.MEDIUM.	1	
08/13/2021 22:36:17 UTC	Pokecoin spent for in-game item		POKECOIN		0
08/13/2021 22:36:17 UTC	In-game item bought		Poke balls	2	
08/13/2021 22:36:17 UTC	In-game item bought		LPSKU_BUNDLE.GENERAL1.FREE.	1	
08/13/2021 22:36:17 UTC	In-game item bought		Potion	2	
08/16/2021 13:00:31 UTC	Pokecoin spent for in-game item		POKECOIN		0
08/16/2021 13:00:31 UTC	In-game item bought		Poke balls	2	
08/16/2021 13:00:31 UTC	In-game item bought		Great balls	1	
08/16/2021 13:00:31 UTC	In-game item bought		LPSKU_BUNDLE.GENERAL1.FREE.	1	
08/16/2021 13:00:31 UTC	In-game item bought		Potion	1	
08/17/2021 17:50:23 UTC	Pokecoin spent for in-game item		POKECOIN		0
08/17/2021 17:50:23 UTC	In-game item bought		Poke balls	3	
08/17/2021 17:50:23 UTC	In-game item bought		Great balls	1	
08/17/2021 17:50:23 UTC	In-game item bought		LPSKU_BUNDLE.GENERAL1.FREE.	1	
08/20/2021 18:19:01 UTC	Pokecoin spent for in-game item		POKECOIN		0
08/20/2021 18:19:01 UTC	In-game item bought		Poke balls	3	
08/20/2021 18:19:01 UTC	In-game item bought		LPSKU_BUNDLE.GENERAL1.FREE.	1	
08/20/2021 18:19:01 UTC	In-game item bought		Potion	1	
08/23/2021 16:22:39 UTC	Pokecoin spent for in-game item		POKECOIN		0
08/23/2021 16:22:39 UTC	In-game item bought		Poke balls	3	
08/23/2021 16:22:39 UTC	In-game item bought		LPSKU_BUNDLE.GENERAL1.FREE.	1	
08/23/2021 16:22:39 UTC	In-game item bought		Potion	1	
08/23/2021 18:22:33 UTC	Pokecoin spent for in-game item		POKECOIN		-1
08/23/2021 18:22:33 UTC	In-game item bought		LPSKU_BUNDLE.GENERAL1.MEDIUM.	1	
08/23/2021 18:22:33 UTC	In-game item bought		Poke balls	15	
08/23/2021 18:22:33 UTC	In-game item bought		ITEM_REMOTE_RAID_TICKET	1	
08/23/2021 18:22:33 UTC	In-game item bought		Revive	10	
09/10/2021 18:02:48 UTC	Pokecoin spent for in-game item		POKECOIN		0
09/10/2021 18:02:48 UTC	In-game item bought		Poke balls	2	
09/10/2021 18:02:48 UTC	In-game item bought		Great balls	1	
09/10/2021 18:02:48 UTC	In-game item bought		LPSKU_BUNDLE.GENERAL1.FREE.	1	
09/10/2021 18:02:48 UTC	In-game item bought		Potion	1	
09/10/2021 18:02:56 UTC	Pokecoin spent for in-game item		POKECOIN		-1
09/10/2021 18:02:56 UTC	In-game item bought		LPSKU_BUNDLE.GENERAL1.MEDIUM.	1	
09/10/2021 18:02:56 UTC	In-game item bought		Razz berry	15	
09/10/2021 18:02:56 UTC	In-game item bought		Poke balls	10	
09/10/2021 18:02:56 UTC	In-game item bought		ITEM_REMOTE_RAID_TICKET	1	
09/21/2021 14:13:28 UTC	Pokecoin spent for in-game item		POKECOIN		0
09/21/2021 14:13:28 UTC	In-game item bought		Poke balls	2	
09/21/2021 14:13:28 UTC	In-game item bought		Great balls	2	
09/21/2021 14:13:28 UTC	In-game item bought		LPSKU_BUNDLE.GENERAL1.FREE.	1	
09/21/2021 14:13:32 UTC	Pokecoin spent for in-game item		POKECOIN		-1
09/21/2021 14:13:32 UTC	In-game item bought		LPSKU_BUNDLE.GENERAL1.MEDIUM.	1	
09/21/2021 14:13:32 UTC	In-game item bought		Poke balls	20	
09/21/2021 14:13:32 UTC	In-game item bought		ITEM_REMOTE_RAID_TICKET	1	
09/21/2021 14:13:32 UTC	In-game item bought		Nanab berry	15	
09/24/2021 19:02:20 UTC	Pokecoin spent for in-game item		POKECOIN		0
09/24/2021 19:02:20 UTC	In-game item bought		Poke balls	3	
09/24/2021 19:02:20 UTC	In-game item bought		LPSKU_BUNDLE.GENERAL1.FREE.	1	
09/24/2021 19:02:20 UTC	In-game item bought		Potion	1	
09/24/2021 19:02:33 UTC	Pokecoin spent for in-game item		POKECOIN		-150
09/24/2021 19:02:33 UTC	In-game item bought		AVATAR_F_PANTS_GENDERLESSSKIRT	1	
09/24/2021 19:02:33 UTC	In-game item bought		AVATAR_M_PANTS_GENDERLESSSKIRT	1	
09/25/2021 18:19:00 UTC	Pokecoin spent for in-game item		POKECOIN		0
09/25/2021 18:19:00 UTC	In-game item bought		Poke balls	2	
09/25/2021 18:19:00 UTC	In-game item bought		Great balls	2	
09/25/2021 18:19:00 UTC	In-game item bought		LPSKU_BUNDLE.GENERAL1.FREE.	1	
02/27/2022 07:14:58 UTC	Pokecoin spent for in-game item		POKECOIN		0
02/27/2022 07:14:58 UTC	In-game item bought		Poke balls	1	
02/27/2022 07:14:58 UTC	In-game item bought		Great balls	2	
02/27/2022 07:14:58 UTC	In-game item bought		LPSKU_BUNDLE.GENERAL1.FREE.	1	
02/27/2022 07:14:58 UTC	In-game item bought		Potion	1	
02/27/2022 19:01:37 UTC	Pokecoin spent for in-game item		POKECOIN		0
02/27/2022 19:01:37 UTC	In-game item bought		Razz berry	1	
02/27/2022 19:01:37 UTC	In-game item bought		Poke balls	2	
02/27/2022 19:01:37 UTC	In-game item bought		LPSKU_BUNDLE.GENERAL1.FREE.	1	
02/27/2022 19:01:37 UTC	In-game item bought		Potion	1	
02/28/2022 07:32:06 UTC	Pokecoin spent for in-game item		POKECOIN		0
02/28/2022 07:32:06 UTC	In-game item bought		Poke balls	2	
02/28/2022 07:32:06 UTC	In-game item bought		Great balls	1	
02/28/2022 07:32:06 UTC	In-game item bought		LPSKU_BUNDLE.GENERAL1.FREE.	1	
02/28/2022 07:32:06 UTC	In-game item bought		Potion	1	
02/28/2022 15:31:26 UTC	Pokecoin spent for in-game item		POKECOIN		-200
02/28/2022 15:31:26 UTC	In-game item bought		Bag upgrade	1	
03/01/2022 14:04:29 UTC	Pokecoin spent for in-game item		POKECOIN		0
03/01/2022 14:04:29 UTC	In-game item bought		Razz berry	1	
03/01/2022 14:04:29 UTC	In-game item bought		Poke balls	1	
03/01/2022 14:04:29 UTC	In-game item bought		LPSKU_BUNDLE.GENERAL1.FREE.	1	
03/01/2022 14:04:29 UTC	In-game item bought		Potion	2	
03/02/2022 02:44:22 UTC	Pokecoin spent for in-game item		POKECOIN		0
03/02/2022 02:44:22 UTC	In-game item bought		ITEM_EVENT_TICKET_GRAY	1	
03/02/2022 13:24:04 UTC	Pokecoin spent for in-game item		POKECOIN		0
03/02/2022 13:24:04 UTC	In-game item bought		Poke balls	3	
03/02/2022 13:24:04 UTC	In-game item bought		LPSKU_BUNDLE.GENERAL1.FREE.	1	
03/02/2022 13:24:04 UTC	In-game item bought		Potion	1	
03/02/2022 15:53:52 UTC	Pokecoin spent for in-game item		POKECOIN		-1
03/02/2022 15:53:52 UTC	In-game item bought		Ultra balls	10	
03/02/2022 15:53:52 UTC	In-game item bought		LPSKU_BUNDLE.GENERAL5.SMALL.	1	
03/02/2022 15:53:52 UTC	In-game item bought		Razz berry	10	
03/02/2022 15:53:52 UTC	In-game item bought		ITEM_REMOTE_RAID_TICKET	1	
03/03/2022 13:18:06 UTC	Pokecoin spent for in-game item		POKECOIN		0
03/03/2022 13:18:06 UTC	In-game item bought		Poke balls	1	
03/03/2022 13:18:06 UTC	In-game item bought		Great balls	1	
03/03/2022 13:18:06 UTC	In-game item bought		LPSKU_BUNDLE.GENERAL1.FREE.	1	
03/03/2022 13:18:06 UTC	In-game item bought		Potion	2	
03/04/2022 13:12:07 UTC	Pokecoin spent for in-game item		POKECOIN		0
03/04/2022 13:12:07 UTC	In-game item bought		Poke balls	3	
03/04/2022 13:12:07 UTC	In-game item bought		LPSKU_BUNDLE.GENERAL1.FREE.	1	
03/04/2022 13:12:07 UTC	In-game item bought		Potion	1	
03/04/2022 18:22:42 UTC	Pokecoin spent for in-game item		POKECOIN		-200
03/04/2022 18:22:42 UTC	In-game item bought		Bag upgrade	1	
03/05/2022 03:29:10 UTC	Pokecoin spent for in-game item		POKECOIN		0
03/05/2022 03:29:10 UTC	In-game item bought		Great balls	4	
03/05/2022 03:29:10 UTC	In-game item bought		LPSKU_BUNDLE.GENERAL1.FREE.	1	
03/06/2022 01:31:31 UTC	Pokecoin spent for in-game item		POKECOIN		0
03/06/2022 01:31:31 UTC	In-game item bought		Poke balls	2	
03/06/2022 01:31:31 UTC	In-game item bought		Great balls	1	
03/06/2022 01:31:31 UTC	In-game item bought		LPSKU_BUNDLE.GENERAL1.FREE.	1	
03/06/2022 01:31:31 UTC	In-game item bought		Potion	1	
03/07/2022 17:54:39 UTC	Pokecoin spent for in-game item		POKECOIN		0
03/07/2022 17:54:39 UTC	In-game item bought		Poke balls	3	
03/07/2022 17:54:39 UTC	In-game item bought		LPSKU_BUNDLE.GENERAL1.FREE.	1	
03/07/2022 17:54:39 UTC	In-game item bought		Potion	1	
03/08/2022 02:40:16 UTC	Pokecoin spent for in-game item		POKECOIN		-1
03/08/2022 02:40:16 UTC	In-game item bought		LPSKU_BUNDLE.GENERAL1.MEDIUM.	1	
03/08/2022 02:40:16 UTC	In-game item bought		Poke balls	15	
03/08/2022 02:40:16 UTC	In-game item bought		Pinap berry	5	
03/08/2022 02:40:16 UTC	In-game item bought		ITEM_REMOTE_RAID_TICKET	1	
03/08/2022 13:34:50 UTC	Pokecoin spent for in-game item		POKECOIN		0
03/08/2022 13:34:50 UTC	In-game item bought		Poke balls	4	
03/08/2022 13:34:50 UTC	In-game item bought		LPSKU_BUNDLE.GENERAL1.FREE.	1	
03/09/2022 16:44:06 UTC	Pokecoin spent for in-game item		POKECOIN		0
03/09/2022 16:44:06 UTC	In-game item bought		Poke balls	2	
03/09/2022 16:44:06 UTC	In-game item bought		LPSKU_BUNDLE.GENERAL1.FREE.	1	
03/09/2022 16:44:06 UTC	In-game item bought		Potion	1	
03/09/2022 16:44:06 UTC	In-game item bought		Revive	1	
03/09/2022 16:44:29 UTC	Pokecoin spent for in-game item		POKECOIN		-200
03/09/2022 16:44:29 UTC	In-game item bought		Bag upgrade	1	
03/10/2022 08:14:41 UTC	Pokecoin spent for in-game item		POKECOIN		0
03/10/2022 08:14:41 UTC	In-game item bought		Poke balls	3	
03/10/2022 08:14:41 UTC	In-game item bought		LPSKU_BUNDLE.GENERAL1.FREE.	1	
03/10/2022 08:14:41 UTC	In-game item bought		Potion	1	
03/12/2022 01:43:24 UTC	Pokecoin spent for in-game item		POKECOIN		0
03/12/2022 01:43:24 UTC	In-game item bought		Poke balls	2	
03/12/2022 01:43:24 UTC	In-game item bought		Great balls	2	
03/12/2022 01:43:24 UTC	In-game item bought		LPSKU_BUNDLE.GENERAL1.FREE.	1	
03/12/2022 05:00:04 UTC	Pokecoin spent for in-game item		POKECOIN		0
03/12/2022 05:00:04 UTC	In-game item bought		Ultra balls	30	
03/12/2022 05:00:04 UTC	In-game item bought		LPSKU_BUNDLE.GENERAL2.MEDIUM.	1	
03/13/2022 05:58:12 UTC	Pokecoin spent for in-game item		POKECOIN		0
03/13/2022 05:58:12 UTC	In-game item bought		Poke balls	2	
03/13/2022 05:58:12 UTC	In-game item bought		LPSKU_BUNDLE.GENERAL1.FREE.	1	
03/13/2022 05:58:12 UTC	In-game item bought		Potion	2	
03/13/2022 21:19:05 UTC	Pokecoin spent for in-game item		POKECOIN		0
03/13/2022 21:19:05 UTC	In-game item bought		Poke balls	1	
03/13/2022 21:19:05 UTC	In-game item bought		Great balls	1	
03/13/2022 21:19:05 UTC	In-game item bought		LPSKU_BUNDLE.GENERAL1.FREE.	1	
03/13/2022 21:19:05 UTC	In-game item bought		Potion	2	
03/13/2022 21:19:29 UTC	Pokecoin spent for in-game item		POKECOIN		-200
03/13/2022 21:19:29 UTC	In-game item bought		Bag upgrade	1	
03/14/2022 12:56:35 UTC	Pokecoin spent for in-game item		POKECOIN		0
03/14/2022 12:56:35 UTC	In-game item bought		Poke balls	2	
03/14/2022 12:56:35 UTC	In-game item bought		Great balls	1	
03/14/2022 12:56:35 UTC	In-game item bought		LPSKU_BUNDLE.GENERAL1.FREE.	1	
03/14/2022 12:56:35 UTC	In-game item bought		Potion	1	
03/15/2022 14:22:48 UTC	Pokecoin spent for in-game item		POKECOIN		0
03/15/2022 14:22:48 UTC	In-game item bought		Poke balls	1	
03/15/2022 14:22:48 UTC	In-game item bought		Great balls	2	
03/15/2022 14:22:48 UTC	In-game item bought		LPSKU_BUNDLE.GENERAL1.FREE.	1	
03/15/2022 14:22:48 UTC	In-game item bought		Potion	1	
03/15/2022 14:22:51 UTC	Pokecoin spent for in-game item		POKECOIN		-1
03/15/2022 14:22:51 UTC	In-game item bought		Ultra balls	5	
03/15/2022 14:22:51 UTC	In-game item bought		LPSKU_BUNDLE.GENERAL5.SMALL.	1	
03/15/2022 14:22:51 UTC	In-game item bought		Poke balls	15	
03/15/2022 14:22:51 UTC	In-game item bought		Great balls	10	
03/15/2022 14:22:51 UTC	In-game item bought		ITEM_REMOTE_RAID_TICKET	1	
03/16/2022 13:29:22 UTC	Pokecoin spent for in-game item		POKECOIN		0
03/16/2022 13:29:22 UTC	In-game item bought		Poke balls	2	
03/16/2022 13:29:22 UTC	In-game item bought		Great balls	1	
03/16/2022 13:29:22 UTC	In-game item bought		LPSKU_BUNDLE.GENERAL1.FREE.	1	
03/16/2022 13:29:22 UTC	In-game item bought		Potion	1	
03/18/2022 13:11:48 UTC	Pokecoin spent for in-game item		POKECOIN		0
03/18/2022 13:11:48 UTC	In-game item bought		Poke balls	1	
03/18/2022 13:11:48 UTC	In-game item bought		Great balls	2	
03/18/2022 13:11:48 UTC	In-game item bought		LPSKU_BUNDLE.GENERAL1.FREE.	1	
03/18/2022 13:11:48 UTC	In-game item bought		Potion	1	
03/19/2022 18:49:28 UTC	Pokecoin spent for in-game item		POKECOIN		0
03/19/2022 18:49:28 UTC	In-game item bought		Poke balls	2	
03/19/2022 18:49:28 UTC	In-game item bought		Great balls	1	
03/19/2022 18:49:28 UTC	In-game item bought		LPSKU_BUNDLE.GENERAL1.FREE.	1	
03/19/2022 18:49:28 UTC	In-game item bought		Potion	1	
03/21/2022 01:03:24 UTC	Pokecoin spent for in-game item		POKECOIN		0
03/21/2022 01:03:24 UTC	In-game item bought		Poke balls	3	
03/21/2022 01:03:24 UTC	In-game item bought		LPSKU_BUNDLE.GENERAL1.FREE.	1	
03/21/2022 01:03:24 UTC	In-game item bought		Potion	1	
03/21/2022 03:59:46 UTC	Pokecoin spent for in-game item		POKECOIN		-200
03/21/2022 03:59:46 UTC	In-game item bought		Pokemon storage upgrade	1	
03/21/2022 07:12:07 UTC	Pokecoin spent for in-game item		POKECOIN		0
03/21/2022 07:12:07 UTC	In-game item bought		Poke balls	3	
03/21/2022 07:12:07 UTC	In-game item bought		LPSKU_BUNDLE.GENERAL1.FREE.	1	
03/21/2022 07:12:07 UTC	In-game item bought		Potion	1	
03/21/2022 18:50:54 UTC	Pokecoin spent for in-game item		POKECOIN		-1
03/21/2022 18:50:54 UTC	In-game item bought		Max potion	10	
03/21/2022 18:50:54 UTC	In-game item bought		LPSKU_BUNDLE.GENERAL1.MEDIUM.	1	
03/21/2022 18:50:54 UTC	In-game item bought		Max revive	10	
03/21/2022 18:50:54 UTC	In-game item bought		ITEM_REMOTE_RAID_TICKET	1	
03/22/2022 13:37:31 UTC	Pokecoin spent for in-game item		POKECOIN		-200
03/22/2022 13:37:31 UTC	In-game item bought		Bag upgrade	1	
03/24/2022 02:21:43 UTC	Pokecoin spent for in-game item		POKECOIN		0
03/24/2022 02:21:43 UTC	In-game item bought		Poke balls	4	
03/24/2022 02:21:43 UTC	In-game item bought		LPSKU_BUNDLE.GENERAL1.FREE.	1	
03/24/2022 12:18:02 UTC	Pokecoin spent for in-game item		POKECOIN		0
03/24/2022 12:18:02 UTC	In-game item bought		Poke balls	1	
03/24/2022 12:18:02 UTC	In-game item bought		Great balls	2	
03/24/2022 12:18:02 UTC	In-game item bought		LPSKU_BUNDLE.GENERAL1.FREE.	1	
03/24/2022 12:18:02 UTC	In-game item bought		Potion	1	
03/25/2022 06:58:36 UTC	Pokecoin bought	GOOGLE	POKECOIN		5200	39.99	USD
03/25/2022 06:58:53 UTC	Pokecoin spent for in-game item		POKECOIN		-200
03/25/2022 06:58:53 UTC	In-game item bought		Bag upgrade	1	
03/25/2022 06:58:57 UTC	Pokecoin spent for in-game item		POKECOIN		-200
03/25/2022 06:58:57 UTC	In-game item bought		Pokemon storage upgrade	1	
03/25/2022 06:59:00 UTC	Pokecoin spent for in-game item		POKECOIN		-200
03/25/2022 06:59:00 UTC	In-game item bought		Bag upgrade	1	
03/25/2022 06:59:03 UTC	Pokecoin spent for in-game item		POKECOIN		-200
03/25/2022 06:59:03 UTC	In-game item bought		Pokemon storage upgrade	1	
03/25/2022 06:59:06 UTC	Pokecoin spent for in-game item		POKECOIN		-200
03/25/2022 06:59:07 UTC	In-game item bought		Bag upgrade	1	
03/25/2022 06:59:10 UTC	Pokecoin spent for in-game item		POKECOIN		-200
03/25/2022 06:59:10 UTC	In-game item bought		Bag upgrade	1	
03/25/2022 06:59:14 UTC	Pokecoin spent for in-game item		POKECOIN		-200
03/25/2022 06:59:14 UTC	In-game item bought		Bag upgrade	1	
03/25/2022 06:59:34 UTC	Pokecoin spent for in-game item		POKECOIN		-200
03/25/2022 06:59:34 UTC	In-game item bought		Bag upgrade	1	
03/25/2022 06:59:37 UTC	Pokecoin spent for in-game item		POKECOIN		-200
03/25/2022 06:59:37 UTC	In-game item bought		Bag upgrade	1	
03/25/2022 06:59:40 UTC	Pokecoin spent for in-game item		POKECOIN		-200
03/25/2022 06:59:40 UTC	In-game item bought		Bag upgrade	1	
03/25/2022 06:59:44 UTC	Pokecoin spent for in-game item		POKECOIN		-200
03/25/2022 06:59:44 UTC	In-game item bought		Bag upgrade	1	
03/25/2022 06:59:47 UTC	Pokecoin spent for in-game item		POKECOIN		-200
03/25/2022 06:59:47 UTC	In-game item bought		Bag upgrade	1	
03/25/2022 06:59:51 UTC	Pokecoin spent for in-game item		POKECOIN		-200
03/25/2022 06:59:51 UTC	In-game item bought		Bag upgrade	1	
03/25/2022 07:24:09 UTC	Pokecoin spent for in-game item		POKECOIN		0
03/25/2022 07:24:09 UTC	In-game item bought		Poke balls	2	
03/25/2022 07:24:09 UTC	In-game item bought		Great balls	1	
03/25/2022 07:24:09 UTC	In-game item bought		LPSKU_BUNDLE.GENERAL1.FREE.	1	
03/25/2022 07:24:09 UTC	In-game item bought		Potion	1	
03/25/2022 07:24:19 UTC	Pokecoin spent for in-game item		POKECOIN		-200
03/25/2022 07:24:19 UTC	In-game item bought		Pokemon storage upgrade	1	
03/25/2022 07:24:22 UTC	Pokecoin spent for in-game item		POKECOIN		-200
03/25/2022 07:24:22 UTC	In-game item bought		Pokemon storage upgrade	1	
03/25/2022 07:24:26 UTC	Pokecoin spent for in-game item		POKECOIN		-200
03/25/2022 07:24:26 UTC	In-game item bought		Pokemon storage upgrade	1	
03/26/2022 03:20:13 UTC	Pokecoin spent for in-game item		POKECOIN		-200
03/26/2022 03:20:13 UTC	In-game item bought		Bag upgrade	1	
03/26/2022 03:20:16 UTC	Pokecoin spent for in-game item		POKECOIN		-200
03/26/2022 03:20:16 UTC	In-game item bought		Bag upgrade	1	
03/26/2022 03:20:19 UTC	Pokecoin spent for in-game item		POKECOIN		-200
03/26/2022 03:20:19 UTC	In-game item bought		Bag upgrade	1	
03/26/2022 03:20:22 UTC	Pokecoin spent for in-game item		POKECOIN		-200
03/26/2022 03:20:22 UTC	In-game item bought		Bag upgrade	1	
03/26/2022 03:20:25 UTC	Pokecoin spent for in-game item		POKECOIN		-200
03/26/2022 03:20:25 UTC	In-game item bought		Pokemon storage upgrade	1	
03/26/2022 20:27:26 UTC	Pokecoin spent for in-game item		POKECOIN		0
03/26/2022 20:27:26 UTC	In-game item bought		Razz berry	1	
03/26/2022 20:27:26 UTC	In-game item bought		Poke balls	2	
03/26/2022 20:27:26 UTC	In-game item bought		LPSKU_BUNDLE.GENERAL1.FREE.	1	
03/26/2022 20:27:26 UTC	In-game item bought		Potion	1	
03/26/2022 21:08:19 UTC	Pokecoin spent for in-game item		POKECOIN		-200
03/26/2022 21:08:19 UTC	In-game item bought		Bag upgrade	1	
03/26/2022 21:08:23 UTC	Pokecoin spent for in-game item		POKECOIN		-200
03/26/2022 21:08:23 UTC	In-game item bought		Bag upgrade	1	
03/28/2022 00:37:18 UTC	Pokecoin spent for in-game item		POKECOIN		0
03/28/2022 00:37:18 UTC	In-game item bought		Poke balls	2	
03/28/2022 00:37:18 UTC	In-game item bought		Great balls	1	
03/28/2022 00:37:18 UTC	In-game item bought		LPSKU_BUNDLE.GENERAL1.FREE.	1	
03/28/2022 00:37:18 UTC	In-game item bought		Potion	1	
03/28/2022 01:38:29 UTC	Pokecoin spent for in-game item		POKECOIN		-200
03/28/2022 01:38:29 UTC	In-game item bought		Bag upgrade	1	
03/28/2022 01:38:32 UTC	Pokecoin spent for in-game item		POKECOIN		-200
03/28/2022 01:38:32 UTC	In-game item bought		Bag upgrade	1	
03/28/2022 01:38:36 UTC	Pokecoin spent for in-game item		POKECOIN		-200
03/28/2022 01:38:36 UTC	In-game item bought		Bag upgrade	1	
03/28/2022 01:38:40 UTC	Pokecoin spent for in-game item		POKECOIN		-200
03/28/2022 01:38:40 UTC	In-game item bought		Bag upgrade	1	
03/28/2022 12:21:46 UTC	Pokecoin spent for in-game item		POKECOIN		0
03/28/2022 12:21:46 UTC	In-game item bought		Poke balls	2	
03/28/2022 12:21:46 UTC	In-game item bought		Great balls	1	
03/28/2022 12:21:46 UTC	In-game item bought		LPSKU_BUNDLE.GENERAL1.FREE.	1	
03/28/2022 12:21:46 UTC	In-game item bought		Revive	1	
03/29/2022 14:46:05 UTC	Pokecoin spent for in-game item		POKECOIN		0
03/29/2022 14:46:05 UTC	In-game item bought		Poke balls	3	
03/29/2022 14:46:05 UTC	In-game item bought		Great balls	1	
03/29/2022 14:46:05 UTC	In-game item bought		LPSKU_BUNDLE.GENERAL1.FREE.	1	
03/29/2022 22:24:01 UTC	Pokecoin spent for in-game item		POKECOIN		-1
03/29/2022 22:24:01 UTC	In-game item bought		LPSKU_BUNDLE.GENERAL5.SMALL.	1	
03/29/2022 22:24:01 UTC	In-game item bought		Razz berry	10	
03/29/2022 22:24:01 UTC	In-game item bought		Pinap berry	10	
03/29/2022 22:24:01 UTC	In-game item bought		ITEM_REMOTE_RAID_TICKET	1	
03/30/2022 12:33:57 UTC	Pokecoin spent for in-game item		POKECOIN		0
03/30/2022 12:33:57 UTC	In-game item bought		Poke balls	3	
03/30/2022 12:33:57 UTC	In-game item bought		Great balls	1	
03/30/2022 12:33:57 UTC	In-game item bought		LPSKU_BUNDLE.GENERAL1.FREE.	1	
03/31/2022 13:37:28 UTC	Pokecoin spent for in-game item		POKECOIN		0
03/31/2022 13:37:28 UTC	In-game item bought		Poke balls	2	
03/31/2022 13:37:28 UTC	In-game item bought		LPSKU_BUNDLE.GENERAL1.FREE.	1	
03/31/2022 13:37:28 UTC	In-game item bought		Potion	2	
04/01/2022 05:22:13 UTC	Pokecoin spent for in-game item		POKECOIN		-100
04/01/2022 05:22:13 UTC	In-game item bought		AVATAR_F_GLASSES_ROUNDSUNGLASSES	1	
04/01/2022 05:22:13 UTC	In-game item bought		AVATAR_M_GLASSES_ROUNDSUNGLASSES	1	
04/01/2022 17:43:27 UTC	Pokecoin spent for in-game item		POKECOIN		0
04/01/2022 17:43:27 UTC	In-game item bought		Razz berry	1	
04/01/2022 17:43:27 UTC	In-game item bought		Poke balls	2	
04/01/2022 17:43:27 UTC	In-game item bought		LPSKU_BUNDLE.GENERAL1.FREE.	1	
04/01/2022 17:43:27 UTC	In-game item bought		Potion	1	
04/02/2022 07:52:02 UTC	Pokecoin spent for in-game item		POKECOIN		0
04/02/2022 07:52:02 UTC	In-game item bought		Poke balls	3	
04/02/2022 07:52:02 UTC	In-game item bought		LPSKU_BUNDLE.GENERAL1.FREE.	1	
04/02/2022 07:52:02 UTC	In-game item bought		Potion	1	
04/03/2022 07:40:06 UTC	Pokecoin spent for in-game item		POKECOIN		-200
04/03/2022 07:40:06 UTC	In-game item bought		Bag upgrade	1	
04/03/2022 18:17:42 UTC	Pokecoin spent for in-game item		POKECOIN		0
04/03/2022 18:17:42 UTC	In-game item bought		Poke balls	2	
04/03/2022 18:17:42 UTC	In-game item bought		Great balls	2	
04/03/2022 18:17:42 UTC	In-game item bought		LPSKU_BUNDLE.GENERAL1.FREE.	1	
04/04/2022 04:58:40 UTC	Pokecoin bought	GOOGLE	POKECOIN		5200	39.99	USD
04/04/2022 06:01:03 UTC	Pokecoin spent for in-game item		POKECOIN		-300
04/04/2022 06:01:03 UTC	In-game item bought		AVATAR_M_SHIRT_GENDERLESSSKIRT	1	
04/04/2022 06:01:03 UTC	In-game item bought		AVATAR_F_SHIRT_GENDERLESSSKIRT	1	
04/04/2022 06:03:48 UTC	Pokecoin spent for in-game item		POKECOIN		-50
04/04/2022 06:03:48 UTC	In-game item bought		AVATAR_M_SHOES_TEAMSPARK	1	
04/04/2022 06:03:48 UTC	In-game item bought		AVATAR_F_SHOES_TEAMSPARK	1	
04/04/2022 06:07:18 UTC	Pokecoin spent for in-game item		POKECOIN		-250
04/04/2022 06:07:18 UTC	In-game item bought		AVATAR_M_PANTS_BROCK	1	
04/04/2022 06:09:34 UTC	Pokecoin spent for in-game item		POKECOIN		-200
04/04/2022 06:09:34 UTC	In-game item bought		Bag upgrade	1	
04/04/2022 06:09:38 UTC	Pokecoin spent for in-game item		POKECOIN		-200
04/04/2022 06:09:38 UTC	In-game item bought		Bag upgrade	1	
04/04/2022 06:09:55 UTC	Pokecoin spent for in-game item		POKECOIN		-200
04/04/2022 06:09:55 UTC	In-game item bought		Bag upgrade	1	
04/04/2022 06:10:13 UTC	Pokecoin spent for in-game item		POKECOIN		-200
04/04/2022 06:10:13 UTC	In-game item bought		Pokemon storage upgrade	1	
04/04/2022 06:10:16 UTC	Pokecoin spent for in-game item		POKECOIN		-200
04/04/2022 06:10:16 UTC	In-game item bought		Pokemon storage upgrade	1	
04/04/2022 06:10:18 UTC	Pokecoin spent for in-game item		POKECOIN		-200
04/04/2022 06:10:18 UTC	In-game item bought		Pokemon storage upgrade	1	
04/04/2022 06:10:21 UTC	Pokecoin spent for in-game item		POKECOIN		-200
04/04/2022 06:10:21 UTC	In-game item bought		Pokemon storage upgrade	1	
04/04/2022 06:10:24 UTC	Pokecoin spent for in-game item		POKECOIN		-200
04/04/2022 06:10:24 UTC	In-game item bought		Bag upgrade	1	
04/04/2022 06:10:27 UTC	Pokecoin spent for in-game item		POKECOIN		-200
04/04/2022 06:10:27 UTC	In-game item bought		Bag upgrade	1	
04/04/2022 06:10:44 UTC	Pokecoin spent for in-game item		POKECOIN		-200
04/04/2022 06:10:44 UTC	In-game item bought		Bag upgrade	1	
04/04/2022 06:10:47 UTC	Pokecoin spent for in-game item		POKECOIN		-200
04/04/2022 06:10:47 UTC	In-game item bought		Bag upgrade	1	
04/04/2022 06:10:51 UTC	Pokecoin spent for in-game item		POKECOIN		-200
04/04/2022 06:10:51 UTC	In-game item bought		Bag upgrade	1	
04/04/2022 06:10:54 UTC	Pokecoin spent for in-game item		POKECOIN		-200
04/04/2022 06:10:54 UTC	In-game item bought		Bag upgrade	1	
04/04/2022 06:11:19 UTC	Pokecoin spent for in-game item		POKECOIN		-200
04/04/2022 06:11:19 UTC	In-game item bought		Bag upgrade	1	
04/04/2022 06:11:22 UTC	Pokecoin spent for in-game item		POKECOIN		-200
04/04/2022 06:11:22 UTC	In-game item bought		Bag upgrade	1	
04/04/2022 06:11:25 UTC	Pokecoin spent for in-game item		POKECOIN		-200
04/04/2022 06:11:25 UTC	In-game item bought		Bag upgrade	1	
04/04/2022 06:11:28 UTC	Pokecoin spent for in-game item		POKECOIN		-200
04/04/2022 06:11:28 UTC	In-game item bought		Bag upgrade	1	
04/04/2022 06:11:31 UTC	Pokecoin spent for in-game item		POKECOIN		-200
04/04/2022 06:11:31 UTC	In-game item bought		Bag upgrade	1	
04/04/2022 06:11:34 UTC	Pokecoin spent for in-game item		POKECOIN		-200
04/04/2022 06:11:34 UTC	In-game item bought		Bag upgrade	1	
04/04/2022 06:11:51 UTC	Pokecoin spent for in-game item		POKECOIN		-200
04/04/2022 06:11:51 UTC	In-game item bought		Pokemon storage upgrade	1	
04/04/2022 06:11:55 UTC	Pokecoin spent for in-game item		POKECOIN		-200
04/04/2022 06:11:55 UTC	In-game item bought		Pokemon storage upgrade	1	
04/04/2022 06:12:19 UTC	Pokecoin spent for in-game item		POKECOIN		-200
04/04/2022 06:12:19 UTC	In-game item bought		Bag upgrade	1	
04/04/2022 06:12:22 UTC	Pokecoin spent for in-game item		POKECOIN		-200
04/04/2022 06:12:22 UTC	In-game item bought		Bag upgrade	1	
04/04/2022 13:13:30 UTC	Pokecoin spent for in-game item		POKECOIN		0
04/04/2022 13:13:30 UTC	In-game item bought		Poke balls	2	
04/04/2022 13:13:30 UTC	In-game item bought		Great balls	1	
04/04/2022 13:13:30 UTC	In-game item bought		LPSKU_BUNDLE.GENERAL1.FREE.	1	
04/04/2022 13:13:30 UTC	In-game item bought		Potion	1	
04/04/2022 13:14:47 UTC	Pokecoin spent for in-game item		POKECOIN		-1
04/04/2022 13:14:47 UTC	In-game item bought		LPSKU_BUNDLE.GENERAL1.MEDIUM.	1	
04/04/2022 13:14:47 UTC	In-game item bought		Max revive	5	
04/04/2022 13:14:47 UTC	In-game item bought		Poke balls	10	
04/04/2022 13:14:47 UTC	In-game item bought		ITEM_REMOTE_RAID_TICKET	1	
04/05/2022 06:44:25 UTC	Pokecoin spent for in-game item		POKECOIN		0
04/05/2022 06:44:25 UTC	In-game item bought		Poke balls	3	
04/05/2022 06:44:25 UTC	In-game item bought		LPSKU_BUNDLE.GENERAL1.FREE.	1	
04/05/2022 06:44:25 UTC	In-game item bought		Potion	1	
04/06/2022 07:43:39 UTC	Pokecoin spent for in-game item		POKECOIN		0
04/06/2022 07:43:39 UTC	In-game item bought		Poke balls	3	
04/06/2022 07:43:39 UTC	In-game item bought		LPSKU_BUNDLE.GENERAL1.FREE.	1	
04/06/2022 07:43:39 UTC	In-game item bought		Potion	1	
04/07/2022 14:46:11 UTC	Pokecoin spent for in-game item		POKECOIN		0
04/07/2022 14:46:11 UTC	In-game item bought		Razz berry	1	
04/07/2022 14:46:11 UTC	In-game item bought		Poke balls	1	
04/07/2022 14:46:11 UTC	In-game item bought		Great balls	2	
04/07/2022 14:46:11 UTC	In-game item bought		LPSKU_BUNDLE.GENERAL1.FREE.	1	
04/08/2022 14:30:44 UTC	Pokecoin spent for in-game item		POKECOIN		0
04/08/2022 14:30:44 UTC	In-game item bought		Poke balls	2	
04/08/2022 14:30:44 UTC	In-game item bought		Great balls	1	
04/08/2022 14:30:44 UTC	In-game item bought		LPSKU_BUNDLE.GENERAL1.FREE.	1	
04/08/2022 14:30:44 UTC	In-game item bought		Potion	1	
04/09/2022 07:23:21 UTC	Pokecoin spent for in-game item		POKECOIN		0
04/09/2022 07:23:21 UTC	In-game item bought		Poke balls	2	
04/09/2022 07:23:21 UTC	In-game item bought		Great balls	1	
04/09/2022 07:23:21 UTC	In-game item bought		LPSKU_BUNDLE.GENERAL1.FREE.	1	
04/09/2022 07:23:21 UTC	In-game item bought		Potion	1	
04/09/2022 07:23:33 UTC	Pokecoin spent for in-game item		POKECOIN		-200
04/09/2022 07:23:33 UTC	In-game item bought		Bag upgrade	1	
04/10/2022 19:30:43 UTC	Pokecoin spent for in-game item		POKECOIN		0
04/10/2022 19:30:43 UTC	In-game item bought		Razz berry	1	
04/10/2022 19:30:43 UTC	In-game item bought		Poke balls	3	
04/10/2022 19:30:43 UTC	In-game item bought		LPSKU_BUNDLE.GENERAL1.FREE.	1	
04/10/2022 19:31:02 UTC	Pokecoin spent for in-game item		POKECOIN		-200
04/10/2022 19:31:02 UTC	In-game item bought		Bag upgrade	1	
04/10/2022 21:55:18 UTC	Pokecoin spent for in-game item		POKECOIN		0
04/10/2022 21:55:18 UTC	In-game item bought		Ultra balls	30	
04/10/2022 21:55:18 UTC	In-game item bought		LPSKU_BUNDLE.GENERAL2.MEDIUM.	1	
04/12/2022 22:14:22 UTC	Pokecoin spent for in-game item		POKECOIN		0
04/12/2022 22:14:22 UTC	In-game item bought		Incense	2	
04/12/2022 22:14:22 UTC	In-game item bought		Charged TM	1	
04/12/2022 22:14:22 UTC	In-game item bought		Egg incubator	1	
04/12/2022 22:14:22 UTC	In-game item bought		Dragon scale	3	
04/12/2022 22:14:22 UTC	In-game item bought		LPSKU_BUNDLE.GENERAL1.FREE.	1	
04/12/2022 22:14:28 UTC	Pokecoin spent for in-game item		POKECOIN		-1
04/12/2022 22:14:28 UTC	In-game item bought		LPSKU_BUNDLE.GENERAL5.SMALL.	1	
04/12/2022 22:14:28 UTC	In-game item bought		Poke balls	30	
04/12/2022 22:14:28 UTC	In-game item bought		ITEM_REMOTE_RAID_TICKET	1	
04/15/2022 04:17:42 UTC	Pokecoin spent for in-game item		POKECOIN		0
04/15/2022 04:17:42 UTC	In-game item bought		King's rock	2	
04/15/2022 04:17:42 UTC	In-game item bought		Incense	3	
04/15/2022 04:17:42 UTC	In-game item bought		LPSKU_BUNDLE.GENERAL1.FREE.	1	
04/15/2022 04:17:42 UTC	In-game item bought		Lucky egg	2	
04/16/2022 06:14:03 UTC	Pokecoin spent for in-game item		POKECOIN		0
04/16/2022 06:14:03 UTC	In-game item bought		Razz berry	1	
04/16/2022 06:14:03 UTC	In-game item bought		Poke balls	2	
04/16/2022 06:14:03 UTC	In-game item bought		LPSKU_BUNDLE.GENERAL1.FREE.	1	
04/16/2022 06:14:03 UTC	In-game item bought		Potion	1	
04/17/2022 01:00:57 UTC	Pokecoin spent for in-game item		POKECOIN		-200
04/17/2022 01:00:57 UTC	In-game item bought		Bag upgrade	1	
04/18/2022 05:43:26 UTC	Pokecoin spent for in-game item		POKECOIN		0
04/18/2022 05:43:26 UTC	In-game item bought		Poke balls	3	
04/18/2022 05:43:26 UTC	In-game item bought		Great balls	1	
04/18/2022 05:43:26 UTC	In-game item bought		LPSKU_BUNDLE.GENERAL1.FREE.	1	
04/19/2022 05:04:02 UTC	Pokecoin spent for in-game item		POKECOIN		0
04/19/2022 05:04:02 UTC	In-game item bought		Poke balls	3	
04/19/2022 05:04:02 UTC	In-game item bought		Great balls	1	
04/19/2022 05:04:02 UTC	In-game item bought		LPSKU_BUNDLE.GENERAL1.FREE.	1	
04/19/2022 05:04:13 UTC	Pokecoin spent for in-game item		POKECOIN		-1
04/19/2022 05:04:13 UTC	In-game item bought		LPSKU_BUNDLE.GENERAL1.MEDIUM.	1	
04/19/2022 05:04:13 UTC	In-game item bought		Pinap berry	10	
04/19/2022 05:04:13 UTC	In-game item bought		Great balls	10	
04/19/2022 05:04:13 UTC	In-game item bought		ITEM_REMOTE_RAID_TICKET	1	
04/19/2022 05:04:23 UTC	Pokecoin spent for in-game item		POKECOIN		-200
04/19/2022 05:04:23 UTC	In-game item bought		Bag upgrade	1	
04/20/2022 06:55:24 UTC	Pokecoin spent for in-game item		POKECOIN		0
04/20/2022 06:55:24 UTC	In-game item bought		Poke balls	1	
04/20/2022 06:55:24 UTC	In-game item bought		Great balls	3	
04/20/2022 06:55:24 UTC	In-game item bought		LPSKU_BUNDLE.GENERAL1.FREE.	1	
04/20/2022 17:30:40 UTC	Pokecoin spent for in-game item		POKECOIN		0
04/20/2022 17:30:40 UTC	In-game item bought		LPSKU_BUNDLE.GENERAL5.SMALL.	1	
04/20/2022 17:30:40 UTC	In-game item bought		ITEM_TROY_DISK_MOSSY	1	
04/20/2022 17:30:46 UTC	Pokecoin spent for in-game item		POKECOIN		0
04/20/2022 17:30:46 UTC	In-game item bought		Poke balls	2	
04/20/2022 17:30:46 UTC	In-game item bought		Great balls	2	
04/20/2022 17:30:46 UTC	In-game item bought		LPSKU_BUNDLE.GENERAL1.FREE.	1	
04/21/2022 17:53:36 UTC	Pokecoin bought	GOOGLE	POKECOIN		5200	39.99	USD
04/21/2022 17:53:57 UTC	Pokecoin spent for in-game item		POKECOIN		-200
04/21/2022 17:53:57 UTC	In-game item bought		Bag upgrade	1	
04/21/2022 17:54:00 UTC	Pokecoin spent for in-game item		POKECOIN		-200
04/21/2022 17:54:00 UTC	In-game item bought		Bag upgrade	1	
04/21/2022 17:54:03 UTC	Pokecoin spent for in-game item		POKECOIN		-200
04/21/2022 17:54:03 UTC	In-game item bought		Bag upgrade	1	
04/21/2022 17:54:07 UTC	Pokecoin spent for in-game item		POKECOIN		-200
04/21/2022 17:54:07 UTC	In-game item bought		Bag upgrade	1	
04/21/2022 17:54:11 UTC	Pokecoin spent for in-game item		POKECOIN		-200
04/21/2022 17:54:11 UTC	In-game item bought		Bag upgrade	1	
04/21/2022 17:54:14 UTC	Pokecoin spent for in-game item		POKECOIN		-200
04/21/2022 17:54:14 UTC	In-game item bought		Bag upgrade	1	
04/21/2022 17:54:17 UTC	Pokecoin spent for in-game item		POKECOIN		-200
04/21/2022 17:54:17 UTC	In-game item bought		Bag upgrade	1	
04/21/2022 17:54:20 UTC	Pokecoin spent for in-game item		POKECOIN		-200
04/21/2022 17:54:20 UTC	In-game item bought		Bag upgrade	1	
04/21/2022 17:55:18 UTC	Pokecoin spent for in-game item		POKECOIN		-1480
04/21/2022 17:55:18 UTC	In-game item bought		Ultra balls	25	
04/21/2022 17:55:18 UTC	In-game item bought		Raid pass (paid)	18	
04/21/2022 17:55:18 UTC	In-game item bought		Incense	5	
04/21/2022 17:55:18 UTC	In-game item bought		Egg incubator	5	
04/21/2022 17:59:23 UTC	Pokecoin spent for in-game item		POKECOIN		-200
04/21/2022 17:59:23 UTC	In-game item bought		Bag upgrade	1	
04/21/2022 17:59:27 UTC	Pokecoin spent for in-game item		POKECOIN		-200
04/21/2022 17:59:27 UTC	In-game item bought		Bag upgrade	1	
04/21/2022 17:59:31 UTC	Pokecoin spent for in-game item		POKECOIN		-200
04/21/2022 17:59:31 UTC	In-game item bought		Bag upgrade	1	
04/21/2022 18:13:42 UTC	Pokecoin spent for in-game item		POKECOIN		-1480
04/21/2022 18:13:42 UTC	In-game item bought		Star pieces	4	
04/21/2022 18:13:42 UTC	In-game item bought		Incense	2	
04/21/2022 18:13:42 UTC	In-game item bought		Egg incubator	20	
04/22/2022 14:16:37 UTC	Pokecoin spent for in-game item		POKECOIN		0
04/22/2022 14:16:37 UTC	In-game item bought		Poke balls	3	
04/22/2022 14:16:37 UTC	In-game item bought		Great balls	1	
04/22/2022 14:16:37 UTC	In-game item bought		LPSKU_BUNDLE.GENERAL1.FREE.	1	
04/22/2022 14:16:43 UTC	Pokecoin spent for in-game item		POKECOIN		-200
04/22/2022 14:16:43 UTC	In-game item bought		Bag upgrade	1	
04/23/2022 07:38:59 UTC	Pokecoin spent for in-game item		POKECOIN		0
04/23/2022 07:38:59 UTC	In-game item bought		Raid pass (paid)	1	
04/23/2022 07:38:59 UTC	In-game item bought		LPSKU_BUNDLE.HALLOWEEN.ADVENTURE.	1	
04/23/2022 07:38:59 UTC	In-game item bought		Lure	1	
04/23/2022 07:38:59 UTC	In-game item bought		Lucky egg	1	
04/23/2022 18:14:20 UTC	Pokecoin spent for in-game item		POKECOIN		0
04/23/2022 18:14:20 UTC	In-game item bought		Raid pass (paid)	2	
04/23/2022 18:14:20 UTC	In-game item bought		Metal coat	1	
04/23/2022 18:14:20 UTC	In-game item bought		LPSKU_BUNDLE.GENERAL1.FREE.	1	
04/23/2022 18:14:20 UTC	In-game item bought		ITEM_GOLDEN_PINAP_BERRY	3	
04/23/2022 18:14:20 UTC	In-game item bought		Lucky egg	1	
04/24/2022 23:59:27 UTC	Pokecoin spent for in-game item		POKECOIN		0
04/24/2022 23:59:27 UTC	In-game item bought		ITEM_LEADER_MAP	2	
04/24/2022 23:59:27 UTC	In-game item bought		Up-grade	1	
04/24/2022 23:59:27 UTC	In-game item bought		Star pieces	1	
04/24/2022 23:59:27 UTC	In-game item bought		LPSKU_BUNDLE.GENERAL1.FREE.	1	
04/24/2022 23:59:27 UTC	In-game item bought		ITEM_GOLDEN_PINAP_BERRY	3	
04/25/2022 07:16:53 UTC	Pokecoin spent for in-game item		POKECOIN		0
04/25/2022 07:16:53 UTC	In-game item bought		King's rock	1	
04/25/2022 07:16:53 UTC	In-game item bought		ITEM_LEADER_MAP	4	
04/25/2022 07:16:53 UTC	In-game item bought		Egg incubator	1	
04/25/2022 07:16:53 UTC	In-game item bought		Dragon scale	1	
04/25/2022 07:16:53 UTC	In-game item bought		LPSKU_BUNDLE.GENERAL1.FREE.	1	
04/27/2022 04:29:28 UTC	Pokecoin spent for in-game item		POKECOIN		0
04/27/2022 04:29:28 UTC	In-game item bought		Incense	2	
04/27/2022 04:29:28 UTC	In-game item bought		Star pieces	1	
04/27/2022 04:29:28 UTC	In-game item bought		Charged TM	2	
04/27/2022 04:29:28 UTC	In-game item bought		Dragon scale	1	
04/27/2022 04:29:28 UTC	In-game item bought		LPSKU_BUNDLE.GENERAL1.FREE.	1	
04/27/2022 04:29:42 UTC	Pokecoin spent for in-game item		POKECOIN		-1
04/27/2022 04:29:42 UTC	In-game item bought		Max potion	10	
04/27/2022 04:29:42 UTC	In-game item bought		LPSKU_BUNDLE.GENERAL5.SMALL.	1	
04/27/2022 04:29:42 UTC	In-game item bought		Max revive	10	
04/27/2022 04:29:42 UTC	In-game item bought		ITEM_REMOTE_RAID_TICKET	1	
04/27/2022 20:19:49 UTC	Pokecoin spent for in-game item		POKECOIN		0
04/27/2022 20:19:49 UTC	In-game item bought		King's rock	1	
04/27/2022 20:19:49 UTC	In-game item bought		Star pieces	1	
04/27/2022 20:19:49 UTC	In-game item bought		Charged TM	2	
04/27/2022 20:19:49 UTC	In-game item bought		LPSKU_BUNDLE.GENERAL1.FREE.	1	
04/27/2022 20:19:49 UTC	In-game item bought		Lucky egg	1	
04/28/2022 07:16:43 UTC	Pokecoin spent for in-game item		POKECOIN		0
04/28/2022 07:16:43 UTC	In-game item bought		Raid pass (paid)	2	
04/28/2022 07:16:43 UTC	In-game item bought		ITEM_LEADER_MAP	3	
04/28/2022 07:16:43 UTC	In-game item bought		Star pieces	1	
04/28/2022 07:16:43 UTC	In-game item bought		Dragon scale	1	
04/28/2022 07:16:43 UTC	In-game item bought		LPSKU_BUNDLE.GENERAL1.FREE.	1	
04/29/2022 13:49:24 UTC	Pokecoin spent for in-game item		POKECOIN		0
04/29/2022 13:49:24 UTC	In-game item bought		Metal coat	1	
04/29/2022 13:49:24 UTC	In-game item bought		Up-grade	1	
04/29/2022 13:49:24 UTC	In-game item bought		Star pieces	1	
04/29/2022 13:49:24 UTC	In-game item bought		Dragon scale	1	
04/29/2022 13:49:24 UTC	In-game item bought		LPSKU_BUNDLE.GENERAL1.FREE.	1	
04/30/2022 17:57:26 UTC	Pokecoin spent for in-game item		POKECOIN		0
04/30/2022 17:57:26 UTC	In-game item bought		Fast TM	2	
04/30/2022 17:57:26 UTC	In-game item bought		ITEM_LEADER_MAP	2	
04/30/2022 17:57:26 UTC	In-game item bought		Incense	2	
04/30/2022 17:57:26 UTC	In-game item bought		LPSKU_BUNDLE.GENERAL1.FREE.	1	
04/30/2022 17:57:26 UTC	In-game item bought		Lucky egg	1	
05/02/2022 04:12:32 UTC	Pokecoin spent for in-game item		POKECOIN		-500
05/02/2022 04:12:32 UTC	In-game item bought		Lucky egg	8	
05/02/2022 15:26:46 UTC	Pokecoin spent for in-game item		POKECOIN		-1
05/02/2022 15:26:46 UTC	In-game item bought		Ultra balls	5	
05/02/2022 15:26:46 UTC	In-game item bought		LPSKU_BUNDLE.GENERAL1.MEDIUM.	1	
05/02/2022 15:26:46 UTC	In-game item bought		Poke balls	15	
05/02/2022 15:26:46 UTC	In-game item bought		Great balls	10	
05/02/2022 15:26:46 UTC	In-game item bought		ITEM_REMOTE_RAID_TICKET	1	
05/04/2022 13:47:35 UTC	Pokecoin spent for in-game item		POKECOIN		0
05/04/2022 13:47:35 UTC	In-game item bought		Razz berry	1	
05/04/2022 13:47:35 UTC	In-game item bought		Poke balls	3	
05/04/2022 13:47:35 UTC	In-game item bought		LPSKU_BUNDLE.GENERAL1.FREE.	1	
05/04/2022 16:43:06 UTC	Pokecoin spent for in-game item		POKECOIN		0
05/04/2022 16:43:06 UTC	In-game item bought		Raid pass (paid)	5	
05/04/2022 16:43:06 UTC	In-game item bought		LPSKU_BUNDLE.GENERAL5.SMALL.	1	
05/04/2022 16:43:06 UTC	In-game item bought		Lucky egg	1	
05/09/2022 03:25:03 UTC	Pokecoin spent for in-game item		POKECOIN		0
05/09/2022 03:25:03 UTC	In-game item bought		Razz berry	1	
05/09/2022 03:25:03 UTC	In-game item bought		Poke balls	2	
05/09/2022 03:25:03 UTC	In-game item bought		LPSKU_BUNDLE.GENERAL1.FREE.	1	
05/09/2022 03:25:03 UTC	In-game item bought		Potion	1	
05/10/2022 01:07:35 UTC	Pokecoin spent for in-game item		POKECOIN		-1
05/10/2022 01:07:35 UTC	In-game item bought		LPSKU_BUNDLE.GENERAL5.SMALL.	1	
05/10/2022 01:07:35 UTC	In-game item bought		Pinap berry	10	
05/10/2022 01:07:35 UTC	In-game item bought		Great balls	10	
05/10/2022 01:07:35 UTC	In-game item bought		ITEM_REMOTE_RAID_TICKET	1	
05/10/2022 03:54:07 UTC	Pokecoin spent for in-game item		POKECOIN		0
05/10/2022 03:54:07 UTC	In-game item bought		Poke balls	2	
05/10/2022 03:54:07 UTC	In-game item bought		Great balls	1	
05/10/2022 03:54:07 UTC	In-game item bought		LPSKU_BUNDLE.GENERAL1.FREE.	1	
05/10/2022 03:54:07 UTC	In-game item bought		Potion	1	
05/12/2022 06:36:02 UTC	Pokecoin spent for in-game item		POKECOIN		0
05/12/2022 06:36:02 UTC	In-game item bought		Razz berry	1	
05/12/2022 06:36:02 UTC	In-game item bought		Poke balls	3	
05/12/2022 06:36:02 UTC	In-game item bought		LPSKU_BUNDLE.GENERAL1.FREE.	1	
05/16/2022 07:05:07 UTC	Pokecoin spent for in-game item		POKECOIN		0
05/16/2022 07:05:07 UTC	In-game item bought		Poke balls	3	
05/16/2022 07:05:07 UTC	In-game item bought		LPSKU_BUNDLE.GENERAL1.FREE.	1	
05/16/2022 07:05:07 UTC	In-game item bought		Potion	1	
05/16/2022 20:32:39 UTC	Pokecoin spent for in-game item		POKECOIN		-1
05/16/2022 20:32:39 UTC	In-game item bought		Max potion	10	
05/16/2022 20:32:39 UTC	In-game item bought		LPSKU_BUNDLE.GENERAL1.MEDIUM.	1	
05/16/2022 20:32:39 UTC	In-game item bought		Max revive	10	
05/16/2022 20:32:39 UTC	In-game item bought		ITEM_REMOTE_RAID_TICKET	1	
05/18/2022 18:53:18 UTC	Pokecoin spent for in-game item		POKECOIN		0
05/18/2022 18:53:18 UTC	In-game item bought		Poke balls	3	
05/18/2022 18:53:18 UTC	In-game item bought		LPSKU_BUNDLE.GENERAL1.FREE.	1	
05/18/2022 18:53:18 UTC	In-game item bought		Potion	1	
05/19/2022 20:13:35 UTC	Pokecoin spent for in-game item		POKECOIN		0
05/19/2022 20:13:35 UTC	In-game item bought		Poke balls	3	
05/19/2022 20:13:35 UTC	In-game item bought		Great balls	1	
05/19/2022 20:13:35 UTC	In-game item bought		LPSKU_BUNDLE.GENERAL1.FREE.	1	
05/20/2022 03:25:11 UTC	Pokecoin spent for in-game item		POKECOIN		-200
05/20/2022 03:25:11 UTC	In-game item bought		Bag upgrade	1	
05/20/2022 03:25:14 UTC	Pokecoin spent for in-game item		POKECOIN		-200
05/20/2022 03:25:14 UTC	In-game item bought		Bag upgrade	1	
05/20/2022 03:25:17 UTC	Pokecoin spent for in-game item		POKECOIN		-200
05/20/2022 03:25:17 UTC	In-game item bought		Bag upgrade	1	
05/20/2022 03:25:21 UTC	Pokecoin spent for in-game item		POKECOIN		-200
05/20/2022 03:25:21 UTC	In-game item bought		Bag upgrade	1	
05/20/2022 22:16:18 UTC	Pokecoin spent for in-game item		POKECOIN		0
05/20/2022 22:16:18 UTC	In-game item bought		Poke balls	3	
05/20/2022 22:16:18 UTC	In-game item bought		Great balls	1	
05/20/2022 22:16:18 UTC	In-game item bought		LPSKU_BUNDLE.GENERAL1.FREE.	1	
05/20/2022 22:16:22 UTC	Pokecoin spent for in-game item		POKECOIN		0
05/20/2022 22:16:22 UTC	In-game item bought		Ultra balls	30	
05/20/2022 22:16:22 UTC	In-game item bought		LPSKU_BUNDLE.GENERAL2.MEDIUM.	1	
05/22/2022 03:30:19 UTC	Pokecoin spent for in-game item		POKECOIN		0
05/22/2022 03:30:20 UTC	In-game item bought		Poke balls	2	
05/22/2022 03:30:20 UTC	In-game item bought		LPSKU_BUNDLE.GENERAL1.FREE.	1	
05/22/2022 03:30:20 UTC	In-game item bought		Potion	2	
05/23/2022 20:19:04 UTC	Pokecoin spent for in-game item		POKECOIN		-1
05/23/2022 20:19:04 UTC	In-game item bought		LPSKU_BUNDLE.GENERAL5.SMALL.	1	
05/23/2022 20:19:04 UTC	In-game item bought		Egg incubator	3	
05/24/2022 22:20:41 UTC	Pokecoin spent for in-game item		POKECOIN		0
05/24/2022 22:20:41 UTC	In-game item bought		ITEM_GEN5_EVOLUTION_STONE	1	
05/24/2022 22:20:41 UTC	In-game item bought		Incense	2	
05/24/2022 22:20:41 UTC	In-game item bought		Egg incubator	1	
05/24/2022 22:20:41 UTC	In-game item bought		LPSKU_BUNDLE.GENERAL1.FREE.	1	
05/24/2022 22:20:41 UTC	In-game item bought		Lucky egg	1	
05/26/2022 02:21:15 UTC	Pokecoin spent for in-game item		POKECOIN		0
05/26/2022 02:21:15 UTC	In-game item bought		ITEM_GEN5_EVOLUTION_STONE	1	
05/26/2022 02:21:15 UTC	In-game item bought		ITEM_LEADER_MAP	4	
05/26/2022 02:21:15 UTC	In-game item bought		Star pieces	1	
05/26/2022 02:21:15 UTC	In-game item bought		LPSKU_BUNDLE.GENERAL1.FREE.	1	
05/26/2022 02:21:15 UTC	In-game item bought		Sun stone	1	
05/27/2022 08:23:35 UTC	Pokecoin spent for in-game item		POKECOIN		0
05/27/2022 08:23:35 UTC	In-game item bought		King's rock	1	
05/27/2022 08:23:35 UTC	In-game item bought		ITEM_LEADER_MAP	2	
05/27/2022 08:23:35 UTC	In-game item bought		Dragon scale	1	
05/27/2022 08:23:35 UTC	In-game item bought		LPSKU_BUNDLE.GENERAL1.FREE.	1	
05/27/2022 08:23:35 UTC	In-game item bought		ITEM_GOLDEN_PINAP_BERRY	3	
05/29/2022 23:02:37 UTC	Pokecoin spent for in-game item		POKECOIN		0
05/29/2022 23:02:37 UTC	In-game item bought		Poke balls	3	
05/29/2022 23:02:37 UTC	In-game item bought		Great balls	1	
05/29/2022 23:02:37 UTC	In-game item bought		LPSKU_BUNDLE.GENERAL1.FREE.	1	
05/30/2022 04:34:40 UTC	Pokecoin spent for in-game item		POKECOIN		-1
05/30/2022 04:34:40 UTC	In-game item bought		LPSKU_BUNDLE.GENERAL1.MEDIUM.	1	
05/30/2022 04:34:40 UTC	In-game item bought		Poke balls	20	
05/30/2022 04:34:40 UTC	In-game item bought		ITEM_POFFIN	3	
05/30/2022 04:34:40 UTC	In-game item bought		Great balls	10	
05/30/2022 04:34:40 UTC	In-game item bought		Pinap berry	5	
06/01/2022 00:04:37 UTC	Pokecoin spent for in-game item		POKECOIN		0
06/01/2022 00:04:37 UTC	In-game item bought		Golden razz berry	1	
06/01/2022 00:04:37 UTC	In-game item bought		Rare candy	2	
06/01/2022 00:04:37 UTC	In-game item bought		ITEM_POFFIN	2	
06/01/2022 00:04:37 UTC	In-game item bought		LPSKU_BUNDLE.GENERAL1.FREE.	1	
06/01/2022 00:04:37 UTC	In-game item bought		ITEM_GOLDEN_PINAP_BERRY	2	
06/01/2022 10:27:10 UTC	Pokecoin spent for in-game item		POKECOIN		0
06/01/2022 10:27:10 UTC	In-game item bought		Fast TM	2	
06/01/2022 10:27:10 UTC	In-game item bought		ITEM_GEN5_EVOLUTION_STONE	1	
06/01/2022 10:27:10 UTC	In-game item bought		Incense	2	
06/01/2022 10:27:10 UTC	In-game item bought		Egg incubator	1	
06/01/2022 10:27:10 UTC	In-game item bought		LPSKU_BUNDLE.GENERAL1.FREE.	1	
06/02/2022 07:04:12 UTC	Pokecoin spent for in-game item		POKECOIN		0
06/02/2022 07:04:12 UTC	In-game item bought		ITEM_GEN5_EVOLUTION_STONE	1	
06/02/2022 07:04:12 UTC	In-game item bought		Egg incubator	1	
06/02/2022 07:04:12 UTC	In-game item bought		Dragon scale	1	
06/02/2022 07:04:12 UTC	In-game item bought		LPSKU_BUNDLE.GENERAL1.FREE.	1	
06/02/2022 07:04:12 UTC	In-game item bought		Sun stone	1	
06/04/2022 04:26:06 UTC	Pokecoin spent for in-game item		POKECOIN		0
06/04/2022 04:26:06 UTC	In-game item bought		Poke balls	2	
06/04/2022 04:26:06 UTC	In-game item bought		LPSKU_BUNDLE.GENERAL1.FREE.	1	
06/04/2022 04:26:06 UTC	In-game item bought		Potion	2	
06/04/2022 21:27:53 UTC	Pokecoin spent for in-game item		POKECOIN		-300
06/04/2022 21:27:53 UTC	In-game item bought		ITEM_REMOTE_RAID_TICKET	3	
06/05/2022 06:18:24 UTC	Pokecoin spent for in-game item		POKECOIN		0
06/05/2022 06:18:24 UTC	In-game item bought		Poke balls	1	
06/05/2022 06:18:24 UTC	In-game item bought		LPSKU_BUNDLE.GENERAL1.FREE.	1	
06/05/2022 06:18:24 UTC	In-game item bought		Potion	3	
06/05/2022 23:55:05 UTC	Pokecoin spent for in-game item		POKECOIN		0
06/05/2022 23:55:05 UTC	In-game item bought		LPSKU_REMOTEPASS.BUNDLE.GENERAL3.SMALL.	1	
06/05/2022 23:55:05 UTC	In-game item bought		ITEM_REMOTE_RAID_TICKET	3	
06/06/2022 04:38:37 UTC	Pokecoin spent for in-game item		POKECOIN		0
06/06/2022 04:38:37 UTC	In-game item bought		Poke balls	2	
06/06/2022 04:38:37 UTC	In-game item bought		Great balls	1	
06/06/2022 04:38:37 UTC	In-game item bought		LPSKU_BUNDLE.GENERAL1.FREE.	1	
06/06/2022 04:38:37 UTC	In-game item bought		Potion	1	
06/06/2022 22:53:33 UTC	Pokecoin spent for in-game item		POKECOIN		-1
06/06/2022 22:53:33 UTC	In-game item bought		Ultra balls	10	
06/06/2022 22:53:33 UTC	In-game item bought		Raid pass (paid)	2	
06/06/2022 22:53:33 UTC	In-game item bought		LPSKU_BUNDLE.GENERAL5.SMALL.	1	
06/06/2022 22:53:33 UTC	In-game item bought		Poke balls	15	
06/06/2022 22:53:33 UTC	In-game item bought		Great balls	15	
06/13/2022 05:37:14 UTC	Pokecoin spent for in-game item		POKECOIN		0
06/13/2022 05:37:14 UTC	In-game item bought		Poke balls	3	
06/13/2022 05:37:14 UTC	In-game item bought		LPSKU_BUNDLE.GENERAL1.FREE.	1	
06/13/2022 05:37:14 UTC	In-game item bought		Potion	1	
06/14/2022 02:17:33 UTC	Pokecoin spent for in-game item		POKECOIN		-1
06/14/2022 02:17:33 UTC	In-game item bought		Ultra balls	10	
06/14/2022 02:17:33 UTC	In-game item bought		Raid pass (paid)	2	
06/14/2022 02:17:33 UTC	In-game item bought		LPSKU_BUNDLE.GENERAL1.MEDIUM.	1	
06/14/2022 02:17:33 UTC	In-game item bought		Poke balls	15	
06/14/2022 02:17:33 UTC	In-game item bought		Great balls	15	
06/14/2022 02:17:37 UTC	Pokecoin spent for in-game item		POKECOIN		0
06/14/2022 02:17:37 UTC	In-game item bought		Poke balls	2	
06/14/2022 02:17:37 UTC	In-game item bought		Great balls	1	
06/14/2022 02:17:37 UTC	In-game item bought		LPSKU_BUNDLE.GENERAL1.FREE.	1	
06/14/2022 02:17:37 UTC	In-game item bought		Potion	1	
06/16/2022 14:49:13 UTC	Pokecoin spent for in-game item		POKECOIN		0
06/16/2022 14:49:13 UTC	In-game item bought		Poke balls	3	
06/16/2022 14:49:13 UTC	In-game item bought		Great balls	1	
06/16/2022 14:49:13 UTC	In-game item bought		LPSKU_BUNDLE.GENERAL1.FREE.	1	
06/17/2022 14:03:57 UTC	Pokecoin spent for in-game item		POKECOIN		0
06/17/2022 14:03:57 UTC	In-game item bought		Razz berry	1	
06/17/2022 14:03:57 UTC	In-game item bought		Poke balls	1	
06/17/2022 14:03:57 UTC	In-game item bought		Great balls	1	
06/17/2022 14:03:57 UTC	In-game item bought		LPSKU_BUNDLE.GENERAL1.FREE.	1	
06/17/2022 14:03:57 UTC	In-game item bought		Potion	1	
06/20/2022 12:27:49 UTC	Pokecoin spent for in-game item		POKECOIN		-1
06/20/2022 12:27:49 UTC	In-game item bought		LPSKU_BUNDLE.GENERAL5.SMALL.	1	
06/20/2022 12:27:49 UTC	In-game item bought		Razz berry	20	
06/20/2022 12:27:49 UTC	In-game item bought		ITEM_POFFIN	2	
06/20/2022 12:27:49 UTC	In-game item bought		Pinap berry	10	
06/20/2022 12:27:49 UTC	In-game item bought		Nanab berry	10	
06/20/2022 16:50:55 UTC	Pokecoin spent for in-game item		POKECOIN		-200
06/20/2022 16:50:55 UTC	In-game item bought		Bag upgrade	1	
06/20/2022 16:50:59 UTC	Pokecoin spent for in-game item		POKECOIN		-200
06/20/2022 16:50:59 UTC	In-game item bought		Bag upgrade	1	
06/20/2022 16:51:02 UTC	Pokecoin spent for in-game item		POKECOIN		-200
06/20/2022 16:51:02 UTC	In-game item bought		Bag upgrade	1	
06/21/2022 05:35:24 UTC	Pokecoin spent for in-game item		POKECOIN		0
06/21/2022 05:35:24 UTC	In-game item bought		Razz berry	1	
06/21/2022 05:35:24 UTC	In-game item bought		Poke balls	1	
06/21/2022 05:35:24 UTC	In-game item bought		Great balls	1	
06/21/2022 05:35:24 UTC	In-game item bought		LPSKU_BUNDLE.GENERAL1.FREE.	1	
06/21/2022 05:35:24 UTC	In-game item bought		Potion	1	
06/21/2022 05:35:31 UTC	Pokecoin spent for in-game item		POKECOIN		-200
06/21/2022 05:35:31 UTC	In-game item bought		Bag upgrade	1	
06/26/2022 06:42:19 UTC	Pokecoin spent for in-game item		POKECOIN		0
06/26/2022 06:42:19 UTC	In-game item bought		Poke balls	1	
06/26/2022 06:42:19 UTC	In-game item bought		Great balls	1	
06/26/2022 06:42:19 UTC	In-game item bought		LPSKU_BUNDLE.GENERAL1.FREE.	1	
06/26/2022 06:42:19 UTC	In-game item bought		Potion	2	
06/28/2022 16:19:30 UTC	Pokecoin spent for in-game item		POKECOIN		-200
06/28/2022 16:19:30 UTC	In-game item bought		Bag upgrade	1	
07/01/2022 18:08:31 UTC	Pokecoin spent for in-game item		POKECOIN		0
07/01/2022 18:08:31 UTC	In-game item bought		Poke balls	4	
07/01/2022 18:08:31 UTC	In-game item bought		LPSKU_BUNDLE.GENERAL1.FREE.	1	
07/02/2022 19:45:15 UTC	Pokecoin bought	GOOGLE	POKECOIN		14500	99.99	USD
07/02/2022 20:24:17 UTC	Pokecoin spent for in-game item		POKECOIN		-550
07/02/2022 20:24:17 UTC	In-game item bought		Star pieces	5	
07/02/2022 20:24:17 UTC	In-game item bought		ITEM_REMOTE_RAID_TICKET	3	
07/02/2022 20:24:17 UTC	In-game item bought		Revive	10	
07/02/2022 20:24:17 UTC	In-game item bought		Lucky egg	5	
07/02/2022 20:24:58 UTC	Pokecoin spent for in-game item		POKECOIN		-200
07/02/2022 20:24:58 UTC	In-game item bought		Bag upgrade	1	
07/02/2022 20:25:02 UTC	Pokecoin spent for in-game item		POKECOIN		-200
07/02/2022 20:25:02 UTC	In-game item bought		Bag upgrade	1	
07/02/2022 20:25:06 UTC	Pokecoin spent for in-game item		POKECOIN		-200
07/02/2022 20:25:06 UTC	In-game item bought		Bag upgrade	1	
07/02/2022 20:25:11 UTC	Pokecoin spent for in-game item		POKECOIN		-200
07/02/2022 20:25:11 UTC	In-game item bought		Bag upgrade	1	
07/02/2022 20:29:29 UTC	Pokecoin spent for in-game item		POKECOIN		-200
07/02/2022 20:29:29 UTC	In-game item bought		Incense	1	
07/02/2022 20:29:29 UTC	In-game item bought		Egg incubator	2	
07/02/2022 20:29:29 UTC	In-game item bought		Lucky egg	1	
07/02/2022 20:30:33 UTC	Pokecoin spent for in-game item		POKECOIN		-200
07/02/2022 20:30:34 UTC	In-game item bought		Bag upgrade	1	
07/02/2022 20:30:38 UTC	Pokecoin spent for in-game item		POKECOIN		-200
07/02/2022 20:30:38 UTC	In-game item bought		Bag upgrade	1	
07/02/2022 20:30:41 UTC	Pokecoin spent for in-game item		POKECOIN		-200
07/02/2022 20:30:41 UTC	In-game item bought		Bag upgrade	1	
07/02/2022 20:30:57 UTC	Pokecoin spent for in-game item		POKECOIN		-200
07/02/2022 20:30:57 UTC	In-game item bought		Pokemon storage upgrade	1	
07/02/2022 20:31:00 UTC	Pokecoin spent for in-game item		POKECOIN		-200
07/02/2022 20:31:00 UTC	In-game item bought		Pokemon storage upgrade	1	
07/02/2022 20:31:04 UTC	Pokecoin spent for in-game item		POKECOIN		-200
07/02/2022 20:31:04 UTC	In-game item bought		Pokemon storage upgrade	1	
07/02/2022 20:31:07 UTC	Pokecoin spent for in-game item		POKECOIN		-200
07/02/2022 20:31:07 UTC	In-game item bought		Pokemon storage upgrade	1	
07/02/2022 20:31:11 UTC	Pokecoin spent for in-game item		POKECOIN		-200
07/02/2022 20:31:11 UTC	In-game item bought		Pokemon storage upgrade	1	
07/02/2022 20:31:14 UTC	Pokecoin spent for in-game item		POKECOIN		-200
07/02/2022 20:31:14 UTC	In-game item bought		Pokemon storage upgrade	1	
07/02/2022 20:31:18 UTC	Pokecoin spent for in-game item		POKECOIN		-200
07/02/2022 20:31:18 UTC	In-game item bought		Pokemon storage upgrade	1	
07/03/2022 21:25:07 UTC	Pokecoin spent for in-game item		POKECOIN		-1
07/03/2022 21:25:07 UTC	In-game item bought		Ultra balls	10	
07/03/2022 21:25:07 UTC	In-game item bought		LPSKU_BUNDLE.GENERAL1.MEDIUM.	1	
07/03/2022 21:25:07 UTC	In-game item bought		Charged TM	1	
07/03/2022 21:25:07 UTC	In-game item bought		Hyper potion	5	
07/06/2022 12:46:40 UTC	Pokecoin spent for in-game item		POKECOIN		0
07/06/2022 12:46:40 UTC	In-game item bought		Ultra balls	6	
07/06/2022 12:46:40 UTC	In-game item bought		LPSKU_BUNDLE.GENERAL4.SMALL.	1	
07/06/2022 12:46:40 UTC	In-game item bought		Star pieces	6	
07/06/2022 12:46:40 UTC	In-game item bought		Max revive	6	
07/06/2022 12:46:40 UTC	In-game item bought		Hyper potion	6	
07/08/2022 23:43:09 UTC	Pokecoin spent for in-game item		POKECOIN		-1480
07/08/2022 23:43:09 UTC	In-game item bought		Ultra balls	25	
07/08/2022 23:43:09 UTC	In-game item bought		Raid pass (paid)	18	
07/08/2022 23:43:09 UTC	In-game item bought		Incense	5	
07/08/2022 23:43:09 UTC	In-game item bought		Egg incubator	5	
07/08/2022 23:43:33 UTC	Pokecoin spent for in-game item		POKECOIN		0
07/08/2022 23:43:33 UTC	In-game item bought		Razz berry	1	
07/08/2022 23:43:33 UTC	In-game item bought		Great balls	1	
07/08/2022 23:43:33 UTC	In-game item bought		LPSKU_BUNDLE.GENERAL1.FREE.	1	
07/08/2022 23:43:33 UTC	In-game item bought		Potion	2	
07/09/2022 23:34:30 UTC	Pokecoin spent for in-game item		POKECOIN		0
07/09/2022 23:34:30 UTC	In-game item bought		Poke balls	3	
07/09/2022 23:34:30 UTC	In-game item bought		LPSKU_BUNDLE.GENERAL1.FREE.	1	
07/09/2022 23:34:30 UTC	In-game item bought		Potion	1	
07/11/2022 12:58:56 UTC	Pokecoin spent for in-game item		POKECOIN		-1
07/11/2022 12:58:56 UTC	In-game item bought		LPSKU_BUNDLE.GENERAL1.MEDIUM.	1	
07/11/2022 12:58:56 UTC	In-game item bought		Incense	1	
07/11/2022 12:58:56 UTC	In-game item bought		ITEM_TROY_DISK_MAGNETIC	1	
07/14/2022 02:34:50 UTC	Pokecoin spent for in-game item		POKECOIN		0
07/14/2022 02:34:50 UTC	In-game item bought		Poke balls	3	
07/14/2022 02:34:50 UTC	In-game item bought		Great balls	1	
07/14/2022 02:34:50 UTC	In-game item bought		LPSKU_BUNDLE.GENERAL1.FREE.	1	
07/14/2022 12:21:51 UTC	Pokecoin spent for in-game item		POKECOIN		0
07/14/2022 12:21:51 UTC	In-game item bought		Poke balls	3	
07/14/2022 12:21:51 UTC	In-game item bought		Great balls	1	
07/14/2022 12:21:51 UTC	In-game item bought		LPSKU_BUNDLE.GENERAL1.FREE.	1	
07/18/2022 14:44:24 UTC	Pokecoin spent for in-game item		POKECOIN		-1
07/18/2022 14:44:24 UTC	In-game item bought		LPSKU_BUNDLE.GENERAL5.SMALL.	1	
07/18/2022 14:44:24 UTC	In-game item bought		ITEM_TROY_DISK_RAINY	1	
07/19/2022 13:59:40 UTC	Pokecoin spent for in-game item		POKECOIN		0
07/19/2022 13:59:40 UTC	In-game item bought		Razz berry	1	
07/19/2022 13:59:40 UTC	In-game item bought		Poke balls	2	
07/19/2022 13:59:40 UTC	In-game item bought		LPSKU_BUNDLE.GENERAL1.FREE.	1	
07/19/2022 13:59:40 UTC	In-game item bought		Potion	1	
07/21/2022 16:11:42 UTC	Pokecoin spent for in-game item		POKECOIN		0
07/21/2022 16:11:42 UTC	In-game item bought		Poke balls	4	
07/21/2022 16:11:42 UTC	In-game item bought		LPSKU_BUNDLE.GENERAL1.FREE.	1	
07/22/2022 21:58:26 UTC	Pokecoin spent for in-game item		POKECOIN		0
07/22/2022 21:58:26 UTC	In-game item bought		Poke balls	2	
07/22/2022 21:58:26 UTC	In-game item bought		Great balls	2	
07/22/2022 21:58:26 UTC	In-game item bought		LPSKU_BUNDLE.GENERAL1.FREE.	1	
07/22/2022 22:17:52 UTC	Pokecoin spent for in-game item		POKECOIN		-300
07/22/2022 22:17:52 UTC	In-game item bought		ITEM_REMOTE_RAID_TICKET	3	
07/23/2022 18:06:38 UTC	Pokecoin spent for in-game item		POKECOIN		0
07/23/2022 18:06:38 UTC	In-game item bought		Poke balls	2	
07/23/2022 18:06:38 UTC	In-game item bought		LPSKU_BUNDLE.GENERAL1.FREE.	1	
07/23/2022 18:06:38 UTC	In-game item bought		Potion	2	
07/25/2022 15:13:40 UTC	Pokecoin spent for in-game item		POKECOIN		-1
07/25/2022 15:13:40 UTC	In-game item bought		LPSKU_BUNDLE.GENERAL1.MEDIUM.	1	
07/25/2022 15:13:40 UTC	In-game item bought		Incense	1	
07/25/2022 15:13:44 UTC	Pokecoin spent for in-game item		POKECOIN		0
07/25/2022 15:13:44 UTC	In-game item bought		Poke balls	4	
07/25/2022 15:13:44 UTC	In-game item bought		LPSKU_BUNDLE.GENERAL1.FREE.	1	
07/27/2022 17:45:16 UTC	Pokecoin spent for in-game item		POKECOIN		0
07/27/2022 17:45:16 UTC	In-game item bought		Razz berry	1	
07/27/2022 17:45:16 UTC	In-game item bought		Poke balls	3	
07/27/2022 17:45:16 UTC	In-game item bought		LPSKU_BUNDLE.GENERAL1.FREE.	1	
07/29/2022 14:39:32 UTC	Pokecoin spent for in-game item		POKECOIN		0
07/29/2022 14:39:32 UTC	In-game item bought		Razz berry	1	
07/29/2022 14:39:32 UTC	In-game item bought		Poke balls	2	
07/29/2022 14:39:32 UTC	In-game item bought		LPSKU_BUNDLE.GENERAL1.FREE.	1	
07/29/2022 14:39:32 UTC	In-game item bought		Potion	1	
07/30/2022 23:21:43 UTC	Pokecoin spent for in-game item		POKECOIN		0
07/30/2022 23:21:43 UTC	In-game item bought		Poke balls	3	
07/30/2022 23:21:43 UTC	In-game item bought		LPSKU_BUNDLE.GENERAL1.FREE.	1	
07/30/2022 23:21:43 UTC	In-game item bought		Potion	1	
08/01/2022 00:21:31 UTC	Pokecoin spent for in-game item		POKECOIN		0
08/01/2022 00:21:31 UTC	In-game item bought		Poke balls	2	
08/01/2022 00:21:31 UTC	In-game item bought		Great balls	1	
08/01/2022 00:21:31 UTC	In-game item bought		LPSKU_BUNDLE.GENERAL1.FREE.	1	
08/01/2022 00:21:31 UTC	In-game item bought		Potion	1	
08/01/2022 12:47:37 UTC	Pokecoin spent for in-game item		POKECOIN		0
08/01/2022 12:47:37 UTC	In-game item bought		Razz berry	2	
08/01/2022 12:47:37 UTC	In-game item bought		LPSKU_BUNDLE.GENERAL1.FREE.	1	
08/01/2022 12:47:37 UTC	In-game item bought		Potion	2	
08/02/2022 20:45:48 UTC	Pokecoin spent for in-game item		POKECOIN		-1
08/02/2022 20:45:48 UTC	In-game item bought		LPSKU_BUNDLE.GENERAL5.SMALL.	1	
08/02/2022 20:45:48 UTC	In-game item bought		ITEM_TROY_DISK_GLACIAL	1	
08/02/2022 20:45:53 UTC	Pokecoin spent for in-game item		POKECOIN		0
08/02/2022 20:45:53 UTC	In-game item bought		Poke balls	3	
08/02/2022 20:45:53 UTC	In-game item bought		Great balls	1	
08/02/2022 20:45:53 UTC	In-game item bought		LPSKU_BUNDLE.GENERAL1.FREE.	1	
08/03/2022 13:42:21 UTC	Pokecoin spent for in-game item		POKECOIN		0
08/03/2022 13:42:21 UTC	In-game item bought		Poke balls	4	
08/03/2022 13:42:21 UTC	In-game item bought		LPSKU_BUNDLE.GENERAL1.FREE.	1	
08/04/2022 12:46:30 UTC	Pokecoin spent for in-game item		POKECOIN		0
08/04/2022 12:46:30 UTC	In-game item bought		Poke balls	2	
08/04/2022 12:46:30 UTC	In-game item bought		LPSKU_BUNDLE.GENERAL1.FREE.	1	
08/04/2022 12:46:30 UTC	In-game item bought		Potion	2	
08/04/2022 13:04:59 UTC	Pokecoin spent for in-game item		POKECOIN		-200
08/04/2022 13:04:59 UTC	In-game item bought		Bag upgrade	1	
08/05/2022 13:01:17 UTC	Pokecoin spent for in-game item		POKECOIN		0
08/05/2022 13:01:17 UTC	In-game item bought		Poke balls	1	
08/05/2022 13:01:17 UTC	In-game item bought		Great balls	2	
08/05/2022 13:01:17 UTC	In-game item bought		LPSKU_BUNDLE.GENERAL1.FREE.	1	
08/05/2022 13:01:17 UTC	In-game item bought		Potion	1	
08/06/2022 15:29:03 UTC	Pokecoin spent for in-game item		POKECOIN		0
08/06/2022 15:29:03 UTC	In-game item bought		Razz berry	1	
08/06/2022 15:29:03 UTC	In-game item bought		Poke balls	2	
08/06/2022 15:29:03 UTC	In-game item bought		LPSKU_BUNDLE.GENERAL1.FREE.	1	
08/06/2022 15:29:03 UTC	In-game item bought		Potion	1	
08/07/2022 23:46:54 UTC	Pokecoin spent for in-game item		POKECOIN		0
08/07/2022 23:46:54 UTC	In-game item bought		Poke balls	1	
08/07/2022 23:46:54 UTC	In-game item bought		Great balls	2	
08/07/2022 23:46:54 UTC	In-game item bought		LPSKU_BUNDLE.GENERAL1.FREE.	1	
08/07/2022 23:46:54 UTC	In-game item bought		Potion	1	
08/09/2022 14:16:52 UTC	Pokecoin spent for in-game item		POKECOIN		-1
08/09/2022 14:16:52 UTC	In-game item bought		LPSKU_BUNDLE.GENERAL1.MEDIUM.	1	
08/09/2022 14:16:52 UTC	In-game item bought		ITEM_TROY_DISK_RAINY	1	
08/09/2022 14:16:57 UTC	Pokecoin spent for in-game item		POKECOIN		0
08/09/2022 14:16:57 UTC	In-game item bought		Poke balls	2	
08/09/2022 14:16:57 UTC	In-game item bought		Great balls	2	
08/09/2022 14:16:57 UTC	In-game item bought		LPSKU_BUNDLE.GENERAL1.FREE.	1	
08/11/2022 14:27:03 UTC	Pokecoin spent for in-game item		POKECOIN		0
08/11/2022 14:27:03 UTC	In-game item bought		Poke balls	3	
08/11/2022 14:27:03 UTC	In-game item bought		Great balls	1	
08/11/2022 14:27:03 UTC	In-game item bought		LPSKU_BUNDLE.GENERAL1.FREE.	1	
08/15/2022 13:07:27 UTC	Pokecoin spent for in-game item		POKECOIN		-1
08/15/2022 13:07:27 UTC	In-game item bought		LPSKU_BUNDLE.GENERAL5.SMALL.	1	
08/15/2022 13:07:27 UTC	In-game item bought		Lucky egg	1	
08/15/2022 13:07:38 UTC	Pokecoin spent for in-game item		POKECOIN		0
08/15/2022 13:07:38 UTC	In-game item bought		Razz berry	1	
08/15/2022 13:07:38 UTC	In-game item bought		Poke balls	3	
08/15/2022 13:07:38 UTC	In-game item bought		LPSKU_BUNDLE.GENERAL1.FREE.	1	
08/16/2022 18:43:48 UTC	Pokecoin spent for in-game item		POKECOIN		0
08/16/2022 18:43:48 UTC	In-game item bought		Poke balls	2	
08/16/2022 18:43:48 UTC	In-game item bought		Great balls	1	
08/16/2022 18:43:48 UTC	In-game item bought		LPSKU_BUNDLE.GENERAL1.FREE.	1	
08/16/2022 18:43:48 UTC	In-game item bought		Potion	1	
08/17/2022 17:29:52 UTC	Pokecoin spent for in-game item		POKECOIN		0
08/17/2022 17:29:52 UTC	In-game item bought		Poke balls	2	
08/17/2022 17:29:52 UTC	In-game item bought		Great balls	1	
08/17/2022 17:29:52 UTC	In-game item bought		LPSKU_BUNDLE.GENERAL1.FREE.	1	
08/17/2022 17:29:52 UTC	In-game item bought		Potion	1	
08/18/2022 16:10:02 UTC	Pokecoin spent for in-game item		POKECOIN		0
08/18/2022 16:10:02 UTC	In-game item bought		Great balls	3	
08/18/2022 16:10:02 UTC	In-game item bought		LPSKU_BUNDLE.GENERAL1.FREE.	1	
08/18/2022 16:10:02 UTC	In-game item bought		Potion	1	
08/19/2022 19:44:29 UTC	Pokecoin spent for in-game item		POKECOIN		0
08/19/2022 19:44:29 UTC	In-game item bought		Razz berry	1	
08/19/2022 19:44:29 UTC	In-game item bought		Poke balls	1	
08/19/2022 19:44:29 UTC	In-game item bought		Great balls	1	
08/19/2022 19:44:29 UTC	In-game item bought		LPSKU_BUNDLE.GENERAL1.FREE.	1	
08/19/2022 19:44:29 UTC	In-game item bought		Potion	1	
08/21/2022 04:23:36 UTC	Pokecoin spent for in-game item		POKECOIN		0
08/21/2022 04:23:36 UTC	In-game item bought		Poke balls	2	
08/21/2022 04:23:36 UTC	In-game item bought		Great balls	1	
08/21/2022 04:23:36 UTC	In-game item bought		LPSKU_BUNDLE.GENERAL1.FREE.	1	
08/21/2022 04:23:36 UTC	In-game item bought		Potion	1	
08/23/2022 06:21:58 UTC	Pokecoin spent for in-game item		POKECOIN		-1
08/23/2022 06:21:58 UTC	In-game item bought		LPSKU_BUNDLE.GENERAL1.MEDIUM.	1	
08/23/2022 06:21:58 UTC	In-game item bought		ITEM_TROY_DISK_MAGNETIC	1	
08/23/2022 06:22:04 UTC	Pokecoin spent for in-game item		POKECOIN		0
08/23/2022 06:22:04 UTC	In-game item bought		Poke balls	4	
08/23/2022 06:22:04 UTC	In-game item bought		LPSKU_BUNDLE.GENERAL1.FREE.	1	
08/24/2022 14:21:54 UTC	Pokecoin spent for in-game item		POKECOIN		0
08/24/2022 14:21:54 UTC	In-game item bought		Great balls	3	
08/24/2022 14:21:54 UTC	In-game item bought		LPSKU_BUNDLE.GENERAL1.FREE.	1	
08/24/2022 14:21:54 UTC	In-game item bought		Potion	1	
08/27/2022 04:36:31 UTC	Pokecoin spent for in-game item		POKECOIN		0
08/27/2022 04:36:31 UTC	In-game item bought		Poke balls	3	
08/27/2022 04:36:31 UTC	In-game item bought		Great balls	1	
08/27/2022 04:36:31 UTC	In-game item bought		LPSKU_BUNDLE.GENERAL1.FREE.	1	
08/27/2022 22:58:08 UTC	Pokecoin spent for in-game item		POKECOIN		0
08/27/2022 22:58:08 UTC	In-game item bought		LPSKU_REMOTEPASS.BUNDLE.GENERAL3.SMALL.	1	
08/27/2022 22:58:08 UTC	In-game item bought		Raid pass (paid)	3	
08/27/2022 22:58:17 UTC	Pokecoin spent for in-game item		POKECOIN		0
08/27/2022 22:58:17 UTC	In-game item bought		Razz berry	1	
08/27/2022 22:58:17 UTC	In-game item bought		Poke balls	2	
08/27/2022 22:58:17 UTC	In-game item bought		LPSKU_BUNDLE.GENERAL1.FREE.	1	
08/27/2022 22:58:17 UTC	In-game item bought		Potion	1	
08/28/2022 15:18:26 UTC	Pokecoin spent for in-game item		POKECOIN		0
08/28/2022 15:18:26 UTC	In-game item bought		Poke balls	3	
08/28/2022 15:18:26 UTC	In-game item bought		Great balls	1	
08/28/2022 15:18:26 UTC	In-game item bought		LPSKU_BUNDLE.GENERAL1.FREE.	1	
08/29/2022 15:16:46 UTC	Pokecoin spent for in-game item		POKECOIN		0
08/29/2022 15:16:46 UTC	In-game item bought		Razz berry	1	
08/29/2022 15:16:46 UTC	In-game item bought		Poke balls	2	
08/29/2022 15:16:46 UTC	In-game item bought		Great balls	1	
08/29/2022 15:16:46 UTC	In-game item bought		LPSKU_BUNDLE.GENERAL1.FREE.	1	
09/03/2022 03:36:01 UTC	Pokecoin spent for in-game item		POKECOIN		0
09/03/2022 03:36:01 UTC	In-game item bought		ITEM_BATTLE_PASS_TICKET	1	
09/03/2022 03:36:06 UTC	Pokecoin spent for in-game item		POKECOIN		0
09/03/2022 03:36:06 UTC	In-game item bought		Poke balls	1	
09/03/2022 03:36:06 UTC	In-game item bought		Great balls	2	
09/03/2022 03:36:06 UTC	In-game item bought		LPSKU_BUNDLE.GENERAL1.FREE.	1	
09/03/2022 03:36:06 UTC	In-game item bought		Potion	1	
09/03/2022 04:10:38 UTC	Pokecoin spent for in-game item		POKECOIN		-200
09/03/2022 04:10:38 UTC	In-game item bought		Bag upgrade	1	
09/03/2022 04:10:41 UTC	Pokecoin spent for in-game item		POKECOIN		-200
09/03/2022 04:10:41 UTC	In-game item bought		Bag upgrade	1	
09/03/2022 04:10:53 UTC	Pokecoin spent for in-game item		POKECOIN		-200
09/03/2022 04:10:53 UTC	In-game item bought		Pokemon storage upgrade	1	
09/03/2022 04:10:56 UTC	Pokecoin spent for in-game item		POKECOIN		-200
09/03/2022 04:10:56 UTC	In-game item bought		Pokemon storage upgrade	1	
09/03/2022 16:29:35 UTC	Pokecoin spent for in-game item		POKECOIN		0
09/03/2022 16:29:35 UTC	In-game item bought		Razz berry	1	
09/03/2022 16:29:35 UTC	In-game item bought		Poke balls	3	
09/03/2022 16:29:35 UTC	In-game item bought		LPSKU_BUNDLE.GENERAL1.FREE.	1	
09/04/2022 16:28:43 UTC	Pokecoin spent for in-game item		POKECOIN		0
09/04/2022 16:28:43 UTC	In-game item bought		Poke balls	3	
09/04/2022 16:28:43 UTC	In-game item bought		Great balls	1	
09/04/2022 16:28:43 UTC	In-game item bought		LPSKU_BUNDLE.GENERAL1.FREE.	1	
09/05/2022 16:20:20 UTC	Pokecoin spent for in-game item		POKECOIN		0
09/05/2022 16:20:20 UTC	In-game item bought		Poke balls	4	
09/05/2022 16:20:20 UTC	In-game item bought		LPSKU_BUNDLE.GENERAL1.FREE.	1	
09/06/2022 15:13:44 UTC	Pokecoin spent for in-game item		POKECOIN		0
09/06/2022 15:13:44 UTC	In-game item bought		Great balls	2	
09/06/2022 15:13:44 UTC	In-game item bought		LPSKU_BUNDLE.GENERAL1.FREE.	1	
09/06/2022 15:13:44 UTC	In-game item bought		Potion	2	
09/07/2022 16:17:22 UTC	Pokecoin spent for in-game item		POKECOIN		0
09/07/2022 16:17:22 UTC	In-game item bought		Poke balls	2	
09/07/2022 16:17:22 UTC	In-game item bought		LPSKU_BUNDLE.GENERAL1.FREE.	1	
09/07/2022 16:17:22 UTC	In-game item bought		Potion	2	
09/08/2022 13:57:52 UTC	Pokecoin spent for in-game item		POKECOIN		0
09/08/2022 13:57:52 UTC	In-game item bought		Great balls	2	
09/08/2022 13:57:52 UTC	In-game item bought		LPSKU_BUNDLE.GENERAL1.FREE.	1	
09/08/2022 13:57:52 UTC	In-game item bought		Potion	2	
09/09/2022 15:07:35 UTC	Pokecoin spent for in-game item		POKECOIN		0
09/09/2022 15:07:35 UTC	In-game item bought		Poke balls	2	
09/09/2022 15:07:35 UTC	In-game item bought		Great balls	1	
09/09/2022 15:07:35 UTC	In-game item bought		LPSKU_BUNDLE.GENERAL1.FREE.	1	
09/09/2022 15:07:35 UTC	In-game item bought		Potion	1	
09/10/2022 16:47:55 UTC	Pokecoin spent for in-game item		POKECOIN		0
09/10/2022 16:47:55 UTC	In-game item bought		Poke balls	3	
09/10/2022 16:47:55 UTC	In-game item bought		Great balls	1	
09/10/2022 16:47:55 UTC	In-game item bought		LPSKU_BUNDLE.GENERAL1.FREE.	1	
09/11/2022 22:33:06 UTC	Pokecoin spent for in-game item		POKECOIN		0
09/11/2022 22:33:06 UTC	In-game item bought		Great balls	3	
09/11/2022 22:33:06 UTC	In-game item bought		LPSKU_BUNDLE.GENERAL1.FREE.	1	
09/11/2022 22:33:06 UTC	In-game item bought		Potion	1	
09/12/2022 00:38:07 UTC	Pokecoin spent for in-game item		POKECOIN		-200
09/12/2022 00:38:07 UTC	In-game item bought		Pokemon storage upgrade	1	
09/12/2022 12:33:51 UTC	Pokecoin spent for in-game item		POKECOIN		0
09/12/2022 12:33:51 UTC	In-game item bought		Poke balls	3	
09/12/2022 12:33:51 UTC	In-game item bought		Great balls	1	
09/12/2022 12:33:51 UTC	In-game item bought		LPSKU_BUNDLE.GENERAL1.FREE.	1	
09/13/2022 18:20:45 UTC	Pokecoin spent for in-game item		POKECOIN		0
09/13/2022 18:20:45 UTC	In-game item bought		Poke balls	3	
09/13/2022 18:20:45 UTC	In-game item bought		LPSKU_BUNDLE.GENERAL1.FREE.	1	
09/13/2022 18:20:45 UTC	In-game item bought		Potion	1	
09/19/2022 02:15:47 UTC	Pokecoin spent for in-game item		POKECOIN		0
09/19/2022 02:15:47 UTC	In-game item bought		Poke balls	3	
09/19/2022 02:15:47 UTC	In-game item bought		LPSKU_BUNDLE.GENERAL1.FREE.	1	
09/19/2022 02:15:47 UTC	In-game item bought		Potion	1	
09/20/2022 16:27:32 UTC	Pokecoin spent for in-game item		POKECOIN		0
09/20/2022 16:27:32 UTC	In-game item bought		Poke balls	2	
09/20/2022 16:27:32 UTC	In-game item bought		LPSKU_BUNDLE.GENERAL1.FREE.	1	
09/20/2022 16:27:32 UTC	In-game item bought		Potion	2	
01/04/2023 22:19:06 UTC	Pokecoin spent for in-game item		POKECOIN		0
01/04/2023 22:19:06 UTC	In-game item bought		ITEM_BATTLE_PASS_TICKET	1	
01/04/2023 22:19:16 UTC	Pokecoin spent for in-game item		POKECOIN		0
01/04/2023 22:19:16 UTC	In-game item bought		Poke balls	2	
01/04/2023 22:19:16 UTC	In-game item bought		Great balls	2	
01/04/2023 22:19:16 UTC	In-game item bought		LPSKU_BUNDLE.GENERAL1.FREE.	1	
01/04/2023 22:31:22 UTC	Pokecoin spent for in-game item		POKECOIN		-200
01/04/2023 22:31:22 UTC	In-game item bought		Bag upgrade	1	
01/04/2023 22:31:31 UTC	Pokecoin spent for in-game item		POKECOIN		-200
01/04/2023 22:31:31 UTC	In-game item bought		Pokemon storage upgrade	1	
01/04/2023 22:31:35 UTC	Pokecoin spent for in-game item		POKECOIN		-200
01/04/2023 22:31:35 UTC	In-game item bought		Pokemon storage upgrade	1	
01/04/2023 22:31:38 UTC	Pokecoin spent for in-game item		POKECOIN		-200
01/04/2023 22:31:38 UTC	In-game item bought		Pokemon storage upgrade	1	
01/04/2023 22:31:41 UTC	Pokecoin spent for in-game item		POKECOIN		-200
01/04/2023 22:31:41 UTC	In-game item bought		Pokemon storage upgrade	1	
01/04/2023 22:31:44 UTC	Pokecoin spent for in-game item		POKECOIN		-200
01/04/2023 22:31:44 UTC	In-game item bought		Pokemon storage upgrade	1	
01/09/2023 04:59:17 UTC	Pokecoin spent for in-game item		POKECOIN		0
01/09/2023 04:59:17 UTC	In-game item bought		Poke balls	3	
01/09/2023 04:59:17 UTC	In-game item bought		Great balls	1	
01/09/2023 04:59:17 UTC	In-game item bought		LPSKU_BUNDLE.GENERAL1.FREE.	1	
01/09/2023 15:36:06 UTC	Pokecoin spent for in-game item		POKECOIN		0
01/09/2023 15:36:06 UTC	In-game item bought		Poke balls	2	
01/09/2023 15:36:06 UTC	In-game item bought		LPSKU_BUNDLE.GENERAL1.FREE.	1	
01/09/2023 15:36:06 UTC	In-game item bought		Potion	2	
01/10/2023 15:25:50 UTC	Pokecoin spent for in-game item		POKECOIN		0
01/10/2023 15:25:50 UTC	In-game item bought		Poke balls	2	
01/10/2023 15:25:50 UTC	In-game item bought		Great balls	2	
01/10/2023 15:25:50 UTC	In-game item bought		LPSKU_BUNDLE.GENERAL1.FREE.	1	
01/10/2023 23:43:02 UTC	Pokecoin spent for in-game item		POKECOIN		-300
01/10/2023 23:43:02 UTC	In-game item bought		ITEM_REMOTE_RAID_TICKET	3	
01/10/2023 23:51:06 UTC	Pokecoin spent for in-game item		POKECOIN		-400
01/10/2023 23:51:06 UTC	In-game item bought		AVATAR_M_SHIRT_HOLIDAY2022SANTACOSTUMES	1	
01/10/2023 23:51:06 UTC	In-game item bought		AVATAR_F_SHIRT_HOLIDAY2022SANTACOSTUMES	1	
01/10/2023 23:54:01 UTC	Pokecoin spent for in-game item		POKECOIN		0
01/10/2023 23:54:01 UTC	In-game item bought		ITEM_BATTLE_PASS_TICKET	1	
01/11/2023 20:50:26 UTC	Pokecoin spent for in-game item		POKECOIN		0
01/11/2023 20:50:26 UTC	In-game item bought		Poke balls	2	
01/11/2023 20:50:26 UTC	In-game item bought		Great balls	1	
01/11/2023 20:50:26 UTC	In-game item bought		LPSKU_BUNDLE.GENERAL1.FREE.	1	
01/11/2023 20:50:26 UTC	In-game item bought		Potion	1	
01/12/2023 16:37:53 UTC	Pokecoin spent for in-game item		POKECOIN		0
01/12/2023 16:37:53 UTC	In-game item bought		Poke balls	2	
01/12/2023 16:37:53 UTC	In-game item bought		Great balls	1	
01/12/2023 16:37:53 UTC	In-game item bought		LPSKU_BUNDLE.GENERAL1.FREE.	1	
01/12/2023 16:37:53 UTC	In-game item bought		Potion	1	
01/13/2023 22:03:49 UTC	Pokecoin spent for in-game item		POKECOIN		0
01/13/2023 22:03:49 UTC	In-game item bought		Poke balls	2	
01/13/2023 22:03:49 UTC	In-game item bought		Great balls	2	
01/13/2023 22:03:49 UTC	In-game item bought		LPSKU_BUNDLE.GENERAL1.FREE.	1	
01/14/2023 16:06:21 UTC	Pokecoin spent for in-game item		POKECOIN		0
01/14/2023 16:06:21 UTC	In-game item bought		Razz berry	1	
01/14/2023 16:06:21 UTC	In-game item bought		Poke balls	1	
01/14/2023 16:06:21 UTC	In-game item bought		Great balls	1	
01/14/2023 16:06:21 UTC	In-game item bought		LPSKU_BUNDLE.GENERAL1.FREE.	1	
01/14/2023 16:06:21 UTC	In-game item bought		Potion	1	
01/15/2023 10:02:25 UTC	Pokecoin spent for in-game item		POKECOIN		0
01/15/2023 10:02:25 UTC	In-game item bought		Poke balls	3	
01/15/2023 10:02:25 UTC	In-game item bought		Great balls	1	
01/15/2023 10:02:25 UTC	In-game item bought		LPSKU_BUNDLE.GENERAL1.FREE.	1	
01/16/2023 21:12:00 UTC	Pokecoin spent for in-game item		POKECOIN		0
01/16/2023 21:12:00 UTC	In-game item bought		Poke balls	3	
01/16/2023 21:12:00 UTC	In-game item bought		Great balls	1	
01/16/2023 21:12:00 UTC	In-game item bought		LPSKU_BUNDLE.GENERAL1.FREE.	1	
01/16/2023 21:12:18 UTC	Pokecoin spent for in-game item		POKECOIN		-1850
01/16/2023 21:12:18 UTC	In-game item bought		Incense	5	
01/16/2023 21:12:18 UTC	In-game item bought		Egg incubator	20	
01/17/2023 18:48:31 UTC	Pokecoin spent for in-game item		POKECOIN		0
01/17/2023 18:48:31 UTC	In-game item bought		Poke balls	3	
01/17/2023 18:48:31 UTC	In-game item bought		Great balls	1	
01/17/2023 18:48:31 UTC	In-game item bought		LPSKU_BUNDLE.GENERAL1.FREE.	1	
01/18/2023 16:13:15 UTC	Pokecoin spent for in-game item		POKECOIN		0
01/18/2023 16:13:15 UTC	In-game item bought		Razz berry	1	
01/18/2023 16:13:15 UTC	In-game item bought		Poke balls	3	
01/18/2023 16:13:15 UTC	In-game item bought		LPSKU_BUNDLE.GENERAL1.FREE.	1	
01/19/2023 08:27:56 UTC	Pokecoin spent for in-game item		POKECOIN		0
01/19/2023 08:27:56 UTC	In-game item bought		Razz berry	2	
01/19/2023 08:27:56 UTC	In-game item bought		Great balls	1	
01/19/2023 08:27:56 UTC	In-game item bought		LPSKU_BUNDLE.GENERAL1.FREE.	1	
01/19/2023 08:27:56 UTC	In-game item bought		Potion	1	
01/21/2023 00:42:33 UTC	Pokecoin spent for in-game item		POKECOIN		0
01/21/2023 00:42:33 UTC	In-game item bought		Poke balls	1	
01/21/2023 00:42:33 UTC	In-game item bought		Great balls	1	
01/21/2023 00:42:33 UTC	In-game item bought		LPSKU_BUNDLE.GENERAL1.FREE.	1	
01/21/2023 00:42:33 UTC	In-game item bought		Potion	2	
01/21/2023 22:14:35 UTC	Pokecoin spent for in-game item		POKECOIN		0
01/21/2023 22:14:35 UTC	In-game item bought		Poke balls	3	
01/21/2023 22:14:35 UTC	In-game item bought		LPSKU_BUNDLE.GENERAL1.FREE.	1	
01/21/2023 22:14:35 UTC	In-game item bought		Potion	1	
01/22/2023 16:29:52 UTC	Pokecoin spent for in-game item		POKECOIN		0
01/22/2023 16:29:52 UTC	In-game item bought		Poke balls	3	
01/22/2023 16:29:52 UTC	In-game item bought		LPSKU_BUNDLE.GENERAL1.FREE.	1	
01/22/2023 16:29:52 UTC	In-game item bought		Potion	1	
01/23/2023 17:16:33 UTC	Pokecoin spent for in-game item		POKECOIN		0
01/23/2023 17:16:33 UTC	In-game item bought		Poke balls	4	
01/23/2023 17:16:33 UTC	In-game item bought		LPSKU_BUNDLE.GENERAL1.FREE.	1	
01/24/2023 15:47:00 UTC	Pokecoin spent for in-game item		POKECOIN		0
01/24/2023 15:47:00 UTC	In-game item bought		Razz berry	1	
01/24/2023 15:47:00 UTC	In-game item bought		Poke balls	3	
01/24/2023 15:47:00 UTC	In-game item bought		LPSKU_BUNDLE.GENERAL1.FREE.	1	
01/24/2023 16:41:16 UTC	Pokecoin spent for in-game item		POKECOIN		-900
01/24/2023 16:41:16 UTC	In-game item bought		Raid pass (paid)	10	
01/24/2023 16:41:16 UTC	In-game item bought		Star pieces	1	
01/24/2023 16:41:16 UTC	In-game item bought		Lure	1	
01/24/2023 16:41:16 UTC	In-game item bought		Lucky egg	1	
01/25/2023 21:20:21 UTC	Pokecoin spent for in-game item		POKECOIN		0
01/25/2023 21:20:21 UTC	In-game item bought		Razz berry	2	
01/25/2023 21:20:21 UTC	In-game item bought		Great balls	1	
01/25/2023 21:20:21 UTC	In-game item bought		LPSKU_BUNDLE.GENERAL1.FREE.	1	
01/25/2023 21:20:21 UTC	In-game item bought		Potion	1	
01/26/2023 05:07:01 UTC	Pokecoin spent for in-game item		POKECOIN		0
01/26/2023 05:07:01 UTC	In-game item bought		Poke balls	1	
01/26/2023 05:07:01 UTC	In-game item bought		Great balls	1	
01/26/2023 05:07:01 UTC	In-game item bought		LPSKU_BUNDLE.GENERAL1.FREE.	1	
01/26/2023 05:07:01 UTC	In-game item bought		Potion	2	
01/27/2023 07:02:44 UTC	Pokecoin spent for in-game item		POKECOIN		0
01/27/2023 07:02:44 UTC	In-game item bought		Poke balls	3	
01/27/2023 07:02:44 UTC	In-game item bought		Great balls	1	
01/27/2023 07:02:44 UTC	In-game item bought		LPSKU_BUNDLE.GENERAL1.FREE.	1	
01/28/2023 21:44:57 UTC	Pokecoin spent for in-game item		POKECOIN		0
01/28/2023 21:44:57 UTC	In-game item bought		Razz berry	1	
01/28/2023 21:44:57 UTC	In-game item bought		Poke balls	3	
01/28/2023 21:44:57 UTC	In-game item bought		LPSKU_BUNDLE.GENERAL1.FREE.	1	
01/30/2023 19:55:38 UTC	Pokecoin spent for in-game item		POKECOIN		0
01/30/2023 19:55:38 UTC	In-game item bought		Poke balls	3	
01/30/2023 19:55:38 UTC	In-game item bought		LPSKU_BUNDLE.GENERAL1.FREE.	1	
01/30/2023 19:55:38 UTC	In-game item bought		Potion	1	
01/30/2023 19:56:11 UTC	Pokecoin spent for in-game item		POKECOIN		-99
01/30/2023 19:56:11 UTC	In-game item bought		Raid pass (paid)	2	
01/30/2023 19:56:11 UTC	In-game item bought		LPSKU_BUNDLE.GENERAL5.SMALL.	1	
01/31/2023 17:40:32 UTC	Pokecoin spent for in-game item		POKECOIN		0
01/31/2023 17:40:32 UTC	In-game item bought		Poke balls	2	
01/31/2023 17:40:32 UTC	In-game item bought		Great balls	1	
01/31/2023 17:40:32 UTC	In-game item bought		LPSKU_BUNDLE.GENERAL1.FREE.	1	
01/31/2023 17:40:32 UTC	In-game item bought		Potion	1	
02/01/2023 07:50:34 UTC	Pokecoin spent for in-game item		POKECOIN		0
02/01/2023 07:50:34 UTC	In-game item bought		Poke balls	4	
02/01/2023 07:50:34 UTC	In-game item bought		LPSKU_BUNDLE.GENERAL1.FREE.	1	
02/02/2023 18:18:27 UTC	Pokecoin spent for in-game item		POKECOIN		0
02/02/2023 18:18:27 UTC	In-game item bought		Poke balls	2	
02/02/2023 18:18:27 UTC	In-game item bought		Great balls	1	
02/02/2023 18:18:27 UTC	In-game item bought		LPSKU_BUNDLE.GENERAL1.FREE.	1	
02/02/2023 18:18:27 UTC	In-game item bought		Potion	1	
02/03/2023 17:57:36 UTC	Pokecoin spent for in-game item		POKECOIN		0
02/03/2023 17:57:36 UTC	In-game item bought		Razz berry	1	
02/03/2023 17:57:36 UTC	In-game item bought		Poke balls	2	
02/03/2023 17:57:36 UTC	In-game item bought		LPSKU_BUNDLE.GENERAL1.FREE.	1	
02/03/2023 17:57:36 UTC	In-game item bought		Potion	1	
02/04/2023 16:22:51 UTC	Pokecoin spent for in-game item		POKECOIN		0
02/04/2023 16:22:51 UTC	In-game item bought		Razz berry	1	
02/04/2023 16:22:51 UTC	In-game item bought		Poke balls	1	
02/04/2023 16:22:51 UTC	In-game item bought		Great balls	2	
02/04/2023 16:22:51 UTC	In-game item bought		LPSKU_BUNDLE.GENERAL1.FREE.	1	
02/05/2023 17:51:47 UTC	Pokecoin spent for in-game item		POKECOIN		0
02/05/2023 17:51:47 UTC	In-game item bought		Poke balls	2	
02/05/2023 17:51:47 UTC	In-game item bought		LPSKU_BUNDLE.GENERAL1.FREE.	1	
02/05/2023 17:51:47 UTC	In-game item bought		Potion	2	
02/06/2023 16:32:57 UTC	Pokecoin spent for in-game item		POKECOIN		0
02/06/2023 16:32:57 UTC	In-game item bought		Poke balls	4	
02/06/2023 16:32:57 UTC	In-game item bought		LPSKU_BUNDLE.GENERAL1.FREE.	1	
02/07/2023 18:17:54 UTC	Pokecoin spent for in-game item		POKECOIN		0
02/07/2023 18:17:54 UTC	In-game item bought		Poke balls	3	
02/07/2023 18:17:54 UTC	In-game item bought		Great balls	1	
02/07/2023 18:17:54 UTC	In-game item bought		LPSKU_BUNDLE.GENERAL1.FREE.	1	
02/08/2023 07:09:57 UTC	Pokecoin spent for in-game item		POKECOIN		0
02/08/2023 07:09:57 UTC	In-game item bought		Poke balls	3	
02/08/2023 07:09:57 UTC	In-game item bought		Great balls	1	
02/08/2023 07:09:57 UTC	In-game item bought		LPSKU_BUNDLE.GENERAL1.FREE.	1	
02/10/2023 18:39:40 UTC	Pokecoin spent for in-game item		POKECOIN		0
02/10/2023 18:39:41 UTC	In-game item bought		Razz berry	1	
02/10/2023 18:39:41 UTC	In-game item bought		Poke balls	1	
02/10/2023 18:39:41 UTC	In-game item bought		Great balls	1	
02/10/2023 18:39:41 UTC	In-game item bought		LPSKU_BUNDLE.GENERAL1.FREE.	1	
02/10/2023 18:39:41 UTC	In-game item bought		Potion	1	
02/11/2023 16:46:04 UTC	Pokecoin spent for in-game item		POKECOIN		0
02/11/2023 16:46:04 UTC	In-game item bought		Poke balls	3	
02/11/2023 16:46:04 UTC	In-game item bought		LPSKU_BUNDLE.GENERAL1.FREE.	1	
02/11/2023 16:46:04 UTC	In-game item bought		Potion	1	
02/13/2023 06:55:48 UTC	Pokecoin spent for in-game item		POKECOIN		0
02/13/2023 06:55:48 UTC	In-game item bought		Poke balls	3	
02/13/2023 06:55:48 UTC	In-game item bought		LPSKU_BUNDLE.GENERAL1.FREE.	1	
02/13/2023 06:55:48 UTC	In-game item bought		Potion	1	
02/14/2023 01:12:56 UTC	Pokecoin spent for in-game item		POKECOIN		0
02/14/2023 01:12:57 UTC	In-game item bought		Poke balls	3	
02/14/2023 01:12:57 UTC	In-game item bought		Great balls	1	
02/14/2023 01:12:57 UTC	In-game item bought		LPSKU_BUNDLE.GENERAL1.FREE.	1	
02/14/2023 22:53:32 UTC	Pokecoin spent for in-game item		POKECOIN		0
02/14/2023 22:53:32 UTC	In-game item bought		Razz berry	1	
02/14/2023 22:53:32 UTC	In-game item bought		Poke balls	3	
02/14/2023 22:53:32 UTC	In-game item bought		LPSKU_BUNDLE.GENERAL1.FREE.	1	
02/16/2023 17:05:36 UTC	Pokecoin spent for in-game item		POKECOIN		0
02/16/2023 17:05:36 UTC	In-game item bought		Poke balls	3	
02/16/2023 17:05:36 UTC	In-game item bought		Great balls	1	
02/16/2023 17:05:36 UTC	In-game item bought		LPSKU_BUNDLE.GENERAL1.FREE.	1	
02/21/2023 19:11:30 UTC	Pokecoin spent for in-game item		POKECOIN		-1850
02/21/2023 19:11:30 UTC	In-game item bought		Incense	5	
02/21/2023 19:11:30 UTC	In-game item bought		Egg incubator	20	
02/27/2023 20:10:07 UTC	Pokecoin spent for in-game item		POKECOIN		-750
02/27/2023 20:10:07 UTC	In-game item bought		Raid pass (paid)	10	
02/27/2023 20:10:07 UTC	In-game item bought		LPSKU_BUNDLE.GENERAL5.SMALL.	1	
02/27/2023 20:10:07 UTC	In-game item bought		Star pieces	3	
02/27/2023 20:10:07 UTC	In-game item bought		Lucky egg	3	
02/27/2023 20:10:14 UTC	Pokecoin spent for in-game item		POKECOIN		-750
02/27/2023 20:10:14 UTC	In-game item bought		Raid pass (paid)	10	
02/27/2023 20:10:14 UTC	In-game item bought		LPSKU_BUNDLE.GENERAL5.SMALL.	1	
02/27/2023 20:10:14 UTC	In-game item bought		Star pieces	3	
02/27/2023 20:10:14 UTC	In-game item bought		Lucky egg	3	
02/27/2023 22:15:34 UTC	Pokecoin spent for in-game item		POKECOIN		0
02/27/2023 22:15:34 UTC	In-game item bought		LPSKU_BUNDLE.GENERAL4.SMALL.	1	
02/27/2023 22:15:34 UTC	In-game item bought		ITEM_OTHER_EVOLUTION_STONE_A	9	
02/27/2023 22:15:38 UTC	Pokecoin spent for in-game item		POKECOIN		0
02/27/2023 22:15:38 UTC	In-game item bought		Poke balls	1	
02/27/2023 22:15:38 UTC	In-game item bought		Great balls	2	
02/27/2023 22:15:38 UTC	In-game item bought		LPSKU_BUNDLE.GENERAL1.FREE.	1	
02/27/2023 22:15:38 UTC	In-game item bought		Potion	1	
02/28/2023 15:41:30 UTC	Pokecoin spent for in-game item		POKECOIN		-100
02/28/2023 15:41:30 UTC	In-game item bought		AVATAR_F_GLASSES_GIMMIGHOULITEMS	1	
02/28/2023 15:41:30 UTC	In-game item bought		AVATAR_M_GLASSES_GIMMIGHOULITEMS	1	
02/28/2023 15:55:30 UTC	Pokecoin spent for in-game item		POKECOIN		0
02/28/2023 15:55:30 UTC	In-game item bought		Poke balls	1	
02/28/2023 15:55:30 UTC	In-game item bought		Great balls	2	
02/28/2023 15:55:30 UTC	In-game item bought		LPSKU_BUNDLE.GENERAL1.FREE.	1	
02/28/2023 15:55:30 UTC	In-game item bought		Potion	1	
03/02/2023 01:57:16 UTC	Pokecoin spent for in-game item		POKECOIN		0
03/02/2023 01:57:16 UTC	In-game item bought		Poke balls	3	
03/02/2023 01:57:16 UTC	In-game item bought		Great balls	1	
03/02/2023 01:57:16 UTC	In-game item bought		LPSKU_BUNDLE.GENERAL1.FREE.	1	
03/02/2023 01:58:19 UTC	Pokecoin spent for in-game item		POKECOIN		0
03/02/2023 01:58:19 UTC	In-game item bought		ITEM_BATTLE_PASS_TICKET	1	
03/02/2023 17:53:33 UTC	Pokecoin spent for in-game item		POKECOIN		0
03/02/2023 17:53:33 UTC	In-game item bought		Poke balls	4	
03/02/2023 17:53:33 UTC	In-game item bought		LPSKU_BUNDLE.GENERAL1.FREE.	1	
03/03/2023 17:42:08 UTC	Pokecoin spent for in-game item		POKECOIN		0
03/03/2023 17:42:08 UTC	In-game item bought		Super potion	1	
03/03/2023 17:42:08 UTC	In-game item bought		Poke balls	2	
03/03/2023 17:42:08 UTC	In-game item bought		Great balls	1	
03/03/2023 17:42:08 UTC	In-game item bought		LPSKU_BUNDLE.GENERAL1.FREE.	1	
03/05/2023 00:34:54 UTC	Pokecoin spent for in-game item		POKECOIN		0
03/05/2023 00:34:54 UTC	In-game item bought		Poke balls	3	
03/05/2023 00:34:54 UTC	In-game item bought		LPSKU_BUNDLE.GENERAL1.FREE.	1	
03/05/2023 00:34:54 UTC	In-game item bought		Potion	1	
03/05/2023 21:14:29 UTC	Pokecoin spent for in-game item		POKECOIN		0
03/05/2023 21:14:29 UTC	In-game item bought		Poke balls	2	
03/05/2023 21:14:29 UTC	In-game item bought		LPSKU_BUNDLE.GENERAL1.FREE.	1	
03/05/2023 21:14:29 UTC	In-game item bought		Potion	2	
03/06/2023 15:29:38 UTC	Pokecoin spent for in-game item		POKECOIN		0
03/06/2023 15:29:38 UTC	In-game item bought		Poke balls	3	
03/06/2023 15:29:38 UTC	In-game item bought		Great balls	1	
03/06/2023 15:29:38 UTC	In-game item bought		LPSKU_BUNDLE.GENERAL1.FREE.	1	
03/08/2023 00:05:56 UTC	Pokecoin spent for in-game item		POKECOIN		0
03/08/2023 00:05:56 UTC	In-game item bought		Super potion	1	
03/08/2023 00:05:56 UTC	In-game item bought		Poke balls	2	
03/08/2023 00:05:56 UTC	In-game item bought		Great balls	1	
03/08/2023 00:05:56 UTC	In-game item bought		LPSKU_BUNDLE.GENERAL1.FREE.	1	
03/08/2023 19:36:20 UTC	Pokecoin spent for in-game item		POKECOIN		0
03/08/2023 19:36:20 UTC	In-game item bought		Poke balls	3	
03/08/2023 19:36:20 UTC	In-game item bought		Great balls	1	
03/08/2023 19:36:20 UTC	In-game item bought		LPSKU_BUNDLE.GENERAL1.FREE.	1	
03/09/2023 00:44:01 UTC	Pokecoin spent for in-game item		POKECOIN		-200
03/09/2023 00:44:01 UTC	In-game item bought		Pokemon storage upgrade	1	
03/09/2023 00:44:05 UTC	Pokecoin spent for in-game item		POKECOIN		-200
03/09/2023 00:44:05 UTC	In-game item bought		Pokemon storage upgrade	1	
03/09/2023 00:44:09 UTC	Pokecoin spent for in-game item		POKECOIN		-200
03/09/2023 00:44:09 UTC	In-game item bought		Pokemon storage upgrade	1	
03/09/2023 00:44:13 UTC	Pokecoin spent for in-game item		POKECOIN		-200
03/09/2023 00:44:13 UTC	In-game item bought		Pokemon storage upgrade	1	
03/09/2023 00:44:16 UTC	Pokecoin spent for in-game item		POKECOIN		-200
03/09/2023 00:44:17 UTC	In-game item bought		Pokemon storage upgrade	1	
03/09/2023 16:09:04 UTC	Pokecoin spent for in-game item		POKECOIN		0
03/09/2023 16:09:04 UTC	In-game item bought		Poke balls	2	
03/09/2023 16:09:04 UTC	In-game item bought		LPSKU_BUNDLE.GENERAL1.FREE.	1	
03/09/2023 16:09:04 UTC	In-game item bought		Potion	2	
03/10/2023 18:23:28 UTC	Pokecoin spent for in-game item		POKECOIN		0
03/10/2023 18:23:28 UTC	In-game item bought		Poke balls	4	
03/10/2023 18:23:28 UTC	In-game item bought		LPSKU_BUNDLE.GENERAL1.FREE.	1	
03/13/2023 01:15:04 UTC	Pokecoin spent for in-game item		POKECOIN		0
03/13/2023 01:15:04 UTC	In-game item bought		Poke balls	2	
03/13/2023 01:15:04 UTC	In-game item bought		Great balls	1	
03/13/2023 01:15:04 UTC	In-game item bought		LPSKU_BUNDLE.GENERAL1.FREE.	1	
03/13/2023 01:15:04 UTC	In-game item bought		Potion	1	
03/13/2023 19:49:35 UTC	Pokecoin spent for in-game item		POKECOIN		0
03/13/2023 19:49:35 UTC	In-game item bought		Razz berry	1	
03/13/2023 19:49:35 UTC	In-game item bought		Poke balls	3	
03/13/2023 19:49:35 UTC	In-game item bought		LPSKU_BUNDLE.GENERAL1.FREE.	1	
03/14/2023 20:08:31 UTC	Pokecoin spent for in-game item		POKECOIN		0
03/14/2023 20:08:31 UTC	In-game item bought		Poke balls	1	
03/14/2023 20:08:31 UTC	In-game item bought		LPSKU_BUNDLE.GENERAL1.FREE.	1	
03/14/2023 20:08:31 UTC	In-game item bought		Potion	3	
03/16/2023 15:26:42 UTC	Pokecoin spent for in-game item		POKECOIN		0
03/16/2023 15:26:42 UTC	In-game item bought		Poke balls	2	
03/16/2023 15:26:42 UTC	In-game item bought		Great balls	2	
03/16/2023 15:26:42 UTC	In-game item bought		LPSKU_BUNDLE.GENERAL1.FREE.	1	
04/04/2023 01:54:30 UTC	Pokecoin spent for in-game item		POKECOIN		0
04/04/2023 01:54:30 UTC	In-game item bought		Poke balls	3	
04/04/2023 01:54:30 UTC	In-game item bought		Great balls	1	
04/04/2023 01:54:30 UTC	In-game item bought		LPSKU_BUNDLE.GENERAL1.FREE.	1	
04/04/2023 01:54:41 UTC	Pokecoin spent for in-game item		POKECOIN		-200
04/04/2023 01:54:41 UTC	In-game item bought		Pokemon storage upgrade	1	
04/04/2023 01:54:44 UTC	Pokecoin spent for in-game item		POKECOIN		-200
04/04/2023 01:54:44 UTC	In-game item bought		Pokemon storage upgrade	1	
04/04/2023 01:54:47 UTC	Pokecoin spent for in-game item		POKECOIN		-200
04/04/2023 01:54:47 UTC	In-game item bought		Pokemon storage upgrade	1	
04/04/2023 01:54:50 UTC	Pokecoin spent for in-game item		POKECOIN		-200
04/04/2023 01:54:50 UTC	In-game item bought		Pokemon storage upgrade	1	
04/04/2023 01:54:54 UTC	Pokecoin spent for in-game item		POKECOIN		-200
04/04/2023 01:54:54 UTC	In-game item bought		Pokemon storage upgrade	1	
04/04/2023 01:54:58 UTC	Pokecoin spent for in-game item		POKECOIN		-200
04/04/2023 01:54:58 UTC	In-game item bought		Pokemon storage upgrade	1	
04/04/2023 01:55:01 UTC	Pokecoin spent for in-game item		POKECOIN		-200
04/04/2023 01:55:01 UTC	In-game item bought		Pokemon storage upgrade	1	
04/04/2023 01:55:04 UTC	Pokecoin spent for in-game item		POKECOIN		-200
04/04/2023 01:55:04 UTC	In-game item bought		Pokemon storage upgrade	1	
04/04/2023 22:17:45 UTC	Pokecoin spent for in-game item		POKECOIN		0
04/04/2023 22:17:45 UTC	In-game item bought		Poke balls	3	
04/04/2023 22:17:45 UTC	In-game item bought		LPSKU_BUNDLE.GENERAL1.FREE.	1	
04/04/2023 22:17:45 UTC	In-game item bought		Potion	1	
04/06/2023 06:29:16 UTC	Pokecoin spent for in-game item		POKECOIN		0
04/06/2023 06:29:16 UTC	In-game item bought		Poke balls	2	
04/06/2023 06:29:16 UTC	In-game item bought		LPSKU_BUNDLE.GENERAL1.FREE.	1	
04/06/2023 06:29:16 UTC	In-game item bought		Potion	2	
04/07/2023 15:07:39 UTC	Pokecoin spent for in-game item		POKECOIN		0
04/07/2023 15:07:39 UTC	In-game item bought		Great balls	3	
04/07/2023 15:07:39 UTC	In-game item bought		LPSKU_BUNDLE.GENERAL1.FREE.	1	
04/07/2023 15:07:39 UTC	In-game item bought		Potion	1	
04/10/2023 15:17:52 UTC	Pokecoin spent for in-game item		POKECOIN		0
04/10/2023 15:17:52 UTC	In-game item bought		Poke balls	4	
04/10/2023 15:17:52 UTC	In-game item bought		LPSKU_BUNDLE.GENERAL1.FREE.	1	
04/11/2023 04:14:13 UTC	Pokecoin spent for in-game item		POKECOIN		0
04/11/2023 04:14:13 UTC	In-game item bought		ITEM_BATTLE_PASS_TICKET	1	
04/11/2023 17:10:08 UTC	Pokecoin spent for in-game item		POKECOIN		0
04/11/2023 17:10:08 UTC	In-game item bought		Razz berry	1	
04/11/2023 17:10:08 UTC	In-game item bought		Poke balls	1	
04/11/2023 17:10:08 UTC	In-game item bought		Great balls	1	
04/11/2023 17:10:08 UTC	In-game item bought		LPSKU_BUNDLE.GENERAL1.FREE.	1	
04/11/2023 17:10:08 UTC	In-game item bought		Potion	1	
04/13/2023 01:06:54 UTC	Pokecoin spent for in-game item		POKECOIN		0
04/13/2023 01:06:54 UTC	In-game item bought		Poke balls	3	
04/13/2023 01:06:54 UTC	In-game item bought		Great balls	1	
04/13/2023 01:06:54 UTC	In-game item bought		LPSKU_BUNDLE.GENERAL1.FREE.	1	
04/14/2023 17:57:37 UTC	Pokecoin spent for in-game item		POKECOIN		0
04/14/2023 17:57:37 UTC	In-game item bought		Poke balls	4	
04/14/2023 17:57:37 UTC	In-game item bought		LPSKU_BUNDLE.GENERAL1.FREE.	1	
04/15/2023 15:16:28 UTC	Pokecoin spent for in-game item		POKECOIN		0
04/15/2023 15:16:28 UTC	In-game item bought		Poke balls	2	
04/15/2023 15:16:28 UTC	In-game item bought		Great balls	2	
04/15/2023 15:16:28 UTC	In-game item bought		LPSKU_BUNDLE.GENERAL1.FREE.	1	
04/18/2023 15:24:11 UTC	Pokecoin spent for in-game item		POKECOIN		0
04/18/2023 15:24:11 UTC	In-game item bought		Poke balls	1	
04/18/2023 15:24:11 UTC	In-game item bought		Great balls	2	
04/18/2023 15:24:11 UTC	In-game item bought		LPSKU_BUNDLE.GENERAL1.FREE.	1	
04/18/2023 15:24:11 UTC	In-game item bought		Potion	1	
04/19/2023 20:32:23 UTC	Pokecoin spent for in-game item		POKECOIN		0
04/19/2023 20:32:23 UTC	In-game item bought		Poke balls	2	
04/19/2023 20:32:23 UTC	In-game item bought		Great balls	1	
04/19/2023 20:32:23 UTC	In-game item bought		LPSKU_BUNDLE.GENERAL1.FREE.	1	
04/19/2023 20:32:23 UTC	In-game item bought		Potion	1	
04/22/2023 14:13:05 UTC	Pokecoin spent for in-game item		POKECOIN		0
04/22/2023 14:13:05 UTC	In-game item bought		Poke balls	1	
04/22/2023 14:13:05 UTC	In-game item bought		Great balls	1	
04/22/2023 14:13:05 UTC	In-game item bought		LPSKU_BUNDLE.GENERAL1.FREE.	1	
04/22/2023 14:13:05 UTC	In-game item bought		Potion	2	
04/22/2023 14:13:09 UTC	Pokecoin spent for in-game item		POKECOIN		0
04/22/2023 14:13:09 UTC	In-game item bought		LPSKU_BUNDLE.GENERAL5.SMALL.	1	
04/22/2023 14:13:09 UTC	In-game item bought		ITEM_POFFIN	2	
04/22/2023 14:13:09 UTC	In-game item bought		Egg incubator	1	
04/24/2023 02:12:10 UTC	Pokecoin spent for in-game item		POKECOIN		0
04/24/2023 02:12:10 UTC	In-game item bought		Poke balls	2	
04/24/2023 02:12:10 UTC	In-game item bought		LPSKU_BUNDLE.GENERAL1.FREE.	1	
04/24/2023 02:12:10 UTC	In-game item bought		Potion	2	
04/27/2023 03:56:02 UTC	Pokecoin spent for in-game item		POKECOIN		0
04/27/2023 03:56:02 UTC	In-game item bought		Poke balls	3	
04/27/2023 03:56:02 UTC	In-game item bought		Great balls	1	
04/27/2023 03:56:02 UTC	In-game item bought		LPSKU_BUNDLE.GENERAL1.FREE.	1	
04/27/2023 14:29:46 UTC	Pokecoin spent for in-game item		POKECOIN		0
04/27/2023 14:29:46 UTC	In-game item bought		Poke balls	2	
04/27/2023 14:29:46 UTC	In-game item bought		Great balls	1	
04/27/2023 14:29:46 UTC	In-game item bought		LPSKU_BUNDLE.GENERAL1.FREE.	1	
04/27/2023 14:29:46 UTC	In-game item bought		Potion	1	
04/28/2023 15:57:34 UTC	Pokecoin spent for in-game item		POKECOIN		0
04/28/2023 15:57:34 UTC	In-game item bought		Razz berry	1	
04/28/2023 15:57:34 UTC	In-game item bought		Poke balls	1	
04/28/2023 15:57:34 UTC	In-game item bought		Great balls	1	
04/28/2023 15:57:34 UTC	In-game item bought		LPSKU_BUNDLE.GENERAL1.FREE.	1	
04/28/2023 15:57:34 UTC	In-game item bought		Potion	1	
05/02/2023 21:52:09 UTC	Pokecoin spent for in-game item		POKECOIN		0
05/02/2023 21:52:09 UTC	In-game item bought		Poke balls	1	
05/02/2023 21:52:09 UTC	In-game item bought		Great balls	2	
05/02/2023 21:52:09 UTC	In-game item bought		LPSKU_BUNDLE.GENERAL1.FREE.	1	
05/02/2023 21:52:09 UTC	In-game item bought		Potion	1	
05/04/2023 16:44:50 UTC	Pokecoin spent for in-game item		POKECOIN		0
05/04/2023 16:44:50 UTC	In-game item bought		Poke balls	3	
05/04/2023 16:44:50 UTC	In-game item bought		LPSKU_BUNDLE.GENERAL1.FREE.	1	
05/04/2023 16:44:50 UTC	In-game item bought		Potion	1	
05/05/2023 22:04:44 UTC	Pokecoin spent for in-game item		POKECOIN		0
05/05/2023 22:04:44 UTC	In-game item bought		Great balls	2	
05/05/2023 22:04:44 UTC	In-game item bought		LPSKU_BUNDLE.GENERAL1.FREE.	1	
05/05/2023 22:04:44 UTC	In-game item bought		Potion	2	
05/16/2023 19:48:54 UTC	Pokecoin spent for in-game item		POKECOIN		0
05/16/2023 19:48:54 UTC	In-game item bought		Super potion	1	
05/16/2023 19:48:54 UTC	In-game item bought		Poke balls	3	
05/16/2023 19:48:54 UTC	In-game item bought		LPSKU_BUNDLE.GENERAL1.FREE.	1	
05/23/2023 03:07:06 UTC	Pokecoin spent for in-game item		POKECOIN		0
05/23/2023 03:07:06 UTC	In-game item bought		Poke balls	2	
05/23/2023 03:07:06 UTC	In-game item bought		Great balls	2	
05/23/2023 03:07:06 UTC	In-game item bought		LPSKU_BUNDLE.GENERAL1.FREE.	1	
05/23/2023 19:35:11 UTC	Pokecoin spent for in-game item		POKECOIN		0
05/23/2023 19:35:11 UTC	In-game item bought		Razz berry	1	
05/23/2023 19:35:11 UTC	In-game item bought		Poke balls	2	
05/23/2023 19:35:11 UTC	In-game item bought		LPSKU_BUNDLE.GENERAL1.FREE.	1	
05/23/2023 19:35:11 UTC	In-game item bought		Potion	1	
05/25/2023 05:32:20 UTC	Pokecoin spent for in-game item		POKECOIN		0
05/25/2023 05:32:20 UTC	In-game item bought		Poke balls	3	
05/25/2023 05:32:20 UTC	In-game item bought		Great balls	1	
05/25/2023 05:32:20 UTC	In-game item bought		LPSKU_BUNDLE.GENERAL1.FREE.	1	
05/25/2023 22:31:26 UTC	Pokecoin spent for in-game item		POKECOIN		0
05/25/2023 22:31:26 UTC	In-game item bought		Poke balls	3	
05/25/2023 22:31:26 UTC	In-game item bought		LPSKU_BUNDLE.GENERAL1.FREE.	1	
05/25/2023 22:31:26 UTC	In-game item bought		Potion	1	
05/26/2023 01:04:36 UTC	Pokecoin spent for in-game item		POKECOIN		-200
05/26/2023 01:04:36 UTC	In-game item bought		Pokemon storage upgrade	1	
06/01/2023 22:59:03 UTC	Pokecoin spent for in-game item		POKECOIN		0
06/01/2023 22:59:03 UTC	In-game item bought		Poke balls	4	
06/01/2023 22:59:03 UTC	In-game item bought		LPSKU_BUNDLE.GENERAL1.FREE.	1	
06/01/2023 22:59:06 UTC	Pokecoin spent for in-game item		POKECOIN		0
06/01/2023 22:59:06 UTC	In-game item bought		ITEM_BATTLE_PASS_TICKET	1	
06/02/2023 19:29:28 UTC	Pokecoin spent for in-game item		POKECOIN		0
06/02/2023 19:29:28 UTC	In-game item bought		Razz berry	2	
06/02/2023 19:29:28 UTC	In-game item bought		Great balls	2	
06/02/2023 19:29:28 UTC	In-game item bought		LPSKU_BUNDLE.GENERAL1.FREE.	1	
06/06/2023 01:03:53 UTC	Pokecoin spent for in-game item		POKECOIN		0
06/06/2023 01:03:53 UTC	In-game item bought		Poke balls	2	
06/06/2023 01:03:53 UTC	In-game item bought		Great balls	1	
06/06/2023 01:03:53 UTC	In-game item bought		LPSKU_BUNDLE.GENERAL1.FREE.	1	
06/06/2023 01:03:53 UTC	In-game item bought		Potion	1	
06/06/2023 17:13:55 UTC	Pokecoin spent for in-game item		POKECOIN		0
06/06/2023 17:13:55 UTC	In-game item bought		Poke balls	3	
06/06/2023 17:13:55 UTC	In-game item bought		LPSKU_BUNDLE.GENERAL1.FREE.	1	
06/06/2023 17:13:55 UTC	In-game item bought		Potion	1	
06/09/2023 13:42:46 UTC	Pokecoin spent for in-game item		POKECOIN		0
06/09/2023 13:42:46 UTC	In-game item bought		Poke balls	2	
06/09/2023 13:42:46 UTC	In-game item bought		Great balls	1	
06/09/2023 13:42:46 UTC	In-game item bought		LPSKU_BUNDLE.GENERAL1.FREE.	1	
06/09/2023 13:42:46 UTC	In-game item bought		Potion	1	
06/10/2023 16:04:59 UTC	Pokecoin spent for in-game item		POKECOIN		0
06/10/2023 16:04:59 UTC	In-game item bought		Razz berry	1	
06/10/2023 16:04:59 UTC	In-game item bought		Poke balls	2	
06/10/2023 16:04:59 UTC	In-game item bought		Great balls	1	
06/10/2023 16:04:59 UTC	In-game item bought		LPSKU_BUNDLE.GENERAL1.FREE.	1	
06/13/2023 07:46:27 UTC	Pokecoin spent for in-game item		POKECOIN		0
06/13/2023 07:46:27 UTC	In-game item bought		Poke balls	4	
06/13/2023 07:46:27 UTC	In-game item bought		LPSKU_BUNDLE.GENERAL1.FREE.	1	
06/14/2023 17:22:06 UTC	Pokecoin spent for in-game item		POKECOIN		0
06/14/2023 17:22:06 UTC	In-game item bought		Poke balls	3	
06/14/2023 17:22:06 UTC	In-game item bought		LPSKU_BUNDLE.GENERAL1.FREE.	1	
06/14/2023 17:22:06 UTC	In-game item bought		Potion	1	
07/28/2023 21:51:13 UTC	Pokecoin spent for in-game item		POKECOIN		0
07/28/2023 21:51:13 UTC	In-game item bought		Poke balls	2	
07/28/2023 21:51:13 UTC	In-game item bought		LPSKU_BUNDLE.GENERAL1.FREE.	1	
07/28/2023 21:51:13 UTC	In-game item bought		Potion	2	
11/12/2023 17:13:59 UTC	Pokecoin spent for in-game item		POKECOIN		0
11/12/2023 17:13:59 UTC	In-game item bought		Super potion	1	
11/12/2023 17:13:59 UTC	In-game item bought		Razz berry	1	
11/12/2023 17:13:59 UTC	In-game item bought		Poke balls	1	
11/12/2023 17:13:59 UTC	In-game item bought		Great balls	1	
11/12/2023 17:13:59 UTC	In-game item bought		LPSKU_BUNDLE.GENERAL1.FREE.	1	
11/14/2023 15:23:07 UTC	Pokecoin spent for in-game item		POKECOIN		0
11/14/2023 15:23:07 UTC	In-game item bought		Poke balls	2	
11/14/2023 15:23:07 UTC	In-game item bought		Great balls	1	
11/14/2023 15:23:07 UTC	In-game item bought		LPSKU_BUNDLE.GENERAL1.FREE.	1	
11/14/2023 15:23:07 UTC	In-game item bought		Potion	1	
11/16/2023 02:17:10 UTC	Pokecoin spent for in-game item		POKECOIN		0
11/16/2023 02:17:10 UTC	In-game item bought		Poke balls	3	
11/16/2023 02:17:10 UTC	In-game item bought		Great balls	1	
11/16/2023 02:17:10 UTC	In-game item bought		LPSKU_BUNDLE.GENERAL1.FREE.	1	
11/17/2023 06:53:26 UTC	Pokecoin spent for in-game item		POKECOIN		0
11/17/2023 06:53:26 UTC	In-game item bought		Poke balls	2	
11/17/2023 06:53:26 UTC	In-game item bought		Great balls	1	
11/17/2023 06:53:26 UTC	In-game item bought		LPSKU_BUNDLE.GENERAL1.FREE.	1	
11/17/2023 06:53:26 UTC	In-game item bought		Potion	1	
11/17/2023 07:51:55 UTC	Pokecoin spent for in-game item		POKECOIN		-200
11/17/2023 07:51:55 UTC	In-game item bought		Bag upgrade	1	
11/17/2023 07:52:01 UTC	Pokecoin spent for in-game item		POKECOIN		-200
11/17/2023 07:52:01 UTC	In-game item bought		Bag upgrade	1	
11/17/2023 07:52:05 UTC	Pokecoin spent for in-game item		POKECOIN		-200
11/17/2023 07:52:05 UTC	In-game item bought		Bag upgrade	1	
11/17/2023 15:22:38 UTC	Pokecoin spent for in-game item		POKECOIN		0
11/17/2023 15:22:38 UTC	In-game item bought		Poke balls	2	
11/17/2023 15:22:38 UTC	In-game item bought		Great balls	1	
11/17/2023 15:22:38 UTC	In-game item bought		LPSKU_BUNDLE.GENERAL1.FREE.	1	
11/17/2023 15:22:38 UTC	In-game item bought		Potion	1	
11/18/2023 22:18:22 UTC	Pokecoin spent for in-game item		POKECOIN		0
11/18/2023 22:18:22 UTC	In-game item bought		Poke balls	2	
11/18/2023 22:18:22 UTC	In-game item bought		Great balls	2	
11/18/2023 22:18:22 UTC	In-game item bought		LPSKU_BUNDLE.GENERAL1.FREE.	1	
11/19/2023 19:56:41 UTC	Pokecoin spent for in-game item		POKECOIN		0
11/19/2023 19:56:41 UTC	In-game item bought		Poke balls	3	
11/19/2023 19:56:41 UTC	In-game item bought		Great balls	1	
11/19/2023 19:56:41 UTC	In-game item bought		LPSKU_BUNDLE.GENERAL1.FREE.	1	
11/19/2023 22:26:21 UTC	Pokecoin spent for in-game item		POKECOIN		-200
11/19/2023 22:26:21 UTC	In-game item bought		Bag upgrade	1	
11/19/2023 22:26:24 UTC	Pokecoin spent for in-game item		POKECOIN		-200
11/19/2023 22:26:24 UTC	In-game item bought		Bag upgrade	1	
11/20/2023 22:02:32 UTC	Pokecoin spent for in-game item		POKECOIN		0
11/20/2023 22:02:32 UTC	In-game item bought		Poke balls	4	
11/20/2023 22:02:32 UTC	In-game item bought		LPSKU_BUNDLE.GENERAL1.FREE.	1	
11/21/2023 18:14:47 UTC	Pokecoin spent for in-game item		POKECOIN		0
11/21/2023 18:14:47 UTC	In-game item bought		Poke balls	4	
11/21/2023 18:14:47 UTC	In-game item bought		LPSKU_BUNDLE.GENERAL1.FREE.	1	
11/21/2023 19:21:37 UTC	Pokecoin spent for in-game item		POKECOIN		-200
11/21/2023 19:21:37 UTC	In-game item bought		Bag upgrade	1	
11/22/2023 15:32:14 UTC	Pokecoin spent for in-game item		POKECOIN		0
11/22/2023 15:32:14 UTC	In-game item bought		Poke balls	2	
11/22/2023 15:32:14 UTC	In-game item bought		LPSKU_BUNDLE.GENERAL1.FREE.	1	
11/22/2023 15:32:14 UTC	In-game item bought		Potion	2	
11/23/2023 17:10:54 UTC	Pokecoin spent for in-game item		POKECOIN		0
11/23/2023 17:10:54 UTC	In-game item bought		Razz berry	1	
11/23/2023 17:10:54 UTC	In-game item bought		Poke balls	1	
11/23/2023 17:10:54 UTC	In-game item bought		Great balls	2	
11/23/2023 17:10:54 UTC	In-game item bought		LPSKU_BUNDLE.GENERAL1.FREE.	1	
11/23/2023 17:11:10 UTC	Pokecoin spent for in-game item		POKECOIN		-200
11/23/2023 17:11:10 UTC	In-game item bought		Bag upgrade	1	
11/26/2023 03:36:31 UTC	Pokecoin spent for in-game item		POKECOIN		0
11/26/2023 03:36:31 UTC	In-game item bought		Poke balls	3	
11/26/2023 03:36:31 UTC	In-game item bought		LPSKU_BUNDLE.GENERAL1.FREE.	1	
11/26/2023 03:36:31 UTC	In-game item bought		Potion	1	
02/05/2024 03:16:13 UTC	Pokecoin spent for in-game item		POKECOIN		0
02/05/2024 03:16:13 UTC	In-game item bought		Poke balls	3	
02/05/2024 03:16:13 UTC	In-game item bought		LPSKU_BUNDLE.GENERAL1.FREE.	1	
02/05/2024 03:16:13 UTC	In-game item bought		Potion	1	
02/09/2024 23:04:23 UTC	Pokecoin spent for in-game item		POKECOIN		0
02/09/2024 23:04:23 UTC	In-game item bought		Poke balls	3	
02/09/2024 23:04:23 UTC	In-game item bought		Great balls	1	
02/09/2024 23:04:23 UTC	In-game item bought		LPSKU_BUNDLE.GENERAL1.FREE.	1	
02/11/2024 16:36:35 UTC	Pokecoin spent for in-game item		POKECOIN		0
02/11/2024 16:36:35 UTC	In-game item bought		Poke balls	2	
02/11/2024 16:36:35 UTC	In-game item bought		LPSKU_BUNDLE.GENERAL1.FREE.	1	
02/11/2024 16:36:35 UTC	In-game item bought		Potion	2	
02/13/2024 19:35:25 UTC	Pokecoin spent for in-game item		POKECOIN		-100
02/13/2024 19:35:25 UTC	In-game item bought		AVATAR_M_FACE_TEAMSKULL	1	
02/13/2024 19:35:25 UTC	In-game item bought		AVATAR_F_FACE_TEAMSKULL	1	
02/14/2024 20:52:51 UTC	Pokecoin spent for in-game item		POKECOIN		0
02/14/2024 20:52:51 UTC	In-game item bought		Poke balls	3	
02/14/2024 20:52:51 UTC	In-game item bought		LPSKU_BUNDLE.GENERAL1.FREE.	1	
02/14/2024 20:52:51 UTC	In-game item bought		Potion	1	
02/16/2024 15:32:09 UTC	Pokecoin spent for in-game item		POKECOIN		0
02/16/2024 15:32:09 UTC	In-game item bought		Razz berry	1	
02/16/2024 15:32:09 UTC	In-game item bought		Poke balls	1	
02/16/2024 15:32:09 UTC	In-game item bought		Great balls	1	
02/16/2024 15:32:09 UTC	In-game item bought		LPSKU_BUNDLE.GENERAL1.FREE.	1	
02/16/2024 15:32:09 UTC	In-game item bought		Potion	1	
02/18/2024 00:17:25 UTC	Pokecoin spent for in-game item		POKECOIN		0
02/18/2024 00:17:25 UTC	In-game item bought		Razz berry	2	
02/18/2024 00:17:25 UTC	In-game item bought		Poke balls	2	
02/18/2024 00:17:25 UTC	In-game item bought		LPSKU_BUNDLE.GENERAL1.FREE.	1	
02/20/2024 04:06:05 UTC	Pokecoin spent for in-game item		POKECOIN		0
02/20/2024 04:06:05 UTC	In-game item bought		Poke balls	2	
02/20/2024 04:06:05 UTC	In-game item bought		Great balls	1	
02/20/2024 04:06:05 UTC	In-game item bought		LPSKU_BUNDLE.GENERAL1.FREE.	1	
02/20/2024 04:06:05 UTC	In-game item bought		Potion	1	
02/20/2024 08:57:25 UTC	Pokecoin spent for in-game item		POKECOIN		0
02/20/2024 08:57:25 UTC	In-game item bought		Poke balls	3	
02/20/2024 08:57:25 UTC	In-game item bought		Great balls	1	
02/20/2024 08:57:25 UTC	In-game item bought		LPSKU_BUNDLE.GENERAL1.FREE.	1	
02/20/2024 08:57:37 UTC	Pokecoin spent for in-game item		POKECOIN		-200
02/20/2024 08:57:37 UTC	In-game item bought		Bag upgrade	1	
02/20/2024 08:57:41 UTC	Pokecoin spent for in-game item		POKECOIN		-200
02/20/2024 08:57:41 UTC	In-game item bought		Bag upgrade	1	
02/21/2024 14:35:37 UTC	Pokecoin spent for in-game item		POKECOIN		0
02/21/2024 14:35:37 UTC	In-game item bought		Razz berry	1	
02/21/2024 14:35:37 UTC	In-game item bought		Poke balls	2	
02/21/2024 14:35:37 UTC	In-game item bought		Great balls	1	
02/21/2024 14:35:37 UTC	In-game item bought		LPSKU_BUNDLE.GENERAL1.FREE.	1	
02/21/2024 19:02:28 UTC	Pokecoin spent for in-game item		POKECOIN		-200
02/21/2024 19:02:28 UTC	In-game item bought		Pokemon storage upgrade	1	
02/21/2024 19:02:31 UTC	Pokecoin spent for in-game item		POKECOIN		-200
02/21/2024 19:02:31 UTC	In-game item bought		Pokemon storage upgrade	1	
02/22/2024 14:46:56 UTC	Pokecoin spent for in-game item		POKECOIN		0
02/22/2024 14:46:56 UTC	In-game item bought		Poke balls	1	
02/22/2024 14:46:56 UTC	In-game item bought		Great balls	3	
02/22/2024 14:46:56 UTC	In-game item bought		LPSKU_BUNDLE.GENERAL1.FREE.	1	
02/23/2024 18:51:56 UTC	Pokecoin spent for in-game item		POKECOIN		0
02/23/2024 18:51:56 UTC	In-game item bought		Razz berry	1	
02/23/2024 18:51:56 UTC	In-game item bought		Poke balls	2	
02/23/2024 18:51:56 UTC	In-game item bought		LPSKU_BUNDLE.GENERAL1.FREE.	1	
02/23/2024 18:51:56 UTC	In-game item bought		Potion	1	
02/24/2024 00:55:15 UTC	Pokecoin bought	XSOLLA	POKECOIN		15500	85.0	USD
02/24/2024 01:00:55 UTC	Pokecoin spent for in-game item		POKECOIN		-715
02/24/2024 01:00:55 UTC	In-game item bought		Raid pass (paid)	2	
02/24/2024 01:00:55 UTC	In-game item bought		Egg incubator	2	
02/24/2024 01:00:55 UTC	In-game item bought		ITEM_REMOTE_RAID_TICKET	3	
02/24/2024 01:43:19 UTC	Pokecoin spent for in-game item		POKECOIN		-715
02/24/2024 01:43:19 UTC	In-game item bought		Raid pass (paid)	2	
02/24/2024 01:43:19 UTC	In-game item bought		Egg incubator	2	
02/24/2024 01:43:19 UTC	In-game item bought		ITEM_REMOTE_RAID_TICKET	3	
02/24/2024 03:21:45 UTC	Pokecoin spent for in-game item		POKECOIN		-715
02/24/2024 03:21:45 UTC	In-game item bought		Raid pass (paid)	2	
02/24/2024 03:21:45 UTC	In-game item bought		Egg incubator	2	
02/24/2024 03:21:45 UTC	In-game item bought		ITEM_REMOTE_RAID_TICKET	3	
02/24/2024 07:42:21 UTC	Pokecoin spent for in-game item		POKECOIN		0
02/24/2024 07:42:21 UTC	In-game item bought		Razz berry	1	
02/24/2024 07:42:21 UTC	In-game item bought		Poke balls	1	
02/24/2024 07:42:21 UTC	In-game item bought		Great balls	1	
02/24/2024 07:42:21 UTC	In-game item bought		LPSKU_BUNDLE.GENERAL1.FREE.	1	
02/24/2024 07:42:21 UTC	In-game item bought		Potion	1	
02/24/2024 07:42:36 UTC	Pokecoin spent for in-game item		POKECOIN		-715
02/24/2024 07:42:36 UTC	In-game item bought		Raid pass (paid)	2	
02/24/2024 07:42:36 UTC	In-game item bought		Egg incubator	2	
02/24/2024 07:42:36 UTC	In-game item bought		ITEM_REMOTE_RAID_TICKET	3	
02/25/2024 03:54:48 UTC	Pokecoin spent for in-game item		POKECOIN		-715
02/25/2024 03:54:48 UTC	In-game item bought		Raid pass (paid)	2	
02/25/2024 03:54:48 UTC	In-game item bought		Egg incubator	2	
02/25/2024 03:54:48 UTC	In-game item bought		ITEM_REMOTE_RAID_TICKET	3	
02/25/2024 18:14:23 UTC	Pokecoin spent for in-game item		POKECOIN		0
02/25/2024 18:14:23 UTC	In-game item bought		Poke balls	1	
02/25/2024 18:14:23 UTC	In-game item bought		LPSKU_BUNDLE.GENERAL1.FREE.	1	
02/25/2024 18:14:23 UTC	In-game item bought		Potion	3	
02/26/2024 02:59:18 UTC	Pokecoin spent for in-game item		POKECOIN		-550
02/26/2024 02:59:18 UTC	In-game item bought		Pokemon storage upgrade	1	
02/26/2024 02:59:18 UTC	In-game item bought		Raid pass (paid)	1	
02/26/2024 02:59:18 UTC	In-game item bought		LPSKU_BUNDLE.GENERAL5.SMALL.	1	
02/26/2024 02:59:18 UTC	In-game item bought		Bag upgrade	1	
02/26/2024 02:59:18 UTC	In-game item bought		ITEM_REMOTE_RAID_TICKET	1	
02/26/2024 02:59:28 UTC	Pokecoin spent for in-game item		POKECOIN		-550
02/26/2024 02:59:28 UTC	In-game item bought		Pokemon storage upgrade	1	
02/26/2024 02:59:28 UTC	In-game item bought		Raid pass (paid)	1	
02/26/2024 02:59:28 UTC	In-game item bought		LPSKU_BUNDLE.GENERAL5.SMALL.	1	
02/26/2024 02:59:28 UTC	In-game item bought		Bag upgrade	1	
02/26/2024 02:59:28 UTC	In-game item bought		ITEM_REMOTE_RAID_TICKET	1	
02/26/2024 02:59:46 UTC	Pokecoin spent for in-game item		POKECOIN		-715
02/26/2024 02:59:46 UTC	In-game item bought		Raid pass (paid)	2	
02/26/2024 02:59:46 UTC	In-game item bought		Egg incubator	2	
02/26/2024 02:59:46 UTC	In-game item bought		ITEM_REMOTE_RAID_TICKET	3	
02/26/2024 08:17:19 UTC	Pokecoin spent for in-game item		POKECOIN		0
02/26/2024 08:17:19 UTC	In-game item bought		Razz berry	2	
02/26/2024 08:17:19 UTC	In-game item bought		Poke balls	2	
02/26/2024 08:17:19 UTC	In-game item bought		LPSKU_BUNDLE.GENERAL1.FREE.	1	
02/27/2024 15:33:38 UTC	Pokecoin spent for in-game item		POKECOIN		0
02/27/2024 15:33:38 UTC	In-game item bought		Poke balls	4	
02/27/2024 15:33:38 UTC	In-game item bought		LPSKU_BUNDLE.GENERAL1.FREE.	1	
02/28/2024 21:43:43 UTC	Pokecoin spent for in-game item		POKECOIN		0
02/28/2024 21:43:43 UTC	In-game item bought		Poke balls	1	
02/28/2024 21:43:43 UTC	In-game item bought		LPSKU_BUNDLE.GENERAL1.FREE.	1	
02/28/2024 21:43:43 UTC	In-game item bought		Potion	3	
02/29/2024 08:17:05 UTC	Pokecoin spent for in-game item		POKECOIN		0
02/29/2024 08:17:05 UTC	In-game item bought		Poke balls	1	
02/29/2024 08:17:05 UTC	In-game item bought		Great balls	1	
02/29/2024 08:17:05 UTC	In-game item bought		LPSKU_BUNDLE.GENERAL1.FREE.	1	
02/29/2024 08:17:05 UTC	In-game item bought		Potion	2	
03/01/2024 08:38:10 UTC	Pokecoin spent for in-game item		POKECOIN		0
03/01/2024 08:38:10 UTC	In-game item bought		Poke balls	3	
03/01/2024 08:38:10 UTC	In-game item bought		Great balls	1	
03/01/2024 08:38:10 UTC	In-game item bought		LPSKU_BUNDLE.GENERAL1.FREE.	1	
03/02/2024 05:00:59 UTC	Pokecoin spent for in-game item		POKECOIN		0
03/02/2024 05:00:59 UTC	In-game item bought		ITEM_BATTLE_PASS_TICKET	1	
03/02/2024 07:10:47 UTC	Pokecoin spent for in-game item		POKECOIN		0
03/02/2024 07:10:47 UTC	In-game item bought		Poke balls	3	
03/02/2024 07:10:47 UTC	In-game item bought		LPSKU_BUNDLE.GENERAL1.FREE.	1	
03/02/2024 07:10:47 UTC	In-game item bought		Potion	1	
03/04/2024 00:18:48 UTC	Pokecoin spent for in-game item		POKECOIN		0
03/04/2024 00:18:48 UTC	In-game item bought		Poke balls	3	
03/04/2024 00:18:48 UTC	In-game item bought		Great balls	1	
03/04/2024 00:18:48 UTC	In-game item bought		LPSKU_BUNDLE.GENERAL1.FREE.	1	
03/04/2024 23:37:33 UTC	Pokecoin spent for in-game item		POKECOIN		0
03/04/2024 23:37:33 UTC	In-game item bought		Poke balls	4	
03/04/2024 23:37:33 UTC	In-game item bought		LPSKU_BUNDLE.GENERAL1.FREE.	1	
03/05/2024 14:58:00 UTC	Pokecoin spent for in-game item		POKECOIN		0
03/05/2024 14:58:00 UTC	In-game item bought		Poke balls	4	
03/05/2024 14:58:00 UTC	In-game item bought		LPSKU_BUNDLE.GENERAL1.FREE.	1	
03/06/2024 15:27:30 UTC	Pokecoin spent for in-game item		POKECOIN		0
03/06/2024 15:27:30 UTC	In-game item bought		Razz berry	1	
03/06/2024 15:27:30 UTC	In-game item bought		Poke balls	2	
03/06/2024 15:27:30 UTC	In-game item bought		LPSKU_BUNDLE.GENERAL1.FREE.	1	
03/06/2024 15:27:30 UTC	In-game item bought		Potion	1	
03/06/2024 18:19:51 UTC	Pokecoin spent for in-game item		POKECOIN		-575
03/06/2024 18:19:51 UTC	In-game item bought		Hyper potion	10	
03/06/2024 18:19:51 UTC	In-game item bought		Egg incubator	5	
03/06/2024 18:20:10 UTC	Pokecoin spent for in-game item		POKECOIN		-200
03/06/2024 18:20:10 UTC	In-game item bought		Pokemon storage upgrade	1	
03/06/2024 18:20:13 UTC	Pokecoin spent for in-game item		POKECOIN		-200
03/06/2024 18:20:13 UTC	In-game item bought		Pokemon storage upgrade	1	
03/06/2024 18:20:16 UTC	Pokecoin spent for in-game item		POKECOIN		-200
03/06/2024 18:20:16 UTC	In-game item bought		Pokemon storage upgrade	1	
03/06/2024 18:20:19 UTC	Pokecoin spent for in-game item		POKECOIN		-200
03/06/2024 18:20:19 UTC	In-game item bought		Pokemon storage upgrade	1	
03/06/2024 18:20:22 UTC	Pokecoin spent for in-game item		POKECOIN		-200
03/06/2024 18:20:22 UTC	In-game item bought		Pokemon storage upgrade	1	
03/06/2024 18:20:25 UTC	Pokecoin spent for in-game item		POKECOIN		-200
03/06/2024 18:20:25 UTC	In-game item bought		Pokemon storage upgrade	1	
03/06/2024 18:20:40 UTC	Pokecoin spent for in-game item		POKECOIN		-200
03/06/2024 18:20:40 UTC	In-game item bought		Pokemon storage upgrade	1	
03/06/2024 18:20:43 UTC	Pokecoin spent for in-game item		POKECOIN		-200
03/06/2024 18:20:43 UTC	In-game item bought		Pokemon storage upgrade	1	
03/06/2024 18:20:45 UTC	Pokecoin spent for in-game item		POKECOIN		-200
03/06/2024 18:20:45 UTC	In-game item bought		Pokemon storage upgrade	1	
03/06/2024 18:20:48 UTC	Pokecoin spent for in-game item		POKECOIN		-200
03/06/2024 18:20:48 UTC	In-game item bought		Pokemon storage upgrade	1	
03/06/2024 18:20:51 UTC	Pokecoin spent for in-game item		POKECOIN		-200
03/06/2024 18:20:51 UTC	In-game item bought		Pokemon storage upgrade	1	
03/06/2024 18:21:04 UTC	Pokecoin spent for in-game item		POKECOIN		-200
03/06/2024 18:21:04 UTC	In-game item bought		Pokemon storage upgrade	1	
03/06/2024 18:21:07 UTC	Pokecoin spent for in-game item		POKECOIN		-200
03/06/2024 18:21:07 UTC	In-game item bought		Pokemon storage upgrade	1	
03/06/2024 18:21:09 UTC	Pokecoin spent for in-game item		POKECOIN		-200
03/06/2024 18:21:09 UTC	In-game item bought		Pokemon storage upgrade	1	
03/06/2024 18:21:13 UTC	Pokecoin spent for in-game item		POKECOIN		-200
03/06/2024 18:21:13 UTC	In-game item bought		Pokemon storage upgrade	1	
03/06/2024 18:21:15 UTC	Pokecoin spent for in-game item		POKECOIN		-200
03/06/2024 18:21:15 UTC	In-game item bought		Pokemon storage upgrade	1	
03/06/2024 18:31:22 UTC	Pokecoin spent for in-game item		POKECOIN		-200
03/06/2024 18:31:22 UTC	In-game item bought		Bag upgrade	1	
03/06/2024 18:31:25 UTC	Pokecoin spent for in-game item		POKECOIN		-200
03/06/2024 18:31:25 UTC	In-game item bought		Bag upgrade	1	
03/06/2024 18:31:28 UTC	Pokecoin spent for in-game item		POKECOIN		-200
03/06/2024 18:31:28 UTC	In-game item bought		Bag upgrade	1	
03/06/2024 18:31:31 UTC	Pokecoin spent for in-game item		POKECOIN		-200
03/06/2024 18:31:31 UTC	In-game item bought		Bag upgrade	1	
03/06/2024 18:31:34 UTC	Pokecoin spent for in-game item		POKECOIN		-200
03/06/2024 18:31:34 UTC	In-game item bought		Bag upgrade	1	
03/06/2024 18:31:36 UTC	Pokecoin spent for in-game item		POKECOIN		-200
03/06/2024 18:31:36 UTC	In-game item bought		Pokemon storage upgrade	1	
03/06/2024 18:31:39 UTC	Pokecoin spent for in-game item		POKECOIN		-200
03/06/2024 18:31:39 UTC	In-game item bought		Pokemon storage upgrade	1	
03/06/2024 18:31:41 UTC	Pokecoin spent for in-game item		POKECOIN		-200
03/06/2024 18:31:42 UTC	In-game item bought		Pokemon storage upgrade	1	
03/06/2024 18:31:44 UTC	Pokecoin spent for in-game item		POKECOIN		-200
03/06/2024 18:31:44 UTC	In-game item bought		Pokemon storage upgrade	1	
03/07/2024 16:57:43 UTC	Pokecoin spent for in-game item		POKECOIN		0
03/07/2024 16:57:43 UTC	In-game item bought		Poke balls	3	
03/07/2024 16:57:43 UTC	In-game item bought		Great balls	1	
03/07/2024 16:57:43 UTC	In-game item bought		LPSKU_BUNDLE.GENERAL1.FREE.	1	
03/08/2024 05:26:52 UTC	Pokecoin spent for in-game item		POKECOIN		-425
03/08/2024 05:26:52 UTC	In-game item bought		Egg incubator	3	
03/08/2024 05:26:56 UTC	Pokecoin spent for in-game item		POKECOIN		-425
03/08/2024 05:26:56 UTC	In-game item bought		Egg incubator	3	
03/08/2024 22:31:38 UTC	Pokecoin spent for in-game item		POKECOIN		0
03/08/2024 22:31:38 UTC	In-game item bought		Poke balls	3	
03/08/2024 22:31:38 UTC	In-game item bought		Great balls	1	
03/08/2024 22:31:38 UTC	In-game item bought		LPSKU_BUNDLE.GENERAL1.FREE.	1	
03/09/2024 17:44:50 UTC	Pokecoin spent for in-game item		POKECOIN		0
03/09/2024 17:44:50 UTC	In-game item bought		Poke balls	3	
03/09/2024 17:44:50 UTC	In-game item bought		LPSKU_BUNDLE.GENERAL1.FREE.	1	
03/09/2024 17:44:50 UTC	In-game item bought		Potion	1	
03/10/2024 17:05:55 UTC	Pokecoin spent for in-game item		POKECOIN		0
03/10/2024 17:05:55 UTC	In-game item bought		Poke balls	2	
03/10/2024 17:05:55 UTC	In-game item bought		Great balls	1	
03/10/2024 17:05:55 UTC	In-game item bought		LPSKU_BUNDLE.GENERAL1.FREE.	1	
03/10/2024 17:05:55 UTC	In-game item bought		Potion	1	
03/10/2024 17:06:00 UTC	Pokecoin spent for in-game item		POKECOIN		-150
03/10/2024 17:06:00 UTC	In-game item bought		Egg incubator	1	
03/11/2024 02:45:22 UTC	Pokecoin spent for in-game item		POKECOIN		-200
03/11/2024 02:45:22 UTC	In-game item bought		Egg incubator	1	
03/11/2024 02:45:25 UTC	Pokecoin spent for in-game item		POKECOIN		-200
03/11/2024 02:45:25 UTC	In-game item bought		Egg incubator	1	
03/11/2024 02:45:28 UTC	Pokecoin spent for in-game item		POKECOIN		-150
03/11/2024 02:45:28 UTC	In-game item bought		Egg incubator	1	
03/11/2024 15:06:29 UTC	Pokecoin spent for in-game item		POKECOIN		0
03/11/2024 15:06:29 UTC	In-game item bought		Razz berry	1	
03/11/2024 15:06:29 UTC	In-game item bought		Poke balls	2	
03/11/2024 15:06:29 UTC	In-game item bought		LPSKU_BUNDLE.GENERAL1.FREE.	1	
03/11/2024 15:06:29 UTC	In-game item bought		Potion	1	
03/11/2024 15:07:03 UTC	Pokecoin spent for in-game item		POKECOIN		-925
03/11/2024 15:07:03 UTC	In-game item bought		Star pieces	2	
03/11/2024 15:07:03 UTC	In-game item bought		Egg incubator	10	
03/12/2024 16:10:15 UTC	Pokecoin spent for in-game item		POKECOIN		0
03/12/2024 16:10:15 UTC	In-game item bought		Poke balls	3	
03/12/2024 16:10:15 UTC	In-game item bought		Great balls	1	
03/12/2024 16:10:15 UTC	In-game item bought		LPSKU_BUNDLE.GENERAL1.FREE.	1	
03/13/2024 21:32:48 UTC	Pokecoin spent for in-game item		POKECOIN		0
03/13/2024 21:32:48 UTC	In-game item bought		Razz berry	1	
03/13/2024 21:32:48 UTC	In-game item bought		Poke balls	1	
03/13/2024 21:32:48 UTC	In-game item bought		Great balls	2	
03/13/2024 21:32:48 UTC	In-game item bought		LPSKU_BUNDLE.GENERAL1.FREE.	1	
03/14/2024 22:48:47 UTC	Pokecoin spent for in-game item		POKECOIN		0
03/14/2024 22:48:47 UTC	In-game item bought		Poke balls	2	
03/14/2024 22:48:47 UTC	In-game item bought		LPSKU_BUNDLE.GENERAL1.FREE.	1	
03/14/2024 22:48:47 UTC	In-game item bought		Potion	2	
03/15/2024 23:13:19 UTC	Pokecoin spent for in-game item		POKECOIN		0
03/15/2024 23:13:19 UTC	In-game item bought		Poke balls	3	
03/15/2024 23:13:19 UTC	In-game item bought		LPSKU_BUNDLE.GENERAL1.FREE.	1	
03/15/2024 23:13:19 UTC	In-game item bought		Potion	1	
03/16/2024 21:42:44 UTC	Pokecoin spent for in-game item		POKECOIN		0
03/16/2024 21:42:44 UTC	In-game item bought		Poke balls	4	
03/16/2024 21:42:44 UTC	In-game item bought		LPSKU_BUNDLE.GENERAL1.FREE.	1	
03/17/2024 20:00:20 UTC	Pokecoin spent for in-game item		POKECOIN		-595
03/17/2024 20:00:20 UTC	In-game item bought		Raid pass (paid)	2	
03/17/2024 20:00:20 UTC	In-game item bought		ITEM_REMOTE_RAID_TICKET	3	
03/17/2024 20:06:10 UTC	Pokecoin spent for in-game item		POKECOIN		0
03/17/2024 20:06:10 UTC	In-game item bought		Poke balls	1	
03/17/2024 20:06:10 UTC	In-game item bought		Great balls	2	
03/17/2024 20:06:10 UTC	In-game item bought		LPSKU_BUNDLE.GENERAL1.FREE.	1	
03/17/2024 20:06:10 UTC	In-game item bought		Potion	1	
03/18/2024 19:53:55 UTC	Pokecoin spent for in-game item		POKECOIN		0
03/18/2024 19:53:55 UTC	In-game item bought		Poke balls	2	
03/18/2024 19:53:55 UTC	In-game item bought		Great balls	1	
03/18/2024 19:53:55 UTC	In-game item bought		LPSKU_BUNDLE.GENERAL1.FREE.	1	
03/18/2024 19:53:55 UTC	In-game item bought		Potion	1	
03/19/2024 17:50:32 UTC	Pokecoin spent for in-game item		POKECOIN		0
03/19/2024 17:50:32 UTC	In-game item bought		Poke balls	2	
03/19/2024 17:50:32 UTC	In-game item bought		Great balls	1	
03/19/2024 17:50:32 UTC	In-game item bought		LPSKU_BUNDLE.GENERAL1.FREE.	1	
03/19/2024 17:50:32 UTC	In-game item bought		Potion	1	
03/20/2024 21:18:02 UTC	Pokecoin spent for in-game item		POKECOIN		0
03/20/2024 21:18:02 UTC	In-game item bought		Poke balls	2	
03/20/2024 21:18:02 UTC	In-game item bought		Great balls	1	
03/20/2024 21:18:02 UTC	In-game item bought		LPSKU_BUNDLE.GENERAL1.FREE.	1	
03/20/2024 21:18:02 UTC	In-game item bought		Potion	1	
03/21/2024 18:00:49 UTC	Pokecoin spent for in-game item		POKECOIN		0
03/21/2024 18:00:49 UTC	In-game item bought		Poke balls	3	
03/21/2024 18:00:49 UTC	In-game item bought		LPSKU_BUNDLE.GENERAL1.FREE.	1	
03/21/2024 18:00:49 UTC	In-game item bought		Potion	1	
03/22/2024 16:36:22 UTC	Pokecoin spent for in-game item		POKECOIN		0
03/22/2024 16:36:22 UTC	In-game item bought		Poke balls	1	
03/22/2024 16:36:22 UTC	In-game item bought		Great balls	1	
03/22/2024 16:36:22 UTC	In-game item bought		LPSKU_BUNDLE.GENERAL1.FREE.	1	
03/22/2024 16:36:22 UTC	In-game item bought		Potion	2	
03/23/2024 17:45:51 UTC	Pokecoin spent for in-game item		POKECOIN		0
03/23/2024 17:45:51 UTC	In-game item bought		Poke balls	4	
03/23/2024 17:45:51 UTC	In-game item bought		LPSKU_BUNDLE.GENERAL1.FREE.	1	
03/24/2024 23:52:21 UTC	Pokecoin spent for in-game item		POKECOIN		0
03/24/2024 23:52:21 UTC	In-game item bought		Poke balls	3	
03/24/2024 23:52:21 UTC	In-game item bought		Great balls	1	
03/24/2024 23:52:21 UTC	In-game item bought		LPSKU_BUNDLE.GENERAL1.FREE.	1	
03/26/2024 05:56:48 UTC	Pokecoin spent for in-game item		POKECOIN		0
03/26/2024 05:56:48 UTC	In-game item bought		Razz berry	1	
03/26/2024 05:56:48 UTC	In-game item bought		Poke balls	2	
03/26/2024 05:56:48 UTC	In-game item bought		Great balls	1	
03/26/2024 05:56:48 UTC	In-game item bought		LPSKU_BUNDLE.GENERAL1.FREE.	1	
03/27/2024 06:26:11 UTC	Pokecoin spent for in-game item		POKECOIN		0
03/27/2024 06:26:11 UTC	In-game item bought		Razz berry	1	
03/27/2024 06:26:11 UTC	In-game item bought		Poke balls	2	
03/27/2024 06:26:11 UTC	In-game item bought		Great balls	1	
03/27/2024 06:26:11 UTC	In-game item bought		LPSKU_BUNDLE.GENERAL1.FREE.	1	
03/29/2024 15:01:34 UTC	Pokecoin spent for in-game item		POKECOIN		0
03/29/2024 15:01:34 UTC	In-game item bought		Poke balls	2	
03/29/2024 15:01:34 UTC	In-game item bought		LPSKU_BUNDLE.GENERAL1.FREE.	1	
03/29/2024 15:01:34 UTC	In-game item bought		Potion	2	
04/01/2024 23:42:09 UTC	Pokecoin spent for in-game item		POKECOIN		0
04/01/2024 23:42:09 UTC	In-game item bought		Poke balls	1	
04/01/2024 23:42:09 UTC	In-game item bought		Great balls	2	
04/01/2024 23:42:09 UTC	In-game item bought		LPSKU_BUNDLE.GENERAL1.FREE.	1	
04/01/2024 23:42:09 UTC	In-game item bought		Potion	1	
04/03/2024 04:10:39 UTC	Pokecoin spent for in-game item		POKECOIN		0
04/03/2024 04:10:39 UTC	In-game item bought		Poke balls	4	
04/03/2024 04:10:39 UTC	In-game item bought		LPSKU_BUNDLE.GENERAL1.FREE.	1	
04/03/2024 19:16:18 UTC	Pokecoin spent for in-game item		POKECOIN		0
04/03/2024 19:16:18 UTC	In-game item bought		Razz berry	1	
04/03/2024 19:16:18 UTC	In-game item bought		Poke balls	2	
04/03/2024 19:16:18 UTC	In-game item bought		LPSKU_BUNDLE.GENERAL1.FREE.	1	
04/03/2024 19:16:18 UTC	In-game item bought		Potion	1	
04/03/2024 19:38:04 UTC	Pokecoin spent for in-game item		POKECOIN		-200
04/03/2024 19:38:04 UTC	In-game item bought		Pokemon storage upgrade	1	
04/03/2024 19:38:11 UTC	Pokecoin spent for in-game item		POKECOIN		-200
04/03/2024 19:38:11 UTC	In-game item bought		Pokemon storage upgrade	1	
04/05/2024 22:52:20 UTC	Pokecoin spent for in-game item		POKECOIN		0
04/05/2024 22:52:20 UTC	In-game item bought		Poke balls	1	
04/05/2024 22:52:20 UTC	In-game item bought		Great balls	2	
04/05/2024 22:52:20 UTC	In-game item bought		LPSKU_BUNDLE.GENERAL1.FREE.	1	
04/05/2024 22:52:20 UTC	In-game item bought		Potion	1	
04/06/2024 16:58:42 UTC	Pokecoin spent for in-game item		POKECOIN		0
04/06/2024 16:58:42 UTC	In-game item bought		Razz berry	1	
04/06/2024 16:58:42 UTC	In-game item bought		Poke balls	1	
04/06/2024 16:58:42 UTC	In-game item bought		Great balls	1	
04/06/2024 16:58:42 UTC	In-game item bought		LPSKU_BUNDLE.GENERAL1.FREE.	1	
04/06/2024 16:58:42 UTC	In-game item bought		Potion	1	
04/07/2024 16:33:00 UTC	Pokecoin spent for in-game item		POKECOIN		0
04/07/2024 16:33:00 UTC	In-game item bought		Poke balls	2	
04/07/2024 16:33:00 UTC	In-game item bought		Great balls	2	
04/07/2024 16:33:00 UTC	In-game item bought		LPSKU_BUNDLE.GENERAL1.FREE.	1	
04/08/2024 06:59:53 UTC	Pokecoin spent for in-game item		POKECOIN		-500
04/08/2024 06:59:53 UTC	In-game item bought		AVATAR_M_POSE	1	
04/08/2024 06:59:53 UTC	In-game item bought		AVATAR_F_POSE	1	
04/08/2024 06:59:53 UTC	In-game item bought		N_AVATAR_N_POSE	1	
04/09/2024 00:37:19 UTC	Pokecoin spent for in-game item		POKECOIN		0
04/09/2024 00:37:19 UTC	In-game item bought		Razz berry	1	
04/09/2024 00:37:19 UTC	In-game item bought		Poke balls	1	
04/09/2024 00:37:19 UTC	In-game item bought		Great balls	1	
04/09/2024 00:37:19 UTC	In-game item bought		LPSKU_BUNDLE.GENERAL1.FREE.	1	
04/09/2024 00:37:19 UTC	In-game item bought		Potion	1	
04/09/2024 23:11:38 UTC	Pokecoin spent for in-game item		POKECOIN		0
04/09/2024 23:11:38 UTC	In-game item bought		Poke balls	2	
04/09/2024 23:11:38 UTC	In-game item bought		Great balls	2	
04/09/2024 23:11:38 UTC	In-game item bought		LPSKU_BUNDLE.GENERAL1.FREE.	1	
04/10/2024 22:20:11 UTC	Pokecoin spent for in-game item		POKECOIN		0
04/10/2024 22:20:11 UTC	In-game item bought		Poke balls	2	
04/10/2024 22:20:11 UTC	In-game item bought		Great balls	1	
04/10/2024 22:20:11 UTC	In-game item bought		LPSKU_BUNDLE.GENERAL1.FREE.	1	
04/10/2024 22:20:11 UTC	In-game item bought		Potion	1	
04/11/2024 17:55:00 UTC	Pokecoin spent for in-game item		POKECOIN		0
04/11/2024 17:55:00 UTC	In-game item bought		Poke balls	2	
04/11/2024 17:55:00 UTC	In-game item bought		Great balls	2	
04/11/2024 17:55:00 UTC	In-game item bought		LPSKU_BUNDLE.GENERAL1.FREE.	1	
04/11/2024 22:49:41 UTC	Pokecoin spent for in-game item		POKECOIN		-525
04/11/2024 22:49:41 UTC	In-game item bought		ITEM_REMOTE_RAID_TICKET	3	
04/12/2024 01:27:33 UTC	Pokecoin spent for in-game item		POKECOIN		-200
04/12/2024 01:27:33 UTC	In-game item bought		Pokemon storage upgrade	1	
04/12/2024 15:20:30 UTC	Pokecoin spent for in-game item		POKECOIN		-525
04/12/2024 15:20:30 UTC	In-game item bought		ITEM_REMOTE_RAID_TICKET	3	
04/12/2024 15:26:56 UTC	Pokecoin spent for in-game item		POKECOIN		0
04/12/2024 15:26:56 UTC	In-game item bought		Poke balls	3	
04/12/2024 15:26:56 UTC	In-game item bought		Great balls	1	
04/12/2024 15:26:56 UTC	In-game item bought		LPSKU_BUNDLE.GENERAL1.FREE.	1	
04/13/2024 03:58:47 UTC	Pokecoin spent for in-game item		POKECOIN		-450
04/13/2024 03:58:47 UTC	In-game item bought		Raid pass (paid)	3	
04/13/2024 03:58:47 UTC	In-game item bought		ITEM_REMOTE_RAID_TICKET	2	
04/13/2024 06:42:13 UTC	Pokecoin spent for in-game item		POKECOIN		-450
04/13/2024 06:42:13 UTC	In-game item bought		Raid pass (paid)	3	
04/13/2024 06:42:13 UTC	In-game item bought		ITEM_REMOTE_RAID_TICKET	2	
04/13/2024 22:27:55 UTC	Pokecoin spent for in-game item		POKECOIN		0
04/13/2024 22:27:55 UTC	In-game item bought		Poke balls	2	
04/13/2024 22:27:55 UTC	In-game item bought		Great balls	1	
04/13/2024 22:27:55 UTC	In-game item bought		LPSKU_BUNDLE.GENERAL1.FREE.	1	
04/13/2024 22:27:55 UTC	In-game item bought		Potion	1	
04/14/2024 22:00:35 UTC	Pokecoin spent for in-game item		POKECOIN		0
04/14/2024 22:00:35 UTC	In-game item bought		Poke balls	3	
04/14/2024 22:00:35 UTC	In-game item bought		LPSKU_BUNDLE.GENERAL1.FREE.	1	
04/14/2024 22:00:35 UTC	In-game item bought		Potion	1	
04/15/2024 17:39:42 UTC	Pokecoin spent for in-game item		POKECOIN		0
04/15/2024 17:39:42 UTC	In-game item bought		Razz berry	1	
04/15/2024 17:39:42 UTC	In-game item bought		Poke balls	3	
04/15/2024 17:39:42 UTC	In-game item bought		LPSKU_BUNDLE.GENERAL1.FREE.	1	
04/16/2024 18:40:47 UTC	Pokecoin spent for in-game item		POKECOIN		0
04/16/2024 18:40:47 UTC	In-game item bought		Poke balls	1	
04/16/2024 18:40:47 UTC	In-game item bought		Great balls	2	
04/16/2024 18:40:47 UTC	In-game item bought		LPSKU_BUNDLE.GENERAL1.FREE.	1	
04/16/2024 18:40:47 UTC	In-game item bought		Potion	1	
04/17/2024 14:32:47 UTC	Pokecoin spent for in-game item		POKECOIN		0
04/17/2024 14:32:47 UTC	In-game item bought		Razz berry	1	
04/17/2024 14:32:47 UTC	In-game item bought		Poke balls	2	
04/17/2024 14:32:47 UTC	In-game item bought		Great balls	1	
04/17/2024 14:32:47 UTC	In-game item bought		LPSKU_BUNDLE.GENERAL1.FREE.	1	
04/19/2024 04:26:06 UTC	Pokecoin spent for in-game item		POKECOIN		0
04/19/2024 04:26:06 UTC	In-game item bought		Poke balls	2	
04/19/2024 04:26:06 UTC	In-game item bought		Great balls	1	
04/19/2024 04:26:06 UTC	In-game item bought		LPSKU_BUNDLE.GENERAL1.FREE.	1	
04/19/2024 04:26:06 UTC	In-game item bought		Potion	1	
04/20/2024 07:20:56 UTC	Pokecoin spent for in-game item		POKECOIN		0
04/20/2024 07:20:56 UTC	In-game item bought		Poke balls	2	
04/20/2024 07:20:56 UTC	In-game item bought		LPSKU_BUNDLE.GENERAL1.FREE.	1	
04/20/2024 07:20:56 UTC	In-game item bought		Potion	2	
04/22/2024 21:49:53 UTC	Pokecoin spent for in-game item		POKECOIN		0
04/22/2024 21:49:53 UTC	In-game item bought		Poke balls	4	
04/22/2024 21:49:53 UTC	In-game item bought		LPSKU_BUNDLE.GENERAL1.FREE.	1	
04/23/2024 14:56:14 UTC	Pokecoin spent for in-game item		POKECOIN		0
04/23/2024 14:56:14 UTC	In-game item bought		Poke balls	2	
04/23/2024 14:56:14 UTC	In-game item bought		LPSKU_BUNDLE.GENERAL1.FREE.	1	
04/23/2024 14:56:14 UTC	In-game item bought		Potion	2	
04/25/2024 05:20:12 UTC	Pokecoin spent for in-game item		POKECOIN		0
04/25/2024 05:20:12 UTC	In-game item bought		Poke balls	3	
04/25/2024 05:20:12 UTC	In-game item bought		LPSKU_BUNDLE.GENERAL1.FREE.	1	
04/25/2024 05:20:12 UTC	In-game item bought		Potion	1	
04/25/2024 07:51:58 UTC	Pokecoin spent for in-game item		POKECOIN		0
04/25/2024 07:51:58 UTC	In-game item bought		Poke balls	1	
04/25/2024 07:51:58 UTC	In-game item bought		Great balls	2	
04/25/2024 07:51:58 UTC	In-game item bought		LPSKU_BUNDLE.GENERAL1.FREE.	1	
04/25/2024 07:51:58 UTC	In-game item bought		Potion	1	
04/27/2024 04:05:12 UTC	Pokecoin spent for in-game item		POKECOIN		0
04/27/2024 04:05:12 UTC	In-game item bought		Poke balls	3	
04/27/2024 04:05:12 UTC	In-game item bought		LPSKU_BUNDLE.GENERAL1.FREE.	1	
04/27/2024 04:05:12 UTC	In-game item bought		Potion	1	
04/27/2024 20:56:52 UTC	Pokecoin spent for in-game item		POKECOIN		0
04/27/2024 20:56:52 UTC	In-game item bought		Poke balls	1	
04/27/2024 20:56:52 UTC	In-game item bought		Great balls	1	
04/27/2024 20:56:52 UTC	In-game item bought		LPSKU_BUNDLE.GENERAL1.FREE.	1	
04/27/2024 20:56:52 UTC	In-game item bought		Potion	2	
04/28/2024 19:18:34 UTC	Pokecoin spent for in-game item		POKECOIN		0
04/28/2024 19:18:34 UTC	In-game item bought		Razz berry	1	
04/28/2024 19:18:34 UTC	In-game item bought		Poke balls	1	
04/28/2024 19:18:34 UTC	In-game item bought		Great balls	1	
04/28/2024 19:18:34 UTC	In-game item bought		LPSKU_BUNDLE.GENERAL1.FREE.	1	
04/28/2024 19:18:34 UTC	In-game item bought		Potion	1	
04/29/2024 17:49:56 UTC	Pokecoin spent for in-game item		POKECOIN		0
04/29/2024 17:49:56 UTC	In-game item bought		Poke balls	3	
04/29/2024 17:49:56 UTC	In-game item bought		Great balls	1	
04/29/2024 17:49:56 UTC	In-game item bought		LPSKU_BUNDLE.GENERAL1.FREE.	1	
04/30/2024 14:49:23 UTC	Pokecoin spent for in-game item		POKECOIN		0
04/30/2024 14:49:23 UTC	In-game item bought		Poke balls	1	
04/30/2024 14:49:23 UTC	In-game item bought		Great balls	2	
04/30/2024 14:49:23 UTC	In-game item bought		LPSKU_BUNDLE.GENERAL1.FREE.	1	
04/30/2024 14:49:23 UTC	In-game item bought		Potion	1	
04/30/2024 20:51:10 UTC	Pokecoin bought	GOOGLE	POKECOIN		14500	99.99	USD
04/30/2024 21:46:08 UTC	Pokecoin bought	GOOGLE	POKECOIN		14500	99.99	USD
04/30/2024 22:16:04 UTC	Pokecoin spent for in-game item		POKECOIN		-1200
04/30/2024 22:16:04 UTC	In-game item bought		Golden razz berry	9	
04/30/2024 22:16:04 UTC	In-game item bought		Egg incubator	9	
04/30/2024 22:16:04 UTC	In-game item bought		ITEM_REMOTE_RAID_TICKET	3	
05/01/2024 04:03:55 UTC	Pokecoin spent for in-game item		POKECOIN		-200
05/01/2024 04:03:55 UTC	In-game item bought		Bag upgrade	1	
05/01/2024 04:03:58 UTC	Pokecoin spent for in-game item		POKECOIN		-200
05/01/2024 04:03:58 UTC	In-game item bought		Bag upgrade	1	
05/01/2024 04:04:00 UTC	Pokecoin spent for in-game item		POKECOIN		-200
05/01/2024 04:04:00 UTC	In-game item bought		Bag upgrade	1	
05/01/2024 04:04:03 UTC	Pokecoin spent for in-game item		POKECOIN		-200
05/01/2024 04:04:03 UTC	In-game item bought		Bag upgrade	1	
05/01/2024 04:04:06 UTC	Pokecoin spent for in-game item		POKECOIN		-200
05/01/2024 04:04:06 UTC	In-game item bought		Bag upgrade	1	
05/01/2024 04:04:09 UTC	Pokecoin spent for in-game item		POKECOIN		-200
05/01/2024 04:04:09 UTC	In-game item bought		Bag upgrade	1	
05/01/2024 04:04:11 UTC	Pokecoin spent for in-game item		POKECOIN		-200
05/01/2024 04:04:11 UTC	In-game item bought		Bag upgrade	1	
05/01/2024 04:04:14 UTC	Pokecoin spent for in-game item		POKECOIN		-200
05/01/2024 04:04:14 UTC	In-game item bought		Bag upgrade	1	
05/01/2024 04:04:17 UTC	Pokecoin spent for in-game item		POKECOIN		-200
05/01/2024 04:04:17 UTC	In-game item bought		Bag upgrade	1	
05/01/2024 04:04:19 UTC	Pokecoin spent for in-game item		POKECOIN		-200
05/01/2024 04:04:19 UTC	In-game item bought		Bag upgrade	1	
05/01/2024 04:04:22 UTC	Pokecoin spent for in-game item		POKECOIN		-200
05/01/2024 04:04:22 UTC	In-game item bought		Bag upgrade	1	
05/01/2024 04:04:25 UTC	Pokecoin spent for in-game item		POKECOIN		-200
05/01/2024 04:04:25 UTC	In-game item bought		Bag upgrade	1	
05/01/2024 04:04:27 UTC	Pokecoin spent for in-game item		POKECOIN		-200
05/01/2024 04:04:27 UTC	In-game item bought		Bag upgrade	1	
05/01/2024 04:04:30 UTC	Pokecoin spent for in-game item		POKECOIN		-200
05/01/2024 04:04:30 UTC	In-game item bought		Bag upgrade	1	
05/01/2024 04:04:33 UTC	Pokecoin spent for in-game item		POKECOIN		-200
05/01/2024 04:04:33 UTC	In-game item bought		Bag upgrade	1	
05/01/2024 04:04:36 UTC	Pokecoin spent for in-game item		POKECOIN		-200
05/01/2024 04:04:36 UTC	In-game item bought		Bag upgrade	1	
05/01/2024 04:05:05 UTC	Pokecoin spent for in-game item		POKECOIN		-200
05/01/2024 04:05:05 UTC	In-game item bought		Pokemon storage upgrade	1	
05/01/2024 04:05:07 UTC	Pokecoin spent for in-game item		POKECOIN		-200
05/01/2024 04:05:07 UTC	In-game item bought		Pokemon storage upgrade	1	
05/01/2024 04:05:10 UTC	Pokecoin spent for in-game item		POKECOIN		-200
05/01/2024 04:05:10 UTC	In-game item bought		Pokemon storage upgrade	1	
05/01/2024 04:05:13 UTC	Pokecoin spent for in-game item		POKECOIN		-200
05/01/2024 04:05:13 UTC	In-game item bought		Pokemon storage upgrade	1	
05/01/2024 04:05:15 UTC	Pokecoin spent for in-game item		POKECOIN		-200
05/01/2024 04:05:15 UTC	In-game item bought		Pokemon storage upgrade	1	
05/01/2024 04:05:18 UTC	Pokecoin spent for in-game item		POKECOIN		-200
05/01/2024 04:05:18 UTC	In-game item bought		Pokemon storage upgrade	1	
05/01/2024 04:05:21 UTC	Pokecoin spent for in-game item		POKECOIN		-200
05/01/2024 04:05:21 UTC	In-game item bought		Pokemon storage upgrade	1	
05/01/2024 04:05:23 UTC	Pokecoin spent for in-game item		POKECOIN		-200
05/01/2024 04:05:23 UTC	In-game item bought		Pokemon storage upgrade	1	
05/01/2024 04:05:26 UTC	Pokecoin spent for in-game item		POKECOIN		-200
05/01/2024 04:05:26 UTC	In-game item bought		Pokemon storage upgrade	1	
05/01/2024 04:05:29 UTC	Pokecoin spent for in-game item		POKECOIN		-200
05/01/2024 04:05:29 UTC	In-game item bought		Pokemon storage upgrade	1	
05/01/2024 04:05:32 UTC	Pokecoin spent for in-game item		POKECOIN		-200
05/01/2024 04:05:32 UTC	In-game item bought		Pokemon storage upgrade	1	
05/01/2024 04:05:35 UTC	Pokecoin spent for in-game item		POKECOIN		-200
05/01/2024 04:05:35 UTC	In-game item bought		Pokemon storage upgrade	1	
05/01/2024 04:05:37 UTC	Pokecoin spent for in-game item		POKECOIN		-200
05/01/2024 04:05:37 UTC	In-game item bought		Pokemon storage upgrade	1	
05/01/2024 04:05:40 UTC	Pokecoin spent for in-game item		POKECOIN		-200
05/01/2024 04:05:40 UTC	In-game item bought		Pokemon storage upgrade	1	
05/01/2024 04:05:44 UTC	Pokecoin spent for in-game item		POKECOIN		-200
05/01/2024 04:05:44 UTC	In-game item bought		Pokemon storage upgrade	1	
05/01/2024 04:05:47 UTC	Pokecoin spent for in-game item		POKECOIN		-200
05/01/2024 04:05:47 UTC	In-game item bought		Pokemon storage upgrade	1	
05/01/2024 04:05:50 UTC	Pokecoin spent for in-game item		POKECOIN		-200
05/01/2024 04:05:50 UTC	In-game item bought		Pokemon storage upgrade	1	
05/01/2024 04:05:52 UTC	Pokecoin spent for in-game item		POKECOIN		-200
05/01/2024 04:05:52 UTC	In-game item bought		Pokemon storage upgrade	1	
05/01/2024 04:05:55 UTC	Pokecoin spent for in-game item		POKECOIN		-200
05/01/2024 04:05:55 UTC	In-game item bought		Pokemon storage upgrade	1	
05/01/2024 04:05:58 UTC	Pokecoin spent for in-game item		POKECOIN		-200
05/01/2024 04:05:58 UTC	In-game item bought		Pokemon storage upgrade	1	
05/01/2024 04:11:21 UTC	Pokecoin spent for in-game item		POKECOIN		-200
05/01/2024 04:11:21 UTC	In-game item bought		Pokemon storage upgrade	1	
05/01/2024 04:11:24 UTC	Pokecoin spent for in-game item		POKECOIN		-200
05/01/2024 04:11:24 UTC	In-game item bought		Pokemon storage upgrade	1	
05/01/2024 04:11:27 UTC	Pokecoin spent for in-game item		POKECOIN		-200
05/01/2024 04:11:27 UTC	In-game item bought		Pokemon storage upgrade	1	
05/01/2024 04:11:29 UTC	Pokecoin spent for in-game item		POKECOIN		-200
05/01/2024 04:11:29 UTC	In-game item bought		Pokemon storage upgrade	1	
05/01/2024 04:11:32 UTC	Pokecoin spent for in-game item		POKECOIN		-200
05/01/2024 04:11:32 UTC	In-game item bought		Pokemon storage upgrade	1	
05/01/2024 04:11:36 UTC	Pokecoin spent for in-game item		POKECOIN		-200
05/01/2024 04:11:36 UTC	In-game item bought		Pokemon storage upgrade	1	
05/01/2024 04:11:38 UTC	Pokecoin spent for in-game item		POKECOIN		-200
05/01/2024 04:11:38 UTC	In-game item bought		Pokemon storage upgrade	1	
05/01/2024 04:11:41 UTC	Pokecoin spent for in-game item		POKECOIN		-200
05/01/2024 04:11:41 UTC	In-game item bought		Pokemon storage upgrade	1	
05/01/2024 04:11:44 UTC	Pokecoin spent for in-game item		POKECOIN		-200
05/01/2024 04:11:44 UTC	In-game item bought		Pokemon storage upgrade	1	
05/01/2024 04:11:46 UTC	Pokecoin spent for in-game item		POKECOIN		-200
05/01/2024 04:11:46 UTC	In-game item bought		Pokemon storage upgrade	1	
05/01/2024 04:11:49 UTC	Pokecoin spent for in-game item		POKECOIN		-200
05/01/2024 04:11:49 UTC	In-game item bought		Pokemon storage upgrade	1	
05/01/2024 04:11:51 UTC	Pokecoin spent for in-game item		POKECOIN		-200
05/01/2024 04:11:51 UTC	In-game item bought		Pokemon storage upgrade	1	
05/01/2024 04:11:55 UTC	Pokecoin spent for in-game item		POKECOIN		-200
05/01/2024 04:11:55 UTC	In-game item bought		Pokemon storage upgrade	1	
05/01/2024 04:11:57 UTC	Pokecoin spent for in-game item		POKECOIN		-200
05/01/2024 04:11:57 UTC	In-game item bought		Pokemon storage upgrade	1	
05/01/2024 04:12:00 UTC	Pokecoin spent for in-game item		POKECOIN		-200
05/01/2024 04:12:00 UTC	In-game item bought		Pokemon storage upgrade	1	
05/01/2024 04:12:03 UTC	Pokecoin spent for in-game item		POKECOIN		-200
05/01/2024 04:12:03 UTC	In-game item bought		Pokemon storage upgrade	1	
05/01/2024 04:12:06 UTC	Pokecoin spent for in-game item		POKECOIN		-200
05/01/2024 04:12:06 UTC	In-game item bought		Pokemon storage upgrade	1	
05/01/2024 04:12:09 UTC	Pokecoin spent for in-game item		POKECOIN		-200
05/01/2024 04:12:09 UTC	In-game item bought		Pokemon storage upgrade	1	
05/01/2024 04:12:12 UTC	Pokecoin spent for in-game item		POKECOIN		-200
05/01/2024 04:12:12 UTC	In-game item bought		Pokemon storage upgrade	1	
05/01/2024 04:12:15 UTC	Pokecoin spent for in-game item		POKECOIN		-200
05/01/2024 04:12:15 UTC	In-game item bought		Pokemon storage upgrade	1	
05/01/2024 04:33:40 UTC	Pokecoin spent for in-game item		POKECOIN		-580
05/01/2024 04:33:40 UTC	In-game item bought		Egg incubator	1	
05/01/2024 04:33:40 UTC	In-game item bought		ITEM_REMOTE_RAID_TICKET	3	
05/01/2024 05:25:52 UTC	Pokecoin spent for in-game item		POKECOIN		-580
05/01/2024 05:25:52 UTC	In-game item bought		Egg incubator	1	
05/01/2024 05:25:52 UTC	In-game item bought		ITEM_REMOTE_RAID_TICKET	3	
05/01/2024 07:02:27 UTC	Pokecoin spent for in-game item		POKECOIN		0
05/01/2024 07:02:27 UTC	In-game item bought		Poke balls	3	
05/01/2024 07:02:27 UTC	In-game item bought		LPSKU_BUNDLE.GENERAL1.FREE.	1	
05/01/2024 07:02:27 UTC	In-game item bought		Potion	1	
05/02/2024 14:04:56 UTC	Pokecoin spent for in-game item		POKECOIN		0
05/02/2024 14:04:56 UTC	In-game item bought		Poke balls	3	
05/02/2024 14:04:56 UTC	In-game item bought		LPSKU_BUNDLE.GENERAL1.FREE.	1	
05/02/2024 14:04:56 UTC	In-game item bought		Potion	1	
05/03/2024 07:26:28 UTC	Pokecoin spent for in-game item		POKECOIN		0
05/03/2024 07:26:28 UTC	In-game item bought		Poke balls	2	
05/03/2024 07:26:28 UTC	In-game item bought		LPSKU_BUNDLE.GENERAL1.FREE.	1	
05/03/2024 07:26:28 UTC	In-game item bought		Potion	2	
05/04/2024 01:28:15 UTC	Pokecoin spent for in-game item		POKECOIN		-580
05/04/2024 01:28:15 UTC	In-game item bought		Egg incubator	1	
05/04/2024 01:28:15 UTC	In-game item bought		ITEM_REMOTE_RAID_TICKET	3	
05/04/2024 04:08:11 UTC	Pokecoin spent for in-game item		POKECOIN		-580
05/04/2024 04:08:11 UTC	In-game item bought		Egg incubator	1	
05/04/2024 04:08:11 UTC	In-game item bought		ITEM_REMOTE_RAID_TICKET	3	
05/04/2024 16:41:00 UTC	Pokecoin spent for in-game item		POKECOIN		0
05/04/2024 16:41:00 UTC	In-game item bought		Poke balls	3	
05/04/2024 16:41:00 UTC	In-game item bought		LPSKU_BUNDLE.GENERAL1.FREE.	1	
05/04/2024 16:41:00 UTC	In-game item bought		Potion	1	
05/05/2024 16:39:12 UTC	Pokecoin spent for in-game item		POKECOIN		0
05/05/2024 16:39:12 UTC	In-game item bought		Poke balls	3	
05/05/2024 16:39:12 UTC	In-game item bought		Great balls	1	
05/05/2024 16:39:12 UTC	In-game item bought		LPSKU_BUNDLE.GENERAL1.FREE.	1	
05/07/2024 08:33:38 UTC	Pokecoin spent for in-game item		POKECOIN		0
05/07/2024 08:33:38 UTC	In-game item bought		Poke balls	3	
05/07/2024 08:33:38 UTC	In-game item bought		Great balls	1	
05/07/2024 08:33:38 UTC	In-game item bought		LPSKU_BUNDLE.GENERAL1.FREE.	1	
05/08/2024 03:27:43 UTC	Pokecoin spent for in-game item		POKECOIN		0
05/08/2024 03:27:43 UTC	In-game item bought		STICKER_FLAIR_HEART	30	
05/08/2024 03:27:43 UTC	In-game item bought		LPSKU_BUNDLE.FLAIR.FIRSTTIME.	1	
05/08/2024 03:27:43 UTC	In-game item bought		STICKER_FLAIR_STAR	30	
05/09/2024 06:27:24 UTC	Pokecoin spent for in-game item		POKECOIN		0
05/09/2024 06:27:24 UTC	In-game item bought		Razz berry	1	
05/09/2024 06:27:24 UTC	In-game item bought		Poke balls	3	
05/09/2024 06:27:24 UTC	In-game item bought		LPSKU_BUNDLE.GENERAL1.FREE.	1	
05/09/2024 15:52:07 UTC	Pokecoin spent for in-game item		POKECOIN		0
05/09/2024 15:52:07 UTC	In-game item bought		Poke balls	4	
05/09/2024 15:52:07 UTC	In-game item bought		LPSKU_BUNDLE.GENERAL1.FREE.	1	
05/10/2024 01:14:16 UTC	Pokecoin spent for in-game item		POKECOIN		-525
05/10/2024 01:14:16 UTC	In-game item bought		ITEM_REMOTE_RAID_TICKET	3	
05/10/2024 18:37:52 UTC	Pokecoin spent for in-game item		POKECOIN		0
05/10/2024 18:37:52 UTC	In-game item bought		Razz berry	1	
05/10/2024 18:37:52 UTC	In-game item bought		Poke balls	1	
05/10/2024 18:37:52 UTC	In-game item bought		Great balls	1	
05/10/2024 18:37:52 UTC	In-game item bought		LPSKU_BUNDLE.GENERAL1.FREE.	1	
05/10/2024 18:37:52 UTC	In-game item bought		Potion	1	
05/12/2024 02:12:16 UTC	Pokecoin spent for in-game item		POKECOIN		0
05/12/2024 02:12:16 UTC	In-game item bought		Poke balls	1	
05/12/2024 02:12:16 UTC	In-game item bought		Great balls	2	
05/12/2024 02:12:16 UTC	In-game item bought		LPSKU_BUNDLE.GENERAL1.FREE.	1	
05/12/2024 02:12:16 UTC	In-game item bought		Potion	1	
05/12/2024 21:15:26 UTC	Pokecoin spent for in-game item		POKECOIN		0
05/12/2024 21:15:26 UTC	In-game item bought		Poke balls	2	
05/12/2024 21:15:26 UTC	In-game item bought		Great balls	1	
05/12/2024 21:15:26 UTC	In-game item bought		LPSKU_BUNDLE.GENERAL1.FREE.	1	
05/12/2024 21:15:26 UTC	In-game item bought		Potion	1	
05/13/2024 14:50:36 UTC	Pokecoin spent for in-game item		POKECOIN		0
05/13/2024 14:50:36 UTC	In-game item bought		Poke balls	3	
05/13/2024 14:50:36 UTC	In-game item bought		Great balls	1	
05/13/2024 14:50:36 UTC	In-game item bought		LPSKU_BUNDLE.GENERAL1.FREE.	1	
05/14/2024 15:00:25 UTC	Pokecoin spent for in-game item		POKECOIN		0
05/14/2024 15:00:25 UTC	In-game item bought		Poke balls	3	
05/14/2024 15:00:25 UTC	In-game item bought		LPSKU_BUNDLE.GENERAL1.FREE.	1	
05/14/2024 15:00:25 UTC	In-game item bought		Potion	1	
05/15/2024 14:55:17 UTC	Pokecoin spent for in-game item		POKECOIN		0
05/15/2024 14:55:17 UTC	In-game item bought		Poke balls	2	
05/15/2024 14:55:17 UTC	In-game item bought		Great balls	1	
05/15/2024 14:55:17 UTC	In-game item bought		LPSKU_BUNDLE.GENERAL1.FREE.	1	
05/15/2024 14:55:17 UTC	In-game item bought		Potion	1	
05/16/2024 14:37:53 UTC	Pokecoin spent for in-game item		POKECOIN		0
05/16/2024 14:37:53 UTC	In-game item bought		Razz berry	1	
05/16/2024 14:37:53 UTC	In-game item bought		Poke balls	2	
05/16/2024 14:37:53 UTC	In-game item bought		LPSKU_BUNDLE.GENERAL1.FREE.	1	
05/16/2024 14:37:53 UTC	In-game item bought		Potion	1	
05/20/2024 15:29:38 UTC	Pokecoin spent for in-game item		POKECOIN		0
05/20/2024 15:29:38 UTC	In-game item bought		Poke balls	3	
05/20/2024 15:29:38 UTC	In-game item bought		LPSKU_BUNDLE.GENERAL1.FREE.	1	
05/20/2024 15:29:38 UTC	In-game item bought		Potion	1	
05/21/2024 19:34:25 UTC	Pokecoin spent for in-game item		POKECOIN		0
05/21/2024 19:34:25 UTC	In-game item bought		Poke balls	1	
05/21/2024 19:34:25 UTC	In-game item bought		Great balls	1	
05/21/2024 19:34:25 UTC	In-game item bought		LPSKU_BUNDLE.GENERAL1.FREE.	1	
05/21/2024 19:34:25 UTC	In-game item bought		Potion	2	
05/21/2024 19:35:28 UTC	Pokecoin spent for in-game item		POKECOIN		-525
05/21/2024 19:35:28 UTC	In-game item bought		ITEM_REMOTE_RAID_TICKET	3	
05/22/2024 15:58:43 UTC	Pokecoin spent for in-game item		POKECOIN		0
05/22/2024 15:58:43 UTC	In-game item bought		Razz berry	1	
05/22/2024 15:58:43 UTC	In-game item bought		Poke balls	1	
05/22/2024 15:58:43 UTC	In-game item bought		Great balls	2	
05/22/2024 15:58:43 UTC	In-game item bought		LPSKU_BUNDLE.GENERAL1.FREE.	1	
05/23/2024 06:42:28 UTC	Pokecoin spent for in-game item		POKECOIN		-525
05/23/2024 06:42:28 UTC	In-game item bought		ITEM_REMOTE_RAID_TICKET	3	
05/24/2024 00:28:15 UTC	Pokecoin spent for in-game item		POKECOIN		-595
05/24/2024 00:28:15 UTC	In-game item bought		Raid pass (paid)	2	
05/24/2024 00:28:15 UTC	In-game item bought		ITEM_REMOTE_RAID_TICKET	3	
05/24/2024 00:30:37 UTC	Pokecoin spent for in-game item		POKECOIN		0
05/24/2024 00:30:37 UTC	In-game item bought		Razz berry	1	
05/24/2024 00:30:37 UTC	In-game item bought		Poke balls	2	
05/24/2024 00:30:37 UTC	In-game item bought		LPSKU_BUNDLE.GENERAL1.FREE.	1	
05/24/2024 00:30:37 UTC	In-game item bought		Potion	1	
05/24/2024 02:37:52 UTC	Pokecoin spent for in-game item		POKECOIN		-595
05/24/2024 02:37:52 UTC	In-game item bought		Raid pass (paid)	2	
05/24/2024 02:37:52 UTC	In-game item bought		ITEM_REMOTE_RAID_TICKET	3	
05/24/2024 16:39:38 UTC	Pokecoin spent for in-game item		POKECOIN		0
05/24/2024 16:39:38 UTC	In-game item bought		Poke balls	2	
05/24/2024 16:39:38 UTC	In-game item bought		Great balls	1	
05/24/2024 16:39:38 UTC	In-game item bought		LPSKU_BUNDLE.GENERAL1.FREE.	1	
05/24/2024 16:39:38 UTC	In-game item bought		Potion	1	
05/24/2024 18:58:17 UTC	Pokecoin spent for in-game item		POKECOIN		-595
05/24/2024 18:58:17 UTC	In-game item bought		Raid pass (paid)	2	
05/24/2024 18:58:17 UTC	In-game item bought		ITEM_REMOTE_RAID_TICKET	3	
05/25/2024 08:27:26 UTC	Pokecoin spent for in-game item		POKECOIN		-595
05/25/2024 08:27:26 UTC	In-game item bought		Raid pass (paid)	2	
05/25/2024 08:27:26 UTC	In-game item bought		ITEM_REMOTE_RAID_TICKET	3	
05/25/2024 08:27:33 UTC	Pokecoin spent for in-game item		POKECOIN		0
05/25/2024 08:27:33 UTC	In-game item bought		Razz berry	1	
05/25/2024 08:27:33 UTC	In-game item bought		Poke balls	1	
05/25/2024 08:27:33 UTC	In-game item bought		Great balls	1	
05/25/2024 08:27:33 UTC	In-game item bought		LPSKU_BUNDLE.GENERAL1.FREE.	1	
05/25/2024 08:27:33 UTC	In-game item bought		Potion	1	
05/26/2024 00:11:51 UTC	Pokecoin spent for in-game item		POKECOIN		-595
05/26/2024 00:11:51 UTC	In-game item bought		Raid pass (paid)	2	
05/26/2024 00:11:51 UTC	In-game item bought		ITEM_REMOTE_RAID_TICKET	3	
05/26/2024 04:23:22 UTC	Pokecoin spent for in-game item		POKECOIN		-200
05/26/2024 04:23:22 UTC	In-game item bought		Pokemon storage upgrade	1	
05/26/2024 04:23:25 UTC	Pokecoin spent for in-game item		POKECOIN		-200
05/26/2024 04:23:25 UTC	In-game item bought		Pokemon storage upgrade	1	
05/26/2024 04:23:28 UTC	Pokecoin spent for in-game item		POKECOIN		-200
05/26/2024 04:23:28 UTC	In-game item bought		Pokemon storage upgrade	1	
05/26/2024 04:23:31 UTC	Pokecoin spent for in-game item		POKECOIN		-200
05/26/2024 04:23:31 UTC	In-game item bought		Pokemon storage upgrade	1	
05/26/2024 04:23:34 UTC	Pokecoin spent for in-game item		POKECOIN		-200
05/26/2024 04:23:34 UTC	In-game item bought		Pokemon storage upgrade	1	
05/26/2024 04:23:37 UTC	Pokecoin spent for in-game item		POKECOIN		-200
05/26/2024 04:23:37 UTC	In-game item bought		Pokemon storage upgrade	1	
05/26/2024 04:23:40 UTC	Pokecoin spent for in-game item		POKECOIN		-200
05/26/2024 04:23:40 UTC	In-game item bought		Pokemon storage upgrade	1	
05/26/2024 04:23:43 UTC	Pokecoin spent for in-game item		POKECOIN		-200
05/26/2024 04:23:43 UTC	In-game item bought		Pokemon storage upgrade	1	
05/26/2024 04:23:46 UTC	Pokecoin spent for in-game item		POKECOIN		-200
05/26/2024 04:23:46 UTC	In-game item bought		Pokemon storage upgrade	1	
05/26/2024 04:23:49 UTC	Pokecoin spent for in-game item		POKECOIN		-200
05/26/2024 04:23:49 UTC	In-game item bought		Pokemon storage upgrade	1	
05/26/2024 04:23:51 UTC	Pokecoin spent for in-game item		POKECOIN		-200
05/26/2024 04:23:51 UTC	In-game item bought		Pokemon storage upgrade	1	
05/26/2024 04:23:54 UTC	Pokecoin spent for in-game item		POKECOIN		-200
05/26/2024 04:23:54 UTC	In-game item bought		Pokemon storage upgrade	1	
05/26/2024 04:23:57 UTC	Pokecoin spent for in-game item		POKECOIN		-200
05/26/2024 04:23:57 UTC	In-game item bought		Pokemon storage upgrade	1	
05/26/2024 04:24:00 UTC	Pokecoin spent for in-game item		POKECOIN		-200
05/26/2024 04:24:00 UTC	In-game item bought		Pokemon storage upgrade	1	
05/26/2024 04:24:03 UTC	Pokecoin spent for in-game item		POKECOIN		-200
05/26/2024 04:24:03 UTC	In-game item bought		Pokemon storage upgrade	1	
05/26/2024 04:24:06 UTC	Pokecoin spent for in-game item		POKECOIN		-200
05/26/2024 04:24:06 UTC	In-game item bought		Pokemon storage upgrade	1	
05/26/2024 04:24:24 UTC	Pokecoin spent for in-game item		POKECOIN		-200
05/26/2024 04:24:24 UTC	In-game item bought		Pokemon storage upgrade	1	
05/26/2024 04:24:26 UTC	Pokecoin spent for in-game item		POKECOIN		-200
05/26/2024 04:24:26 UTC	In-game item bought		Pokemon storage upgrade	1	
05/26/2024 04:24:29 UTC	Pokecoin spent for in-game item		POKECOIN		-200
05/26/2024 04:24:29 UTC	In-game item bought		Pokemon storage upgrade	1	
05/26/2024 04:24:32 UTC	Pokecoin spent for in-game item		POKECOIN		-200
05/26/2024 04:24:32 UTC	In-game item bought		Pokemon storage upgrade	1	
05/26/2024 04:24:35 UTC	Pokecoin spent for in-game item		POKECOIN		-200
05/26/2024 04:24:35 UTC	In-game item bought		Pokemon storage upgrade	1	
05/26/2024 11:36:40 UTC	Pokecoin spent for in-game item		POKECOIN		0
05/26/2024 11:36:40 UTC	In-game item bought		Poke balls	2	
05/26/2024 11:36:40 UTC	In-game item bought		Great balls	1	
05/26/2024 11:36:40 UTC	In-game item bought		LPSKU_BUNDLE.GENERAL1.FREE.	1	
05/26/2024 11:36:40 UTC	In-game item bought		Potion	1	
05/26/2024 20:00:28 UTC	Pokecoin spent for in-game item		POKECOIN		-1
05/26/2024 20:00:28 UTC	In-game item bought		LPSKU_BUNDLE.GENERAL1.MEDIUM.	1	
05/26/2024 20:00:28 UTC	In-game item bought		Incense	1	
05/26/2024 20:00:39 UTC	Pokecoin spent for in-game item		POKECOIN		-595
05/26/2024 20:00:39 UTC	In-game item bought		Raid pass (paid)	2	
05/26/2024 20:00:39 UTC	In-game item bought		ITEM_REMOTE_RAID_TICKET	3	
05/27/2024 04:14:53 UTC	Pokecoin spent for in-game item		POKECOIN		-595
05/27/2024 04:14:53 UTC	In-game item bought		Raid pass (paid)	2	
05/27/2024 04:14:53 UTC	In-game item bought		ITEM_REMOTE_RAID_TICKET	3	
05/27/2024 04:18:08 UTC	Pokecoin spent for in-game item		POKECOIN		-5425
05/27/2024 04:18:08 UTC	In-game item bought		Raid pass (paid)	99	
05/27/2024 04:18:08 UTC	In-game item bought		Fast TM	2	
05/27/2024 04:18:08 UTC	In-game item bought		Star pieces	2	
05/27/2024 04:18:08 UTC	In-game item bought		Charged TM	2	
05/27/2024 05:23:20 UTC	Pokecoin bought	GOOGLE	POKECOIN		14500	2.899	INR
05/27/2024 05:23:43 UTC	Pokecoin bought	GOOGLE	POKECOIN		14500	2.899	INR
05/27/2024 23:52:58 UTC	Pokecoin spent for in-game item		POKECOIN		-595
05/27/2024 23:52:58 UTC	In-game item bought		Raid pass (paid)	2	
05/27/2024 23:52:58 UTC	In-game item bought		ITEM_REMOTE_RAID_TICKET	3	
05/27/2024 23:53:01 UTC	Pokecoin spent for in-game item		POKECOIN		0
05/27/2024 23:53:01 UTC	In-game item bought		Poke balls	2	
05/27/2024 23:53:01 UTC	In-game item bought		Great balls	1	
05/27/2024 23:53:01 UTC	In-game item bought		LPSKU_BUNDLE.GENERAL1.FREE.	1	
05/27/2024 23:53:01 UTC	In-game item bought		Potion	1	
05/28/2024 00:13:49 UTC	Pokecoin spent for in-game item		POKECOIN		-595
05/28/2024 00:13:50 UTC	In-game item bought		Raid pass (paid)	2	
05/28/2024 00:13:50 UTC	In-game item bought		ITEM_REMOTE_RAID_TICKET	3	
05/28/2024 06:40:15 UTC	Pokecoin spent for in-game item		POKECOIN		-200
05/28/2024 06:40:15 UTC	In-game item bought		Pokemon storage upgrade	1	
05/28/2024 06:40:18 UTC	Pokecoin spent for in-game item		POKECOIN		-200
05/28/2024 06:40:18 UTC	In-game item bought		Pokemon storage upgrade	1	
05/28/2024 06:40:21 UTC	Pokecoin spent for in-game item		POKECOIN		-200
05/28/2024 06:40:21 UTC	In-game item bought		Pokemon storage upgrade	1	
05/28/2024 06:40:24 UTC	Pokecoin spent for in-game item		POKECOIN		-200
05/28/2024 06:40:24 UTC	In-game item bought		Pokemon storage upgrade	1	
05/28/2024 06:40:26 UTC	Pokecoin spent for in-game item		POKECOIN		-200
05/28/2024 06:40:26 UTC	In-game item bought		Pokemon storage upgrade	1	
05/28/2024 06:40:29 UTC	Pokecoin spent for in-game item		POKECOIN		-200
05/28/2024 06:40:29 UTC	In-game item bought		Pokemon storage upgrade	1	
05/28/2024 06:40:32 UTC	Pokecoin spent for in-game item		POKECOIN		-200
05/28/2024 06:40:32 UTC	In-game item bought		Pokemon storage upgrade	1	
05/28/2024 07:53:45 UTC	Pokecoin spent for in-game item		POKECOIN		-450
05/28/2024 07:53:45 UTC	In-game item bought		Raid pass (paid)	3	
05/28/2024 07:53:45 UTC	In-game item bought		ITEM_REMOTE_RAID_TICKET	2	
05/28/2024 16:00:01 UTC	Pokecoin spent for in-game item		POKECOIN		0
05/28/2024 16:00:01 UTC	In-game item bought		Poke balls	3	
05/28/2024 16:00:01 UTC	In-game item bought		Great balls	1	
05/28/2024 16:00:01 UTC	In-game item bought		LPSKU_BUNDLE.GENERAL1.FREE.	1	
05/29/2024 06:18:24 UTC	Pokecoin spent for in-game item		POKECOIN		-450
05/29/2024 06:18:24 UTC	In-game item bought		Raid pass (paid)	3	
05/29/2024 06:18:24 UTC	In-game item bought		ITEM_REMOTE_RAID_TICKET	2	
05/29/2024 07:15:03 UTC	Pokecoin spent for in-game item		POKECOIN		-450
05/29/2024 07:15:03 UTC	In-game item bought		Raid pass (paid)	3	
05/29/2024 07:15:03 UTC	In-game item bought		ITEM_REMOTE_RAID_TICKET	2	
05/29/2024 22:32:35 UTC	Pokecoin spent for in-game item		POKECOIN		0
05/29/2024 22:32:35 UTC	In-game item bought		Poke balls	3	
05/29/2024 22:32:35 UTC	In-game item bought		LPSKU_BUNDLE.GENERAL1.FREE.	1	
05/29/2024 22:32:35 UTC	In-game item bought		Potion	1	
05/29/2024 23:23:44 UTC	Pokecoin spent for in-game item		POKECOIN		-450
05/29/2024 23:23:44 UTC	In-game item bought		Raid pass (paid)	3	
05/29/2024 23:23:44 UTC	In-game item bought		ITEM_REMOTE_RAID_TICKET	2	
05/30/2024 07:43:59 UTC	Pokecoin spent for in-game item		POKECOIN		0
05/30/2024 07:43:59 UTC	In-game item bought		Poke balls	3	
05/30/2024 07:43:59 UTC	In-game item bought		LPSKU_BUNDLE.GENERAL1.FREE.	1	
05/30/2024 07:43:59 UTC	In-game item bought		Potion	1	
05/30/2024 10:29:00 UTC	Pokecoin spent for in-game item		POKECOIN		-450
05/30/2024 10:29:00 UTC	In-game item bought		Raid pass (paid)	3	
05/30/2024 10:29:00 UTC	In-game item bought		ITEM_REMOTE_RAID_TICKET	2	
05/30/2024 10:29:03 UTC	Pokecoin spent for in-game item		POKECOIN		-450
05/30/2024 10:29:03 UTC	In-game item bought		Raid pass (paid)	3	
05/30/2024 10:29:03 UTC	In-game item bought		ITEM_REMOTE_RAID_TICKET	2	
05/31/2024 07:22:58 UTC	Pokecoin spent for in-game item		POKECOIN		0
05/31/2024 07:22:58 UTC	In-game item bought		Poke balls	2	
05/31/2024 07:22:58 UTC	In-game item bought		Great balls	2	
05/31/2024 07:22:58 UTC	In-game item bought		LPSKU_BUNDLE.GENERAL1.FREE.	1	
05/31/2024 07:39:07 UTC	Pokecoin spent for in-game item		POKECOIN		-450
05/31/2024 07:39:07 UTC	In-game item bought		Raid pass (paid)	3	
05/31/2024 07:39:07 UTC	In-game item bought		ITEM_REMOTE_RAID_TICKET	2	
05/31/2024 22:18:58 UTC	Pokecoin spent for in-game item		POKECOIN		-450
05/31/2024 22:18:58 UTC	In-game item bought		Raid pass (paid)	3	
05/31/2024 22:18:58 UTC	In-game item bought		ITEM_REMOTE_RAID_TICKET	2	
05/31/2024 22:24:31 UTC	Pokecoin spent for in-game item		POKECOIN		-450
05/31/2024 22:24:31 UTC	In-game item bought		Raid pass (paid)	3	
05/31/2024 22:24:31 UTC	In-game item bought		ITEM_REMOTE_RAID_TICKET	2	
06/01/2024 07:18:42 UTC	Pokecoin spent for in-game item		POKECOIN		0
06/01/2024 07:18:42 UTC	In-game item bought		Poke balls	2	
06/01/2024 07:18:42 UTC	In-game item bought		Great balls	1	
06/01/2024 07:18:42 UTC	In-game item bought		LPSKU_BUNDLE.GENERAL1.FREE.	1	
06/01/2024 07:18:42 UTC	In-game item bought		Potion	1	
06/01/2024 21:58:15 UTC	Pokecoin spent for in-game item		POKECOIN		-425
06/01/2024 21:58:15 UTC	In-game item bought		Raid pass (paid)	2	
06/01/2024 21:58:15 UTC	In-game item bought		ITEM_REMOTE_RAID_TICKET	2	
06/01/2024 23:47:30 UTC	Pokecoin spent for in-game item		POKECOIN		-425
06/01/2024 23:47:30 UTC	In-game item bought		Raid pass (paid)	2	
06/01/2024 23:47:30 UTC	In-game item bought		ITEM_REMOTE_RAID_TICKET	2	
06/02/2024 01:22:22 UTC	Pokecoin spent for in-game item		POKECOIN		0
06/02/2024 01:22:22 UTC	In-game item bought		ITEM_BATTLE_PASS_TICKET	1	
06/02/2024 04:33:22 UTC	Pokecoin spent for in-game item		POKECOIN		-425
06/02/2024 04:33:22 UTC	In-game item bought		Raid pass (paid)	2	
06/02/2024 04:33:22 UTC	In-game item bought		ITEM_REMOTE_RAID_TICKET	2	
06/02/2024 08:10:51 UTC	Pokecoin spent for in-game item		POKECOIN		0
06/02/2024 08:10:51 UTC	In-game item bought		Poke balls	2	
06/02/2024 08:10:51 UTC	In-game item bought		Great balls	1	
06/02/2024 08:10:51 UTC	In-game item bought		LPSKU_BUNDLE.GENERAL1.FREE.	1	
06/02/2024 08:10:51 UTC	In-game item bought		Potion	1	
06/02/2024 08:54:22 UTC	Pokecoin spent for in-game item		POKECOIN		-425
06/02/2024 08:54:22 UTC	In-game item bought		Raid pass (paid)	2	
06/02/2024 08:54:22 UTC	In-game item bought		ITEM_REMOTE_RAID_TICKET	2	
06/03/2024 18:19:31 UTC	Pokecoin spent for in-game item		POKECOIN		0
06/03/2024 18:19:31 UTC	In-game item bought		Poke balls	1	
06/03/2024 18:19:31 UTC	In-game item bought		Great balls	1	
06/03/2024 18:19:31 UTC	In-game item bought		LPSKU_BUNDLE.GENERAL1.FREE.	1	
06/03/2024 18:19:31 UTC	In-game item bought		Potion	2	
06/04/2024 06:28:03 UTC	Pokecoin spent for in-game item		POKECOIN		-425
06/04/2024 06:28:03 UTC	In-game item bought		Raid pass (paid)	2	
06/04/2024 06:28:03 UTC	In-game item bought		ITEM_REMOTE_RAID_TICKET	2	
06/04/2024 06:28:05 UTC	Pokecoin spent for in-game item		POKECOIN		-425
06/04/2024 06:28:05 UTC	In-game item bought		Raid pass (paid)	2	
06/04/2024 06:28:05 UTC	In-game item bought		ITEM_REMOTE_RAID_TICKET	2	
06/04/2024 07:52:47 UTC	Pokecoin spent for in-game item		POKECOIN		-425
06/04/2024 07:52:47 UTC	In-game item bought		Raid pass (paid)	2	
06/04/2024 07:52:47 UTC	In-game item bought		ITEM_REMOTE_RAID_TICKET	2	
06/04/2024 20:29:31 UTC	Pokecoin spent for in-game item		POKECOIN		0
06/04/2024 20:29:31 UTC	In-game item bought		Poke balls	3	
06/04/2024 20:29:31 UTC	In-game item bought		LPSKU_BUNDLE.GENERAL1.FREE.	1	
06/04/2024 20:29:31 UTC	In-game item bought		Potion	1	
06/05/2024 03:42:33 UTC	Pokecoin spent for in-game item		POKECOIN		-425
06/05/2024 03:42:33 UTC	In-game item bought		Raid pass (paid)	2	
06/05/2024 03:42:33 UTC	In-game item bought		ITEM_REMOTE_RAID_TICKET	2	
06/05/2024 03:42:37 UTC	Pokecoin spent for in-game item		POKECOIN		-425
06/05/2024 03:42:37 UTC	In-game item bought		Raid pass (paid)	2	
06/05/2024 03:42:37 UTC	In-game item bought		ITEM_REMOTE_RAID_TICKET	2	
06/05/2024 07:57:04 UTC	Pokecoin spent for in-game item		POKECOIN		0
06/05/2024 07:57:04 UTC	In-game item bought		Poke balls	3	
06/05/2024 07:57:04 UTC	In-game item bought		Great balls	1	
06/05/2024 07:57:04 UTC	In-game item bought		LPSKU_BUNDLE.GENERAL1.FREE.	1	
06/05/2024 09:32:30 UTC	Pokecoin spent for in-game item		POKECOIN		-425
06/05/2024 09:32:30 UTC	In-game item bought		Raid pass (paid)	2	
06/05/2024 09:32:30 UTC	In-game item bought		ITEM_REMOTE_RAID_TICKET	2	
06/05/2024 21:38:36 UTC	Pokecoin spent for in-game item		POKECOIN		-1730
06/05/2024 21:38:36 UTC	In-game item bought		Incense	2	
06/05/2024 21:38:36 UTC	In-game item bought		Egg incubator	16	
06/06/2024 08:54:39 UTC	Pokecoin spent for in-game item		POKECOIN		-425
06/06/2024 08:54:39 UTC	In-game item bought		Raid pass (paid)	2	
06/06/2024 08:54:39 UTC	In-game item bought		ITEM_REMOTE_RAID_TICKET	2	
06/06/2024 09:02:25 UTC	Pokecoin spent for in-game item		POKECOIN		0
06/06/2024 09:02:25 UTC	In-game item bought		Razz berry	1	
06/06/2024 09:02:25 UTC	In-game item bought		Poke balls	1	
06/06/2024 09:02:25 UTC	In-game item bought		Great balls	1	
06/06/2024 09:02:25 UTC	In-game item bought		LPSKU_BUNDLE.GENERAL1.FREE.	1	
06/06/2024 09:02:25 UTC	In-game item bought		Potion	1	
06/06/2024 09:23:36 UTC	Pokecoin spent for in-game item		POKECOIN		-425
06/06/2024 09:23:36 UTC	In-game item bought		Raid pass (paid)	2	
06/06/2024 09:23:36 UTC	In-game item bought		ITEM_REMOTE_RAID_TICKET	2	
06/07/2024 00:37:52 UTC	Pokecoin bought	GOOGLE	POKECOIN		14500	99.99	USD
06/07/2024 07:29:24 UTC	Pokecoin spent for in-game item		POKECOIN		0
06/07/2024 07:29:24 UTC	In-game item bought		Razz berry	1	
06/07/2024 07:29:24 UTC	In-game item bought		Poke balls	3	
06/07/2024 07:29:24 UTC	In-game item bought		LPSKU_BUNDLE.GENERAL1.FREE.	1	
06/07/2024 17:24:14 UTC	Pokecoin spent for in-game item		POKECOIN		-5250
06/07/2024 17:24:14 UTC	In-game item bought		Egg incubator	60	
06/08/2024 04:23:48 UTC	Pokecoin spent for in-game item		POKECOIN		-500
06/08/2024 04:23:48 UTC	In-game item bought		Super potion	10	
06/08/2024 04:23:48 UTC	In-game item bought		ITEM_REMOTE_RAID_TICKET	3	
06/08/2024 04:23:48 UTC	In-game item bought		Lucky egg	1	
06/08/2024 08:22:21 UTC	Pokecoin spent for in-game item		POKECOIN		-525
06/08/2024 08:22:21 UTC	In-game item bought		ITEM_REMOTE_RAID_TICKET	3	
06/08/2024 08:40:37 UTC	Pokecoin spent for in-game item		POKECOIN		0
06/08/2024 08:40:37 UTC	In-game item bought		Poke balls	2	
06/08/2024 08:40:37 UTC	In-game item bought		Great balls	1	
06/08/2024 08:40:37 UTC	In-game item bought		LPSKU_BUNDLE.GENERAL1.FREE.	1	
06/08/2024 08:40:37 UTC	In-game item bought		Potion	1	
06/08/2024 08:40:41 UTC	Pokecoin spent for in-game item		POKECOIN		-525
06/08/2024 08:40:41 UTC	In-game item bought		ITEM_REMOTE_RAID_TICKET	3	
06/09/2024 07:00:05 UTC	Pokecoin spent for in-game item		POKECOIN		-100
06/09/2024 07:00:05 UTC	In-game item bought		ITEM_POSTCARD_STORAGE_UPGRADE	1	
06/09/2024 07:00:08 UTC	Pokecoin spent for in-game item		POKECOIN		-100
06/09/2024 07:00:08 UTC	In-game item bought		ITEM_POSTCARD_STORAGE_UPGRADE	1	
06/09/2024 07:00:10 UTC	Pokecoin spent for in-game item		POKECOIN		-100
06/09/2024 07:00:10 UTC	In-game item bought		ITEM_POSTCARD_STORAGE_UPGRADE	1	
06/09/2024 08:14:01 UTC	Pokecoin spent for in-game item		POKECOIN		0
06/09/2024 08:14:01 UTC	In-game item bought		Poke balls	1	
06/09/2024 08:14:01 UTC	In-game item bought		Great balls	1	
06/09/2024 08:14:01 UTC	In-game item bought		LPSKU_BUNDLE.GENERAL1.FREE.	1	
06/09/2024 08:14:01 UTC	In-game item bought		Potion	2	
06/09/2024 08:14:05 UTC	Pokecoin spent for in-game item		POKECOIN		-525
06/09/2024 08:14:05 UTC	In-game item bought		ITEM_REMOTE_RAID_TICKET	3	
06/10/2024 19:12:02 UTC	Pokecoin spent for in-game item		POKECOIN		0
06/10/2024 19:12:02 UTC	In-game item bought		Razz berry	1	
06/10/2024 19:12:02 UTC	In-game item bought		Poke balls	3	
06/10/2024 19:12:02 UTC	In-game item bought		LPSKU_BUNDLE.GENERAL1.FREE.	1	
06/11/2024 20:58:57 UTC	Pokecoin spent for in-game item		POKECOIN		0
06/11/2024 20:58:57 UTC	In-game item bought		Poke balls	3	
06/11/2024 20:58:57 UTC	In-game item bought		LPSKU_BUNDLE.GENERAL1.FREE.	1	
06/11/2024 20:58:57 UTC	In-game item bought		Potion	1	
06/12/2024 17:07:16 UTC	Pokecoin spent for in-game item		POKECOIN		-425
06/12/2024 17:07:16 UTC	In-game item bought		Raid pass (paid)	3	
06/12/2024 17:07:16 UTC	In-game item bought		ITEM_REMOTE_RAID_TICKET	2	
06/12/2024 17:07:21 UTC	Pokecoin spent for in-game item		POKECOIN		0
06/12/2024 17:07:21 UTC	In-game item bought		Poke balls	1	
06/12/2024 17:07:21 UTC	In-game item bought		Great balls	2	
06/12/2024 17:07:21 UTC	In-game item bought		LPSKU_BUNDLE.GENERAL1.FREE.	1	
06/12/2024 17:07:21 UTC	In-game item bought		Potion	1	
06/13/2024 00:43:42 UTC	Pokecoin spent for in-game item		POKECOIN		-425
06/13/2024 00:43:42 UTC	In-game item bought		Raid pass (paid)	3	
06/13/2024 00:43:42 UTC	In-game item bought		ITEM_REMOTE_RAID_TICKET	2	
06/13/2024 20:14:53 UTC	Pokecoin spent for in-game item		POKECOIN		0
06/13/2024 20:14:53 UTC	In-game item bought		Poke balls	3	
06/13/2024 20:14:53 UTC	In-game item bought		Great balls	1	
06/13/2024 20:14:53 UTC	In-game item bought		LPSKU_BUNDLE.GENERAL1.FREE.	1	
06/14/2024 17:43:27 UTC	Pokecoin spent for in-game item		POKECOIN		0
06/14/2024 17:43:27 UTC	In-game item bought		Poke balls	3	
06/14/2024 17:43:27 UTC	In-game item bought		LPSKU_BUNDLE.GENERAL1.FREE.	1	
06/14/2024 17:43:27 UTC	In-game item bought		Potion	1	
06/15/2024 10:46:02 UTC	Pokecoin spent for in-game item		POKECOIN		0
06/15/2024 10:46:02 UTC	In-game item bought		Poke balls	2	
06/15/2024 10:46:02 UTC	In-game item bought		Great balls	2	
06/15/2024 10:46:02 UTC	In-game item bought		LPSKU_BUNDLE.GENERAL1.FREE.	1	
06/15/2024 10:50:31 UTC	Pokecoin spent for in-game item		POKECOIN		-525
06/15/2024 10:50:31 UTC	In-game item bought		ITEM_REMOTE_RAID_TICKET	3	
06/15/2024 11:16:26 UTC	Pokecoin spent for in-game item		POKECOIN		-80
06/15/2024 11:16:26 UTC	In-game item bought		STICKER_PGO_FEST_2024	30	
06/16/2024 05:23:04 UTC	Pokecoin spent for in-game item		POKECOIN		-320
06/16/2024 05:23:04 UTC	In-game item bought		ITEM_REMOTE_RAID_TICKET	2	
06/16/2024 05:23:04 UTC	In-game item bought		ITEM_GOLDEN_PINAP_BERRY	2	
06/16/2024 07:28:11 UTC	Pokecoin spent for in-game item		POKECOIN		-525
06/16/2024 07:28:11 UTC	In-game item bought		ITEM_REMOTE_RAID_TICKET	3	
06/16/2024 07:43:39 UTC	Pokecoin spent for in-game item		POKECOIN		0
06/16/2024 07:43:39 UTC	In-game item bought		Poke balls	1	
06/16/2024 07:43:39 UTC	In-game item bought		Great balls	1	
06/16/2024 07:43:39 UTC	In-game item bought		LPSKU_BUNDLE.GENERAL1.FREE.	1	
06/16/2024 07:43:39 UTC	In-game item bought		Potion	2	
06/16/2024 07:43:41 UTC	Pokecoin spent for in-game item		POKECOIN		-525
06/16/2024 07:43:41 UTC	In-game item bought		ITEM_REMOTE_RAID_TICKET	3	
06/16/2024 20:24:23 UTC	Pokecoin spent for in-game item		POKECOIN		-5250
06/16/2024 20:24:23 UTC	In-game item bought		Egg incubator	60	
06/16/2024 20:24:41 UTC	Pokecoin spent for in-game item		POKECOIN		-5250
06/16/2024 20:24:41 UTC	In-game item bought		Egg incubator	60	
06/17/2024 16:22:54 UTC	Pokecoin spent for in-game item		POKECOIN		0
06/17/2024 16:22:54 UTC	In-game item bought		Poke balls	2	
06/17/2024 16:22:54 UTC	In-game item bought		LPSKU_BUNDLE.GENERAL1.FREE.	1	
06/17/2024 16:22:54 UTC	In-game item bought		Potion	2	
06/18/2024 11:59:59 UTC	Pokecoin spent for in-game item		POKECOIN		0
06/18/2024 11:59:59 UTC	In-game item bought		Poke balls	1	
06/18/2024 11:59:59 UTC	In-game item bought		Great balls	1	
06/18/2024 11:59:59 UTC	In-game item bought		LPSKU_BUNDLE.GENERAL1.FREE.	1	
06/18/2024 11:59:59 UTC	In-game item bought		Potion	2	
06/19/2024 04:09:21 UTC	Pokecoin spent for in-game item		POKECOIN		-580
06/19/2024 04:09:21 UTC	In-game item bought		Egg incubator	1	
06/19/2024 04:09:21 UTC	In-game item bought		ITEM_REMOTE_RAID_TICKET	3	
06/19/2024 07:12:45 UTC	Pokecoin spent for in-game item		POKECOIN		0
06/19/2024 07:12:45 UTC	In-game item bought		Poke balls	4	
06/19/2024 07:12:45 UTC	In-game item bought		LPSKU_BUNDLE.GENERAL1.FREE.	1	
06/19/2024 07:19:33 UTC	Pokecoin spent for in-game item		POKECOIN		-575
06/19/2024 07:19:33 UTC	In-game item bought		Star pieces	3	
06/19/2024 07:19:33 UTC	In-game item bought		ITEM_REMOTE_RAID_TICKET	3	
06/19/2024 07:54:54 UTC	Pokecoin spent for in-game item		POKECOIN		-575
06/19/2024 07:54:54 UTC	In-game item bought		Star pieces	3	
06/19/2024 07:54:54 UTC	In-game item bought		ITEM_REMOTE_RAID_TICKET	3	
06/20/2024 19:30:27 UTC	Pokecoin spent for in-game item		POKECOIN		0
06/20/2024 19:30:27 UTC	In-game item bought		Poke balls	2	
06/20/2024 19:30:27 UTC	In-game item bought		Great balls	1	
06/20/2024 19:30:27 UTC	In-game item bought		LPSKU_BUNDLE.GENERAL1.FREE.	1	
06/20/2024 19:30:27 UTC	In-game item bought		Potion	1	
06/21/2024 08:00:47 UTC	Pokecoin spent for in-game item		POKECOIN		0
06/21/2024 08:00:47 UTC	In-game item bought		Poke balls	4	
06/21/2024 08:00:47 UTC	In-game item bought		LPSKU_BUNDLE.GENERAL1.FREE.	1	
06/21/2024 08:20:43 UTC	Pokecoin spent for in-game item		POKECOIN		-525
06/21/2024 08:20:43 UTC	In-game item bought		ITEM_REMOTE_RAID_TICKET	3	
06/22/2024 07:34:39 UTC	Pokecoin spent for in-game item		POKECOIN		0
06/22/2024 07:34:39 UTC	In-game item bought		Poke balls	3	
06/22/2024 07:34:39 UTC	In-game item bought		LPSKU_BUNDLE.GENERAL1.FREE.	1	
06/22/2024 07:34:39 UTC	In-game item bought		Potion	1	
06/22/2024 07:35:56 UTC	Pokecoin spent for in-game item		POKECOIN		-525
06/22/2024 07:35:56 UTC	In-game item bought		ITEM_REMOTE_RAID_TICKET	3	
06/23/2024 02:11:20 UTC	Pokecoin spent for in-game item		POKECOIN		-525
06/23/2024 02:11:20 UTC	In-game item bought		ITEM_REMOTE_RAID_TICKET	3	
06/23/2024 08:30:44 UTC	Pokecoin spent for in-game item		POKECOIN		0
06/23/2024 08:30:44 UTC	In-game item bought		Poke balls	2	
06/23/2024 08:30:44 UTC	In-game item bought		Great balls	1	
06/23/2024 08:30:44 UTC	In-game item bought		LPSKU_BUNDLE.GENERAL1.FREE.	1	
06/23/2024 08:30:44 UTC	In-game item bought		Potion	1	
06/23/2024 20:13:01 UTC	Pokecoin spent for in-game item		POKECOIN		-525
06/23/2024 20:13:01 UTC	In-game item bought		ITEM_REMOTE_RAID_TICKET	3	
06/24/2024 04:45:46 UTC	Pokecoin spent for in-game item		POKECOIN		-525
06/24/2024 04:45:46 UTC	In-game item bought		ITEM_REMOTE_RAID_TICKET	3	
06/24/2024 17:17:30 UTC	Pokecoin spent for in-game item		POKECOIN		0
06/24/2024 17:17:30 UTC	In-game item bought		Poke balls	3	
06/24/2024 17:17:30 UTC	In-game item bought		Great balls	1	
06/24/2024 17:17:30 UTC	In-game item bought		LPSKU_BUNDLE.GENERAL1.FREE.	1	
06/25/2024 07:05:15 UTC	Pokecoin spent for in-game item		POKECOIN		0
06/25/2024 07:05:15 UTC	In-game item bought		Poke balls	2	
06/25/2024 07:05:15 UTC	In-game item bought		Great balls	2	
06/25/2024 07:05:15 UTC	In-game item bought		LPSKU_BUNDLE.GENERAL1.FREE.	1	
06/26/2024 21:32:03 UTC	Pokecoin spent for in-game item		POKECOIN		0
06/26/2024 21:32:03 UTC	In-game item bought		Poke balls	3	
06/26/2024 21:32:03 UTC	In-game item bought		Great balls	1	
06/26/2024 21:32:03 UTC	In-game item bought		LPSKU_BUNDLE.GENERAL1.FREE.	1	
06/26/2024 21:32:43 UTC	Pokecoin spent for in-game item		POKECOIN		-525
06/26/2024 21:32:43 UTC	In-game item bought		ITEM_REMOTE_RAID_TICKET	3	
06/27/2024 07:58:43 UTC	Pokecoin spent for in-game item		POKECOIN		0
06/27/2024 07:58:43 UTC	In-game item bought		Poke balls	3	
06/27/2024 07:58:43 UTC	In-game item bought		Great balls	1	
06/27/2024 07:58:43 UTC	In-game item bought		LPSKU_BUNDLE.GENERAL1.FREE.	1	
06/28/2024 06:35:56 UTC	Pokecoin spent for in-game item		POKECOIN		-525
06/28/2024 06:35:56 UTC	In-game item bought		ITEM_REMOTE_RAID_TICKET	3	
06/28/2024 07:11:40 UTC	Pokecoin spent for in-game item		POKECOIN		-525
06/28/2024 07:11:40 UTC	In-game item bought		ITEM_REMOTE_RAID_TICKET	3	
06/28/2024 07:17:34 UTC	Pokecoin spent for in-game item		POKECOIN		0
06/28/2024 07:17:34 UTC	In-game item bought		Poke balls	3	
06/28/2024 07:17:34 UTC	In-game item bought		LPSKU_BUNDLE.GENERAL1.FREE.	1	
06/28/2024 07:17:34 UTC	In-game item bought		Potion	1	
06/28/2024 07:17:37 UTC	Pokecoin spent for in-game item		POKECOIN		-525
06/28/2024 07:17:37 UTC	In-game item bought		ITEM_REMOTE_RAID_TICKET	3	
06/29/2024 08:00:32 UTC	Pokecoin spent for in-game item		POKECOIN		0
06/29/2024 08:00:32 UTC	In-game item bought		Poke balls	1	
06/29/2024 08:00:32 UTC	In-game item bought		Great balls	3	
06/29/2024 08:00:32 UTC	In-game item bought		LPSKU_BUNDLE.GENERAL1.FREE.	1	
07/01/2024 05:12:23 UTC	Pokecoin spent for in-game item		POKECOIN		0
07/01/2024 05:12:23 UTC	In-game item bought		Great balls	2	
07/01/2024 05:12:23 UTC	In-game item bought		LPSKU_BUNDLE.GENERAL1.FREE.	1	
07/01/2024 05:12:23 UTC	In-game item bought		Potion	2	
07/01/2024 06:10:10 UTC	Pokecoin spent for in-game item		POKECOIN		-525
07/01/2024 06:10:10 UTC	In-game item bought		ITEM_REMOTE_RAID_TICKET	3	
07/01/2024 06:27:35 UTC	Pokecoin spent for in-game item		POKECOIN		-525
07/01/2024 06:27:35 UTC	In-game item bought		ITEM_REMOTE_RAID_TICKET	3	
07/01/2024 17:58:12 UTC	Pokecoin spent for in-game item		POKECOIN		0
07/01/2024 17:58:12 UTC	In-game item bought		Poke balls	3	
07/01/2024 17:58:12 UTC	In-game item bought		LPSKU_BUNDLE.GENERAL1.FREE.	1	
07/01/2024 17:58:12 UTC	In-game item bought		Potion	1	
07/02/2024 17:39:38 UTC	Pokecoin spent for in-game item		POKECOIN		0
07/02/2024 17:39:38 UTC	In-game item bought		Poke balls	2	
07/02/2024 17:39:38 UTC	In-game item bought		Great balls	2	
07/02/2024 17:39:38 UTC	In-game item bought		LPSKU_BUNDLE.GENERAL1.FREE.	1	
07/02/2024 21:49:52 UTC	Pokecoin bought	XSOLLA	POKECOIN		15500	505000.0	IDR
07/03/2024 02:20:10 UTC	Pokecoin spent for in-game item		POKECOIN		-525
07/03/2024 02:20:10 UTC	In-game item bought		ITEM_REMOTE_RAID_TICKET	3	
07/03/2024 04:19:24 UTC	Pokecoin spent for in-game item		POKECOIN		-525
07/03/2024 04:19:24 UTC	In-game item bought		ITEM_REMOTE_RAID_TICKET	3	
07/03/2024 04:31:20 UTC	Pokecoin spent for in-game item		POKECOIN		-525
07/03/2024 04:31:20 UTC	In-game item bought		Raid pass (paid)	3	
07/03/2024 04:31:20 UTC	In-game item bought		ITEM_REMOTE_RAID_TICKET	2	
07/03/2024 04:31:20 UTC	In-game item bought		ITEM_GOLDEN_PINAP_BERRY	3	
07/03/2024 09:21:02 UTC	Pokecoin spent for in-game item		POKECOIN		-525
07/03/2024 09:21:02 UTC	In-game item bought		ITEM_REMOTE_RAID_TICKET	3	
07/03/2024 17:20:04 UTC	Pokecoin spent for in-game item		POKECOIN		0
07/03/2024 17:20:04 UTC	In-game item bought		Poke balls	2	
07/03/2024 17:20:04 UTC	In-game item bought		Great balls	1	
07/03/2024 17:20:04 UTC	In-game item bought		LPSKU_BUNDLE.GENERAL1.FREE.	1	
07/03/2024 17:20:04 UTC	In-game item bought		Potion	1	
07/04/2024 04:59:37 UTC	Pokecoin spent for in-game item		POKECOIN		-525
07/04/2024 04:59:37 UTC	In-game item bought		ITEM_REMOTE_RAID_TICKET	3	
07/04/2024 05:08:54 UTC	Pokecoin bought	XSOLLA	POKECOIN		15500	505000.0	IDR
07/04/2024 07:13:41 UTC	Pokecoin spent for in-game item		POKECOIN		0
07/04/2024 07:13:41 UTC	In-game item bought		Razz berry	1	
07/04/2024 07:13:41 UTC	In-game item bought		Great balls	1	
07/04/2024 07:13:41 UTC	In-game item bought		LPSKU_BUNDLE.GENERAL1.FREE.	1	
07/04/2024 07:13:41 UTC	In-game item bought		Potion	2	
07/05/2024 12:28:12 UTC	Pokecoin spent for in-game item		POKECOIN		-425
07/05/2024 12:28:12 UTC	In-game item bought		Raid pass (paid)	2	
07/05/2024 12:28:12 UTC	In-game item bought		ITEM_REMOTE_RAID_TICKET	2	
07/05/2024 12:56:45 UTC	Pokecoin spent for in-game item		POKECOIN		-425
07/05/2024 12:56:45 UTC	In-game item bought		Raid pass (paid)	2	
07/05/2024 12:56:45 UTC	In-game item bought		ITEM_REMOTE_RAID_TICKET	2	
07/05/2024 13:15:28 UTC	Pokecoin spent for in-game item		POKECOIN		-525
07/05/2024 13:15:28 UTC	In-game item bought		ITEM_REMOTE_RAID_TICKET	3	
07/05/2024 13:32:14 UTC	Pokecoin spent for in-game item		POKECOIN		-425
07/05/2024 13:32:14 UTC	In-game item bought		Raid pass (paid)	2	
07/05/2024 13:32:14 UTC	In-game item bought		ITEM_REMOTE_RAID_TICKET	2	
07/06/2024 09:51:11 UTC	Pokecoin spent for in-game item		POKECOIN		-425
07/06/2024 09:51:11 UTC	In-game item bought		Raid pass (paid)	2	
07/06/2024 09:51:11 UTC	In-game item bought		ITEM_REMOTE_RAID_TICKET	2	
07/06/2024 10:10:25 UTC	Pokecoin spent for in-game item		POKECOIN		-425
07/06/2024 10:10:25 UTC	In-game item bought		Raid pass (paid)	2	
07/06/2024 10:10:25 UTC	In-game item bought		ITEM_REMOTE_RAID_TICKET	2	
07/07/2024 04:12:22 UTC	Pokecoin spent for in-game item		POKECOIN		0
07/07/2024 04:12:22 UTC	In-game item bought		Poke balls	2	
07/07/2024 04:12:22 UTC	In-game item bought		LPSKU_BUNDLE.GENERAL1.FREE.	1	
07/07/2024 04:12:22 UTC	In-game item bought		Potion	2	
07/07/2024 04:13:32 UTC	Pokecoin spent for in-game item		POKECOIN		-100
07/07/2024 04:13:32 UTC	In-game item bought		ITEM_POSTCARD_STORAGE_UPGRADE	1	
07/07/2024 12:48:13 UTC	Pokecoin spent for in-game item		POKECOIN		-1550
07/07/2024 12:48:13 UTC	In-game item bought		Raid pass (paid)	20	
07/07/2024 12:48:13 UTC	In-game item bought		ITEM_REMOTE_RAID_TICKET	3	
07/07/2024 13:05:43 UTC	Pokecoin spent for in-game item		POKECOIN		-425
07/07/2024 13:05:43 UTC	In-game item bought		Raid pass (paid)	2	
07/07/2024 13:05:43 UTC	In-game item bought		ITEM_REMOTE_RAID_TICKET	2	
07/07/2024 13:05:48 UTC	Pokecoin spent for in-game item		POKECOIN		0
07/07/2024 13:05:48 UTC	In-game item bought		Razz berry	1	
07/07/2024 13:05:48 UTC	In-game item bought		Great balls	3	
07/07/2024 13:05:48 UTC	In-game item bought		LPSKU_BUNDLE.GENERAL1.FREE.	1	
07/07/2024 22:48:58 UTC	Pokecoin spent for in-game item		POKECOIN		-425
07/07/2024 22:48:58 UTC	In-game item bought		Raid pass (paid)	2	
07/07/2024 22:48:58 UTC	In-game item bought		ITEM_REMOTE_RAID_TICKET	2	
07/07/2024 23:17:58 UTC	Pokecoin spent for in-game item		POKECOIN		-1550
07/07/2024 23:17:58 UTC	In-game item bought		Raid pass (paid)	20	
07/07/2024 23:17:58 UTC	In-game item bought		ITEM_REMOTE_RAID_TICKET	3	
07/08/2024 00:55:40 UTC	Pokecoin spent for in-game item		POKECOIN		-1550
07/08/2024 00:55:40 UTC	In-game item bought		Raid pass (paid)	20	
07/08/2024 00:55:40 UTC	In-game item bought		ITEM_REMOTE_RAID_TICKET	3	
07/08/2024 02:27:12 UTC	Pokecoin spent for in-game item		POKECOIN		-425
07/08/2024 02:27:12 UTC	In-game item bought		Raid pass (paid)	2	
07/08/2024 02:27:12 UTC	In-game item bought		ITEM_REMOTE_RAID_TICKET	2	
07/08/2024 05:21:39 UTC	Pokecoin spent for in-game item		POKECOIN		-425
07/08/2024 05:21:39 UTC	In-game item bought		Raid pass (paid)	2	
07/08/2024 05:21:39 UTC	In-game item bought		ITEM_REMOTE_RAID_TICKET	2	
07/08/2024 05:27:59 UTC	Pokecoin spent for in-game item		POKECOIN		-425
07/08/2024 05:27:59 UTC	In-game item bought		Raid pass (paid)	2	
07/08/2024 05:27:59 UTC	In-game item bought		ITEM_REMOTE_RAID_TICKET	2	
07/08/2024 05:34:01 UTC	Pokecoin spent for in-game item		POKECOIN		-425
07/08/2024 05:34:01 UTC	In-game item bought		Raid pass (paid)	2	
07/08/2024 05:34:01 UTC	In-game item bought		ITEM_REMOTE_RAID_TICKET	2	
07/08/2024 21:51:27 UTC	Pokecoin spent for in-game item		POKECOIN		-425
07/08/2024 21:51:27 UTC	In-game item bought		Raid pass (paid)	2	
07/08/2024 21:51:27 UTC	In-game item bought		ITEM_REMOTE_RAID_TICKET	2	
07/08/2024 21:51:35 UTC	Pokecoin spent for in-game item		POKECOIN		-425
07/08/2024 21:51:35 UTC	In-game item bought		Raid pass (paid)	2	
07/08/2024 21:51:35 UTC	In-game item bought		ITEM_REMOTE_RAID_TICKET	2	
07/08/2024 22:29:59 UTC	Pokecoin spent for in-game item		POKECOIN		-1550
07/08/2024 22:29:59 UTC	In-game item bought		Raid pass (paid)	20	
07/08/2024 22:29:59 UTC	In-game item bought		ITEM_REMOTE_RAID_TICKET	3	
07/08/2024 23:53:48 UTC	Pokecoin spent for in-game item		POKECOIN		-425
07/08/2024 23:53:48 UTC	In-game item bought		Raid pass (paid)	2	
07/08/2024 23:53:48 UTC	In-game item bought		ITEM_REMOTE_RAID_TICKET	2	
07/08/2024 23:53:50 UTC	Pokecoin spent for in-game item		POKECOIN		-425
07/08/2024 23:53:50 UTC	In-game item bought		Raid pass (paid)	2	
07/08/2024 23:53:50 UTC	In-game item bought		ITEM_REMOTE_RAID_TICKET	2	
07/09/2024 01:26:10 UTC	Pokecoin spent for in-game item		POKECOIN		-425
07/09/2024 01:26:10 UTC	In-game item bought		Raid pass (paid)	2	
07/09/2024 01:26:10 UTC	In-game item bought		ITEM_REMOTE_RAID_TICKET	2	
07/09/2024 02:33:04 UTC	Pokecoin spent for in-game item		POKECOIN		0
07/09/2024 02:33:04 UTC	In-game item bought		Poke balls	2	
07/09/2024 02:33:04 UTC	In-game item bought		LPSKU_BUNDLE.GENERAL1.FREE.	1	
07/09/2024 02:33:04 UTC	In-game item bought		Potion	2	
07/09/2024 02:34:00 UTC	Pokecoin spent for in-game item		POKECOIN		-425
07/09/2024 02:34:00 UTC	In-game item bought		Raid pass (paid)	2	
07/09/2024 02:34:00 UTC	In-game item bought		ITEM_REMOTE_RAID_TICKET	2	
07/09/2024 04:21:10 UTC	Pokecoin spent for in-game item		POKECOIN		-425
07/09/2024 04:21:10 UTC	In-game item bought		Raid pass (paid)	2	
07/09/2024 04:21:10 UTC	In-game item bought		ITEM_REMOTE_RAID_TICKET	2	
07/09/2024 04:35:12 UTC	Pokecoin spent for in-game item		POKECOIN		-425
07/09/2024 04:35:12 UTC	In-game item bought		Raid pass (paid)	2	
07/09/2024 04:35:12 UTC	In-game item bought		ITEM_REMOTE_RAID_TICKET	2	
07/09/2024 08:42:35 UTC	Pokecoin spent for in-game item		POKECOIN		-425
07/09/2024 08:42:35 UTC	In-game item bought		Raid pass (paid)	2	
07/09/2024 08:42:35 UTC	In-game item bought		ITEM_REMOTE_RAID_TICKET	2	
07/09/2024 08:42:38 UTC	Pokecoin spent for in-game item		POKECOIN		-425
07/09/2024 08:42:38 UTC	In-game item bought		Raid pass (paid)	2	
07/09/2024 08:42:38 UTC	In-game item bought		ITEM_REMOTE_RAID_TICKET	2	
07/09/2024 08:42:48 UTC	Pokecoin spent for in-game item		POKECOIN		0
07/09/2024 08:42:48 UTC	In-game item bought		Poke balls	1	
07/09/2024 08:42:48 UTC	In-game item bought		Great balls	2	
07/09/2024 08:42:48 UTC	In-game item bought		LPSKU_BUNDLE.GENERAL1.FREE.	1	
07/09/2024 08:42:48 UTC	In-game item bought		Potion	1	
07/09/2024 09:24:11 UTC	Pokecoin spent for in-game item		POKECOIN		-425
07/09/2024 09:24:11 UTC	In-game item bought		Raid pass (paid)	2	
07/09/2024 09:24:11 UTC	In-game item bought		ITEM_REMOTE_RAID_TICKET	2	
07/09/2024 09:46:31 UTC	Pokecoin spent for in-game item		POKECOIN		-425
07/09/2024 09:46:31 UTC	In-game item bought		Raid pass (paid)	2	
07/09/2024 09:46:31 UTC	In-game item bought		ITEM_REMOTE_RAID_TICKET	2	
07/09/2024 09:46:34 UTC	Pokecoin spent for in-game item		POKECOIN		-425
07/09/2024 09:46:34 UTC	In-game item bought		Raid pass (paid)	2	
07/09/2024 09:46:34 UTC	In-game item bought		ITEM_REMOTE_RAID_TICKET	2	
07/09/2024 09:59:21 UTC	Pokecoin spent for in-game item		POKECOIN		-425
07/09/2024 09:59:21 UTC	In-game item bought		Raid pass (paid)	2	
07/09/2024 09:59:21 UTC	In-game item bought		ITEM_REMOTE_RAID_TICKET	2	
07/09/2024 10:14:54 UTC	Pokecoin spent for in-game item		POKECOIN		-425
07/09/2024 10:14:54 UTC	In-game item bought		Raid pass (paid)	2	
07/09/2024 10:14:54 UTC	In-game item bought		ITEM_REMOTE_RAID_TICKET	2	
07/09/2024 10:27:09 UTC	Pokecoin spent for in-game item		POKECOIN		-425
07/09/2024 10:27:09 UTC	In-game item bought		Raid pass (paid)	2	
07/09/2024 10:27:09 UTC	In-game item bought		ITEM_REMOTE_RAID_TICKET	2	
07/09/2024 21:10:17 UTC	Pokecoin spent for in-game item		POKECOIN		-525
07/09/2024 21:10:17 UTC	In-game item bought		ITEM_REMOTE_RAID_TICKET	3	
07/10/2024 07:12:34 UTC	Pokecoin spent for in-game item		POKECOIN		0
07/10/2024 07:12:34 UTC	In-game item bought		Poke balls	2	
07/10/2024 07:12:34 UTC	In-game item bought		Great balls	1	
07/10/2024 07:12:34 UTC	In-game item bought		LPSKU_BUNDLE.GENERAL1.FREE.	1	
07/10/2024 07:12:34 UTC	In-game item bought		Potion	1	
07/10/2024 07:12:37 UTC	Pokecoin spent for in-game item		POKECOIN		-525
07/10/2024 07:12:37 UTC	In-game item bought		ITEM_REMOTE_RAID_TICKET	3	
07/10/2024 07:34:50 UTC	Pokecoin spent for in-game item		POKECOIN		-525
07/10/2024 07:34:50 UTC	In-game item bought		ITEM_REMOTE_RAID_TICKET	3	
07/10/2024 08:24:20 UTC	Pokecoin spent for in-game item		POKECOIN		-525
07/10/2024 08:24:20 UTC	In-game item bought		ITEM_REMOTE_RAID_TICKET	3	
07/10/2024 08:40:32 UTC	Pokecoin spent for in-game item		POKECOIN		-525
07/10/2024 08:40:32 UTC	In-game item bought		ITEM_REMOTE_RAID_TICKET	3	
07/10/2024 23:02:44 UTC	Pokecoin spent for in-game item		POKECOIN		-525
07/10/2024 23:02:44 UTC	In-game item bought		ITEM_REMOTE_RAID_TICKET	3	
07/10/2024 23:26:59 UTC	Pokecoin spent for in-game item		POKECOIN		-550
07/10/2024 23:26:59 UTC	In-game item bought		Pokemon storage upgrade	1	
07/10/2024 23:26:59 UTC	In-game item bought		Raid pass (paid)	1	
07/10/2024 23:26:59 UTC	In-game item bought		LPSKU_BUNDLE.GENERAL5.SMALL.	1	
07/10/2024 23:26:59 UTC	In-game item bought		Bag upgrade	1	
07/10/2024 23:26:59 UTC	In-game item bought		ITEM_REMOTE_RAID_TICKET	1	
07/10/2024 23:34:37 UTC	Pokecoin spent for in-game item		POKECOIN		-550
07/10/2024 23:34:37 UTC	In-game item bought		Pokemon storage upgrade	1	
07/10/2024 23:34:37 UTC	In-game item bought		Raid pass (paid)	1	
07/10/2024 23:34:37 UTC	In-game item bought		LPSKU_BUNDLE.GENERAL5.SMALL.	1	
07/10/2024 23:34:37 UTC	In-game item bought		Bag upgrade	1	
07/10/2024 23:34:37 UTC	In-game item bought		ITEM_REMOTE_RAID_TICKET	1	
07/11/2024 00:13:41 UTC	Pokecoin spent for in-game item		POKECOIN		-550
07/11/2024 00:13:41 UTC	In-game item bought		Pokemon storage upgrade	1	
07/11/2024 00:13:41 UTC	In-game item bought		Raid pass (paid)	1	
07/11/2024 00:13:41 UTC	In-game item bought		LPSKU_BUNDLE.GENERAL5.SMALL.	1	
07/11/2024 00:13:41 UTC	In-game item bought		Bag upgrade	1	
07/11/2024 00:13:41 UTC	In-game item bought		ITEM_REMOTE_RAID_TICKET	1	
07/11/2024 02:39:55 UTC	Pokecoin spent for in-game item		POKECOIN		-200
07/11/2024 02:39:55 UTC	In-game item bought		Bag upgrade	1	
07/11/2024 02:39:58 UTC	Pokecoin spent for in-game item		POKECOIN		-200
07/11/2024 02:39:58 UTC	In-game item bought		Bag upgrade	1	
07/11/2024 02:40:01 UTC	Pokecoin spent for in-game item		POKECOIN		-200
07/11/2024 02:40:01 UTC	In-game item bought		Bag upgrade	1	
07/11/2024 08:18:04 UTC	Pokecoin bought	XSOLLA	POKECOIN		15500	505000.0	IDR
07/11/2024 14:38:49 UTC	Pokecoin bought	XSOLLA	POKECOIN		15500	505000.0	IDR
07/11/2024 14:43:25 UTC	Pokecoin spent for in-game item		POKECOIN		0
07/11/2024 14:43:25 UTC	In-game item bought		Poke balls	2	
07/11/2024 14:43:25 UTC	In-game item bought		Great balls	1	
07/11/2024 14:43:25 UTC	In-game item bought		LPSKU_BUNDLE.GENERAL1.FREE.	1	
07/11/2024 14:43:25 UTC	In-game item bought		Potion	1	
07/11/2024 15:06:45 UTC	Pokecoin spent for in-game item		POKECOIN		-200
07/11/2024 15:06:45 UTC	In-game item bought		Pokemon storage upgrade	1	
07/11/2024 15:06:48 UTC	Pokecoin spent for in-game item		POKECOIN		-200
07/11/2024 15:06:48 UTC	In-game item bought		Pokemon storage upgrade	1	
07/11/2024 15:06:52 UTC	Pokecoin spent for in-game item		POKECOIN		-200
07/11/2024 15:06:52 UTC	In-game item bought		Pokemon storage upgrade	1	
07/11/2024 15:06:55 UTC	Pokecoin spent for in-game item		POKECOIN		-200
07/11/2024 15:06:55 UTC	In-game item bought		Pokemon storage upgrade	1	
07/11/2024 15:06:58 UTC	Pokecoin spent for in-game item		POKECOIN		-200
07/11/2024 15:06:58 UTC	In-game item bought		Pokemon storage upgrade	1	
07/11/2024 15:07:00 UTC	Pokecoin spent for in-game item		POKECOIN		-200
07/11/2024 15:07:00 UTC	In-game item bought		Pokemon storage upgrade	1	
07/11/2024 15:07:03 UTC	Pokecoin spent for in-game item		POKECOIN		-200
07/11/2024 15:07:03 UTC	In-game item bought		Pokemon storage upgrade	1	
07/11/2024 15:07:08 UTC	Pokecoin spent for in-game item		POKECOIN		-200
07/11/2024 15:07:09 UTC	In-game item bought		Bag upgrade	1	
07/11/2024 15:07:11 UTC	Pokecoin spent for in-game item		POKECOIN		-200
07/11/2024 15:07:11 UTC	In-game item bought		Bag upgrade	1	
07/11/2024 15:07:14 UTC	Pokecoin spent for in-game item		POKECOIN		-200
07/11/2024 15:07:14 UTC	In-game item bought		Bag upgrade	1	
07/11/2024 15:07:17 UTC	Pokecoin spent for in-game item		POKECOIN		-200
07/11/2024 15:07:17 UTC	In-game item bought		Bag upgrade	1	
07/11/2024 16:23:31 UTC	Pokecoin spent for in-game item		POKECOIN		-1550
07/11/2024 16:23:31 UTC	In-game item bought		Raid pass (paid)	20	
07/11/2024 16:23:31 UTC	In-game item bought		ITEM_REMOTE_RAID_TICKET	3	
07/11/2024 19:18:23 UTC	Pokecoin spent for in-game item		POKECOIN		-525
07/11/2024 19:18:24 UTC	In-game item bought		ITEM_REMOTE_RAID_TICKET	3	
07/11/2024 23:33:47 UTC	Pokecoin spent for in-game item		POKECOIN		-525
07/11/2024 23:33:47 UTC	In-game item bought		ITEM_REMOTE_RAID_TICKET	3	
07/11/2024 23:40:37 UTC	Pokecoin spent for in-game item		POKECOIN		-525
07/11/2024 23:40:37 UTC	In-game item bought		ITEM_REMOTE_RAID_TICKET	3	
07/12/2024 01:36:47 UTC	Pokecoin spent for in-game item		POKECOIN		-525
07/12/2024 01:36:47 UTC	In-game item bought		ITEM_REMOTE_RAID_TICKET	3	
07/12/2024 02:49:25 UTC	Pokecoin spent for in-game item		POKECOIN		-525
07/12/2024 02:49:25 UTC	In-game item bought		ITEM_REMOTE_RAID_TICKET	3	
07/12/2024 03:09:55 UTC	Pokecoin spent for in-game item		POKECOIN		-525
07/12/2024 03:09:55 UTC	In-game item bought		ITEM_REMOTE_RAID_TICKET	3	
07/12/2024 03:31:19 UTC	Pokecoin spent for in-game item		POKECOIN		-525
07/12/2024 03:31:19 UTC	In-game item bought		ITEM_REMOTE_RAID_TICKET	3	
07/12/2024 03:57:39 UTC	Pokecoin spent for in-game item		POKECOIN		-525
07/12/2024 03:57:39 UTC	In-game item bought		ITEM_REMOTE_RAID_TICKET	3	
07/12/2024 04:20:01 UTC	Pokecoin spent for in-game item		POKECOIN		-525
07/12/2024 04:20:01 UTC	In-game item bought		ITEM_REMOTE_RAID_TICKET	3	
07/12/2024 05:00:56 UTC	Pokecoin spent for in-game item		POKECOIN		-525
07/12/2024 05:00:56 UTC	In-game item bought		ITEM_REMOTE_RAID_TICKET	3	
07/12/2024 05:28:09 UTC	Pokecoin spent for in-game item		POKECOIN		-525
07/12/2024 05:28:09 UTC	In-game item bought		ITEM_REMOTE_RAID_TICKET	3	
07/12/2024 05:45:53 UTC	Pokecoin spent for in-game item		POKECOIN		-525
07/12/2024 05:45:53 UTC	In-game item bought		ITEM_REMOTE_RAID_TICKET	3	
07/12/2024 06:17:02 UTC	Pokecoin spent for in-game item		POKECOIN		-525
07/12/2024 06:17:02 UTC	In-game item bought		ITEM_REMOTE_RAID_TICKET	3	
07/12/2024 06:40:03 UTC	Pokecoin spent for in-game item		POKECOIN		-525
07/12/2024 06:40:03 UTC	In-game item bought		ITEM_REMOTE_RAID_TICKET	3	
07/12/2024 13:28:19 UTC	Pokecoin spent for in-game item		POKECOIN		0
07/12/2024 13:28:19 UTC	In-game item bought		Poke balls	3	
07/12/2024 13:28:19 UTC	In-game item bought		LPSKU_BUNDLE.GENERAL1.FREE.	1	
07/12/2024 13:28:19 UTC	In-game item bought		Revive	1	
07/12/2024 19:51:51 UTC	Pokecoin spent for in-game item		POKECOIN		-525
07/12/2024 19:51:51 UTC	In-game item bought		ITEM_REMOTE_RAID_TICKET	3	
07/12/2024 20:05:22 UTC	Pokecoin spent for in-game item		POKECOIN		-525
07/12/2024 20:05:22 UTC	In-game item bought		ITEM_REMOTE_RAID_TICKET	3	
07/12/2024 20:33:17 UTC	Pokecoin spent for in-game item		POKECOIN		-525
07/12/2024 20:33:17 UTC	In-game item bought		ITEM_REMOTE_RAID_TICKET	3	
07/12/2024 20:48:20 UTC	Pokecoin spent for in-game item		POKECOIN		-525
07/12/2024 20:48:20 UTC	In-game item bought		ITEM_REMOTE_RAID_TICKET	3	
07/12/2024 21:21:59 UTC	Pokecoin spent for in-game item		POKECOIN		-525
07/12/2024 21:21:59 UTC	In-game item bought		ITEM_REMOTE_RAID_TICKET	3	
07/12/2024 21:45:31 UTC	Pokecoin spent for in-game item		POKECOIN		-525
07/12/2024 21:45:31 UTC	In-game item bought		ITEM_REMOTE_RAID_TICKET	3	
07/12/2024 21:56:43 UTC	Pokecoin spent for in-game item		POKECOIN		-525
07/12/2024 21:56:43 UTC	In-game item bought		ITEM_REMOTE_RAID_TICKET	3	
07/12/2024 22:17:21 UTC	Pokecoin spent for in-game item		POKECOIN		-525
07/12/2024 22:17:21 UTC	In-game item bought		ITEM_REMOTE_RAID_TICKET	3	
07/12/2024 23:11:08 UTC	Pokecoin spent for in-game item		POKECOIN		-525
07/12/2024 23:11:09 UTC	In-game item bought		ITEM_REMOTE_RAID_TICKET	3	
07/12/2024 23:27:51 UTC	Pokecoin spent for in-game item		POKECOIN		-525
07/12/2024 23:27:51 UTC	In-game item bought		ITEM_REMOTE_RAID_TICKET	3	
07/13/2024 00:02:37 UTC	Pokecoin spent for in-game item		POKECOIN		-525
07/13/2024 00:02:37 UTC	In-game item bought		ITEM_REMOTE_RAID_TICKET	3	
07/13/2024 00:19:44 UTC	Pokecoin spent for in-game item		POKECOIN		-525
07/13/2024 00:19:44 UTC	In-game item bought		ITEM_REMOTE_RAID_TICKET	3	
07/13/2024 01:34:05 UTC	Pokecoin spent for in-game item		POKECOIN		-525
07/13/2024 01:34:05 UTC	In-game item bought		ITEM_REMOTE_RAID_TICKET	3	
07/13/2024 02:12:52 UTC	Pokecoin spent for in-game item		POKECOIN		-525
07/13/2024 02:12:52 UTC	In-game item bought		ITEM_REMOTE_RAID_TICKET	3	
07/13/2024 02:42:18 UTC	Pokecoin spent for in-game item		POKECOIN		-525
07/13/2024 02:42:18 UTC	In-game item bought		ITEM_REMOTE_RAID_TICKET	3	
07/13/2024 04:20:13 UTC	Pokecoin spent for in-game item		POKECOIN		-525
07/13/2024 04:20:13 UTC	In-game item bought		ITEM_REMOTE_RAID_TICKET	3	
07/13/2024 15:55:04 UTC	Pokecoin spent for in-game item		POKECOIN		0
07/13/2024 15:55:04 UTC	In-game item bought		Poke balls	2	
07/13/2024 15:55:04 UTC	In-game item bought		Great balls	1	
07/13/2024 15:55:04 UTC	In-game item bought		LPSKU_BUNDLE.GENERAL1.FREE.	1	
07/13/2024 15:55:04 UTC	In-game item bought		Potion	1	
07/13/2024 19:28:08 UTC	Pokecoin spent for in-game item		POKECOIN		-525
07/13/2024 19:28:08 UTC	In-game item bought		ITEM_REMOTE_RAID_TICKET	3	
07/13/2024 20:07:50 UTC	Pokecoin spent for in-game item		POKECOIN		-525
07/13/2024 20:07:50 UTC	In-game item bought		ITEM_REMOTE_RAID_TICKET	3	
07/13/2024 20:38:22 UTC	Pokecoin spent for in-game item		POKECOIN		-525
07/13/2024 20:38:22 UTC	In-game item bought		ITEM_REMOTE_RAID_TICKET	3	
07/13/2024 20:41:18 UTC	Pokecoin spent for in-game item		POKECOIN		-525
07/13/2024 20:41:18 UTC	In-game item bought		ITEM_REMOTE_RAID_TICKET	3	
07/13/2024 21:22:49 UTC	Pokecoin spent for in-game item		POKECOIN		-525
07/13/2024 21:22:49 UTC	In-game item bought		ITEM_REMOTE_RAID_TICKET	3	
07/13/2024 21:31:20 UTC	Pokecoin spent for in-game item		POKECOIN		-525
07/13/2024 21:31:20 UTC	In-game item bought		ITEM_REMOTE_RAID_TICKET	3	
07/13/2024 22:04:45 UTC	Pokecoin spent for in-game item		POKECOIN		-525
07/13/2024 22:04:45 UTC	In-game item bought		ITEM_REMOTE_RAID_TICKET	3	
07/14/2024 01:12:36 UTC	Pokecoin spent for in-game item		POKECOIN		-525
07/14/2024 01:12:36 UTC	In-game item bought		ITEM_REMOTE_RAID_TICKET	3	
07/14/2024 01:34:41 UTC	Pokecoin spent for in-game item		POKECOIN		-525
07/14/2024 01:34:41 UTC	In-game item bought		ITEM_REMOTE_RAID_TICKET	3	
07/14/2024 01:47:31 UTC	Pokecoin spent for in-game item		POKECOIN		-525
07/14/2024 01:47:31 UTC	In-game item bought		ITEM_REMOTE_RAID_TICKET	3	
07/14/2024 02:11:35 UTC	Pokecoin spent for in-game item		POKECOIN		-525
07/14/2024 02:11:35 UTC	In-game item bought		ITEM_REMOTE_RAID_TICKET	3	
07/14/2024 02:32:04 UTC	Pokecoin spent for in-game item		POKECOIN		-525
07/14/2024 02:32:04 UTC	In-game item bought		ITEM_REMOTE_RAID_TICKET	3	
07/14/2024 04:38:50 UTC	Pokecoin spent for in-game item		POKECOIN		-2550
07/14/2024 04:38:50 UTC	In-game item bought		LPSKU_BUNDLE.GENERAL1.MEDIUM.	1	
07/14/2024 04:38:50 UTC	In-game item bought		Incense	3	
07/14/2024 04:38:50 UTC	In-game item bought		Egg incubator	30	
07/14/2024 16:54:26 UTC	Pokecoin spent for in-game item		POKECOIN		0
07/14/2024 16:54:26 UTC	In-game item bought		Poke balls	2	
07/14/2024 16:54:26 UTC	In-game item bought		Great balls	1	
07/14/2024 16:54:26 UTC	In-game item bought		LPSKU_BUNDLE.GENERAL1.FREE.	1	
07/14/2024 16:54:26 UTC	In-game item bought		Potion	1	
07/14/2024 19:09:25 UTC	Pokecoin spent for in-game item		POKECOIN		-680
07/14/2024 19:09:25 UTC	In-game item bought		Lure	8	
07/14/2024 19:09:28 UTC	Pokecoin spent for in-game item		POKECOIN		-680
07/14/2024 19:09:28 UTC	In-game item bought		Lure	8	
07/15/2024 15:38:35 UTC	Pokecoin spent for in-game item		POKECOIN		0
07/15/2024 15:38:35 UTC	In-game item bought		Poke balls	3	
07/15/2024 15:38:35 UTC	In-game item bought		Great balls	1	
07/15/2024 15:38:35 UTC	In-game item bought		LPSKU_BUNDLE.GENERAL1.FREE.	1	
07/16/2024 04:25:47 UTC	Pokecoin bought	APPLE	POKECOIN		14500	2899.0	INR
07/17/2024 03:31:20 UTC	Pokecoin spent for in-game item		POKECOIN		0
07/17/2024 03:31:20 UTC	In-game item bought		Poke balls	2	
07/17/2024 03:31:20 UTC	In-game item bought		Great balls	2	
07/17/2024 03:31:20 UTC	In-game item bought		LPSKU_BUNDLE.GENERAL1.FREE.	1	
07/17/2024 19:36:36 UTC	Pokecoin spent for in-game item		POKECOIN		0
07/17/2024 19:36:36 UTC	In-game item bought		Great balls	3	
07/17/2024 19:36:36 UTC	In-game item bought		LPSKU_BUNDLE.GENERAL1.FREE.	1	
07/17/2024 19:36:36 UTC	In-game item bought		Potion	1	
07/17/2024 21:29:10 UTC	Pokecoin bought	XSOLLA	POKECOIN		15500	505000.0	IDR
07/17/2024 21:49:55 UTC	Pokecoin spent for in-game item		POKECOIN		-880
07/17/2024 21:49:55 UTC	In-game item bought		Incense	8	
07/17/2024 21:49:55 UTC	In-game item bought		ITEM_POFFIN	8	
07/17/2024 21:49:55 UTC	In-game item bought		Lucky egg	8	
07/17/2024 21:49:58 UTC	Pokecoin spent for in-game item		POKECOIN		-880
07/17/2024 21:49:58 UTC	In-game item bought		Incense	8	
07/17/2024 21:49:58 UTC	In-game item bought		ITEM_POFFIN	8	
07/17/2024 21:49:58 UTC	In-game item bought		Lucky egg	8	
07/17/2024 21:50:02 UTC	Pokecoin spent for in-game item		POKECOIN		-880
07/17/2024 21:50:02 UTC	In-game item bought		Incense	8	
07/17/2024 21:50:02 UTC	In-game item bought		ITEM_POFFIN	8	
07/17/2024 21:50:02 UTC	In-game item bought		Lucky egg	8	
07/18/2024 01:08:22 UTC	Pokecoin spent for in-game item		POKECOIN		-525
07/18/2024 01:08:22 UTC	In-game item bought		ITEM_REMOTE_RAID_TICKET	3	
07/18/2024 18:43:52 UTC	Pokecoin spent for in-game item		POKECOIN		0
07/18/2024 18:43:52 UTC	In-game item bought		Poke balls	1	
07/18/2024 18:43:52 UTC	In-game item bought		LPSKU_BUNDLE.GENERAL1.FREE.	1	
07/18/2024 18:43:52 UTC	In-game item bought		Potion	3	
07/18/2024 21:49:30 UTC	Pokecoin spent for in-game item		POKECOIN		-5250
07/18/2024 21:49:30 UTC	In-game item bought		Egg incubator	60	
07/18/2024 21:51:03 UTC	Pokecoin spent for in-game item		POKECOIN		-5250
07/18/2024 21:51:03 UTC	In-game item bought		Egg incubator	60	
07/19/2024 04:42:27 UTC	Pokecoin spent for in-game item		POKECOIN		-525
07/19/2024 04:42:27 UTC	In-game item bought		ITEM_REMOTE_RAID_TICKET	3	
07/19/2024 20:19:44 UTC	Pokecoin spent for in-game item		POKECOIN		-5425
07/19/2024 20:19:44 UTC	In-game item bought		Raid pass (paid)	99	
07/19/2024 20:19:44 UTC	In-game item bought		Fast TM	2	
07/19/2024 20:19:44 UTC	In-game item bought		Star pieces	2	
07/19/2024 20:19:44 UTC	In-game item bought		Charged TM	2	
07/20/2024 00:18:13 UTC	Pokecoin spent for in-game item		POKECOIN		0
07/20/2024 00:18:13 UTC	In-game item bought		Poke balls	3	
07/20/2024 00:18:13 UTC	In-game item bought		LPSKU_BUNDLE.GENERAL1.FREE.	1	
07/20/2024 00:18:13 UTC	In-game item bought		Potion	1	
07/20/2024 07:04:36 UTC	Pokecoin spent for in-game item		POKECOIN		-7000
07/20/2024 07:04:36 UTC	In-game item bought		Egg incubator	100	
07/20/2024 17:01:08 UTC	Pokecoin spent for in-game item		POKECOIN		0
07/20/2024 17:01:08 UTC	In-game item bought		Poke balls	2	
07/20/2024 17:01:08 UTC	In-game item bought		Great balls	1	
07/20/2024 17:01:08 UTC	In-game item bought		LPSKU_BUNDLE.GENERAL1.FREE.	1	
07/20/2024 17:01:08 UTC	In-game item bought		Potion	1	
07/22/2024 01:05:28 UTC	Pokecoin spent for in-game item		POKECOIN		-525
07/22/2024 01:05:28 UTC	In-game item bought		ITEM_REMOTE_RAID_TICKET	3	
07/22/2024 22:34:07 UTC	Pokecoin spent for in-game item		POKECOIN		0
07/22/2024 22:34:07 UTC	In-game item bought		Poke balls	4	
07/22/2024 22:34:07 UTC	In-game item bought		LPSKU_BUNDLE.GENERAL1.FREE.	1	
07/23/2024 03:08:46 UTC	Pokecoin spent for in-game item		POKECOIN		-525
07/23/2024 03:08:46 UTC	In-game item bought		ITEM_REMOTE_RAID_TICKET	3	
07/23/2024 05:36:30 UTC	Pokecoin spent for in-game item		POKECOIN		-2850
07/23/2024 05:36:30 UTC	In-game item bought		ITEM_POFFIN	10	
07/23/2024 05:36:30 UTC	In-game item bought		Egg incubator	25	
07/23/2024 20:31:16 UTC	Pokecoin spent for in-game item		POKECOIN		0
07/23/2024 20:31:16 UTC	In-game item bought		Poke balls	1	
07/23/2024 20:31:16 UTC	In-game item bought		Great balls	1	
07/23/2024 20:31:16 UTC	In-game item bought		LPSKU_BUNDLE.GENERAL1.FREE.	1	
07/23/2024 20:31:16 UTC	In-game item bought		Potion	2	
07/24/2024 00:55:23 UTC	Pokecoin spent for in-game item		POKECOIN		-680
07/24/2024 00:55:23 UTC	In-game item bought		Lure	8	
07/24/2024 04:39:12 UTC	Pokecoin spent for in-game item		POKECOIN		-525
07/24/2024 04:39:12 UTC	In-game item bought		ITEM_REMOTE_RAID_TICKET	3	
07/24/2024 04:50:32 UTC	Pokecoin spent for in-game item		POKECOIN		-525
07/24/2024 04:50:32 UTC	In-game item bought		ITEM_REMOTE_RAID_TICKET	3	
07/24/2024 21:50:06 UTC	Pokecoin spent for in-game item		POKECOIN		0
07/24/2024 21:50:06 UTC	In-game item bought		Poke balls	2	
07/24/2024 21:50:06 UTC	In-game item bought		Great balls	2	
07/24/2024 21:50:06 UTC	In-game item bought		LPSKU_BUNDLE.GENERAL1.FREE.	1	
07/26/2024 18:53:18 UTC	Pokecoin spent for in-game item		POKECOIN		0
07/26/2024 18:53:18 UTC	In-game item bought		Great balls	1	
07/26/2024 18:53:18 UTC	In-game item bought		LPSKU_BUNDLE.GENERAL1.FREE.	1	
07/26/2024 18:53:18 UTC	In-game item bought		Potion	3	
07/26/2024 22:46:24 UTC	Pokecoin spent for in-game item		POKECOIN		-525
07/26/2024 22:46:24 UTC	In-game item bought		ITEM_REMOTE_RAID_TICKET	3	
07/26/2024 23:17:58 UTC	Pokecoin spent for in-game item		POKECOIN		-525
07/26/2024 23:17:58 UTC	In-game item bought		ITEM_REMOTE_RAID_TICKET	3	
07/26/2024 23:40:19 UTC	Pokecoin spent for in-game item		POKECOIN		-525
07/26/2024 23:40:19 UTC	In-game item bought		ITEM_REMOTE_RAID_TICKET	3	
07/27/2024 01:18:36 UTC	Pokecoin spent for in-game item		POKECOIN		-525
07/27/2024 01:18:36 UTC	In-game item bought		ITEM_REMOTE_RAID_TICKET	3	
07/27/2024 01:38:44 UTC	Pokecoin spent for in-game item		POKECOIN		-525
07/27/2024 01:38:44 UTC	In-game item bought		ITEM_REMOTE_RAID_TICKET	3	
07/27/2024 02:10:03 UTC	Pokecoin spent for in-game item		POKECOIN		-525
07/27/2024 02:10:03 UTC	In-game item bought		ITEM_REMOTE_RAID_TICKET	3	
07/27/2024 02:19:04 UTC	Pokecoin spent for in-game item		POKECOIN		-525
07/27/2024 02:19:04 UTC	In-game item bought		ITEM_REMOTE_RAID_TICKET	3	
07/27/2024 23:53:13 UTC	Pokecoin spent for in-game item		POKECOIN		-525
07/27/2024 23:53:13 UTC	In-game item bought		ITEM_REMOTE_RAID_TICKET	3	
07/28/2024 05:18:16 UTC	Pokecoin spent for in-game item		POKECOIN		-525
07/28/2024 05:18:16 UTC	In-game item bought		ITEM_REMOTE_RAID_TICKET	3	
07/28/2024 05:47:21 UTC	Pokecoin spent for in-game item		POKECOIN		0
07/28/2024 05:47:21 UTC	In-game item bought		Poke balls	3	
07/28/2024 05:47:21 UTC	In-game item bought		LPSKU_BUNDLE.GENERAL1.FREE.	1	
07/28/2024 05:47:21 UTC	In-game item bought		Potion	1	
07/28/2024 05:47:24 UTC	Pokecoin spent for in-game item		POKECOIN		-525
07/28/2024 05:47:24 UTC	In-game item bought		ITEM_REMOTE_RAID_TICKET	3	
07/28/2024 22:21:46 UTC	Pokecoin spent for in-game item		POKECOIN		0
07/28/2024 22:21:46 UTC	In-game item bought		Poke balls	2	
07/28/2024 22:21:46 UTC	In-game item bought		Great balls	1	
07/28/2024 22:21:46 UTC	In-game item bought		LPSKU_BUNDLE.GENERAL1.FREE.	1	
07/28/2024 22:21:46 UTC	In-game item bought		Potion	1	
07/29/2024 17:32:38 UTC	Pokecoin spent for in-game item		POKECOIN		0
07/29/2024 17:32:38 UTC	In-game item bought		Poke balls	1	
07/29/2024 17:32:38 UTC	In-game item bought		Great balls	2	
07/29/2024 17:32:38 UTC	In-game item bought		LPSKU_BUNDLE.GENERAL1.FREE.	1	
07/29/2024 17:32:38 UTC	In-game item bought		Potion	1	
07/31/2024 23:15:02 UTC	Pokecoin spent for in-game item		POKECOIN		0
07/31/2024 23:15:02 UTC	In-game item bought		Razz berry	1	
07/31/2024 23:15:02 UTC	In-game item bought		Poke balls	2	
07/31/2024 23:15:02 UTC	In-game item bought		LPSKU_BUNDLE.GENERAL1.FREE.	1	
07/31/2024 23:15:02 UTC	In-game item bought		Potion	1	
07/31/2024 23:16:29 UTC	Pokecoin spent for in-game item		POKECOIN		-525
07/31/2024 23:16:29 UTC	In-game item bought		ITEM_REMOTE_RAID_TICKET	3	
08/01/2024 10:07:33 UTC	Pokecoin spent for in-game item		POKECOIN		0
08/01/2024 10:07:33 UTC	In-game item bought		Poke balls	2	
08/01/2024 10:07:33 UTC	In-game item bought		Great balls	2	
08/01/2024 10:07:33 UTC	In-game item bought		LPSKU_BUNDLE.GENERAL1.FREE.	1	
08/02/2024 23:40:58 UTC	Pokecoin spent for in-game item		POKECOIN		-525
08/02/2024 23:40:58 UTC	In-game item bought		ITEM_REMOTE_RAID_TICKET	3	
08/03/2024 04:45:02 UTC	Pokecoin spent for in-game item		POKECOIN		-525
08/03/2024 04:45:02 UTC	In-game item bought		ITEM_REMOTE_RAID_TICKET	3	
08/03/2024 04:45:06 UTC	Pokecoin spent for in-game item		POKECOIN		0
08/03/2024 04:45:06 UTC	In-game item bought		Poke balls	1	
08/03/2024 04:45:06 UTC	In-game item bought		Hyper potion	1	
08/03/2024 04:45:06 UTC	In-game item bought		Great balls	1	
08/03/2024 04:45:06 UTC	In-game item bought		LPSKU_BUNDLE.GENERAL1.FREE.	1	
08/03/2024 04:45:06 UTC	In-game item bought		Potion	1	
08/03/2024 06:20:31 UTC	Pokecoin spent for in-game item		POKECOIN		-525
08/03/2024 06:20:31 UTC	In-game item bought		ITEM_REMOTE_RAID_TICKET	3	
08/03/2024 08:55:33 UTC	Pokecoin spent for in-game item		POKECOIN		0
08/03/2024 08:55:33 UTC	In-game item bought		Poke balls	4	
08/03/2024 08:55:33 UTC	In-game item bought		LPSKU_BUNDLE.GENERAL1.FREE.	1	
08/03/2024 08:55:39 UTC	Pokecoin spent for in-game item		POKECOIN		-525
08/03/2024 08:55:39 UTC	In-game item bought		ITEM_REMOTE_RAID_TICKET	3	
08/03/2024 09:22:08 UTC	Pokecoin spent for in-game item		POKECOIN		-525
08/03/2024 09:22:08 UTC	In-game item bought		ITEM_REMOTE_RAID_TICKET	3	
08/03/2024 18:01:31 UTC	Pokecoin spent for in-game item		POKECOIN		-195
08/03/2024 18:01:31 UTC	In-game item bought		ITEM_REMOTE_RAID_TICKET	1	
08/05/2024 01:11:21 UTC	Pokecoin spent for in-game item		POKECOIN		0
08/05/2024 01:11:21 UTC	In-game item bought		Razz berry	1	
08/05/2024 01:11:21 UTC	In-game item bought		Poke balls	2	
08/05/2024 01:11:21 UTC	In-game item bought		LPSKU_BUNDLE.GENERAL1.FREE.	1	
08/05/2024 01:11:21 UTC	In-game item bought		Potion	1	
08/05/2024 06:44:48 UTC	Pokecoin bought	XSOLLA	POKECOIN		15500	505000.0	IDR
08/05/2024 06:45:29 UTC	Pokecoin bought	XSOLLA	POKECOIN		15500	505000.0	IDR
08/05/2024 08:03:04 UTC	Pokecoin bought	XSOLLA	POKECOIN		15500	505000.0	IDR
08/05/2024 15:58:05 UTC	Pokecoin spent for in-game item		POKECOIN		0
08/05/2024 15:58:05 UTC	In-game item bought		Poke balls	4	
08/05/2024 15:58:05 UTC	In-game item bought		LPSKU_BUNDLE.GENERAL1.FREE.	1	
08/06/2024 03:01:38 UTC	Pokecoin spent for in-game item		POKECOIN		-525
08/06/2024 03:01:38 UTC	In-game item bought		ITEM_REMOTE_RAID_TICKET	3	
08/06/2024 05:07:48 UTC	Pokecoin spent for in-game item		POKECOIN		-525
08/06/2024 05:07:48 UTC	In-game item bought		ITEM_REMOTE_RAID_TICKET	3	
08/06/2024 07:56:40 UTC	Pokecoin spent for in-game item		POKECOIN		-495
08/06/2024 07:56:40 UTC	In-game item bought		Star pieces	1	
08/06/2024 07:56:40 UTC	In-game item bought		ITEM_REMOTE_RAID_TICKET	3	
08/06/2024 07:56:40 UTC	In-game item bought		Lucky egg	1	
08/07/2024 00:27:19 UTC	Pokecoin spent for in-game item		POKECOIN		0
08/07/2024 00:27:19 UTC	In-game item bought		Poke balls	1	
08/07/2024 00:27:19 UTC	In-game item bought		Great balls	1	
08/07/2024 00:27:19 UTC	In-game item bought		LPSKU_BUNDLE.GENERAL1.FREE.	1	
08/07/2024 00:27:19 UTC	In-game item bought		Potion	2	
08/07/2024 01:07:05 UTC	Pokecoin spent for in-game item		POKECOIN		-680
08/07/2024 01:07:05 UTC	In-game item bought		Lure	8	
08/07/2024 01:07:08 UTC	Pokecoin spent for in-game item		POKECOIN		-680
08/07/2024 01:07:08 UTC	In-game item bought		Lure	8	
08/07/2024 01:07:11 UTC	Pokecoin spent for in-game item		POKECOIN		-680
08/07/2024 01:07:11 UTC	In-game item bought		Lure	8	
08/07/2024 02:32:28 UTC	Pokecoin spent for in-game item		POKECOIN		-495
08/07/2024 02:32:28 UTC	In-game item bought		Star pieces	1	
08/07/2024 02:32:28 UTC	In-game item bought		ITEM_REMOTE_RAID_TICKET	3	
08/07/2024 02:32:28 UTC	In-game item bought		Lucky egg	1	
08/07/2024 04:48:02 UTC	Pokecoin spent for in-game item		POKECOIN		-2850
08/07/2024 04:48:02 UTC	In-game item bought		ITEM_POFFIN	10	
08/07/2024 04:48:02 UTC	In-game item bought		Egg incubator	25	
08/07/2024 04:48:05 UTC	Pokecoin spent for in-game item		POKECOIN		-2850
08/07/2024 04:48:05 UTC	In-game item bought		ITEM_POFFIN	10	
08/07/2024 04:48:05 UTC	In-game item bought		Egg incubator	25	
08/07/2024 04:48:07 UTC	Pokecoin spent for in-game item		POKECOIN		-2850
08/07/2024 04:48:07 UTC	In-game item bought		ITEM_POFFIN	10	
08/07/2024 04:48:07 UTC	In-game item bought		Egg incubator	25	
08/07/2024 04:48:10 UTC	Pokecoin spent for in-game item		POKECOIN		-2850
08/07/2024 04:48:10 UTC	In-game item bought		ITEM_POFFIN	10	
08/07/2024 04:48:10 UTC	In-game item bought		Egg incubator	25	
08/08/2024 01:26:29 UTC	Pokecoin spent for in-game item		POKECOIN		0
08/08/2024 01:26:29 UTC	In-game item bought		Poke balls	2	
08/08/2024 01:26:29 UTC	In-game item bought		LPSKU_BUNDLE.GENERAL1.FREE.	1	
08/08/2024 01:26:29 UTC	In-game item bought		Potion	2	
08/08/2024 05:40:30 UTC	Pokecoin bought	APPLE	POKECOIN		100	5000.0	IDR
08/08/2024 05:44:42 UTC	Pokecoin bought	XSOLLA	POKECOIN		15500	505000.0	IDR
08/08/2024 05:45:22 UTC	Pokecoin bought	XSOLLA	POKECOIN		15500	505000.0	IDR
08/08/2024 05:50:04 UTC	Pokecoin bought	XSOLLA	POKECOIN		15500	505000.0	IDR
08/08/2024 06:29:42 UTC	Pokecoin spent for in-game item		POKECOIN		-525
08/08/2024 06:29:42 UTC	In-game item bought		ITEM_REMOTE_RAID_TICKET	3	
08/08/2024 07:01:49 UTC	Pokecoin spent for in-game item		POKECOIN		0
08/08/2024 07:01:49 UTC	In-game item bought		Poke balls	4	
08/08/2024 07:01:49 UTC	In-game item bought		LPSKU_BUNDLE.GENERAL1.FREE.	1	
08/09/2024 04:47:42 UTC	Pokecoin spent for in-game item		POKECOIN		-525
08/09/2024 04:47:42 UTC	In-game item bought		ITEM_REMOTE_RAID_TICKET	3	
08/09/2024 04:55:50 UTC	Pokecoin spent for in-game item		POKECOIN		-200
08/09/2024 04:55:50 UTC	In-game item bought		ITEM_LEADER_MAP	1	
08/09/2024 05:12:06 UTC	Pokecoin spent for in-game item		POKECOIN		-525
08/09/2024 05:12:06 UTC	In-game item bought		ITEM_REMOTE_RAID_TICKET	3	
08/09/2024 17:47:19 UTC	Pokecoin spent for in-game item		POKECOIN		0
08/09/2024 17:47:19 UTC	In-game item bought		Poke balls	3	
08/09/2024 17:47:19 UTC	In-game item bought		Great balls	1	
08/09/2024 17:47:19 UTC	In-game item bought		LPSKU_BUNDLE.GENERAL1.FREE.	1	
08/10/2024 02:37:00 UTC	Pokecoin spent for in-game item		POKECOIN		-525
08/10/2024 02:37:00 UTC	In-game item bought		ITEM_REMOTE_RAID_TICKET	3	
08/10/2024 04:19:25 UTC	Pokecoin spent for in-game item		POKECOIN		-525
08/10/2024 04:19:25 UTC	In-game item bought		ITEM_REMOTE_RAID_TICKET	3	
08/10/2024 08:08:28 UTC	Pokecoin spent for in-game item		POKECOIN		0
08/10/2024 08:08:28 UTC	In-game item bought		Poke balls	1	
08/10/2024 08:08:28 UTC	In-game item bought		LPSKU_BUNDLE.GENERAL1.FREE.	1	
08/10/2024 08:08:28 UTC	In-game item bought		Potion	3	
08/11/2024 20:23:07 UTC	Pokecoin spent for in-game item		POKECOIN		0
08/11/2024 20:23:07 UTC	In-game item bought		Razz berry	1	
08/11/2024 20:23:07 UTC	In-game item bought		Poke balls	3	
08/11/2024 20:23:07 UTC	In-game item bought		LPSKU_BUNDLE.GENERAL1.FREE.	1	
08/11/2024 23:24:08 UTC	Pokecoin spent for in-game item		POKECOIN		-640
08/11/2024 23:24:08 UTC	In-game item bought		Star pieces	8	
08/11/2024 23:24:11 UTC	Pokecoin spent for in-game item		POKECOIN		-640
08/11/2024 23:24:11 UTC	In-game item bought		Star pieces	8	
08/13/2024 00:10:32 UTC	Pokecoin spent for in-game item		POKECOIN		-7000
08/13/2024 00:10:32 UTC	In-game item bought		Egg incubator	100	
08/13/2024 00:10:35 UTC	Pokecoin spent for in-game item		POKECOIN		-7000
08/13/2024 00:10:35 UTC	In-game item bought		Egg incubator	100	
08/13/2024 00:10:40 UTC	Pokecoin spent for in-game item		POKECOIN		-7000
08/13/2024 00:10:40 UTC	In-game item bought		Egg incubator	100	
08/13/2024 01:46:23 UTC	Pokecoin spent for in-game item		POKECOIN		0
08/13/2024 01:46:23 UTC	In-game item bought		Poke balls	3	
08/13/2024 01:46:23 UTC	In-game item bought		Great balls	1	
08/13/2024 01:46:23 UTC	In-game item bought		LPSKU_BUNDLE.GENERAL1.FREE.	1	
08/14/2024 03:11:07 UTC	Pokecoin spent for in-game item		POKECOIN		0
08/14/2024 03:11:07 UTC	In-game item bought		Poke balls	1	
08/14/2024 03:11:07 UTC	In-game item bought		LPSKU_BUNDLE.GENERAL1.FREE.	1	
08/14/2024 03:11:07 UTC	In-game item bought		Potion	3	
08/14/2024 04:23:56 UTC	Pokecoin spent for in-game item		POKECOIN		-1120
08/14/2024 04:23:56 UTC	In-game item bought		Incense	7	
08/14/2024 04:23:56 UTC	In-game item bought		Star pieces	7	
08/14/2024 04:23:56 UTC	In-game item bought		ITEM_POFFIN	7	
08/14/2024 04:23:56 UTC	In-game item bought		Lucky egg	7	
08/14/2024 04:24:00 UTC	Pokecoin spent for in-game item		POKECOIN		-1120
08/14/2024 04:24:00 UTC	In-game item bought		Incense	7	
08/14/2024 04:24:00 UTC	In-game item bought		Star pieces	7	
08/14/2024 04:24:00 UTC	In-game item bought		ITEM_POFFIN	7	
08/14/2024 04:24:00 UTC	In-game item bought		Lucky egg	7	
08/14/2024 04:24:03 UTC	Pokecoin spent for in-game item		POKECOIN		-1120
08/14/2024 04:24:03 UTC	In-game item bought		Incense	7	
08/14/2024 04:24:03 UTC	In-game item bought		Star pieces	7	
08/14/2024 04:24:03 UTC	In-game item bought		ITEM_POFFIN	7	
08/14/2024 04:24:03 UTC	In-game item bought		Lucky egg	7	
08/14/2024 15:40:25 UTC	Pokecoin spent for in-game item		POKECOIN		0
08/14/2024 15:40:25 UTC	In-game item bought		Poke balls	3	
08/14/2024 15:40:25 UTC	In-game item bought		Great balls	1	
08/14/2024 15:40:25 UTC	In-game item bought		LPSKU_BUNDLE.GENERAL1.FREE.	1	
08/14/2024 21:55:33 UTC	Pokecoin spent for in-game item		POKECOIN		-525
08/14/2024 21:55:33 UTC	In-game item bought		ITEM_REMOTE_RAID_TICKET	3	
08/16/2024 01:06:40 UTC	Pokecoin spent for in-game item		POKECOIN		0
08/16/2024 01:06:40 UTC	In-game item bought		Poke balls	3	
08/16/2024 01:06:40 UTC	In-game item bought		Great balls	1	
08/16/2024 01:06:40 UTC	In-game item bought		LPSKU_BUNDLE.GENERAL1.FREE.	1	
08/16/2024 03:37:55 UTC	Pokecoin spent for in-game item		POKECOIN		-525
08/16/2024 03:37:55 UTC	In-game item bought		ITEM_REMOTE_RAID_TICKET	3	
08/16/2024 04:44:41 UTC	Pokecoin spent for in-game item		POKECOIN		-525
08/16/2024 04:44:41 UTC	In-game item bought		ITEM_REMOTE_RAID_TICKET	3	
08/16/2024 07:26:31 UTC	Pokecoin spent for in-game item		POKECOIN		-5425
08/16/2024 07:26:31 UTC	In-game item bought		Raid pass (paid)	99	
08/16/2024 07:26:31 UTC	In-game item bought		Fast TM	2	
08/16/2024 07:26:31 UTC	In-game item bought		Star pieces	2	
08/16/2024 07:26:31 UTC	In-game item bought		Charged TM	2	
08/16/2024 07:26:33 UTC	Pokecoin spent for in-game item		POKECOIN		-5425
08/16/2024 07:26:33 UTC	In-game item bought		Raid pass (paid)	99	
08/16/2024 07:26:33 UTC	In-game item bought		Fast TM	2	
08/16/2024 07:26:33 UTC	In-game item bought		Star pieces	2	
08/16/2024 07:26:33 UTC	In-game item bought		Charged TM	2	
08/16/2024 07:26:36 UTC	Pokecoin spent for in-game item		POKECOIN		-5425
08/16/2024 07:26:36 UTC	In-game item bought		Raid pass (paid)	99	
08/16/2024 07:26:36 UTC	In-game item bought		Fast TM	2	
08/16/2024 07:26:36 UTC	In-game item bought		Star pieces	2	
08/16/2024 07:26:36 UTC	In-game item bought		Charged TM	2	
08/16/2024 07:26:39 UTC	Pokecoin spent for in-game item		POKECOIN		-5425
08/16/2024 07:26:39 UTC	In-game item bought		Raid pass (paid)	99	
08/16/2024 07:26:39 UTC	In-game item bought		Fast TM	2	
08/16/2024 07:26:39 UTC	In-game item bought		Star pieces	2	
08/16/2024 07:26:39 UTC	In-game item bought		Charged TM	2	
08/16/2024 07:30:30 UTC	Pokecoin spent for in-game item		POKECOIN		-5425
08/16/2024 07:30:30 UTC	In-game item bought		Raid pass (paid)	99	
08/16/2024 07:30:30 UTC	In-game item bought		Fast TM	2	
08/16/2024 07:30:30 UTC	In-game item bought		Star pieces	2	
08/16/2024 07:30:30 UTC	In-game item bought		Charged TM	2	
08/16/2024 07:30:59 UTC	Pokecoin spent for in-game item		POKECOIN		0
08/16/2024 07:30:59 UTC	In-game item bought		Poke balls	2	
08/16/2024 07:30:59 UTC	In-game item bought		Great balls	1	
08/16/2024 07:30:59 UTC	In-game item bought		LPSKU_BUNDLE.GENERAL1.FREE.	1	
08/16/2024 07:30:59 UTC	In-game item bought		Potion	1	
08/16/2024 07:31:08 UTC	Pokecoin spent for in-game item		POKECOIN		-525
08/16/2024 07:31:08 UTC	In-game item bought		ITEM_REMOTE_RAID_TICKET	3	
08/18/2024 03:41:14 UTC	Pokecoin spent for in-game item		POKECOIN		0
08/18/2024 03:41:14 UTC	In-game item bought		Poke balls	1	
08/18/2024 03:41:14 UTC	In-game item bought		Hyper potion	1	
08/18/2024 03:41:14 UTC	In-game item bought		Great balls	1	
08/18/2024 03:41:14 UTC	In-game item bought		LPSKU_BUNDLE.GENERAL1.FREE.	1	
08/18/2024 03:41:14 UTC	In-game item bought		Potion	1	
08/18/2024 04:27:26 UTC	Pokecoin spent for in-game item		POKECOIN		-525
08/18/2024 04:27:26 UTC	In-game item bought		ITEM_REMOTE_RAID_TICKET	3	
08/18/2024 17:35:32 UTC	Pokecoin spent for in-game item		POKECOIN		0
08/18/2024 17:35:32 UTC	In-game item bought		Poke balls	4	
08/18/2024 17:35:32 UTC	In-game item bought		LPSKU_BUNDLE.GENERAL1.FREE.	1	
08/18/2024 17:37:26 UTC	Pokecoin spent for in-game item		POKECOIN		-680
08/18/2024 17:37:26 UTC	In-game item bought		Lure	8	
08/18/2024 17:37:29 UTC	Pokecoin spent for in-game item		POKECOIN		-680
08/18/2024 17:37:29 UTC	In-game item bought		Lure	8	
08/18/2024 17:37:32 UTC	Pokecoin spent for in-game item		POKECOIN		-680
08/18/2024 17:37:32 UTC	In-game item bought		Lure	8	
08/19/2024 04:25:50 UTC	Pokecoin spent for in-game item		POKECOIN		-525
08/19/2024 04:25:50 UTC	In-game item bought		ITEM_REMOTE_RAID_TICKET	3	
08/19/2024 04:47:08 UTC	Pokecoin spent for in-game item		POKECOIN		-525
08/19/2024 04:47:08 UTC	In-game item bought		ITEM_REMOTE_RAID_TICKET	3	
08/19/2024 17:01:28 UTC	Pokecoin spent for in-game item		POKECOIN		0
08/19/2024 17:01:28 UTC	In-game item bought		Poke balls	3	
08/19/2024 17:01:28 UTC	In-game item bought		Great balls	1	
08/19/2024 17:01:28 UTC	In-game item bought		LPSKU_BUNDLE.GENERAL1.FREE.	1	
08/20/2024 17:05:13 UTC	Pokecoin spent for in-game item		POKECOIN		0
08/20/2024 17:05:13 UTC	In-game item bought		Poke balls	2	
08/20/2024 17:05:13 UTC	In-game item bought		LPSKU_BUNDLE.GENERAL1.FREE.	1	
08/20/2024 17:05:13 UTC	In-game item bought		Potion	2	
08/21/2024 00:01:03 UTC	Pokecoin spent for in-game item		POKECOIN		-525
08/21/2024 00:01:03 UTC	In-game item bought		ITEM_REMOTE_RAID_TICKET	3	
08/21/2024 00:24:29 UTC	Pokecoin spent for in-game item		POKECOIN		-1120
08/21/2024 00:24:29 UTC	In-game item bought		Incense	7	
08/21/2024 00:24:29 UTC	In-game item bought		Star pieces	7	
08/21/2024 00:24:29 UTC	In-game item bought		ITEM_POFFIN	7	
08/21/2024 00:24:29 UTC	In-game item bought		Lucky egg	7	
08/21/2024 00:41:21 UTC	Pokecoin spent for in-game item		POKECOIN		-525
08/21/2024 00:41:21 UTC	In-game item bought		ITEM_REMOTE_RAID_TICKET	3	
08/21/2024 02:30:54 UTC	Pokecoin spent for in-game item		POKECOIN		-1120
08/21/2024 02:30:54 UTC	In-game item bought		Incense	7	
08/21/2024 02:30:54 UTC	In-game item bought		Star pieces	7	
08/21/2024 02:30:54 UTC	In-game item bought		ITEM_POFFIN	7	
08/21/2024 02:30:54 UTC	In-game item bought		Lucky egg	7	
08/21/2024 03:50:38 UTC	Pokecoin spent for in-game item		POKECOIN		-1120
08/21/2024 03:50:38 UTC	In-game item bought		Incense	7	
08/21/2024 03:50:38 UTC	In-game item bought		Star pieces	7	
08/21/2024 03:50:38 UTC	In-game item bought		ITEM_POFFIN	7	
08/21/2024 03:50:38 UTC	In-game item bought		Lucky egg	7	
08/21/2024 15:02:59 UTC	Pokecoin spent for in-game item		POKECOIN		-525
08/21/2024 15:02:59 UTC	In-game item bought		ITEM_REMOTE_RAID_TICKET	3	
08/21/2024 17:02:37 UTC	Pokecoin spent for in-game item		POKECOIN		0
08/21/2024 17:02:37 UTC	In-game item bought		Poke balls	3	
08/21/2024 17:02:37 UTC	In-game item bought		LPSKU_BUNDLE.GENERAL1.FREE.	1	
08/21/2024 17:02:37 UTC	In-game item bought		Potion	1	
08/22/2024 07:20:51 UTC	Pokecoin spent for in-game item		POKECOIN		-525
08/22/2024 07:20:51 UTC	In-game item bought		ITEM_REMOTE_RAID_TICKET	3	
08/22/2024 08:17:33 UTC	Pokecoin spent for in-game item		POKECOIN		-525
08/22/2024 08:17:33 UTC	In-game item bought		ITEM_REMOTE_RAID_TICKET	3	
08/22/2024 16:22:45 UTC	Pokecoin spent for in-game item		POKECOIN		0
08/22/2024 16:22:45 UTC	In-game item bought		Poke balls	2	
08/22/2024 16:22:45 UTC	In-game item bought		LPSKU_BUNDLE.GENERAL1.FREE.	1	
08/22/2024 16:22:45 UTC	In-game item bought		Potion	2	
08/23/2024 04:39:07 UTC	Pokecoin spent for in-game item		POKECOIN		-200
08/23/2024 04:39:08 UTC	In-game item bought		AVATAR_F_SHIRT_REGIROCKJERSIES	1	
08/23/2024 04:39:08 UTC	In-game item bought		AVATAR_M_SHIRT_REGIROCKJERSIES	1	
08/23/2024 04:39:08 UTC	In-game item bought		N_AVATAR_N_SHIRT_REGIROCKJERSIES	1	
08/23/2024 06:49:43 UTC	Pokecoin spent for in-game item		POKECOIN		-525
08/23/2024 06:49:43 UTC	In-game item bought		ITEM_REMOTE_RAID_TICKET	3	
08/23/2024 07:37:36 UTC	Pokecoin spent for in-game item		POKECOIN		0
08/23/2024 07:37:36 UTC	In-game item bought		Poke balls	3	
08/23/2024 07:37:36 UTC	In-game item bought		Great balls	1	
08/23/2024 07:37:36 UTC	In-game item bought		LPSKU_BUNDLE.GENERAL1.FREE.	1	
08/23/2024 18:07:56 UTC	Pokecoin spent for in-game item		POKECOIN		-525
08/23/2024 18:07:56 UTC	In-game item bought		ITEM_REMOTE_RAID_TICKET	3	
08/24/2024 03:10:29 UTC	Pokecoin spent for in-game item		POKECOIN		-525
08/24/2024 03:10:29 UTC	In-game item bought		ITEM_REMOTE_RAID_TICKET	3	
08/24/2024 07:48:51 UTC	Pokecoin spent for in-game item		POKECOIN		-425
08/24/2024 07:48:51 UTC	In-game item bought		Raid pass (paid)	2	
08/24/2024 07:48:51 UTC	In-game item bought		ITEM_REMOTE_RAID_TICKET	2	
08/24/2024 22:14:41 UTC	Pokecoin spent for in-game item		POKECOIN		0
08/24/2024 22:14:41 UTC	In-game item bought		Poke balls	2	
08/24/2024 22:14:41 UTC	In-game item bought		Great balls	1	
08/24/2024 22:14:41 UTC	In-game item bought		LPSKU_BUNDLE.GENERAL1.FREE.	1	
08/24/2024 22:14:41 UTC	In-game item bought		Potion	1	
08/25/2024 13:34:22 UTC	Pokecoin spent for in-game item		POKECOIN		-525
08/25/2024 13:34:22 UTC	In-game item bought		ITEM_REMOTE_RAID_TICKET	3	
08/25/2024 13:34:29 UTC	Pokecoin spent for in-game item		POKECOIN		0
08/25/2024 13:34:29 UTC	In-game item bought		Poke balls	3	
08/25/2024 13:34:29 UTC	In-game item bought		Great balls	1	
08/25/2024 13:34:29 UTC	In-game item bought		LPSKU_BUNDLE.GENERAL1.FREE.	1	
08/25/2024 22:49:30 UTC	Pokecoin spent for in-game item		POKECOIN		-525
08/25/2024 22:49:30 UTC	In-game item bought		ITEM_REMOTE_RAID_TICKET	3	
08/26/2024 19:27:54 UTC	Pokecoin spent for in-game item		POKECOIN		-525
08/26/2024 19:27:54 UTC	In-game item bought		ITEM_REMOTE_RAID_TICKET	3	
08/26/2024 19:34:21 UTC	Pokecoin spent for in-game item		POKECOIN		0
08/26/2024 19:34:21 UTC	In-game item bought		Poke balls	1	
08/26/2024 19:34:21 UTC	In-game item bought		Great balls	3	
08/26/2024 19:34:21 UTC	In-game item bought		LPSKU_BUNDLE.GENERAL1.FREE.	1	
08/27/2024 14:05:49 UTC	Pokecoin spent for in-game item		POKECOIN		0
08/27/2024 14:05:49 UTC	In-game item bought		Razz berry	1	
08/27/2024 14:05:49 UTC	In-game item bought		Poke balls	2	
08/27/2024 14:05:49 UTC	In-game item bought		Great balls	1	
08/27/2024 14:05:49 UTC	In-game item bought		LPSKU_BUNDLE.GENERAL1.FREE.	1	
08/27/2024 21:39:02 UTC	Pokecoin spent for in-game item		POKECOIN		-525
08/27/2024 21:39:02 UTC	In-game item bought		ITEM_REMOTE_RAID_TICKET	3	
08/28/2024 16:43:44 UTC	Pokecoin spent for in-game item		POKECOIN		0
08/28/2024 16:43:44 UTC	In-game item bought		Poke balls	3	
08/28/2024 16:43:44 UTC	In-game item bought		Great balls	1	
08/28/2024 16:43:44 UTC	In-game item bought		LPSKU_BUNDLE.GENERAL1.FREE.	1	
08/29/2024 14:15:22 UTC	Pokecoin spent for in-game item		POKECOIN		0
08/29/2024 14:15:22 UTC	In-game item bought		Poke balls	2	
08/29/2024 14:15:22 UTC	In-game item bought		Great balls	1	
08/29/2024 14:15:22 UTC	In-game item bought		LPSKU_BUNDLE.GENERAL1.FREE.	1	
08/29/2024 14:15:22 UTC	In-game item bought		Potion	1	
08/30/2024 16:11:20 UTC	Pokecoin spent for in-game item		POKECOIN		0
08/30/2024 16:11:20 UTC	In-game item bought		Poke balls	2	
08/30/2024 16:11:20 UTC	In-game item bought		Great balls	2	
08/30/2024 16:11:20 UTC	In-game item bought		LPSKU_BUNDLE.GENERAL1.FREE.	1	
09/01/2024 01:02:08 UTC	Pokecoin spent for in-game item		POKECOIN		0
09/01/2024 01:02:08 UTC	In-game item bought		Poke balls	1	
09/01/2024 01:02:08 UTC	In-game item bought		Great balls	1	
09/01/2024 01:02:08 UTC	In-game item bought		LPSKU_BUNDLE.GENERAL1.FREE.	1	
09/01/2024 01:02:08 UTC	In-game item bought		Potion	2	
09/01/2024 03:25:58 UTC	Pokecoin spent for in-game item		POKECOIN		-525
09/01/2024 03:25:58 UTC	In-game item bought		ITEM_REMOTE_RAID_TICKET	3	
09/01/2024 18:57:21 UTC	Pokecoin spent for in-game item		POKECOIN		0
09/01/2024 18:57:21 UTC	In-game item bought		Poke balls	3	
09/01/2024 18:57:21 UTC	In-game item bought		LPSKU_BUNDLE.GENERAL1.FREE.	1	
09/01/2024 18:57:21 UTC	In-game item bought		Potion	1	
09/01/2024 23:46:17 UTC	Pokecoin bought	APPLE	POKECOIN		100	5000.0	IDR
09/01/2024 23:51:56 UTC	Pokecoin bought	XSOLLA	POKECOIN		15500	505000.0	IDR
09/01/2024 23:53:30 UTC	Pokecoin bought	XSOLLA	POKECOIN		15500	505000.0	IDR
09/01/2024 23:54:45 UTC	Pokecoin bought	XSOLLA	POKECOIN		15500	505000.0	IDR
09/01/2024 23:56:31 UTC	Pokecoin bought	XSOLLA	POKECOIN		15500	505000.0	IDR
09/02/2024 13:52:34 UTC	Pokecoin spent for in-game item		POKECOIN		0
09/02/2024 13:52:34 UTC	In-game item bought		Poke balls	3	
09/02/2024 13:52:34 UTC	In-game item bought		LPSKU_BUNDLE.GENERAL1.FREE.	1	
09/02/2024 13:52:34 UTC	In-game item bought		Potion	1	
09/02/2024 20:06:49 UTC	Pokecoin spent for in-game item		POKECOIN		-525
09/02/2024 20:06:49 UTC	In-game item bought		ITEM_REMOTE_RAID_TICKET	3	
09/03/2024 05:55:24 UTC	Pokecoin spent for in-game item		POKECOIN		-525
09/03/2024 05:55:24 UTC	In-game item bought		ITEM_REMOTE_RAID_TICKET	3	
09/03/2024 07:04:02 UTC	Pokecoin spent for in-game item		POKECOIN		0
09/03/2024 07:04:02 UTC	In-game item bought		Razz berry	1	
09/03/2024 07:04:02 UTC	In-game item bought		Great balls	2	
09/03/2024 07:04:02 UTC	In-game item bought		LPSKU_BUNDLE.GENERAL1.FREE.	1	
09/03/2024 07:04:02 UTC	In-game item bought		Potion	1	
09/03/2024 07:52:16 UTC	Pokecoin spent for in-game item		POKECOIN		-525
09/03/2024 07:52:16 UTC	In-game item bought		ITEM_REMOTE_RAID_TICKET	3	
09/03/2024 22:32:41 UTC	Pokecoin spent for in-game item		POKECOIN		0
09/03/2024 22:32:41 UTC	In-game item bought		ITEM_BATTLE_PASS_TICKET	1	
09/04/2024 04:37:01 UTC	Pokecoin spent for in-game item		POKECOIN		-675
09/04/2024 04:37:01 UTC	In-game item bought		Star pieces	2	
09/04/2024 04:37:01 UTC	In-game item bought		ITEM_REMOTE_RAID_TICKET	3	
09/04/2024 04:37:01 UTC	In-game item bought		ITEM_GOLDEN_PINAP_BERRY	8	
09/04/2024 04:37:01 UTC	In-game item bought		Lucky egg	2	
09/04/2024 07:18:16 UTC	Pokecoin spent for in-game item		POKECOIN		0
09/04/2024 07:18:16 UTC	In-game item bought		Razz berry	1	
09/04/2024 07:18:16 UTC	In-game item bought		Poke balls	1	
09/04/2024 07:18:16 UTC	In-game item bought		Great balls	2	
09/04/2024 07:18:16 UTC	In-game item bought		LPSKU_BUNDLE.GENERAL1.FREE.	1	
09/05/2024 12:48:13 UTC	Pokecoin spent for in-game item		POKECOIN		0
09/05/2024 12:48:13 UTC	In-game item bought		Poke balls	3	
09/05/2024 12:48:13 UTC	In-game item bought		Great balls	1	
09/05/2024 12:48:13 UTC	In-game item bought		LPSKU_BUNDLE.GENERAL1.FREE.	1	
09/05/2024 15:13:32 UTC	Pokecoin spent for in-game item		POKECOIN		-500
09/05/2024 15:13:32 UTC	In-game item bought		Super potion	10	
09/05/2024 15:13:32 UTC	In-game item bought		ITEM_REMOTE_RAID_TICKET	3	
09/05/2024 15:13:32 UTC	In-game item bought		Lucky egg	1	
09/06/2024 14:01:45 UTC	Pokecoin spent for in-game item		POKECOIN		0
09/06/2024 14:01:45 UTC	In-game item bought		Poke balls	1	
09/06/2024 14:01:45 UTC	In-game item bought		Great balls	3	
09/06/2024 14:01:45 UTC	In-game item bought		LPSKU_BUNDLE.GENERAL1.FREE.	1	
09/06/2024 22:38:42 UTC	Pokecoin spent for in-game item		POKECOIN		-525
09/06/2024 22:38:42 UTC	In-game item bought		ITEM_REMOTE_RAID_TICKET	3	
09/07/2024 13:17:56 UTC	Pokecoin spent for in-game item		POKECOIN		0
09/07/2024 13:17:56 UTC	In-game item bought		Poke balls	3	
09/07/2024 13:17:56 UTC	In-game item bought		LPSKU_BUNDLE.GENERAL1.FREE.	1	
09/07/2024 13:17:56 UTC	In-game item bought		Potion	1	
09/08/2024 01:54:05 UTC	Pokecoin spent for in-game item		POKECOIN		-525
09/08/2024 01:54:05 UTC	In-game item bought		ITEM_REMOTE_RAID_TICKET	3	
09/08/2024 05:00:43 UTC	Pokecoin spent for in-game item		POKECOIN		-525
09/08/2024 05:00:43 UTC	In-game item bought		ITEM_REMOTE_RAID_TICKET	3	
09/08/2024 22:33:05 UTC	Pokecoin spent for in-game item		POKECOIN		-525
09/08/2024 22:33:05 UTC	In-game item bought		ITEM_REMOTE_RAID_TICKET	3	
09/08/2024 22:42:55 UTC	Pokecoin spent for in-game item		POKECOIN		0
09/08/2024 22:42:55 UTC	In-game item bought		Razz berry	1	
09/08/2024 22:42:55 UTC	In-game item bought		Poke balls	2	
09/08/2024 22:42:55 UTC	In-game item bought		LPSKU_BUNDLE.GENERAL1.FREE.	1	
09/08/2024 22:42:55 UTC	In-game item bought		Potion	1	
09/08/2024 22:42:58 UTC	Pokecoin spent for in-game item		POKECOIN		-525
09/08/2024 22:42:58 UTC	In-game item bought		ITEM_REMOTE_RAID_TICKET	3	
09/08/2024 23:11:18 UTC	Pokecoin spent for in-game item		POKECOIN		-525
09/08/2024 23:11:18 UTC	In-game item bought		ITEM_REMOTE_RAID_TICKET	3	
09/08/2024 23:39:44 UTC	Pokecoin spent for in-game item		POKECOIN		-525
09/08/2024 23:39:44 UTC	In-game item bought		ITEM_REMOTE_RAID_TICKET	3	
09/09/2024 00:27:50 UTC	Pokecoin spent for in-game item		POKECOIN		-525
09/09/2024 00:27:50 UTC	In-game item bought		ITEM_REMOTE_RAID_TICKET	3	
09/09/2024 00:51:04 UTC	Pokecoin spent for in-game item		POKECOIN		-525
09/09/2024 00:51:05 UTC	In-game item bought		ITEM_REMOTE_RAID_TICKET	3	
09/09/2024 01:57:20 UTC	Pokecoin spent for in-game item		POKECOIN		-525
09/09/2024 01:57:20 UTC	In-game item bought		ITEM_REMOTE_RAID_TICKET	3	
09/09/2024 14:07:14 UTC	Pokecoin spent for in-game item		POKECOIN		0
09/09/2024 14:07:14 UTC	In-game item bought		Poke balls	3	
09/09/2024 14:07:14 UTC	In-game item bought		Great balls	1	
09/09/2024 14:07:14 UTC	In-game item bought		LPSKU_BUNDLE.GENERAL1.FREE.	1	
09/09/2024 22:42:28 UTC	Pokecoin spent for in-game item		POKECOIN		-425
09/09/2024 22:42:28 UTC	In-game item bought		ITEM_MP_REPLENISH	3	
09/09/2024 22:42:46 UTC	Pokecoin spent for in-game item		POKECOIN		-425
09/09/2024 22:42:46 UTC	In-game item bought		ITEM_MP_REPLENISH	3	
09/09/2024 22:42:49 UTC	Pokecoin spent for in-game item		POKECOIN		-425
09/09/2024 22:42:49 UTC	In-game item bought		ITEM_MP_REPLENISH	3	
09/09/2024 22:42:51 UTC	Pokecoin spent for in-game item		POKECOIN		-425
09/09/2024 22:42:51 UTC	In-game item bought		ITEM_MP_REPLENISH	3	
09/11/2024 07:16:58 UTC	Pokecoin spent for in-game item		POKECOIN		-7000
09/11/2024 07:16:58 UTC	In-game item bought		Egg incubator	100	
09/11/2024 07:17:01 UTC	Pokecoin spent for in-game item		POKECOIN		-7000
09/11/2024 07:17:01 UTC	In-game item bought		Egg incubator	100	
09/12/2024 15:24:30 UTC	Pokecoin spent for in-game item		POKECOIN		-425
09/12/2024 15:24:30 UTC	In-game item bought		ITEM_MP_REPLENISH	3	
09/12/2024 15:24:32 UTC	Pokecoin spent for in-game item		POKECOIN		-425
09/12/2024 15:24:32 UTC	In-game item bought		ITEM_MP_REPLENISH	3	
09/12/2024 23:35:06 UTC	Pokecoin spent for in-game item		POKECOIN		-425
09/12/2024 23:35:06 UTC	In-game item bought		ITEM_MP_REPLENISH	3	
09/13/2024 07:14:06 UTC	Pokecoin spent for in-game item		POKECOIN		0
09/13/2024 07:14:06 UTC	In-game item bought		Poke balls	3	
09/13/2024 07:14:06 UTC	In-game item bought		LPSKU_BUNDLE.GENERAL1.FREE.	1	
09/13/2024 07:14:06 UTC	In-game item bought		Potion	1	
09/15/2024 00:09:36 UTC	Pokecoin spent for in-game item		POKECOIN		-525
09/15/2024 00:09:36 UTC	In-game item bought		ITEM_REMOTE_RAID_TICKET	3	
09/15/2024 00:54:27 UTC	Pokecoin spent for in-game item		POKECOIN		0
09/15/2024 00:54:27 UTC	In-game item bought		Great balls	1	
09/15/2024 00:54:27 UTC	In-game item bought		LPSKU_BUNDLE.GENERAL1.FREE.	1	
09/15/2024 00:54:27 UTC	In-game item bought		Potion	3	
09/15/2024 17:44:14 UTC	Pokecoin spent for in-game item		POKECOIN		0
09/15/2024 17:44:14 UTC	In-game item bought		Poke balls	3	
09/15/2024 17:44:14 UTC	In-game item bought		LPSKU_BUNDLE.GENERAL1.FREE.	1	
09/15/2024 17:44:14 UTC	In-game item bought		Potion	1	
09/16/2024 07:18:19 UTC	Pokecoin spent for in-game item		POKECOIN		0
09/16/2024 07:18:19 UTC	In-game item bought		Poke balls	3	
09/16/2024 07:18:19 UTC	In-game item bought		Great balls	1	
09/16/2024 07:18:19 UTC	In-game item bought		LPSKU_BUNDLE.GENERAL1.FREE.	1	
09/17/2024 15:03:44 UTC	Pokecoin spent for in-game item		POKECOIN		0
09/17/2024 15:03:44 UTC	In-game item bought		Poke balls	3	
09/17/2024 15:03:44 UTC	In-game item bought		Great balls	1	
09/17/2024 15:03:44 UTC	In-game item bought		LPSKU_BUNDLE.GENERAL1.FREE.	1	
09/18/2024 08:19:26 UTC	Pokecoin spent for in-game item		POKECOIN		0
09/18/2024 08:19:26 UTC	In-game item bought		Poke balls	2	
09/18/2024 08:19:26 UTC	In-game item bought		Great balls	1	
09/18/2024 08:19:26 UTC	In-game item bought		LPSKU_BUNDLE.GENERAL1.FREE.	1	
09/18/2024 08:19:26 UTC	In-game item bought		Potion	1	
09/18/2024 08:19:30 UTC	Pokecoin spent for in-game item		POKECOIN		-425
09/18/2024 08:19:30 UTC	In-game item bought		ITEM_MP_REPLENISH	3	
09/18/2024 08:19:32 UTC	Pokecoin spent for in-game item		POKECOIN		-425
09/18/2024 08:19:32 UTC	In-game item bought		ITEM_MP_REPLENISH	3	
09/18/2024 08:19:37 UTC	Pokecoin spent for in-game item		POKECOIN		-425
09/18/2024 08:19:37 UTC	In-game item bought		ITEM_MP_REPLENISH	3	
09/19/2024 07:32:34 UTC	Pokecoin spent for in-game item		POKECOIN		0
09/19/2024 07:32:34 UTC	In-game item bought		Poke balls	3	
09/19/2024 07:32:34 UTC	In-game item bought		Great balls	1	
09/19/2024 07:32:34 UTC	In-game item bought		LPSKU_BUNDLE.GENERAL1.FREE.	1	
09/20/2024 05:13:32 UTC	Pokecoin spent for in-game item		POKECOIN		-525
09/20/2024 05:13:32 UTC	In-game item bought		ITEM_REMOTE_RAID_TICKET	3	
09/21/2024 02:23:09 UTC	Pokecoin spent for in-game item		POKECOIN		-525
09/21/2024 02:23:09 UTC	In-game item bought		ITEM_REMOTE_RAID_TICKET	3	
09/22/2024 00:52:13 UTC	Pokecoin spent for in-game item		POKECOIN		0
09/22/2024 00:52:13 UTC	In-game item bought		Poke balls	2	
09/22/2024 00:52:13 UTC	In-game item bought		Great balls	1	
09/22/2024 00:52:13 UTC	In-game item bought		LPSKU_BUNDLE.GENERAL1.FREE.	1	
09/22/2024 00:52:13 UTC	In-game item bought		Potion	1	
09/22/2024 07:44:18 UTC	Pokecoin spent for in-game item		POKECOIN		-7000
09/22/2024 07:44:18 UTC	In-game item bought		Egg incubator	100	
09/22/2024 08:54:54 UTC	Pokecoin spent for in-game item		POKECOIN		0
09/22/2024 08:54:54 UTC	In-game item bought		Poke balls	4	
09/22/2024 08:54:54 UTC	In-game item bought		LPSKU_BUNDLE.GENERAL1.FREE.	1	
09/22/2024 18:00:27 UTC	Pokecoin spent for in-game item		POKECOIN		-425
09/22/2024 18:00:27 UTC	In-game item bought		ITEM_MP_REPLENISH	3	
09/22/2024 18:00:31 UTC	Pokecoin spent for in-game item		POKECOIN		-425
09/22/2024 18:00:31 UTC	In-game item bought		ITEM_MP_REPLENISH	3	
09/22/2024 18:00:34 UTC	Pokecoin spent for in-game item		POKECOIN		-425
09/22/2024 18:00:34 UTC	In-game item bought		ITEM_MP_REPLENISH	3	
09/23/2024 21:26:19 UTC	Pokecoin spent for in-game item		POKECOIN		0
09/23/2024 21:26:19 UTC	In-game item bought		Poke balls	1	
09/23/2024 21:26:19 UTC	In-game item bought		Great balls	2	
09/23/2024 21:26:19 UTC	In-game item bought		LPSKU_BUNDLE.GENERAL1.FREE.	1	
09/23/2024 21:26:19 UTC	In-game item bought		Potion	1	
09/23/2024 21:26:27 UTC	Pokecoin spent for in-game item		POKECOIN		-425
09/23/2024 21:26:27 UTC	In-game item bought		ITEM_MP_REPLENISH	3	
09/25/2024 17:29:13 UTC	Pokecoin spent for in-game item		POKECOIN		0
09/25/2024 17:29:13 UTC	In-game item bought		Super potion	1	
09/25/2024 17:29:13 UTC	In-game item bought		Poke balls	1	
09/25/2024 17:29:13 UTC	In-game item bought		Great balls	1	
09/25/2024 17:29:13 UTC	In-game item bought		LPSKU_BUNDLE.GENERAL1.FREE.	1	
09/25/2024 17:29:13 UTC	In-game item bought		Potion	1	
09/26/2024 02:26:38 UTC	Pokecoin spent for in-game item		POKECOIN		-525
09/26/2024 02:26:38 UTC	In-game item bought		ITEM_REMOTE_RAID_TICKET	3	
09/26/2024 02:51:30 UTC	Pokecoin spent for in-game item		POKECOIN		-525
09/26/2024 02:51:30 UTC	In-game item bought		ITEM_REMOTE_RAID_TICKET	3	
09/26/2024 04:55:48 UTC	Pokecoin spent for in-game item		POKECOIN		-425
09/26/2024 04:55:48 UTC	In-game item bought		ITEM_MP_REPLENISH	3	
09/26/2024 04:55:50 UTC	Pokecoin spent for in-game item		POKECOIN		-425
09/26/2024 04:55:50 UTC	In-game item bought		ITEM_MP_REPLENISH	3	
09/26/2024 04:55:53 UTC	Pokecoin spent for in-game item		POKECOIN		-425
09/26/2024 04:55:53 UTC	In-game item bought		ITEM_MP_REPLENISH	3	
09/26/2024 20:05:13 UTC	Pokecoin spent for in-game item		POKECOIN		-525
09/26/2024 20:05:13 UTC	In-game item bought		ITEM_REMOTE_RAID_TICKET	3	
09/26/2024 23:42:04 UTC	Pokecoin spent for in-game item		POKECOIN		-425
09/26/2024 23:42:04 UTC	In-game item bought		Raid pass (paid)	2	
09/26/2024 23:42:04 UTC	In-game item bought		ITEM_REMOTE_RAID_TICKET	2	
09/27/2024 00:13:31 UTC	Pokecoin spent for in-game item		POKECOIN		0
09/27/2024 00:13:31 UTC	In-game item bought		Poke balls	3	
09/27/2024 00:13:31 UTC	In-game item bought		LPSKU_BUNDLE.GENERAL1.FREE.	1	
09/27/2024 00:13:31 UTC	In-game item bought		Potion	1	
09/27/2024 00:22:17 UTC	Pokecoin spent for in-game item		POKECOIN		-425
09/27/2024 00:22:17 UTC	In-game item bought		Raid pass (paid)	2	
09/27/2024 00:22:17 UTC	In-game item bought		ITEM_REMOTE_RAID_TICKET	2	
09/27/2024 19:11:43 UTC	Pokecoin spent for in-game item		POKECOIN		0
09/27/2024 19:11:43 UTC	In-game item bought		Poke balls	2	
09/27/2024 19:11:43 UTC	In-game item bought		LPSKU_BUNDLE.GENERAL1.FREE.	1	
09/27/2024 19:11:43 UTC	In-game item bought		Potion	2	
09/27/2024 23:13:36 UTC	Pokecoin spent for in-game item		POKECOIN		-425
09/27/2024 23:13:36 UTC	In-game item bought		Raid pass (paid)	2	
09/27/2024 23:13:36 UTC	In-game item bought		ITEM_REMOTE_RAID_TICKET	2	
09/27/2024 23:19:01 UTC	Pokecoin spent for in-game item		POKECOIN		-525
09/27/2024 23:19:02 UTC	In-game item bought		ITEM_REMOTE_RAID_TICKET	3	
09/28/2024 22:23:14 UTC	Pokecoin spent for in-game item		POKECOIN		0
09/28/2024 22:23:14 UTC	In-game item bought		Poke balls	3	
09/28/2024 22:23:14 UTC	In-game item bought		Great balls	1	
09/28/2024 22:23:14 UTC	In-game item bought		LPSKU_BUNDLE.GENERAL1.FREE.	1	
09/29/2024 19:53:20 UTC	Pokecoin spent for in-game item		POKECOIN		0
09/29/2024 19:53:20 UTC	In-game item bought		Poke balls	2	
09/29/2024 19:53:20 UTC	In-game item bought		Great balls	2	
09/29/2024 19:53:20 UTC	In-game item bought		LPSKU_BUNDLE.GENERAL1.FREE.	1	
09/30/2024 00:42:46 UTC	Pokecoin spent for in-game item		POKECOIN		-525
09/30/2024 00:42:46 UTC	In-game item bought		ITEM_REMOTE_RAID_TICKET	3	
09/30/2024 15:16:53 UTC	Pokecoin spent for in-game item		POKECOIN		0
09/30/2024 15:16:53 UTC	In-game item bought		Razz berry	1	
09/30/2024 15:16:53 UTC	In-game item bought		Poke balls	2	
09/30/2024 15:16:53 UTC	In-game item bought		Great balls	1	
09/30/2024 15:16:53 UTC	In-game item bought		LPSKU_BUNDLE.GENERAL1.FREE.	1	
10/01/2024 04:41:03 UTC	Pokecoin spent for in-game item		POKECOIN		-525
10/01/2024 04:41:03 UTC	In-game item bought		ITEM_REMOTE_RAID_TICKET	3	
10/01/2024 18:12:47 UTC	Pokecoin spent for in-game item		POKECOIN		-220
10/01/2024 18:12:47 UTC	In-game item bought		Streak Hoodie	1	
10/01/2024 18:12:47 UTC	In-game item bought		N_AVATAR_N_SHIRT_SWEATSHIRT-STREAK	1	
10/01/2024 21:35:23 UTC	Pokecoin spent for in-game item		POKECOIN		0
10/01/2024 21:35:23 UTC	In-game item bought		Poke balls	3	
10/01/2024 21:35:23 UTC	In-game item bought		Great balls	1	
10/01/2024 21:35:23 UTC	In-game item bought		LPSKU_BUNDLE.GENERAL1.FREE.	1	
10/03/2024 04:43:52 UTC	Pokecoin spent for in-game item		POKECOIN		-525
10/03/2024 04:43:52 UTC	In-game item bought		ITEM_REMOTE_RAID_TICKET	3	
10/04/2024 04:20:02 UTC	Pokecoin spent for in-game item		POKECOIN		-525
10/04/2024 04:20:02 UTC	In-game item bought		ITEM_REMOTE_RAID_TICKET	3	
10/04/2024 19:46:39 UTC	Pokecoin spent for in-game item		POKECOIN		0
10/04/2024 19:46:39 UTC	In-game item bought		Poke balls	2	
10/04/2024 19:46:39 UTC	In-game item bought		Great balls	1	
10/04/2024 19:46:39 UTC	In-game item bought		LPSKU_BUNDLE.GENERAL1.FREE.	1	
10/04/2024 19:46:39 UTC	In-game item bought		Potion	1	
10/05/2024 06:34:58 UTC	Pokecoin bought	XSOLLA	POKECOIN		15500	505000.0	IDR
10/05/2024 20:03:59 UTC	Pokecoin spent for in-game item		POKECOIN		-525
10/05/2024 20:03:59 UTC	In-game item bought		ITEM_REMOTE_RAID_TICKET	3	
10/06/2024 00:57:39 UTC	Pokecoin spent for in-game item		POKECOIN		0
10/06/2024 00:57:39 UTC	In-game item bought		Razz berry	1	
10/06/2024 00:57:39 UTC	In-game item bought		Poke balls	2	
10/06/2024 00:57:39 UTC	In-game item bought		LPSKU_BUNDLE.GENERAL1.FREE.	1	
10/06/2024 00:57:39 UTC	In-game item bought		Potion	1	
10/06/2024 20:55:46 UTC	Pokecoin spent for in-game item		POKECOIN		0
10/06/2024 20:55:46 UTC	In-game item bought		Poke balls	2	
10/06/2024 20:55:46 UTC	In-game item bought		LPSKU_BUNDLE.GENERAL1.FREE.	1	
10/06/2024 20:55:46 UTC	In-game item bought		Potion	2	
10/07/2024 17:58:01 UTC	Pokecoin spent for in-game item		POKECOIN		0
10/07/2024 17:58:01 UTC	In-game item bought		Poke balls	3	
10/07/2024 17:58:01 UTC	In-game item bought		LPSKU_BUNDLE.GENERAL1.FREE.	1	
10/07/2024 17:58:01 UTC	In-game item bought		Potion	1	
10/08/2024 04:10:07 UTC	Pokecoin spent for in-game item		POKECOIN		-525
10/08/2024 04:10:07 UTC	In-game item bought		ITEM_REMOTE_RAID_TICKET	3	
10/08/2024 16:13:32 UTC	Pokecoin spent for in-game item		POKECOIN		0
10/08/2024 16:13:32 UTC	In-game item bought		Super potion	1	
10/08/2024 16:13:32 UTC	In-game item bought		Poke balls	2	
10/08/2024 16:13:32 UTC	In-game item bought		LPSKU_BUNDLE.GENERAL1.FREE.	1	
10/08/2024 16:13:32 UTC	In-game item bought		Potion	1	
10/09/2024 01:35:30 UTC	Pokecoin spent for in-game item		POKECOIN		-525
10/09/2024 01:35:30 UTC	In-game item bought		ITEM_REMOTE_RAID_TICKET	3	
10/09/2024 05:14:24 UTC	Pokecoin spent for in-game item		POKECOIN		-525
10/09/2024 05:14:24 UTC	In-game item bought		ITEM_REMOTE_RAID_TICKET	3	
10/09/2024 08:13:58 UTC	Pokecoin spent for in-game item		POKECOIN		-495
10/09/2024 08:13:58 UTC	In-game item bought		Star pieces	1	
10/09/2024 08:13:58 UTC	In-game item bought		ITEM_REMOTE_RAID_TICKET	3	
10/09/2024 08:13:58 UTC	In-game item bought		Lucky egg	1	
10/10/2024 07:23:01 UTC	Pokecoin spent for in-game item		POKECOIN		-525
10/10/2024 07:23:01 UTC	In-game item bought		ITEM_REMOTE_RAID_TICKET	3	
10/10/2024 08:16:27 UTC	Pokecoin spent for in-game item		POKECOIN		-750
10/10/2024 08:16:27 UTC	In-game item bought		Star pieces	10	
10/10/2024 08:16:27 UTC	In-game item bought		ITEM_POFFIN	10	
10/10/2024 08:16:27 UTC	In-game item bought		Lucky egg	10	
10/10/2024 08:16:30 UTC	Pokecoin spent for in-game item		POKECOIN		-750
10/10/2024 08:16:30 UTC	In-game item bought		Star pieces	10	
10/10/2024 08:16:30 UTC	In-game item bought		ITEM_POFFIN	10	
10/10/2024 08:16:30 UTC	In-game item bought		Lucky egg	10	
10/10/2024 08:16:33 UTC	Pokecoin spent for in-game item		POKECOIN		-750
10/10/2024 08:16:33 UTC	In-game item bought		Star pieces	10	
10/10/2024 08:16:33 UTC	In-game item bought		ITEM_POFFIN	10	
10/10/2024 08:16:33 UTC	In-game item bought		Lucky egg	10	
10/10/2024 18:48:08 UTC	Pokecoin spent for in-game item		POKECOIN		-525
10/10/2024 18:48:08 UTC	In-game item bought		ITEM_REMOTE_RAID_TICKET	3	
10/11/2024 19:05:34 UTC	Pokecoin spent for in-game item		POKECOIN		-525
10/11/2024 19:05:34 UTC	In-game item bought		ITEM_REMOTE_RAID_TICKET	3	
10/11/2024 23:12:25 UTC	Pokecoin spent for in-game item		POKECOIN		-525
10/11/2024 23:12:25 UTC	In-game item bought		ITEM_REMOTE_RAID_TICKET	3	
10/12/2024 02:15:45 UTC	Pokecoin spent for in-game item		POKECOIN		-525
10/12/2024 02:15:45 UTC	In-game item bought		ITEM_REMOTE_RAID_TICKET	3	
10/12/2024 03:15:40 UTC	Pokecoin spent for in-game item		POKECOIN		-525
10/12/2024 03:15:40 UTC	In-game item bought		ITEM_REMOTE_RAID_TICKET	3	
10/12/2024 05:17:12 UTC	Pokecoin spent for in-game item		POKECOIN		-525
10/12/2024 05:17:12 UTC	In-game item bought		ITEM_REMOTE_RAID_TICKET	3	
10/12/2024 05:28:10 UTC	Pokecoin spent for in-game item		POKECOIN		-525
10/12/2024 05:28:10 UTC	In-game item bought		ITEM_REMOTE_RAID_TICKET	3	
10/12/2024 23:02:05 UTC	Pokecoin spent for in-game item		POKECOIN		-525
10/12/2024 23:02:05 UTC	In-game item bought		ITEM_REMOTE_RAID_TICKET	3	
10/12/2024 23:27:49 UTC	Pokecoin spent for in-game item		POKECOIN		0
10/12/2024 23:27:49 UTC	In-game item bought		Poke balls	2	
10/12/2024 23:27:49 UTC	In-game item bought		Great balls	1	
10/12/2024 23:27:49 UTC	In-game item bought		LPSKU_BUNDLE.GENERAL1.FREE.	1	
10/12/2024 23:27:49 UTC	In-game item bought		Potion	1	
10/12/2024 23:27:53 UTC	Pokecoin spent for in-game item		POKECOIN		-525
10/12/2024 23:27:53 UTC	In-game item bought		ITEM_REMOTE_RAID_TICKET	3	
10/13/2024 02:14:18 UTC	Pokecoin spent for in-game item		POKECOIN		-525
10/13/2024 02:14:18 UTC	In-game item bought		ITEM_REMOTE_RAID_TICKET	3	
10/14/2024 22:35:33 UTC	Pokecoin spent for in-game item		POKECOIN		-525
10/14/2024 22:35:33 UTC	In-game item bought		ITEM_REMOTE_RAID_TICKET	3	
10/14/2024 23:32:54 UTC	Pokecoin spent for in-game item		POKECOIN		0
10/14/2024 23:32:54 UTC	In-game item bought		Poke balls	2	
10/14/2024 23:32:54 UTC	In-game item bought		Great balls	1	
10/14/2024 23:32:54 UTC	In-game item bought		LPSKU_BUNDLE.GENERAL1.FREE.	1	
10/14/2024 23:32:54 UTC	In-game item bought		Potion	1	
10/14/2024 23:34:06 UTC	Pokecoin spent for in-game item		POKECOIN		-525
10/14/2024 23:34:06 UTC	In-game item bought		ITEM_REMOTE_RAID_TICKET	3	
10/15/2024 19:55:29 UTC	Pokecoin spent for in-game item		POKECOIN		0
10/15/2024 19:55:29 UTC	In-game item bought		Razz berry	1	
10/15/2024 19:55:29 UTC	In-game item bought		Poke balls	2	
10/15/2024 19:55:29 UTC	In-game item bought		LPSKU_BUNDLE.GENERAL1.FREE.	1	
10/15/2024 19:55:29 UTC	In-game item bought		Potion	1	
10/16/2024 01:33:23 UTC	Pokecoin spent for in-game item		POKECOIN		-680
10/16/2024 01:33:23 UTC	In-game item bought		Lure	8	
10/16/2024 04:01:12 UTC	Pokecoin spent for in-game item		POKECOIN		-525
10/16/2024 04:01:12 UTC	In-game item bought		ITEM_REMOTE_RAID_TICKET	3	
10/16/2024 07:34:31 UTC	Pokecoin spent for in-game item		POKECOIN		0
10/16/2024 07:34:31 UTC	In-game item bought		Poke balls	3	
10/16/2024 07:34:31 UTC	In-game item bought		LPSKU_BUNDLE.GENERAL1.FREE.	1	
10/16/2024 07:34:31 UTC	In-game item bought		Potion	1	
10/16/2024 07:35:15 UTC	Pokecoin spent for in-game item		POKECOIN		-525
10/16/2024 07:35:15 UTC	In-game item bought		ITEM_REMOTE_RAID_TICKET	3	
10/19/2024 06:08:51 UTC	Pokecoin spent for in-game item		POKECOIN		0
10/19/2024 06:08:51 UTC	In-game item bought		Poke balls	2	
10/19/2024 06:08:51 UTC	In-game item bought		LPSKU_BUNDLE.GENERAL1.FREE.	1	
10/19/2024 06:08:51 UTC	In-game item bought		Potion	2	
10/20/2024 21:49:22 UTC	Pokecoin spent for in-game item		POKECOIN		0
10/20/2024 21:49:22 UTC	In-game item bought		Great balls	2	
10/20/2024 21:49:22 UTC	In-game item bought		LPSKU_BUNDLE.GENERAL1.FREE.	1	
10/20/2024 21:49:22 UTC	In-game item bought		Potion	2	
10/27/2024 17:19:53 UTC	Pokecoin spent for in-game item		POKECOIN		0
10/27/2024 17:19:53 UTC	In-game item bought		Razz berry	1	
10/27/2024 17:19:53 UTC	In-game item bought		Poke balls	1	
10/27/2024 17:19:53 UTC	In-game item bought		LPSKU_BUNDLE.GENERAL1.FREE.	1	
10/27/2024 17:19:53 UTC	In-game item bought		Potion	2	
10/27/2024 18:22:25 UTC	Pokecoin spent for in-game item		POKECOIN		-425
10/27/2024 18:22:25 UTC	In-game item bought		ITEM_MP_REPLENISH	3	
10/27/2024 18:23:29 UTC	Pokecoin spent for in-game item		POKECOIN		-425
10/27/2024 18:23:29 UTC	In-game item bought		ITEM_MP_REPLENISH	3	
10/27/2024 18:48:08 UTC	Pokecoin spent for in-game item		POKECOIN		-425
10/27/2024 18:48:08 UTC	In-game item bought		ITEM_MP_REPLENISH	3	
10/27/2024 18:48:50 UTC	Pokecoin spent for in-game item		POKECOIN		-425
10/27/2024 18:48:50 UTC	In-game item bought		ITEM_MP_REPLENISH	3	
10/27/2024 19:14:09 UTC	Pokecoin spent for in-game item		POKECOIN		-425
10/27/2024 19:14:09 UTC	In-game item bought		ITEM_MP_REPLENISH	3	
10/27/2024 19:17:50 UTC	Pokecoin spent for in-game item		POKECOIN		-425
10/27/2024 19:17:50 UTC	In-game item bought		ITEM_MP_REPLENISH	3	
10/31/2024 02:05:20 UTC	Pokecoin spent for in-game item		POKECOIN		-525
10/31/2024 02:05:20 UTC	In-game item bought		ITEM_REMOTE_RAID_TICKET	3	
11/02/2024 17:15:28 UTC	Pokecoin spent for in-game item		POKECOIN		-200
11/02/2024 17:40:46 UTC	Pokecoin spent for in-game item		POKECOIN		-425
11/02/2024 17:40:46 UTC	In-game item bought		ITEM_MP_REPLENISH	3	
11/02/2024 17:54:57 UTC	Pokecoin spent for in-game item		POKECOIN		-425
11/02/2024 17:54:57 UTC	In-game item bought		ITEM_MP_REPLENISH	3	
11/02/2024 17:59:50 UTC	Pokecoin spent for in-game item		POKECOIN		-200
11/02/2024 18:08:05 UTC	Pokecoin spent for in-game item		POKECOIN		-200
11/02/2024 18:28:14 UTC	Pokecoin spent for in-game item		POKECOIN		-200
11/02/2024 18:30:20 UTC	Pokecoin spent for in-game item		POKECOIN		-425
11/02/2024 18:30:20 UTC	In-game item bought		ITEM_MP_REPLENISH	3	
11/02/2024 18:37:22 UTC	Pokecoin spent for in-game item		POKECOIN		-200
11/03/2024 17:06:18 UTC	Pokecoin spent for in-game item		POKECOIN		-425
11/03/2024 17:06:18 UTC	In-game item bought		ITEM_MP_REPLENISH	3	
11/03/2024 17:24:54 UTC	Pokecoin spent for in-game item		POKECOIN		-200
11/03/2024 17:34:21 UTC	Pokecoin spent for in-game item		POKECOIN		-200
11/03/2024 17:42:34 UTC	Pokecoin spent for in-game item		POKECOIN		-200
11/03/2024 18:03:28 UTC	Pokecoin spent for in-game item		POKECOIN		-425
11/03/2024 18:03:28 UTC	In-game item bought		ITEM_MP_REPLENISH	3	
11/03/2024 18:07:22 UTC	Pokecoin spent for in-game item		POKECOIN		-200
11/03/2024 18:07:22 UTC	In-game item bought		UPGRADE_GMAX_BATTLE_REWARD_LEVEL	1	
11/03/2024 18:18:24 UTC	Pokecoin spent for in-game item		POKECOIN		-200
11/03/2024 18:18:24 UTC	In-game item bought		UPGRADE_GMAX_BATTLE_REWARD_LEVEL	1	
11/03/2024 18:25:24 UTC	Pokecoin spent for in-game item		POKECOIN		-200
11/03/2024 18:25:24 UTC	In-game item bought		UPGRADE_GMAX_BATTLE_REWARD_LEVEL	1	
11/03/2024 19:20:38 UTC	Pokecoin spent for in-game item		POKECOIN		-425
11/03/2024 19:20:39 UTC	In-game item bought		ITEM_MP_REPLENISH	3	
11/03/2024 19:28:01 UTC	Pokecoin spent for in-game item		POKECOIN		-200
11/03/2024 19:28:01 UTC	In-game item bought		UPGRADE_GMAX_BATTLE_REWARD_LEVEL	1	
11/07/2024 16:46:13 UTC	Pokecoin spent for in-game item		POKECOIN		0
11/07/2024 16:46:13 UTC	In-game item bought		Poke balls	2	
11/07/2024 16:46:13 UTC	In-game item bought		Great balls	1	
11/07/2024 16:46:13 UTC	In-game item bought		LPSKU_BUNDLE.GENERAL1.FREE.	1	
11/07/2024 16:46:13 UTC	In-game item bought		Revive	1	
11/10/2024 05:58:23 UTC	Pokecoin spent for in-game item		POKECOIN		0
11/10/2024 05:58:23 UTC	In-game item bought		Poke balls	3	
11/10/2024 05:58:23 UTC	In-game item bought		LPSKU_BUNDLE.GENERAL1.FREE.	1	
11/10/2024 05:58:23 UTC	In-game item bought		Potion	1	
11/13/2024 03:30:55 UTC	Pokecoin spent for in-game item		POKECOIN		0
11/13/2024 03:30:55 UTC	In-game item bought		Poke balls	4	
11/13/2024 03:30:55 UTC	In-game item bought		LPSKU_BUNDLE.GENERAL1.FREE.	1	
11/19/2024 03:18:30 UTC	Pokecoin spent for in-game item		POKECOIN		-72
11/19/2024 03:18:30 UTC	In-game item bought		STICKER_PGO_WILDAREA	4	
11/19/2024 03:18:30 UTC	In-game item bought		STICKER_PGO_WILDAREA_2024_LOGO	4	
11/19/2024 03:18:30 UTC	In-game item bought		STICKER_PGO_WILDAREA_2024	16	
11/19/2024 03:19:48 UTC	Pokecoin spent for in-game item		POKECOIN		-525
11/19/2024 03:19:48 UTC	In-game item bought		ITEM_REMOTE_RAID_TICKET	3	
11/20/2024 03:40:16 UTC	Pokecoin spent for in-game item		POKECOIN		-525
11/20/2024 03:40:16 UTC	In-game item bought		ITEM_REMOTE_RAID_TICKET	3	
11/22/2024 01:44:53 UTC	Pokecoin spent for in-game item		POKECOIN		-200
11/22/2024 01:44:53 UTC	In-game item bought		Bag upgrade	1	
11/22/2024 01:45:09 UTC	Pokecoin spent for in-game item		POKECOIN		-200
11/22/2024 01:45:09 UTC	In-game item bought		Bag upgrade	1	
11/22/2024 01:45:13 UTC	Pokecoin spent for in-game item		POKECOIN		-200
11/22/2024 01:45:13 UTC	In-game item bought		Bag upgrade	1	
11/22/2024 01:45:16 UTC	Pokecoin spent for in-game item		POKECOIN		-200
11/22/2024 01:45:16 UTC	In-game item bought		Bag upgrade	1	
11/22/2024 01:45:18 UTC	Pokecoin spent for in-game item		POKECOIN		-200
11/22/2024 01:45:18 UTC	In-game item bought		Bag upgrade	1	
11/22/2024 01:45:21 UTC	Pokecoin spent for in-game item		POKECOIN		-200
11/22/2024 01:45:21 UTC	In-game item bought		Bag upgrade	1	
11/22/2024 01:45:24 UTC	Pokecoin spent for in-game item		POKECOIN		-200
11/22/2024 01:45:24 UTC	In-game item bought		Bag upgrade	1	
11/22/2024 01:47:10 UTC	Pokecoin spent for in-game item		POKECOIN		-425
11/22/2024 01:47:10 UTC	In-game item bought		ITEM_MP_REPLENISH	3	
11/22/2024 02:16:14 UTC	Pokecoin spent for in-game item		POKECOIN		-525
11/22/2024 02:16:14 UTC	In-game item bought		ITEM_REMOTE_RAID_TICKET	3	
11/22/2024 04:13:06 UTC	Pokecoin spent for in-game item		POKECOIN		-525
11/22/2024 04:13:06 UTC	In-game item bought		ITEM_REMOTE_RAID_TICKET	3	
11/22/2024 04:16:32 UTC	Pokecoin spent for in-game item		POKECOIN		0
11/22/2024 04:16:32 UTC	In-game item bought		Poke balls	1	
11/22/2024 04:16:32 UTC	In-game item bought		Great balls	1	
11/22/2024 04:16:32 UTC	In-game item bought		LPSKU_BUNDLE.GENERAL1.FREE.	1	
11/22/2024 04:16:32 UTC	In-game item bought		Potion	2	
11/22/2024 04:19:34 UTC	Pokecoin spent for in-game item		POKECOIN		-525
11/22/2024 04:19:34 UTC	In-game item bought		ITEM_REMOTE_RAID_TICKET	3	
11/22/2024 05:38:54 UTC	Pokecoin spent for in-game item		POKECOIN		-525
11/22/2024 05:38:54 UTC	In-game item bought		ITEM_REMOTE_RAID_TICKET	3	
11/22/2024 06:27:43 UTC	Pokecoin spent for in-game item		POKECOIN		-425
11/22/2024 06:27:43 UTC	In-game item bought		ITEM_MP_REPLENISH	3	
11/22/2024 06:27:45 UTC	Pokecoin spent for in-game item		POKECOIN		-425
11/22/2024 06:27:45 UTC	In-game item bought		ITEM_MP_REPLENISH	3	
11/22/2024 06:27:48 UTC	Pokecoin spent for in-game item		POKECOIN		-425
11/22/2024 06:27:48 UTC	In-game item bought		ITEM_MP_REPLENISH	3	
11/22/2024 06:27:51 UTC	Pokecoin spent for in-game item		POKECOIN		-425
11/22/2024 06:27:51 UTC	In-game item bought		ITEM_MP_REPLENISH	3	
11/22/2024 06:27:57 UTC	Pokecoin spent for in-game item		POKECOIN		-525
11/22/2024 06:27:57 UTC	In-game item bought		ITEM_REMOTE_RAID_TICKET	3	
11/22/2024 07:21:08 UTC	Pokecoin spent for in-game item		POKECOIN		0
11/22/2024 07:21:08 UTC	In-game item bought		Poke balls	2	
11/22/2024 07:21:08 UTC	In-game item bought		LPSKU_BUNDLE.GENERAL1.FREE.	1	
11/22/2024 07:21:08 UTC	In-game item bought		Potion	2	
11/22/2024 18:33:00 UTC	Pokecoin spent for in-game item		POKECOIN		-200
11/22/2024 18:33:00 UTC	In-game item bought		Pokemon storage upgrade	1	
11/22/2024 18:33:03 UTC	Pokecoin spent for in-game item		POKECOIN		-200
11/22/2024 18:33:03 UTC	In-game item bought		Pokemon storage upgrade	1	
11/22/2024 18:33:06 UTC	Pokecoin spent for in-game item		POKECOIN		-200
11/22/2024 18:33:06 UTC	In-game item bought		Pokemon storage upgrade	1	
11/22/2024 18:33:08 UTC	Pokecoin spent for in-game item		POKECOIN		-200
11/22/2024 18:33:08 UTC	In-game item bought		Pokemon storage upgrade	1	
11/22/2024 18:33:10 UTC	Pokecoin spent for in-game item		POKECOIN		-200
11/22/2024 18:33:10 UTC	In-game item bought		Pokemon storage upgrade	1	
11/22/2024 18:33:18 UTC	Pokecoin spent for in-game item		POKECOIN		-525
11/22/2024 18:33:18 UTC	In-game item bought		ITEM_REMOTE_RAID_TICKET	3	
11/22/2024 19:37:23 UTC	Pokecoin spent for in-game item		POKECOIN		-72
11/22/2024 19:37:23 UTC	In-game item bought		STICKER_PGO_WILDAREA	4	
11/22/2024 19:37:23 UTC	In-game item bought		STICKER_PGO_WILDAREA_2024_LOGO	4	
11/22/2024 19:37:23 UTC	In-game item bought		STICKER_PGO_WILDAREA_2024	16	
11/22/2024 19:46:22 UTC	Pokecoin spent for in-game item		POKECOIN		-525
11/22/2024 19:46:22 UTC	In-game item bought		ITEM_REMOTE_RAID_TICKET	3	
11/22/2024 20:10:42 UTC	Pokecoin spent for in-game item		POKECOIN		-525
11/22/2024 20:10:42 UTC	In-game item bought		ITEM_REMOTE_RAID_TICKET	3	
11/22/2024 21:02:20 UTC	Pokecoin spent for in-game item		POKECOIN		-525
11/22/2024 21:02:20 UTC	In-game item bought		ITEM_REMOTE_RAID_TICKET	3	
11/22/2024 21:06:24 UTC	Pokecoin spent for in-game item		POKECOIN		-525
11/22/2024 21:06:24 UTC	In-game item bought		ITEM_REMOTE_RAID_TICKET	3	
11/22/2024 21:49:29 UTC	Pokecoin spent for in-game item		POKECOIN		-525
11/22/2024 21:49:29 UTC	In-game item bought		ITEM_REMOTE_RAID_TICKET	3	
11/22/2024 22:21:37 UTC	Pokecoin spent for in-game item		POKECOIN		-525
11/22/2024 22:21:37 UTC	In-game item bought		ITEM_REMOTE_RAID_TICKET	3	
11/22/2024 22:50:56 UTC	Pokecoin spent for in-game item		POKECOIN		-525
11/22/2024 22:50:56 UTC	In-game item bought		ITEM_REMOTE_RAID_TICKET	3	
11/23/2024 01:53:01 UTC	Pokecoin spent for in-game item		POKECOIN		-525
11/23/2024 01:53:01 UTC	In-game item bought		ITEM_REMOTE_RAID_TICKET	3	
11/23/2024 03:32:46 UTC	Pokecoin spent for in-game item		POKECOIN		-525
11/23/2024 03:32:46 UTC	In-game item bought		ITEM_REMOTE_RAID_TICKET	3	
11/23/2024 03:43:00 UTC	Pokecoin spent for in-game item		POKECOIN		-525
11/23/2024 03:43:01 UTC	In-game item bought		ITEM_REMOTE_RAID_TICKET	3	
11/23/2024 03:54:59 UTC	Pokecoin spent for in-game item		POKECOIN		-525
11/23/2024 03:54:59 UTC	In-game item bought		ITEM_REMOTE_RAID_TICKET	3	
11/23/2024 04:10:15 UTC	Pokecoin spent for in-game item		POKECOIN		-525
11/23/2024 04:10:15 UTC	In-game item bought		ITEM_REMOTE_RAID_TICKET	3	
11/23/2024 16:59:18 UTC	Pokecoin spent for in-game item		POKECOIN		0
11/23/2024 16:59:18 UTC	In-game item bought		Poke balls	2	
11/23/2024 16:59:18 UTC	In-game item bought		Great balls	1	
11/23/2024 16:59:18 UTC	In-game item bought		LPSKU_BUNDLE.GENERAL1.FREE.	1	
11/23/2024 16:59:18 UTC	In-game item bought		Potion	1	
11/23/2024 18:04:47 UTC	Pokecoin spent for in-game item		POKECOIN		-200
11/23/2024 18:04:47 UTC	In-game item bought		UPGRADE_GMAX_BATTLE_REWARD_LEVEL	1	
11/23/2024 18:27:38 UTC	Pokecoin spent for in-game item		POKECOIN		-200
11/23/2024 18:27:38 UTC	In-game item bought		Pokemon storage upgrade	1	
11/23/2024 18:27:41 UTC	Pokecoin spent for in-game item		POKECOIN		-200
11/23/2024 18:27:41 UTC	In-game item bought		Pokemon storage upgrade	1	
11/23/2024 20:01:29 UTC	Pokecoin spent for in-game item		POKECOIN		-525
11/23/2024 20:01:29 UTC	In-game item bought		ITEM_REMOTE_RAID_TICKET	3	
11/23/2024 20:42:14 UTC	Pokecoin spent for in-game item		POKECOIN		-525
11/23/2024 20:42:14 UTC	In-game item bought		ITEM_REMOTE_RAID_TICKET	3	
11/23/2024 21:09:44 UTC	Pokecoin spent for in-game item		POKECOIN		-200
11/23/2024 21:09:44 UTC	In-game item bought		UPGRADE_GMAX_BATTLE_REWARD_LEVEL	1	
11/23/2024 21:28:16 UTC	Pokecoin spent for in-game item		POKECOIN		-200
11/23/2024 21:28:16 UTC	In-game item bought		UPGRADE_GMAX_BATTLE_REWARD_LEVEL	1	
11/23/2024 21:49:55 UTC	Pokecoin spent for in-game item		POKECOIN		-425
11/23/2024 21:49:55 UTC	In-game item bought		ITEM_MP_REPLENISH	3	
11/23/2024 22:57:59 UTC	Pokecoin spent for in-game item		POKECOIN		-200
11/23/2024 22:57:59 UTC	In-game item bought		UPGRADE_GMAX_BATTLE_REWARD_LEVEL	1	
11/24/2024 00:47:22 UTC	Pokecoin spent for in-game item		POKECOIN		-200
11/24/2024 00:47:22 UTC	In-game item bought		UPGRADE_GMAX_BATTLE_REWARD_LEVEL	1	
11/24/2024 00:56:36 UTC	Pokecoin spent for in-game item		POKECOIN		-200
11/24/2024 00:56:36 UTC	In-game item bought		UPGRADE_GMAX_BATTLE_REWARD_LEVEL	1	
11/24/2024 01:07:41 UTC	Pokecoin spent for in-game item		POKECOIN		-425
11/24/2024 01:07:41 UTC	In-game item bought		ITEM_MP_REPLENISH	3	
11/24/2024 16:41:26 UTC	Pokecoin spent for in-game item		POKECOIN		0
11/24/2024 16:41:26 UTC	In-game item bought		Poke balls	3	
11/24/2024 16:41:26 UTC	In-game item bought		LPSKU_BUNDLE.GENERAL1.FREE.	1	
11/24/2024 16:41:26 UTC	In-game item bought		Potion	1	
11/24/2024 17:44:32 UTC	Pokecoin spent for in-game item		POKECOIN		-200
11/24/2024 17:44:32 UTC	In-game item bought		UPGRADE_GMAX_BATTLE_REWARD_LEVEL	1	
11/24/2024 17:55:02 UTC	Pokecoin spent for in-game item		POKECOIN		-200
11/24/2024 17:55:02 UTC	In-game item bought		UPGRADE_GMAX_BATTLE_REWARD_LEVEL	1	
11/24/2024 18:09:17 UTC	Pokecoin spent for in-game item		POKECOIN		-200
11/24/2024 18:09:17 UTC	In-game item bought		UPGRADE_GMAX_BATTLE_REWARD_LEVEL	1	
11/24/2024 18:40:28 UTC	Pokecoin spent for in-game item		POKECOIN		-525
11/24/2024 18:40:28 UTC	In-game item bought		ITEM_REMOTE_RAID_TICKET	3	
11/24/2024 19:23:02 UTC	Pokecoin spent for in-game item		POKECOIN		-200
11/24/2024 19:23:02 UTC	In-game item bought		UPGRADE_GMAX_BATTLE_REWARD_LEVEL	1	
11/24/2024 19:32:42 UTC	Pokecoin spent for in-game item		POKECOIN		-200
11/24/2024 19:32:42 UTC	In-game item bought		UPGRADE_GMAX_BATTLE_REWARD_LEVEL	1	
11/24/2024 21:04:59 UTC	Pokecoin spent for in-game item		POKECOIN		-525
11/24/2024 21:04:59 UTC	In-game item bought		ITEM_REMOTE_RAID_TICKET	3	
11/24/2024 21:09:29 UTC	Pokecoin spent for in-game item		POKECOIN		-680
11/24/2024 21:09:29 UTC	In-game item bought		Lure	8	
11/24/2024 21:30:28 UTC	Pokecoin spent for in-game item		POKECOIN		-200
11/24/2024 21:30:28 UTC	In-game item bought		UPGRADE_GMAX_BATTLE_REWARD_LEVEL	1	
11/24/2024 22:25:41 UTC	Pokecoin spent for in-game item		POKECOIN		-200
11/24/2024 22:25:41 UTC	In-game item bought		UPGRADE_GMAX_BATTLE_REWARD_LEVEL	1	
11/24/2024 22:44:14 UTC	Pokecoin spent for in-game item		POKECOIN		-200
11/24/2024 22:44:14 UTC	In-game item bought		UPGRADE_GMAX_BATTLE_REWARD_LEVEL	1	
11/25/2024 03:36:18 UTC	Pokecoin spent for in-game item		POKECOIN		-525
11/25/2024 03:36:18 UTC	In-game item bought		ITEM_REMOTE_RAID_TICKET	3	
11/25/2024 03:45:11 UTC	Pokecoin spent for in-game item		POKECOIN		-525
11/25/2024 03:45:11 UTC	In-game item bought		ITEM_REMOTE_RAID_TICKET	3	
11/25/2024 04:49:07 UTC	Pokecoin spent for in-game item		POKECOIN		-195
11/25/2024 04:49:07 UTC	In-game item bought		ITEM_REMOTE_RAID_TICKET	1	
11/25/2024 04:49:10 UTC	Pokecoin spent for in-game item		POKECOIN		-195
11/25/2024 04:49:10 UTC	In-game item bought		ITEM_REMOTE_RAID_TICKET	1	
11/25/2024 22:17:10 UTC	Pokecoin spent for in-game item		POKECOIN		0
11/25/2024 22:17:10 UTC	In-game item bought		Poke balls	2	
11/25/2024 22:17:10 UTC	In-game item bought		Great balls	2	
11/25/2024 22:17:10 UTC	In-game item bought		LPSKU_BUNDLE.GENERAL1.FREE.	1	
11/25/2024 22:17:17 UTC	Pokecoin spent for in-game item		POKECOIN		-72
11/25/2024 22:17:17 UTC	In-game item bought		STICKER_HOLIDAYEVENT21	9	
11/25/2024 22:17:17 UTC	In-game item bought		STICKER_HOLIDAYEVENT22_CUBCHOO	3	
11/25/2024 22:17:17 UTC	In-game item bought		STICKER_WINTER_SNORUNT	3	
11/25/2024 22:17:17 UTC	In-game item bought		STICKER_HOLIDAYEVENT22_VULPIX	3	
11/25/2024 22:17:17 UTC	In-game item bought		STICKER_HOLIDAYEVENT22_SNOWPIKA	3	
11/25/2024 22:17:17 UTC	In-game item bought		STICKER_WINTER_PIKACHU	3	
11/28/2024 14:51:40 UTC	Pokecoin bought	XSOLLA	POKECOIN		16500	505000.0	IDR
11/28/2024 14:52:36 UTC	Pokecoin bought	XSOLLA	POKECOIN		15500	505000.0	IDR
11/28/2024 15:22:49 UTC	Pokecoin spent for in-game item		POKECOIN		-200
11/28/2024 15:22:49 UTC	In-game item bought		Bag upgrade	1	
11/28/2024 15:22:52 UTC	Pokecoin spent for in-game item		POKECOIN		-200
11/28/2024 15:22:52 UTC	In-game item bought		Bag upgrade	1	
11/28/2024 15:22:54 UTC	Pokecoin spent for in-game item		POKECOIN		-200
11/28/2024 15:22:54 UTC	In-game item bought		Bag upgrade	1	
11/28/2024 15:22:59 UTC	Pokecoin spent for in-game item		POKECOIN		-200
11/28/2024 15:22:59 UTC	In-game item bought		Pokemon storage upgrade	1	
11/28/2024 15:23:01 UTC	Pokecoin spent for in-game item		POKECOIN		-200
11/28/2024 15:23:02 UTC	In-game item bought		Pokemon storage upgrade	1	
11/28/2024 15:23:04 UTC	Pokecoin spent for in-game item		POKECOIN		-200
11/28/2024 15:23:04 UTC	In-game item bought		Pokemon storage upgrade	1	
11/28/2024 15:25:01 UTC	Pokecoin spent for in-game item		POKECOIN		-525
11/28/2024 15:25:01 UTC	In-game item bought		ITEM_REMOTE_RAID_TICKET	3	
11/28/2024 15:36:58 UTC	Pokecoin spent for in-game item		POKECOIN		-200
11/28/2024 15:36:58 UTC	In-game item bought		AVATAR_M_SHIRT_PAJAMAS2022	1	
11/28/2024 15:36:58 UTC	In-game item bought		AVATAR_F_SHIRT_PAJAMAS2022	1	
11/28/2024 15:36:58 UTC	In-game item bought		N_AVATAR_N_SHIRT_PAJAMAS2022	1	
11/28/2024 20:17:26 UTC	Pokecoin spent for in-game item		POKECOIN		0
11/28/2024 20:17:26 UTC	In-game item bought		Poke balls	2	
11/28/2024 20:17:26 UTC	In-game item bought		Great balls	2	
11/28/2024 20:17:26 UTC	In-game item bought		LPSKU_BUNDLE.GENERAL1.FREE.	1	
11/28/2024 20:17:30 UTC	Pokecoin spent for in-game item		POKECOIN		-525
11/28/2024 20:17:30 UTC	In-game item bought		ITEM_REMOTE_RAID_TICKET	3	
11/29/2024 16:44:48 UTC	Pokecoin spent for in-game item		POKECOIN		0
11/29/2024 16:44:48 UTC	In-game item bought		Poke balls	2	
11/29/2024 16:44:48 UTC	In-game item bought		Great balls	1	
11/29/2024 16:44:48 UTC	In-game item bought		LPSKU_BUNDLE.GENERAL1.FREE.	1	
11/29/2024 16:44:48 UTC	In-game item bought		Potion	1	
11/29/2024 17:39:32 UTC	Pokecoin spent for in-game item		POKECOIN		-425
11/29/2024 17:39:32 UTC	In-game item bought		ITEM_MP_REPLENISH	3	
11/29/2024 17:39:35 UTC	Pokecoin spent for in-game item		POKECOIN		-425
11/29/2024 17:39:35 UTC	In-game item bought		ITEM_MP_REPLENISH	3	
11/29/2024 17:39:38 UTC	Pokecoin spent for in-game item		POKECOIN		-425
11/29/2024 17:39:38 UTC	In-game item bought		ITEM_MP_REPLENISH	3	
11/29/2024 17:39:40 UTC	Pokecoin spent for in-game item		POKECOIN		-425
11/29/2024 17:39:40 UTC	In-game item bought		ITEM_MP_REPLENISH	3	
11/30/2024 17:09:33 UTC	Pokecoin spent for in-game item		POKECOIN		0
11/30/2024 17:09:33 UTC	In-game item bought		Poke balls	3	
11/30/2024 17:09:33 UTC	In-game item bought		LPSKU_BUNDLE.GENERAL1.FREE.	1	
11/30/2024 17:09:33 UTC	In-game item bought		Potion	1	
12/02/2024 16:02:22 UTC	Pokecoin spent for in-game item		POKECOIN		0
12/02/2024 16:02:22 UTC	In-game item bought		Poke balls	2	
12/02/2024 16:02:22 UTC	In-game item bought		Great balls	1	
12/02/2024 16:02:22 UTC	In-game item bought		LPSKU_BUNDLE.GENERAL1.FREE.	1	
12/02/2024 16:02:22 UTC	In-game item bought		Potion	1	
12/03/2024 03:45:31 UTC	Pokecoin spent for in-game item		POKECOIN		-525
12/03/2024 03:45:31 UTC	In-game item bought		ITEM_REMOTE_RAID_TICKET	3	
12/03/2024 18:36:46 UTC	Pokecoin spent for in-game item		POKECOIN		0
12/03/2024 18:36:46 UTC	In-game item bought		Poke balls	3	
12/03/2024 18:36:46 UTC	In-game item bought		Great balls	1	
12/03/2024 18:36:46 UTC	In-game item bought		LPSKU_BUNDLE.GENERAL1.FREE.	1	
12/04/2024 02:16:17 UTC	Pokecoin spent for in-game item		POKECOIN		-525
12/04/2024 02:16:17 UTC	In-game item bought		ITEM_REMOTE_RAID_TICKET	3	
12/04/2024 14:40:44 UTC	Pokecoin spent for in-game item		POKECOIN		-205
12/04/2024 14:40:44 UTC	In-game item bought		ITEM_POSTCARD_STORAGE_UPGRADE	1	
12/04/2024 14:40:44 UTC	In-game item bought		ITEM_REMOTE_RAID_TICKET	1	
12/04/2024 20:47:53 UTC	Pokecoin spent for in-game item		POKECOIN		-205
12/04/2024 20:47:53 UTC	In-game item bought		ITEM_POSTCARD_STORAGE_UPGRADE	1	
12/04/2024 20:47:53 UTC	In-game item bought		ITEM_REMOTE_RAID_TICKET	1	
12/04/2024 20:47:57 UTC	Pokecoin spent for in-game item		POKECOIN		0
12/04/2024 20:47:57 UTC	In-game item bought		Poke balls	3	
12/04/2024 20:47:57 UTC	In-game item bought		Great balls	1	
12/04/2024 20:47:57 UTC	In-game item bought		LPSKU_BUNDLE.GENERAL1.FREE.	1	
12/04/2024 20:48:00 UTC	Pokecoin spent for in-game item		POKECOIN		0
12/04/2024 20:48:00 UTC	In-game item bought		ITEM_BATTLE_PASS_TICKET	1	
12/05/2024 07:38:28 UTC	Pokecoin spent for in-game item		POKECOIN		0
12/05/2024 07:38:28 UTC	In-game item bought		Razz berry	1	
12/05/2024 07:38:28 UTC	In-game item bought		Poke balls	1	
12/05/2024 07:38:28 UTC	In-game item bought		Great balls	1	
12/05/2024 07:38:28 UTC	In-game item bought		LPSKU_BUNDLE.GENERAL1.FREE.	1	
12/05/2024 07:38:28 UTC	In-game item bought		Potion	1	
12/05/2024 07:38:40 UTC	Pokecoin spent for in-game item		POKECOIN		-1000
12/05/2024 07:38:40 UTC	In-game item bought		ITEM_MAX_BOOST	3	
12/05/2024 07:38:43 UTC	Pokecoin spent for in-game item		POKECOIN		-1000
12/05/2024 07:38:43 UTC	In-game item bought		ITEM_MAX_BOOST	3	
12/05/2024 07:38:46 UTC	Pokecoin spent for in-game item		POKECOIN		-1000
12/05/2024 07:38:46 UTC	In-game item bought		ITEM_MAX_BOOST	3	
12/05/2024 07:38:49 UTC	Pokecoin spent for in-game item		POKECOIN		-1000
12/05/2024 07:38:49 UTC	In-game item bought		ITEM_MAX_BOOST	3	
12/05/2024 07:39:09 UTC	Pokecoin spent for in-game item		POKECOIN		-205
12/05/2024 07:39:09 UTC	In-game item bought		ITEM_POSTCARD_STORAGE_UPGRADE	1	
12/05/2024 07:39:09 UTC	In-game item bought		ITEM_REMOTE_RAID_TICKET	1	
12/06/2024 00:29:29 UTC	Pokecoin spent for in-game item		POKECOIN		-525
12/06/2024 00:29:29 UTC	In-game item bought		ITEM_REMOTE_RAID_TICKET	3	
12/06/2024 15:37:07 UTC	Pokecoin spent for in-game item		POKECOIN		0
12/06/2024 15:37:07 UTC	In-game item bought		Poke balls	2	
12/06/2024 15:37:07 UTC	In-game item bought		Great balls	2	
12/06/2024 15:37:07 UTC	In-game item bought		LPSKU_BUNDLE.GENERAL1.FREE.	1	
12/07/2024 00:37:30 UTC	Pokecoin spent for in-game item		POKECOIN		-525
12/07/2024 00:37:30 UTC	In-game item bought		ITEM_REMOTE_RAID_TICKET	3	
12/07/2024 09:24:21 UTC	Pokecoin spent for in-game item		POKECOIN		0
12/07/2024 09:24:21 UTC	In-game item bought		Poke balls	1	
12/07/2024 09:24:21 UTC	In-game item bought		Great balls	3	
12/07/2024 09:24:21 UTC	In-game item bought		LPSKU_BUNDLE.GENERAL1.FREE.	1	
12/07/2024 17:15:46 UTC	Pokecoin spent for in-game item		POKECOIN		-525
12/07/2024 17:15:46 UTC	In-game item bought		ITEM_REMOTE_RAID_TICKET	3	
12/08/2024 15:35:23 UTC	Pokecoin spent for in-game item		POKECOIN		0
12/08/2024 15:35:23 UTC	In-game item bought		Poke balls	2	
12/08/2024 15:35:23 UTC	In-game item bought		LPSKU_BUNDLE.GENERAL1.FREE.	1	
12/08/2024 15:35:23 UTC	In-game item bought		Potion	2	
12/08/2024 21:32:34 UTC	Pokecoin spent for in-game item		POKECOIN		-200
12/08/2024 21:32:34 UTC	In-game item bought		UPGRADE_GMAX_BATTLE_REWARD_LEVEL	1	
12/08/2024 21:40:36 UTC	Pokecoin spent for in-game item		POKECOIN		-200
12/08/2024 21:40:36 UTC	In-game item bought		UPGRADE_GMAX_BATTLE_REWARD_LEVEL	1	
12/08/2024 21:48:05 UTC	Pokecoin spent for in-game item		POKECOIN		-200
12/08/2024 21:48:05 UTC	In-game item bought		UPGRADE_GMAX_BATTLE_REWARD_LEVEL	1	
12/08/2024 22:01:05 UTC	Pokecoin spent for in-game item		POKECOIN		-200
12/08/2024 22:01:05 UTC	In-game item bought		UPGRADE_GMAX_BATTLE_REWARD_LEVEL	1	
12/08/2024 22:08:06 UTC	Pokecoin spent for in-game item		POKECOIN		-200
12/08/2024 22:08:06 UTC	In-game item bought		UPGRADE_GMAX_BATTLE_REWARD_LEVEL	1	
12/08/2024 22:17:13 UTC	Pokecoin spent for in-game item		POKECOIN		-200
12/08/2024 22:17:13 UTC	In-game item bought		UPGRADE_GMAX_BATTLE_REWARD_LEVEL	1	
12/08/2024 22:25:31 UTC	Pokecoin spent for in-game item		POKECOIN		-200
12/08/2024 22:25:31 UTC	In-game item bought		UPGRADE_GMAX_BATTLE_REWARD_LEVEL	1	
12/08/2024 22:34:20 UTC	Pokecoin spent for in-game item		POKECOIN		-200
12/08/2024 22:34:20 UTC	In-game item bought		UPGRADE_GMAX_BATTLE_REWARD_LEVEL	1	
12/08/2024 23:40:19 UTC	Pokecoin spent for in-game item		POKECOIN		-200
12/08/2024 23:40:19 UTC	In-game item bought		UPGRADE_GMAX_BATTLE_REWARD_LEVEL	1	
12/08/2024 23:48:33 UTC	Pokecoin spent for in-game item		POKECOIN		-425
12/08/2024 23:48:33 UTC	In-game item bought		ITEM_MP_REPLENISH	3	
12/08/2024 23:54:24 UTC	Pokecoin spent for in-game item		POKECOIN		-200
12/08/2024 23:54:24 UTC	In-game item bought		UPGRADE_GMAX_BATTLE_REWARD_LEVEL	1	
12/09/2024 01:47:34 UTC	Pokecoin spent for in-game item		POKECOIN		-525
12/09/2024 01:47:34 UTC	In-game item bought		ITEM_REMOTE_RAID_TICKET	3	
12/09/2024 20:19:15 UTC	Pokecoin spent for in-game item		POKECOIN		0
12/09/2024 20:19:15 UTC	In-game item bought		Poke balls	3	
12/09/2024 20:19:15 UTC	In-game item bought		LPSKU_BUNDLE.GENERAL1.FREE.	1	
12/09/2024 20:19:15 UTC	In-game item bought		Potion	1	
12/09/2024 22:46:28 UTC	Pokecoin spent for in-game item		POKECOIN		-525
12/09/2024 22:46:28 UTC	In-game item bought		ITEM_REMOTE_RAID_TICKET	3	
12/10/2024 02:30:46 UTC	Pokecoin spent for in-game item		POKECOIN		-525
12/10/2024 02:30:46 UTC	In-game item bought		ITEM_REMOTE_RAID_TICKET	3	
12/10/2024 17:08:44 UTC	Pokecoin spent for in-game item		POKECOIN		0
12/10/2024 17:08:44 UTC	In-game item bought		Poke balls	2	
12/10/2024 17:08:44 UTC	In-game item bought		Great balls	2	
12/10/2024 17:08:44 UTC	In-game item bought		LPSKU_BUNDLE.GENERAL1.FREE.	1	
12/11/2024 15:26:37 UTC	Pokecoin spent for in-game item		POKECOIN		0
12/11/2024 15:26:37 UTC	In-game item bought		Poke balls	1	
12/11/2024 15:26:37 UTC	In-game item bought		Great balls	1	
12/11/2024 15:26:37 UTC	In-game item bought		LPSKU_BUNDLE.GENERAL1.FREE.	1	
12/11/2024 15:26:37 UTC	In-game item bought		Potion	2	
12/11/2024 19:48:49 UTC	Pokecoin spent for in-game item		POKECOIN		-425
12/11/2024 19:48:49 UTC	In-game item bought		ITEM_MP_REPLENISH	3	
12/12/2024 01:24:39 UTC	Pokecoin spent for in-game item		POKECOIN		-525
12/12/2024 01:24:39 UTC	In-game item bought		ITEM_REMOTE_RAID_TICKET	3	
12/12/2024 14:39:31 UTC	Pokecoin spent for in-game item		POKECOIN		0
12/12/2024 14:39:31 UTC	In-game item bought		Razz berry	1	
12/12/2024 14:39:31 UTC	In-game item bought		Poke balls	1	
12/12/2024 14:39:31 UTC	In-game item bought		Great balls	2	
12/12/2024 14:39:31 UTC	In-game item bought		LPSKU_BUNDLE.GENERAL1.FREE.	1	
12/13/2024 01:21:02 UTC	Pokecoin spent for in-game item		POKECOIN		-525
12/13/2024 01:21:02 UTC	In-game item bought		ITEM_REMOTE_RAID_TICKET	3	
12/13/2024 14:18:16 UTC	Pokecoin spent for in-game item		POKECOIN		-495
12/13/2024 14:18:16 UTC	In-game item bought		Star pieces	1	
12/13/2024 14:18:16 UTC	In-game item bought		ITEM_REMOTE_RAID_TICKET	3	
12/13/2024 14:18:16 UTC	In-game item bought		Lucky egg	1	
12/13/2024 14:18:26 UTC	Pokecoin spent for in-game item		POKECOIN		0
12/13/2024 14:18:26 UTC	In-game item bought		Razz berry	2	
12/13/2024 14:18:26 UTC	In-game item bought		Poke balls	1	
12/13/2024 14:18:26 UTC	In-game item bought		Great balls	1	
12/13/2024 14:18:26 UTC	In-game item bought		LPSKU_BUNDLE.GENERAL1.FREE.	1	
12/13/2024 19:16:14 UTC	Pokecoin spent for in-game item		POKECOIN		-680
12/13/2024 19:16:14 UTC	In-game item bought		Lure	8	
12/13/2024 19:16:16 UTC	Pokecoin spent for in-game item		POKECOIN		-680
12/13/2024 19:16:16 UTC	In-game item bought		Lure	8	
12/13/2024 23:56:04 UTC	Pokecoin spent for in-game item		POKECOIN		-495
12/13/2024 23:56:04 UTC	In-game item bought		Star pieces	1	
12/13/2024 23:56:04 UTC	In-game item bought		ITEM_REMOTE_RAID_TICKET	3	
12/13/2024 23:56:04 UTC	In-game item bought		Lucky egg	1	
12/14/2024 03:23:33 UTC	Pokecoin spent for in-game item		POKECOIN		-495
12/14/2024 03:23:33 UTC	In-game item bought		Star pieces	1	
12/14/2024 03:23:33 UTC	In-game item bought		ITEM_REMOTE_RAID_TICKET	3	
12/14/2024 03:23:33 UTC	In-game item bought		Lucky egg	1	
12/14/2024 03:23:56 UTC	Pokecoin spent for in-game item		POKECOIN		-425
12/14/2024 03:23:56 UTC	In-game item bought		ITEM_MP_REPLENISH	3	
12/14/2024 03:23:59 UTC	Pokecoin spent for in-game item		POKECOIN		-425
12/14/2024 03:23:59 UTC	In-game item bought		ITEM_MP_REPLENISH	3	
12/14/2024 03:24:01 UTC	Pokecoin spent for in-game item		POKECOIN		-425
12/14/2024 03:24:01 UTC	In-game item bought		ITEM_MP_REPLENISH	3	
12/14/2024 03:24:04 UTC	Pokecoin spent for in-game item		POKECOIN		-425
12/14/2024 03:24:05 UTC	In-game item bought		ITEM_MP_REPLENISH	3	
12/14/2024 04:51:23 UTC	Pokecoin spent for in-game item		POKECOIN		-495
12/14/2024 04:51:23 UTC	In-game item bought		Star pieces	1	
12/14/2024 04:51:23 UTC	In-game item bought		ITEM_REMOTE_RAID_TICKET	3	
12/14/2024 04:51:23 UTC	In-game item bought		Lucky egg	1	
12/14/2024 05:14:00 UTC	Pokecoin spent for in-game item		POKECOIN		-525
12/14/2024 05:14:00 UTC	In-game item bought		ITEM_REMOTE_RAID_TICKET	3	
12/14/2024 05:24:09 UTC	Pokecoin spent for in-game item		POKECOIN		-495
12/14/2024 05:24:09 UTC	In-game item bought		Star pieces	1	
12/14/2024 05:24:09 UTC	In-game item bought		ITEM_REMOTE_RAID_TICKET	3	
12/14/2024 05:24:09 UTC	In-game item bought		Lucky egg	1	
12/14/2024 06:29:57 UTC	Pokecoin spent for in-game item		POKECOIN		-495
12/14/2024 06:29:57 UTC	In-game item bought		Star pieces	1	
12/14/2024 06:29:57 UTC	In-game item bought		ITEM_REMOTE_RAID_TICKET	3	
12/14/2024 06:29:57 UTC	In-game item bought		Lucky egg	1	
12/14/2024 18:21:52 UTC	Pokecoin spent for in-game item		POKECOIN		-100
12/14/2024 18:21:52 UTC	In-game item bought		ITEM_POFFIN	1	
12/14/2024 21:22:32 UTC	Pokecoin spent for in-game item		POKECOIN		0
12/14/2024 21:22:32 UTC	In-game item bought		Razz berry	1	
12/14/2024 21:22:32 UTC	In-game item bought		Poke balls	2	
12/14/2024 21:22:32 UTC	In-game item bought		Great balls	1	
12/14/2024 21:22:32 UTC	In-game item bought		LPSKU_BUNDLE.GENERAL1.FREE.	1	
12/15/2024 19:05:30 UTC	Pokecoin spent for in-game item		POKECOIN		-100
12/15/2024 19:05:30 UTC	In-game item bought		ITEM_POFFIN	1	
12/15/2024 19:07:48 UTC	Pokecoin spent for in-game item		POKECOIN		0
12/15/2024 19:07:48 UTC	In-game item bought		Poke balls	2	
12/15/2024 19:07:48 UTC	In-game item bought		Great balls	1	
12/15/2024 19:07:48 UTC	In-game item bought		LPSKU_BUNDLE.GENERAL1.FREE.	1	
12/15/2024 19:07:48 UTC	In-game item bought		Potion	1	
12/16/2024 15:05:25 UTC	Pokecoin spent for in-game item		POKECOIN		-100
12/16/2024 15:05:25 UTC	In-game item bought		ITEM_POFFIN	1	
12/16/2024 15:09:42 UTC	Pokecoin spent for in-game item		POKECOIN		0
12/16/2024 15:09:42 UTC	In-game item bought		Poke balls	2	
12/16/2024 15:09:42 UTC	In-game item bought		Great balls	2	
12/16/2024 15:09:42 UTC	In-game item bought		LPSKU_BUNDLE.GENERAL1.FREE.	1	
12/17/2024 01:08:53 UTC	Pokecoin spent for in-game item		POKECOIN		-525
12/17/2024 01:08:53 UTC	In-game item bought		ITEM_REMOTE_RAID_TICKET	3	
12/17/2024 17:02:17 UTC	Pokecoin spent for in-game item		POKECOIN		0
12/17/2024 17:02:17 UTC	In-game item bought		Poke balls	1	
12/17/2024 17:02:17 UTC	In-game item bought		Great balls	2	
12/17/2024 17:02:17 UTC	In-game item bought		LPSKU_BUNDLE.GENERAL1.FREE.	1	
12/17/2024 17:02:17 UTC	In-game item bought		Potion	1	
12/18/2024 04:36:42 UTC	Pokecoin spent for in-game item		POKECOIN		-525
12/18/2024 04:36:42 UTC	In-game item bought		ITEM_REMOTE_RAID_TICKET	3	
12/18/2024 04:57:51 UTC	Pokecoin spent for in-game item		POKECOIN		-525
12/18/2024 04:57:51 UTC	In-game item bought		ITEM_REMOTE_RAID_TICKET	3	
12/18/2024 15:21:40 UTC	Pokecoin spent for in-game item		POKECOIN		0
12/18/2024 15:21:40 UTC	In-game item bought		Poke balls	2	
12/18/2024 15:21:40 UTC	In-game item bought		Great balls	1	
12/18/2024 15:21:40 UTC	In-game item bought		LPSKU_BUNDLE.GENERAL1.FREE.	1	
12/18/2024 15:21:40 UTC	In-game item bought		Potion	1	
12/18/2024 15:38:22 UTC	Pokecoin spent for in-game item		POKECOIN		-100
12/18/2024 15:38:22 UTC	In-game item bought		ITEM_POFFIN	1	
12/19/2024 16:09:05 UTC	Pokecoin spent for in-game item		POKECOIN		0
12/19/2024 16:09:06 UTC	In-game item bought		Poke balls	3	
12/19/2024 16:09:06 UTC	In-game item bought		LPSKU_BUNDLE.GENERAL1.FREE.	1	
12/19/2024 16:09:06 UTC	In-game item bought		Potion	1	
12/22/2024 19:18:37 UTC	Pokecoin spent for in-game item		POKECOIN		0
12/22/2024 19:18:37 UTC	In-game item bought		Poke balls	3	
12/22/2024 19:18:37 UTC	In-game item bought		LPSKU_BUNDLE.GENERAL1.FREE.	1	
12/22/2024 19:18:37 UTC	In-game item bought		Potion	1	
12/23/2024 19:44:31 UTC	Pokecoin spent for in-game item		POKECOIN		0
12/23/2024 19:44:31 UTC	In-game item bought		Poke balls	2	
12/23/2024 19:44:31 UTC	In-game item bought		Great balls	2	
12/23/2024 19:44:31 UTC	In-game item bought		LPSKU_BUNDLE.GENERAL1.FREE.	1	
12/25/2024 01:12:08 UTC	Pokecoin spent for in-game item		POKECOIN		0
12/25/2024 01:12:08 UTC	In-game item bought		Razz berry	1	
12/25/2024 01:12:08 UTC	In-game item bought		Poke balls	2	
12/25/2024 01:12:08 UTC	In-game item bought		Great balls	1	
12/25/2024 01:12:08 UTC	In-game item bought		LPSKU_BUNDLE.GENERAL1.FREE.	1	
12/26/2024 02:17:23 UTC	Pokecoin spent for in-game item		POKECOIN		-525
12/26/2024 02:17:23 UTC	In-game item bought		ITEM_REMOTE_RAID_TICKET	3	
12/26/2024 20:31:41 UTC	Pokecoin spent for in-game item		POKECOIN		-200
12/26/2024 20:31:41 UTC	In-game item bought		Pokemon storage upgrade	1	
12/26/2024 20:31:43 UTC	Pokecoin spent for in-game item		POKECOIN		-200
12/26/2024 20:31:43 UTC	In-game item bought		Pokemon storage upgrade	1	
12/26/2024 20:31:46 UTC	Pokecoin spent for in-game item		POKECOIN		-200
12/26/2024 20:31:46 UTC	In-game item bought		Pokemon storage upgrade	1	
12/26/2024 20:31:48 UTC	Pokecoin spent for in-game item		POKECOIN		-200
12/26/2024 20:31:48 UTC	In-game item bought		Pokemon storage upgrade	1	
12/26/2024 20:31:51 UTC	Pokecoin spent for in-game item		POKECOIN		-200
12/26/2024 20:31:51 UTC	In-game item bought		Pokemon storage upgrade	1	
12/26/2024 20:31:53 UTC	Pokecoin spent for in-game item		POKECOIN		-200
12/26/2024 20:31:53 UTC	In-game item bought		Pokemon storage upgrade	1	
12/26/2024 20:31:56 UTC	Pokecoin spent for in-game item		POKECOIN		-200
12/26/2024 20:31:56 UTC	In-game item bought		Pokemon storage upgrade	1	
12/26/2024 20:31:59 UTC	Pokecoin spent for in-game item		POKECOIN		-200
12/26/2024 20:31:59 UTC	In-game item bought		Pokemon storage upgrade	1	
12/26/2024 20:32:01 UTC	Pokecoin spent for in-game item		POKECOIN		-200
12/26/2024 20:32:01 UTC	In-game item bought		Pokemon storage upgrade	1	
12/26/2024 20:32:04 UTC	Pokecoin spent for in-game item		POKECOIN		-200
12/26/2024 20:32:04 UTC	In-game item bought		Pokemon storage upgrade	1	
12/26/2024 20:32:09 UTC	Pokecoin spent for in-game item		POKECOIN		-200
12/26/2024 20:32:09 UTC	In-game item bought		Bag upgrade	1	
12/26/2024 20:32:12 UTC	Pokecoin spent for in-game item		POKECOIN		-200
12/26/2024 20:32:12 UTC	In-game item bought		Bag upgrade	1	
12/26/2024 20:32:15 UTC	Pokecoin spent for in-game item		POKECOIN		-200
12/26/2024 20:32:15 UTC	In-game item bought		Bag upgrade	1	
12/26/2024 20:32:17 UTC	Pokecoin spent for in-game item		POKECOIN		-200
12/26/2024 20:32:17 UTC	In-game item bought		Bag upgrade	1	
12/26/2024 20:32:19 UTC	Pokecoin spent for in-game item		POKECOIN		-200
12/26/2024 20:32:19 UTC	In-game item bought		Bag upgrade	1	
12/26/2024 20:32:22 UTC	Pokecoin spent for in-game item		POKECOIN		-200
12/26/2024 20:32:22 UTC	In-game item bought		Bag upgrade	1	
12/26/2024 20:32:24 UTC	Pokecoin spent for in-game item		POKECOIN		-200
12/26/2024 20:32:24 UTC	In-game item bought		Bag upgrade	1	
12/26/2024 20:32:27 UTC	Pokecoin spent for in-game item		POKECOIN		-200
12/26/2024 20:32:27 UTC	In-game item bought		Bag upgrade	1	
12/26/2024 20:32:29 UTC	Pokecoin spent for in-game item		POKECOIN		-200
12/26/2024 20:32:29 UTC	In-game item bought		Bag upgrade	1	
12/26/2024 20:32:32 UTC	Pokecoin spent for in-game item		POKECOIN		-200
12/26/2024 20:32:32 UTC	In-game item bought		Bag upgrade	1	
12/28/2024 02:18:50 UTC	Pokecoin spent for in-game item		POKECOIN		0
12/28/2024 02:18:50 UTC	In-game item bought		Poke balls	1	
12/28/2024 02:18:50 UTC	In-game item bought		Great balls	2	
12/28/2024 02:18:50 UTC	In-game item bought		LPSKU_BUNDLE.GENERAL1.FREE.	1	
12/28/2024 02:18:50 UTC	In-game item bought		Potion	1	
12/29/2024 02:47:27 UTC	Pokecoin spent for in-game item		POKECOIN		0
12/29/2024 02:47:27 UTC	In-game item bought		Poke balls	3	
12/29/2024 02:47:27 UTC	In-game item bought		LPSKU_BUNDLE.GENERAL1.FREE.	1	
12/29/2024 02:47:27 UTC	In-game item bought		Potion	1	
12/29/2024 21:57:49 UTC	Pokecoin spent for in-game item		POKECOIN		0
12/29/2024 21:57:49 UTC	In-game item bought		Poke balls	1	
12/29/2024 21:57:49 UTC	In-game item bought		Great balls	1	
12/29/2024 21:57:49 UTC	In-game item bought		LPSKU_BUNDLE.GENERAL1.FREE.	1	
12/29/2024 21:57:49 UTC	In-game item bought		Potion	2	
12/30/2024 21:16:47 UTC	Pokecoin spent for in-game item		POKECOIN		0
12/30/2024 21:16:47 UTC	In-game item bought		Poke balls	3	
12/30/2024 21:16:47 UTC	In-game item bought		LPSKU_BUNDLE.GENERAL1.FREE.	1	
12/30/2024 21:16:47 UTC	In-game item bought		Potion	1	
12/31/2024 17:31:46 UTC	Pokecoin spent for in-game item		POKECOIN		0
12/31/2024 17:31:46 UTC	In-game item bought		Razz berry	1	
12/31/2024 17:31:46 UTC	In-game item bought		Poke balls	2	
12/31/2024 17:31:46 UTC	In-game item bought		LPSKU_BUNDLE.GENERAL1.FREE.	1	
12/31/2024 17:31:46 UTC	In-game item bought		Revive	1	
01/01/2025 18:15:15 UTC	Pokecoin spent for in-game item		POKECOIN		0
01/01/2025 18:15:15 UTC	In-game item bought		Razz berry	2	
01/01/2025 18:15:15 UTC	In-game item bought		Poke balls	2	
01/01/2025 18:15:15 UTC	In-game item bought		LPSKU_BUNDLE.GENERAL1.FREE.	1	
01/01/2025 23:12:52 UTC	Pokecoin spent for in-game item		POKECOIN		-525
01/01/2025 23:12:52 UTC	In-game item bought		ITEM_REMOTE_RAID_TICKET	3	
01/02/2025 23:50:33 UTC	Pokecoin spent for in-game item		POKECOIN		0
01/02/2025 23:50:33 UTC	In-game item bought		Poke balls	3	
01/02/2025 23:50:33 UTC	In-game item bought		Great balls	1	
01/02/2025 23:50:33 UTC	In-game item bought		LPSKU_BUNDLE.GENERAL1.FREE.	1	
01/02/2025 23:54:14 UTC	Pokecoin spent for in-game item		POKECOIN		-310
01/02/2025 23:54:14 UTC	In-game item bought		ITEM_POFFIN	1	
01/02/2025 23:54:14 UTC	In-game item bought		ITEM_REMOTE_RAID_TICKET	2	
01/03/2025 00:21:16 UTC	Pokecoin spent for in-game item		POKECOIN		-680
01/03/2025 00:21:16 UTC	In-game item bought		Lure	8	
01/03/2025 17:03:46 UTC	Pokecoin spent for in-game item		POKECOIN		0
01/03/2025 17:03:46 UTC	In-game item bought		Razz berry	1	
01/03/2025 17:03:46 UTC	In-game item bought		Poke balls	2	
01/03/2025 17:03:46 UTC	In-game item bought		Great balls	1	
01/03/2025 17:03:46 UTC	In-game item bought		LPSKU_BUNDLE.GENERAL1.FREE.	1	
01/03/2025 17:04:47 UTC	Pokecoin spent for in-game item		POKECOIN		-100
01/03/2025 17:04:47 UTC	In-game item bought		ITEM_POFFIN	1	
01/04/2025 04:17:55 UTC	Pokecoin spent for in-game item		POKECOIN		-525
01/04/2025 04:17:55 UTC	In-game item bought		ITEM_REMOTE_RAID_TICKET	3	
01/04/2025 08:08:14 UTC	Pokecoin spent for in-game item		POKECOIN		0
01/04/2025 08:08:14 UTC	In-game item bought		Poke balls	2	
01/04/2025 08:08:14 UTC	In-game item bought		Great balls	2	
01/04/2025 08:08:14 UTC	In-game item bought		LPSKU_BUNDLE.GENERAL1.FREE.	1	
01/04/2025 08:24:38 UTC	Pokecoin spent for in-game item		POKECOIN		-525
01/04/2025 08:24:38 UTC	In-game item bought		ITEM_REMOTE_RAID_TICKET	3	
01/05/2025 19:47:20 UTC	Pokecoin spent for in-game item		POKECOIN		0
01/05/2025 19:47:20 UTC	In-game item bought		Poke balls	3	
01/05/2025 19:47:20 UTC	In-game item bought		LPSKU_BUNDLE.GENERAL1.FREE.	1	
01/05/2025 19:47:20 UTC	In-game item bought		Potion	1	
01/05/2025 20:37:24 UTC	Pokecoin spent for in-game item		POKECOIN		-100
01/05/2025 20:37:24 UTC	In-game item bought		ITEM_POFFIN	1	
01/06/2025 00:07:16 UTC	Pokecoin bought	APPLE	POKECOIN		14500	2899.0	INR
01/06/2025 00:07:25 UTC	Pokecoin bought	APPLE	POKECOIN		14500	2899.0	INR
01/06/2025 15:00:19 UTC	Pokecoin spent for in-game item		POKECOIN		0
01/06/2025 15:00:19 UTC	In-game item bought		Poke balls	3	
01/06/2025 15:00:19 UTC	In-game item bought		LPSKU_BUNDLE.GENERAL1.FREE.	1	
01/06/2025 15:00:19 UTC	In-game item bought		Potion	1	
01/07/2025 14:43:35 UTC	Pokecoin spent for in-game item		POKECOIN		0
01/07/2025 14:43:35 UTC	In-game item bought		Poke balls	4	
01/07/2025 14:43:35 UTC	In-game item bought		LPSKU_BUNDLE.GENERAL1.FREE.	1	
01/07/2025 15:02:19 UTC	Pokecoin spent for in-game item		POKECOIN		-750
01/07/2025 15:02:19 UTC	In-game item bought		Star pieces	10	
01/07/2025 15:02:19 UTC	In-game item bought		ITEM_POFFIN	10	
01/07/2025 15:02:19 UTC	In-game item bought		Lucky egg	10	
01/07/2025 15:02:22 UTC	Pokecoin spent for in-game item		POKECOIN		-750
01/07/2025 15:02:22 UTC	In-game item bought		Star pieces	10	
01/07/2025 15:02:22 UTC	In-game item bought		ITEM_POFFIN	10	
01/07/2025 15:02:22 UTC	In-game item bought		Lucky egg	10	
01/07/2025 15:02:25 UTC	Pokecoin spent for in-game item		POKECOIN		-750
01/07/2025 15:02:25 UTC	In-game item bought		Star pieces	10	
01/07/2025 15:02:25 UTC	In-game item bought		ITEM_POFFIN	10	
01/07/2025 15:02:25 UTC	In-game item bought		Lucky egg	10	
01/07/2025 15:30:40 UTC	Pokecoin spent for in-game item		POKECOIN		-750
01/07/2025 15:30:40 UTC	In-game item bought		Star pieces	10	
01/07/2025 15:30:40 UTC	In-game item bought		ITEM_POFFIN	10	
01/07/2025 15:30:40 UTC	In-game item bought		Lucky egg	10	
01/07/2025 15:30:43 UTC	Pokecoin spent for in-game item		POKECOIN		-750
01/07/2025 15:30:43 UTC	In-game item bought		Star pieces	10	
01/07/2025 15:30:43 UTC	In-game item bought		ITEM_POFFIN	10	
01/07/2025 15:30:43 UTC	In-game item bought		Lucky egg	10	
01/07/2025 22:31:22 UTC	Pokecoin spent for in-game item		POKECOIN		-525
01/07/2025 22:31:22 UTC	In-game item bought		ITEM_REMOTE_RAID_TICKET	3	
01/08/2025 18:28:48 UTC	Pokecoin spent for in-game item		POKECOIN		0
01/08/2025 18:28:48 UTC	In-game item bought		Poke balls	4	
01/08/2025 18:28:48 UTC	In-game item bought		LPSKU_BUNDLE.GENERAL1.FREE.	1	
01/08/2025 22:20:00 UTC	Pokecoin spent for in-game item		POKECOIN		-525
01/08/2025 22:20:00 UTC	In-game item bought		ITEM_REMOTE_RAID_TICKET	3	
01/09/2025 18:12:17 UTC	Pokecoin spent for in-game item		POKECOIN		0
01/09/2025 18:12:17 UTC	In-game item bought		Poke balls	1	
01/09/2025 18:12:17 UTC	In-game item bought		Great balls	2	
01/09/2025 18:12:17 UTC	In-game item bought		LPSKU_BUNDLE.GENERAL1.FREE.	1	
01/09/2025 18:12:17 UTC	In-game item bought		Potion	1	
01/10/2025 04:38:04 UTC	Pokecoin spent for in-game item		POKECOIN		-525
01/10/2025 04:38:04 UTC	In-game item bought		ITEM_REMOTE_RAID_TICKET	3	
01/10/2025 04:46:07 UTC	Pokecoin spent for in-game item		POKECOIN		-250
01/10/2025 04:46:07 UTC	In-game item bought		N_AVATAR_N_SHIRT_FASHIONWEEK2025	1	
01/11/2025 00:55:52 UTC	Pokecoin spent for in-game item		POKECOIN		-525
01/11/2025 00:55:52 UTC	In-game item bought		ITEM_REMOTE_RAID_TICKET	3	
01/11/2025 02:16:57 UTC	Pokecoin spent for in-game item		POKECOIN		-525
01/11/2025 02:16:57 UTC	In-game item bought		ITEM_REMOTE_RAID_TICKET	3	
01/11/2025 02:48:43 UTC	Pokecoin spent for in-game item		POKECOIN		-1150
01/11/2025 02:48:43 UTC	In-game item bought		ITEM_LEADER_MAP	7	
01/11/2025 02:48:43 UTC	In-game item bought		Star pieces	2	
01/11/2025 02:48:43 UTC	In-game item bought		Charged TM	1	
01/11/2025 02:48:47 UTC	Pokecoin spent for in-game item		POKECOIN		0
01/11/2025 02:48:47 UTC	In-game item bought		Poke balls	3	
01/11/2025 02:48:47 UTC	In-game item bought		LPSKU_BUNDLE.GENERAL1.FREE.	1	
01/11/2025 02:48:47 UTC	In-game item bought		Potion	1	
01/11/2025 03:36:52 UTC	Pokecoin spent for in-game item		POKECOIN		-680
01/11/2025 03:36:52 UTC	In-game item bought		Lure	8	
01/11/2025 04:18:43 UTC	Pokecoin spent for in-game item		POKECOIN		-575
01/11/2025 04:18:43 UTC	In-game item bought		Star pieces	3	
01/11/2025 04:18:43 UTC	In-game item bought		ITEM_REMOTE_RAID_TICKET	3	
01/11/2025 05:23:11 UTC	Pokecoin spent for in-game item		POKECOIN		-525
01/11/2025 05:23:11 UTC	In-game item bought		ITEM_REMOTE_RAID_TICKET	3	
01/11/2025 05:34:07 UTC	Pokecoin spent for in-game item		POKECOIN		-525
01/11/2025 05:34:07 UTC	In-game item bought		ITEM_REMOTE_RAID_TICKET	3	
01/11/2025 05:48:00 UTC	Pokecoin spent for in-game item		POKECOIN		-525
01/11/2025 05:48:00 UTC	In-game item bought		ITEM_REMOTE_RAID_TICKET	3	
01/11/2025 05:58:21 UTC	Pokecoin spent for in-game item		POKECOIN		-575
01/11/2025 05:58:21 UTC	In-game item bought		Star pieces	3	
01/11/2025 05:58:21 UTC	In-game item bought		ITEM_REMOTE_RAID_TICKET	3	
01/11/2025 16:37:25 UTC	Pokecoin spent for in-game item		POKECOIN		0
01/11/2025 16:37:25 UTC	In-game item bought		Poke balls	3	
01/11/2025 16:37:25 UTC	In-game item bought		Great balls	1	
01/11/2025 16:37:25 UTC	In-game item bought		LPSKU_BUNDLE.GENERAL1.FREE.	1	
01/12/2025 21:22:38 UTC	Pokecoin spent for in-game item		POKECOIN		0
01/12/2025 21:22:38 UTC	In-game item bought		Poke balls	3	
01/12/2025 21:22:38 UTC	In-game item bought		Great balls	1	
01/12/2025 21:22:38 UTC	In-game item bought		LPSKU_BUNDLE.GENERAL1.FREE.	1	
01/13/2025 16:03:08 UTC	Pokecoin spent for in-game item		POKECOIN		0
01/13/2025 16:03:08 UTC	In-game item bought		Razz berry	1	
01/13/2025 16:03:08 UTC	In-game item bought		Poke balls	2	
01/13/2025 16:03:08 UTC	In-game item bought		LPSKU_BUNDLE.GENERAL1.FREE.	1	
01/13/2025 16:03:08 UTC	In-game item bought		Potion	1	
01/13/2025 23:28:22 UTC	Pokecoin spent for in-game item		POKECOIN		-525
01/13/2025 23:28:22 UTC	In-game item bought		ITEM_REMOTE_RAID_TICKET	3	
01/14/2025 14:34:35 UTC	Pokecoin spent for in-game item		POKECOIN		-525
01/14/2025 14:34:35 UTC	In-game item bought		ITEM_REMOTE_RAID_TICKET	3	
01/14/2025 14:39:09 UTC	Pokecoin spent for in-game item		POKECOIN		0
01/14/2025 14:39:09 UTC	In-game item bought		Poke balls	2	
01/14/2025 14:39:09 UTC	In-game item bought		Great balls	1	
01/14/2025 14:39:09 UTC	In-game item bought		LPSKU_BUNDLE.GENERAL1.FREE.	1	
01/14/2025 14:39:09 UTC	In-game item bought		Potion	1	
01/15/2025 21:08:03 UTC	Pokecoin spent for in-game item		POKECOIN		0
01/15/2025 21:08:03 UTC	In-game item bought		Poke balls	1	
01/15/2025 21:08:03 UTC	In-game item bought		LPSKU_BUNDLE.GENERAL1.FREE.	1	
01/15/2025 21:08:03 UTC	In-game item bought		Potion	3	
01/16/2025 02:43:34 UTC	Pokecoin spent for in-game item		POKECOIN		-495
01/16/2025 02:43:34 UTC	In-game item bought		Star pieces	1	
01/16/2025 02:43:34 UTC	In-game item bought		ITEM_REMOTE_RAID_TICKET	3	
01/16/2025 02:43:34 UTC	In-game item bought		Lucky egg	1	
01/16/2025 06:40:43 UTC	Pokecoin spent for in-game item		POKECOIN		-495
01/16/2025 06:40:43 UTC	In-game item bought		Star pieces	1	
01/16/2025 06:40:43 UTC	In-game item bought		ITEM_REMOTE_RAID_TICKET	3	
01/16/2025 06:40:43 UTC	In-game item bought		Lucky egg	1	
01/16/2025 06:49:19 UTC	Pokecoin spent for in-game item		POKECOIN		-495
01/16/2025 06:49:19 UTC	In-game item bought		Star pieces	1	
01/16/2025 06:49:19 UTC	In-game item bought		ITEM_REMOTE_RAID_TICKET	3	
01/16/2025 06:49:19 UTC	In-game item bought		Lucky egg	1	
01/16/2025 14:48:39 UTC	Pokecoin spent for in-game item		POKECOIN		0
01/16/2025 14:48:39 UTC	In-game item bought		Poke balls	2	
01/16/2025 14:48:39 UTC	In-game item bought		Great balls	2	
01/16/2025 14:48:39 UTC	In-game item bought		LPSKU_BUNDLE.GENERAL1.FREE.	1	
01/17/2025 22:05:53 UTC	Pokecoin spent for in-game item		POKECOIN		-425
01/17/2025 22:05:53 UTC	In-game item bought		Raid pass (paid)	2	
01/17/2025 22:05:53 UTC	In-game item bought		ITEM_REMOTE_RAID_TICKET	2	
01/17/2025 22:05:56 UTC	Pokecoin spent for in-game item		POKECOIN		-425
01/17/2025 22:05:56 UTC	In-game item bought		Raid pass (paid)	2	
01/17/2025 22:05:56 UTC	In-game item bought		ITEM_REMOTE_RAID_TICKET	2	
01/17/2025 22:06:00 UTC	Pokecoin spent for in-game item		POKECOIN		0
01/17/2025 22:06:00 UTC	In-game item bought		Razz berry	1	
01/17/2025 22:06:00 UTC	In-game item bought		Poke balls	1	
01/17/2025 22:06:00 UTC	In-game item bought		LPSKU_BUNDLE.GENERAL1.FREE.	1	
01/17/2025 22:06:00 UTC	In-game item bought		Potion	2	
01/18/2025 00:31:19 UTC	Pokecoin spent for in-game item		POKECOIN		-425
01/18/2025 00:31:19 UTC	In-game item bought		Raid pass (paid)	2	
01/18/2025 00:31:19 UTC	In-game item bought		ITEM_REMOTE_RAID_TICKET	2	
01/18/2025 00:31:22 UTC	Pokecoin spent for in-game item		POKECOIN		-425
01/18/2025 00:31:22 UTC	In-game item bought		Raid pass (paid)	2	
01/18/2025 00:31:22 UTC	In-game item bought		ITEM_REMOTE_RAID_TICKET	2	
01/18/2025 15:27:55 UTC	Pokecoin spent for in-game item		POKECOIN		0
01/18/2025 15:27:55 UTC	In-game item bought		Poke balls	2	
01/18/2025 15:27:55 UTC	In-game item bought		LPSKU_BUNDLE.GENERAL1.FREE.	1	
01/18/2025 15:27:55 UTC	In-game item bought		Potion	2	
01/18/2025 18:51:20 UTC	Pokecoin spent for in-game item		POKECOIN		-525
01/18/2025 18:51:20 UTC	In-game item bought		ITEM_REMOTE_RAID_TICKET	3	
01/19/2025 01:20:17 UTC	Pokecoin spent for in-game item		POKECOIN		-525
01/19/2025 01:20:17 UTC	In-game item bought		ITEM_REMOTE_RAID_TICKET	3	
01/19/2025 02:54:27 UTC	Pokecoin spent for in-game item		POKECOIN		-425
01/19/2025 02:54:27 UTC	In-game item bought		Raid pass (paid)	2	
01/19/2025 02:54:27 UTC	In-game item bought		ITEM_REMOTE_RAID_TICKET	2	
01/19/2025 03:53:19 UTC	Pokecoin spent for in-game item		POKECOIN		-425
01/19/2025 03:53:19 UTC	In-game item bought		Raid pass (paid)	2	
01/19/2025 03:53:19 UTC	In-game item bought		ITEM_REMOTE_RAID_TICKET	2	
01/19/2025 05:31:43 UTC	Pokecoin spent for in-game item		POKECOIN		-425
01/19/2025 05:31:43 UTC	In-game item bought		Raid pass (paid)	2	
01/19/2025 05:31:43 UTC	In-game item bought		ITEM_REMOTE_RAID_TICKET	2	
01/19/2025 05:31:46 UTC	Pokecoin spent for in-game item		POKECOIN		-425
01/19/2025 05:31:46 UTC	In-game item bought		Raid pass (paid)	2	
01/19/2025 05:31:46 UTC	In-game item bought		ITEM_REMOTE_RAID_TICKET	2	
01/19/2025 05:51:32 UTC	Pokecoin spent for in-game item		POKECOIN		-425
01/19/2025 05:51:32 UTC	In-game item bought		Raid pass (paid)	2	
01/19/2025 05:51:32 UTC	In-game item bought		ITEM_REMOTE_RAID_TICKET	2	
01/19/2025 05:51:35 UTC	Pokecoin spent for in-game item		POKECOIN		-425
01/19/2025 05:51:35 UTC	In-game item bought		Raid pass (paid)	2	
01/19/2025 05:51:35 UTC	In-game item bought		ITEM_REMOTE_RAID_TICKET	2	
01/19/2025 17:56:08 UTC	Pokecoin spent for in-game item		POKECOIN		-425
01/19/2025 17:56:08 UTC	In-game item bought		Raid pass (paid)	2	
01/19/2025 17:56:08 UTC	In-game item bought		ITEM_REMOTE_RAID_TICKET	2	
01/19/2025 20:03:44 UTC	Pokecoin spent for in-game item		POKECOIN		-425
01/19/2025 20:03:44 UTC	In-game item bought		Raid pass (paid)	2	
01/19/2025 20:03:44 UTC	In-game item bought		ITEM_REMOTE_RAID_TICKET	2	
01/19/2025 20:03:47 UTC	Pokecoin spent for in-game item		POKECOIN		-425
01/19/2025 20:03:47 UTC	In-game item bought		Raid pass (paid)	2	
01/19/2025 20:03:47 UTC	In-game item bought		ITEM_REMOTE_RAID_TICKET	2	
01/20/2025 01:21:58 UTC	Pokecoin spent for in-game item		POKECOIN		-425
01/20/2025 01:21:58 UTC	In-game item bought		Raid pass (paid)	2	
01/20/2025 01:21:58 UTC	In-game item bought		ITEM_REMOTE_RAID_TICKET	2	
01/20/2025 17:36:07 UTC	Pokecoin spent for in-game item		POKECOIN		0
01/20/2025 17:36:07 UTC	In-game item bought		Poke balls	1	
01/20/2025 17:36:07 UTC	In-game item bought		Great balls	1	
01/20/2025 17:36:07 UTC	In-game item bought		LPSKU_BUNDLE.GENERAL1.FREE.	1	
01/20/2025 17:36:07 UTC	In-game item bought		Potion	2	
01/21/2025 01:03:20 UTC	Pokecoin spent for in-game item		POKECOIN		-200
01/21/2025 01:03:20 UTC	In-game item bought		UPGRADE_DMAX_BATTLE_REWARD_LEVEL	1	
01/21/2025 01:08:53 UTC	Pokecoin spent for in-game item		POKECOIN		-200
01/21/2025 01:08:53 UTC	In-game item bought		UPGRADE_DMAX_BATTLE_REWARD_LEVEL	1	
01/21/2025 01:37:16 UTC	Pokecoin spent for in-game item		POKECOIN		-200
01/21/2025 01:37:16 UTC	In-game item bought		UPGRADE_DMAX_BATTLE_REWARD_LEVEL	1	
01/21/2025 01:56:43 UTC	Pokecoin spent for in-game item		POKECOIN		-200
01/21/2025 01:56:43 UTC	In-game item bought		UPGRADE_DMAX_BATTLE_REWARD_LEVEL	1	
01/21/2025 14:49:03 UTC	Pokecoin spent for in-game item		POKECOIN		0
01/21/2025 14:49:03 UTC	In-game item bought		Razz berry	1	
01/21/2025 14:49:03 UTC	In-game item bought		Poke balls	3	
01/21/2025 14:49:03 UTC	In-game item bought		LPSKU_BUNDLE.GENERAL1.FREE.	1	
01/21/2025 14:49:09 UTC	Pokecoin spent for in-game item		POKECOIN		-525
01/21/2025 14:49:09 UTC	In-game item bought		ITEM_REMOTE_RAID_TICKET	3	
01/22/2025 01:21:29 UTC	Pokecoin spent for in-game item		POKECOIN		-200
01/22/2025 01:21:29 UTC	In-game item bought		UPGRADE_DMAX_BATTLE_REWARD_LEVEL	1	
01/22/2025 02:00:31 UTC	Pokecoin spent for in-game item		POKECOIN		-425
01/22/2025 02:00:31 UTC	In-game item bought		ITEM_MP_REPLENISH	3	
01/22/2025 02:04:13 UTC	Pokecoin spent for in-game item		POKECOIN		-200
01/22/2025 02:04:13 UTC	In-game item bought		UPGRADE_DMAX_BATTLE_REWARD_LEVEL	1	
01/22/2025 17:57:30 UTC	Pokecoin spent for in-game item		POKECOIN		0
01/22/2025 17:57:30 UTC	In-game item bought		Poke balls	2	
01/22/2025 17:57:30 UTC	In-game item bought		Great balls	1	
01/22/2025 17:57:30 UTC	In-game item bought		LPSKU_BUNDLE.GENERAL1.FREE.	1	
01/22/2025 17:57:30 UTC	In-game item bought		Potion	1	
01/23/2025 02:51:01 UTC	Pokecoin spent for in-game item		POKECOIN		-525
01/23/2025 02:51:01 UTC	In-game item bought		ITEM_REMOTE_RAID_TICKET	3	
01/23/2025 14:28:45 UTC	Pokecoin spent for in-game item		POKECOIN		0
01/23/2025 14:28:45 UTC	In-game item bought		Razz berry	1	
01/23/2025 14:28:45 UTC	In-game item bought		Poke balls	1	
01/23/2025 14:28:45 UTC	In-game item bought		LPSKU_BUNDLE.GENERAL1.FREE.	1	
01/23/2025 14:28:45 UTC	In-game item bought		Potion	2	
01/24/2025 15:44:10 UTC	Pokecoin spent for in-game item		POKECOIN		-320
01/24/2025 15:44:10 UTC	In-game item bought		Star pieces	1	
01/24/2025 15:44:10 UTC	In-game item bought		ITEM_REMOTE_RAID_TICKET	2	
01/24/2025 15:44:17 UTC	Pokecoin spent for in-game item		POKECOIN		0
01/24/2025 15:44:17 UTC	In-game item bought		Poke balls	3	
01/24/2025 15:44:17 UTC	In-game item bought		Great balls	1	
01/24/2025 15:44:17 UTC	In-game item bought		LPSKU_BUNDLE.GENERAL1.FREE.	1	
01/24/2025 17:55:24 UTC	Pokecoin spent for in-game item		POKECOIN		-320
01/24/2025 17:55:24 UTC	In-game item bought		Star pieces	1	
01/24/2025 17:55:24 UTC	In-game item bought		ITEM_REMOTE_RAID_TICKET	2	
01/24/2025 19:46:31 UTC	Pokecoin spent for in-game item		POKECOIN		-200
01/24/2025 19:46:31 UTC	In-game item bought		UPGRADE_DMAX_BATTLE_REWARD_LEVEL	1	
01/24/2025 20:09:20 UTC	Pokecoin spent for in-game item		POKECOIN		-200
01/24/2025 20:09:20 UTC	In-game item bought		UPGRADE_DMAX_BATTLE_REWARD_LEVEL	1	
01/25/2025 16:10:09 UTC	Pokecoin spent for in-game item		POKECOIN		0
01/25/2025 16:10:09 UTC	In-game item bought		Razz berry	1	
01/25/2025 16:10:09 UTC	In-game item bought		Poke balls	2	
01/25/2025 16:10:09 UTC	In-game item bought		Great balls	1	
01/25/2025 16:10:09 UTC	In-game item bought		LPSKU_BUNDLE.GENERAL1.FREE.	1	
01/26/2025 00:04:09 UTC	Pokecoin spent for in-game item		POKECOIN		-425
01/26/2025 00:04:09 UTC	In-game item bought		ITEM_MP_REPLENISH	3	
01/26/2025 19:14:23 UTC	Pokecoin spent for in-game item		POKECOIN		-200
01/26/2025 19:14:23 UTC	In-game item bought		UPGRADE_DMAX_BATTLE_REWARD_LEVEL	1	
01/27/2025 15:44:40 UTC	Pokecoin spent for in-game item		POKECOIN		-425
01/27/2025 15:44:40 UTC	In-game item bought		ITEM_MP_REPLENISH	3	
01/27/2025 15:47:13 UTC	Pokecoin spent for in-game item		POKECOIN		0
01/27/2025 15:47:13 UTC	In-game item bought		Poke balls	2	
01/27/2025 15:47:13 UTC	In-game item bought		LPSKU_BUNDLE.GENERAL1.FREE.	1	
01/27/2025 15:47:13 UTC	In-game item bought		Potion	2	
01/28/2025 01:01:12 UTC	Pokecoin spent for in-game item		POKECOIN		-425
01/28/2025 01:01:12 UTC	In-game item bought		ITEM_MP_REPLENISH	3	
01/28/2025 01:26:56 UTC	Pokecoin spent for in-game item		POKECOIN		-200
01/28/2025 01:26:56 UTC	In-game item bought		UPGRADE_DMAX_BATTLE_REWARD_LEVEL	1	
01/28/2025 01:41:16 UTC	Pokecoin spent for in-game item		POKECOIN		-200
01/28/2025 01:41:16 UTC	In-game item bought		UPGRADE_DMAX_BATTLE_REWARD_LEVEL	1	
01/28/2025 02:00:20 UTC	Pokecoin spent for in-game item		POKECOIN		-425
01/28/2025 02:00:20 UTC	In-game item bought		ITEM_MP_REPLENISH	3	
01/28/2025 02:09:53 UTC	Pokecoin spent for in-game item		POKECOIN		-200
01/28/2025 02:09:53 UTC	In-game item bought		UPGRADE_DMAX_BATTLE_REWARD_LEVEL	1	
01/28/2025 23:07:37 UTC	Pokecoin spent for in-game item		POKECOIN		0
01/28/2025 23:07:37 UTC	In-game item bought		Poke balls	3	
01/28/2025 23:07:37 UTC	In-game item bought		LPSKU_BUNDLE.GENERAL1.FREE.	1	
01/28/2025 23:07:37 UTC	In-game item bought		Potion	1	
01/29/2025 01:37:41 UTC	Pokecoin spent for in-game item		POKECOIN		-425
01/29/2025 01:37:41 UTC	In-game item bought		ITEM_MP_REPLENISH	3	
01/29/2025 01:41:51 UTC	Pokecoin spent for in-game item		POKECOIN		-415
01/29/2025 01:41:51 UTC	In-game item bought		ITEM_MP_REPLENISH	1	
01/29/2025 01:41:51 UTC	In-game item bought		ITEM_MAX_BOOST	1	
01/29/2025 01:52:10 UTC	Pokecoin spent for in-game item		POKECOIN		-200
01/29/2025 01:52:10 UTC	In-game item bought		UPGRADE_DMAX_BATTLE_REWARD_LEVEL	1	
01/29/2025 01:56:49 UTC	Pokecoin spent for in-game item		POKECOIN		-425
01/29/2025 01:56:49 UTC	In-game item bought		ITEM_MP_REPLENISH	3	
01/29/2025 01:59:45 UTC	Pokecoin spent for in-game item		POKECOIN		-200
01/29/2025 01:59:45 UTC	In-game item bought		UPGRADE_DMAX_BATTLE_REWARD_LEVEL	1	
01/29/2025 02:04:33 UTC	Pokecoin bought	APPLE	POKECOIN		14500	2899.0	INR
01/29/2025 02:04:47 UTC	Pokecoin bought	APPLE	POKECOIN		14500	2899.0	INR
01/29/2025 02:04:56 UTC	Pokecoin bought	APPLE	POKECOIN		14500	2899.0	INR
01/29/2025 03:17:50 UTC	Pokecoin spent for in-game item		POKECOIN		-425
01/29/2025 03:17:50 UTC	In-game item bought		ITEM_MP_REPLENISH	3	
01/29/2025 03:17:53 UTC	Pokecoin spent for in-game item		POKECOIN		-425
01/29/2025 03:17:53 UTC	In-game item bought		ITEM_MP_REPLENISH	3	
01/29/2025 03:17:56 UTC	Pokecoin spent for in-game item		POKECOIN		-425
01/29/2025 03:17:56 UTC	In-game item bought		ITEM_MP_REPLENISH	3	
01/29/2025 03:17:59 UTC	Pokecoin spent for in-game item		POKECOIN		-425
01/29/2025 03:17:59 UTC	In-game item bought		ITEM_MP_REPLENISH	3	
01/29/2025 14:52:46 UTC	Pokecoin spent for in-game item		POKECOIN		0
01/29/2025 14:52:46 UTC	In-game item bought		Poke balls	3	
01/29/2025 14:52:46 UTC	In-game item bought		LPSKU_BUNDLE.GENERAL1.FREE.	1	
01/29/2025 14:52:46 UTC	In-game item bought		Potion	1	
01/29/2025 17:40:36 UTC	Pokecoin spent for in-game item		POKECOIN		-200
01/29/2025 17:40:36 UTC	In-game item bought		UPGRADE_DMAX_BATTLE_REWARD_LEVEL	1	
01/29/2025 17:49:25 UTC	Pokecoin spent for in-game item		POKECOIN		-200
01/29/2025 17:49:25 UTC	In-game item bought		UPGRADE_DMAX_BATTLE_REWARD_LEVEL	1	
01/29/2025 17:59:29 UTC	Pokecoin spent for in-game item		POKECOIN		-200
01/29/2025 17:59:29 UTC	In-game item bought		UPGRADE_DMAX_BATTLE_REWARD_LEVEL	1	
01/30/2025 17:33:25 UTC	Pokecoin spent for in-game item		POKECOIN		0
01/30/2025 17:33:25 UTC	In-game item bought		Poke balls	3	
01/30/2025 17:33:25 UTC	In-game item bought		LPSKU_BUNDLE.GENERAL1.FREE.	1	
01/30/2025 17:33:25 UTC	In-game item bought		Potion	1	
01/31/2025 14:55:39 UTC	Pokecoin spent for in-game item		POKECOIN		0
01/31/2025 14:55:39 UTC	In-game item bought		Poke balls	3	
01/31/2025 14:55:39 UTC	In-game item bought		Great balls	1	
01/31/2025 14:55:39 UTC	In-game item bought		LPSKU_BUNDLE.GENERAL1.FREE.	1	
01/31/2025 22:09:10 UTC	Pokecoin spent for in-game item		POKECOIN		-650
01/31/2025 22:09:10 UTC	In-game item bought		ITEM_MP	1	
01/31/2025 22:09:10 UTC	In-game item bought		ITEM_MAX_BOOST	1	
02/01/2025 16:14:07 UTC	Pokecoin spent for in-game item		POKECOIN		0
02/01/2025 16:14:07 UTC	In-game item bought		Poke balls	2	
02/01/2025 16:14:07 UTC	In-game item bought		Great balls	2	
02/01/2025 16:14:07 UTC	In-game item bought		LPSKU_BUNDLE.GENERAL1.FREE.	1	
02/01/2025 21:04:51 UTC	Pokecoin spent for in-game item		POKECOIN		-200
02/01/2025 21:04:51 UTC	In-game item bought		UPGRADE_GMAX_BATTLE_REWARD_LEVEL	1	
02/01/2025 21:17:59 UTC	Pokecoin spent for in-game item		POKECOIN		-200
02/01/2025 21:17:59 UTC	In-game item bought		UPGRADE_GMAX_BATTLE_REWARD_LEVEL	1	
02/01/2025 21:29:45 UTC	Pokecoin spent for in-game item		POKECOIN		-200
02/01/2025 21:29:45 UTC	In-game item bought		UPGRADE_GMAX_BATTLE_REWARD_LEVEL	1	
02/01/2025 21:40:45 UTC	Pokecoin spent for in-game item		POKECOIN		-650
02/01/2025 21:40:45 UTC	In-game item bought		ITEM_MP	1	
02/01/2025 21:40:45 UTC	In-game item bought		ITEM_MAX_BOOST	1	
02/01/2025 21:41:22 UTC	Pokecoin spent for in-game item		POKECOIN		-650
02/01/2025 21:41:22 UTC	In-game item bought		ITEM_MP	1	
02/01/2025 21:41:22 UTC	In-game item bought		ITEM_MAX_BOOST	1	
02/01/2025 22:00:24 UTC	Pokecoin spent for in-game item		POKECOIN		-200
02/01/2025 22:00:24 UTC	In-game item bought		UPGRADE_GMAX_BATTLE_REWARD_LEVEL	1	
02/01/2025 22:05:42 UTC	Pokecoin spent for in-game item		POKECOIN		-200
02/01/2025 22:05:42 UTC	In-game item bought		UPGRADE_GMAX_BATTLE_REWARD_LEVEL	1	
02/01/2025 22:31:53 UTC	Pokecoin spent for in-game item		POKECOIN		-200
02/01/2025 22:31:53 UTC	In-game item bought		UPGRADE_GMAX_BATTLE_REWARD_LEVEL	1	
02/01/2025 22:38:02 UTC	Pokecoin spent for in-game item		POKECOIN		-200
02/01/2025 22:38:02 UTC	In-game item bought		UPGRADE_GMAX_BATTLE_REWARD_LEVEL	1	
02/01/2025 22:48:59 UTC	Pokecoin spent for in-game item		POKECOIN		-200
02/01/2025 22:48:59 UTC	In-game item bought		UPGRADE_GMAX_BATTLE_REWARD_LEVEL	1	
02/01/2025 22:55:54 UTC	Pokecoin spent for in-game item		POKECOIN		-200
02/01/2025 22:55:54 UTC	In-game item bought		UPGRADE_GMAX_BATTLE_REWARD_LEVEL	1	
02/01/2025 23:05:41 UTC	Pokecoin spent for in-game item		POKECOIN		-200
02/01/2025 23:05:41 UTC	In-game item bought		UPGRADE_GMAX_BATTLE_REWARD_LEVEL	1	
02/01/2025 23:13:16 UTC	Pokecoin spent for in-game item		POKECOIN		-200
02/01/2025 23:13:16 UTC	In-game item bought		UPGRADE_GMAX_BATTLE_REWARD_LEVEL	1	
02/01/2025 23:30:10 UTC	Pokecoin spent for in-game item		POKECOIN		-200
02/01/2025 23:30:10 UTC	In-game item bought		UPGRADE_GMAX_BATTLE_REWARD_LEVEL	1	
02/01/2025 23:38:26 UTC	Pokecoin spent for in-game item		POKECOIN		-200
02/01/2025 23:38:26 UTC	In-game item bought		UPGRADE_GMAX_BATTLE_REWARD_LEVEL	1	
02/01/2025 23:53:11 UTC	Pokecoin spent for in-game item		POKECOIN		-200
02/01/2025 23:53:11 UTC	In-game item bought		UPGRADE_GMAX_BATTLE_REWARD_LEVEL	1	
02/02/2025 00:01:56 UTC	Pokecoin spent for in-game item		POKECOIN		-200
02/02/2025 00:01:56 UTC	In-game item bought		UPGRADE_GMAX_BATTLE_REWARD_LEVEL	1	
02/02/2025 15:42:55 UTC	Pokecoin spent for in-game item		POKECOIN		0
02/02/2025 15:42:55 UTC	In-game item bought		Poke balls	2	
02/02/2025 15:42:55 UTC	In-game item bought		LPSKU_BUNDLE.GENERAL1.FREE.	1	
02/02/2025 15:42:55 UTC	In-game item bought		Potion	2	
02/02/2025 16:39:21 UTC	Pokecoin spent for in-game item		POKECOIN		-1000
02/02/2025 16:39:21 UTC	In-game item bought		ITEM_MAX_BOOST	3	
02/02/2025 16:44:52 UTC	Pokecoin spent for in-game item		POKECOIN		-200
02/02/2025 16:44:52 UTC	In-game item bought		UPGRADE_DMAX_BATTLE_REWARD_LEVEL	1	
02/02/2025 20:09:29 UTC	Pokecoin spent for in-game item		POKECOIN		-525
02/02/2025 20:09:29 UTC	In-game item bought		ITEM_REMOTE_RAID_TICKET	3	
02/03/2025 15:19:10 UTC	Pokecoin spent for in-game item		POKECOIN		0
02/03/2025 15:19:10 UTC	In-game item bought		Poke balls	3	
02/03/2025 15:19:10 UTC	In-game item bought		LPSKU_BUNDLE.GENERAL1.FREE.	1	
02/03/2025 15:19:10 UTC	In-game item bought		Potion	1	
02/04/2025 00:45:26 UTC	Pokecoin spent for in-game item		POKECOIN		-200
02/04/2025 00:45:26 UTC	In-game item bought		UPGRADE_DMAX_BATTLE_REWARD_LEVEL	1	
02/04/2025 00:55:41 UTC	Pokecoin spent for in-game item		POKECOIN		-425
02/04/2025 00:55:41 UTC	In-game item bought		ITEM_MP_REPLENISH	3	
02/04/2025 01:06:48 UTC	Pokecoin spent for in-game item		POKECOIN		-200
02/04/2025 01:06:48 UTC	In-game item bought		UPGRADE_DMAX_BATTLE_REWARD_LEVEL	1	
02/04/2025 01:18:03 UTC	Pokecoin spent for in-game item		POKECOIN		-1000
02/04/2025 01:18:03 UTC	In-game item bought		ITEM_MAX_BOOST	3	
02/04/2025 01:23:56 UTC	Pokecoin spent for in-game item		POKECOIN		-200
02/04/2025 01:23:56 UTC	In-game item bought		UPGRADE_DMAX_BATTLE_REWARD_LEVEL	1	
02/04/2025 01:31:29 UTC	Pokecoin spent for in-game item		POKECOIN		-425
02/04/2025 01:31:29 UTC	In-game item bought		ITEM_MP_REPLENISH	3	
02/04/2025 01:33:47 UTC	Pokecoin spent for in-game item		POKECOIN		-200
02/04/2025 01:33:47 UTC	In-game item bought		UPGRADE_DMAX_BATTLE_REWARD_LEVEL	1	
02/04/2025 01:58:47 UTC	Pokecoin spent for in-game item		POKECOIN		-200
02/04/2025 01:58:47 UTC	In-game item bought		UPGRADE_DMAX_BATTLE_REWARD_LEVEL	1	
02/04/2025 02:43:04 UTC	Pokecoin spent for in-game item		POKECOIN		-425
02/04/2025 02:43:04 UTC	In-game item bought		ITEM_MP_REPLENISH	3	
02/04/2025 05:08:33 UTC	Pokecoin spent for in-game item		POKECOIN		-425
02/04/2025 05:08:33 UTC	In-game item bought		ITEM_MP_REPLENISH	3	
02/04/2025 05:08:36 UTC	Pokecoin spent for in-game item		POKECOIN		-425
02/04/2025 05:08:36 UTC	In-game item bought		ITEM_MP_REPLENISH	3	
02/04/2025 05:08:39 UTC	Pokecoin spent for in-game item		POKECOIN		-425
02/04/2025 05:08:39 UTC	In-game item bought		ITEM_MP_REPLENISH	3	
02/04/2025 05:08:42 UTC	Pokecoin spent for in-game item		POKECOIN		-425
02/04/2025 05:08:42 UTC	In-game item bought		ITEM_MP_REPLENISH	3	
02/04/2025 05:08:48 UTC	Pokecoin spent for in-game item		POKECOIN		-1000
02/04/2025 05:08:48 UTC	In-game item bought		ITEM_MAX_BOOST	3	
02/04/2025 05:08:51 UTC	Pokecoin spent for in-game item		POKECOIN		-1000
02/04/2025 05:08:51 UTC	In-game item bought		ITEM_MAX_BOOST	3	
02/04/2025 05:08:54 UTC	Pokecoin spent for in-game item		POKECOIN		-525
02/04/2025 05:08:54 UTC	In-game item bought		ITEM_REMOTE_RAID_TICKET	3	
02/04/2025 20:08:19 UTC	Pokecoin spent for in-game item		POKECOIN		0
02/04/2025 20:08:19 UTC	In-game item bought		Razz berry	1	
02/04/2025 20:08:19 UTC	In-game item bought		Poke balls	3	
02/04/2025 20:08:19 UTC	In-game item bought		LPSKU_BUNDLE.GENERAL1.FREE.	1	
02/05/2025 01:43:53 UTC	Pokecoin spent for in-game item		POKECOIN		-200
02/05/2025 01:43:53 UTC	In-game item bought		UPGRADE_DMAX_BATTLE_REWARD_LEVEL	1	
02/05/2025 14:20:46 UTC	Pokecoin spent for in-game item		POKECOIN		0
02/05/2025 14:20:46 UTC	In-game item bought		Poke balls	4	
02/05/2025 14:20:46 UTC	In-game item bought		LPSKU_BUNDLE.GENERAL1.FREE.	1	
02/06/2025 05:49:54 UTC	Pokecoin spent for in-game item		POKECOIN		-495
02/06/2025 05:49:54 UTC	In-game item bought		Star pieces	1	
02/06/2025 05:49:54 UTC	In-game item bought		ITEM_REMOTE_RAID_TICKET	3	
02/06/2025 05:49:54 UTC	In-game item bought		Lucky egg	1	
02/06/2025 14:35:55 UTC	Pokecoin spent for in-game item		POKECOIN		-5425
02/06/2025 14:35:55 UTC	In-game item bought		Raid pass (paid)	99	
02/06/2025 14:35:55 UTC	In-game item bought		Fast TM	2	
02/06/2025 14:35:55 UTC	In-game item bought		Star pieces	2	
02/06/2025 14:35:55 UTC	In-game item bought		Charged TM	2	
02/07/2025 19:51:21 UTC	Pokecoin spent for in-game item		POKECOIN		0
02/07/2025 19:51:21 UTC	In-game item bought		Poke balls	3	
02/07/2025 19:51:21 UTC	In-game item bought		Great balls	1	
02/07/2025 19:51:21 UTC	In-game item bought		LPSKU_BUNDLE.GENERAL1.FREE.	1	
02/08/2025 01:27:15 UTC	Pokecoin spent for in-game item		POKECOIN		-525
02/08/2025 01:27:15 UTC	In-game item bought		ITEM_REMOTE_RAID_TICKET	3	
02/08/2025 18:17:28 UTC	Pokecoin spent for in-game item		POKECOIN		-200
02/08/2025 18:17:28 UTC	In-game item bought		UPGRADE_DMAX_BATTLE_REWARD_LEVEL	1	
02/08/2025 18:29:13 UTC	Pokecoin spent for in-game item		POKECOIN		-200
02/08/2025 18:29:13 UTC	In-game item bought		UPGRADE_DMAX_BATTLE_REWARD_LEVEL	1	
02/09/2025 01:30:41 UTC	Pokecoin spent for in-game item		POKECOIN		-525
02/09/2025 01:30:41 UTC	In-game item bought		ITEM_REMOTE_RAID_TICKET	3	
02/09/2025 03:25:06 UTC	Pokecoin spent for in-game item		POKECOIN		-200
02/09/2025 03:25:06 UTC	In-game item bought		UPGRADE_DMAX_BATTLE_REWARD_LEVEL	1	
02/10/2025 23:05:56 UTC	Pokecoin spent for in-game item		POKECOIN		-525
02/10/2025 23:05:56 UTC	In-game item bought		ITEM_REMOTE_RAID_TICKET	3	
02/11/2025 03:39:57 UTC	Pokecoin spent for in-game item		POKECOIN		-525
02/11/2025 03:39:57 UTC	In-game item bought		ITEM_REMOTE_RAID_TICKET	3	
02/11/2025 23:37:45 UTC	Pokecoin spent for in-game item		POKECOIN		0
02/11/2025 23:37:45 UTC	In-game item bought		Poke balls	4	
02/11/2025 23:37:45 UTC	In-game item bought		LPSKU_BUNDLE.GENERAL1.FREE.	1	
02/13/2025 14:19:11 UTC	Pokecoin spent for in-game item		POKECOIN		-525
02/13/2025 14:19:11 UTC	In-game item bought		ITEM_REMOTE_RAID_TICKET	3	
02/13/2025 21:23:45 UTC	Pokecoin spent for in-game item		POKECOIN		0
02/13/2025 21:23:45 UTC	In-game item bought		Razz berry	1	
02/13/2025 21:23:45 UTC	In-game item bought		Poke balls	2	
02/13/2025 21:23:45 UTC	In-game item bought		LPSKU_BUNDLE.GENERAL1.FREE.	1	
02/13/2025 21:23:45 UTC	In-game item bought		Potion	1	
02/14/2025 04:21:49 UTC	Pokecoin spent for in-game item		POKECOIN		-525
02/14/2025 04:21:49 UTC	In-game item bought		ITEM_REMOTE_RAID_TICKET	3	
02/15/2025 00:15:15 UTC	Pokecoin spent for in-game item		POKECOIN		0
02/15/2025 00:15:15 UTC	In-game item bought		Razz berry	1	
02/15/2025 00:15:15 UTC	In-game item bought		Poke balls	2	
02/15/2025 00:15:15 UTC	In-game item bought		LPSKU_BUNDLE.GENERAL1.FREE.	1	
02/15/2025 00:15:15 UTC	In-game item bought		Potion	1	
02/15/2025 00:15:18 UTC	Pokecoin spent for in-game item		POKECOIN		-525
02/15/2025 00:15:18 UTC	In-game item bought		ITEM_REMOTE_RAID_TICKET	3	
02/15/2025 05:33:36 UTC	Pokecoin spent for in-game item		POKECOIN		-525
02/15/2025 05:33:36 UTC	In-game item bought		ITEM_REMOTE_RAID_TICKET	3	
02/15/2025 06:05:17 UTC	Pokecoin spent for in-game item		POKECOIN		-525
02/15/2025 06:05:17 UTC	In-game item bought		ITEM_REMOTE_RAID_TICKET	3	
02/15/2025 06:12:19 UTC	Pokecoin spent for in-game item		POKECOIN		-525
02/15/2025 06:12:19 UTC	In-game item bought		ITEM_REMOTE_RAID_TICKET	3	
02/15/2025 06:23:45 UTC	Pokecoin spent for in-game item		POKECOIN		-525
02/15/2025 06:23:45 UTC	In-game item bought		ITEM_REMOTE_RAID_TICKET	3	
02/15/2025 17:21:45 UTC	Pokecoin spent for in-game item		POKECOIN		0
02/15/2025 17:21:45 UTC	In-game item bought		Poke balls	3	
02/15/2025 17:21:45 UTC	In-game item bought		LPSKU_BUNDLE.GENERAL1.FREE.	1	
02/15/2025 17:21:45 UTC	In-game item bought		Potion	1	
02/15/2025 17:21:52 UTC	Pokecoin spent for in-game item		POKECOIN		-525
02/15/2025 17:21:52 UTC	In-game item bought		ITEM_REMOTE_RAID_TICKET	3	
02/16/2025 16:33:11 UTC	Pokecoin spent for in-game item		POKECOIN		0
02/16/2025 16:33:11 UTC	In-game item bought		Poke balls	3	
02/16/2025 16:33:11 UTC	In-game item bought		Great balls	1	
02/16/2025 16:33:11 UTC	In-game item bought		LPSKU_BUNDLE.GENERAL1.FREE.	1	
02/17/2025 17:05:04 UTC	Pokecoin spent for in-game item		POKECOIN		0
02/17/2025 17:05:04 UTC	In-game item bought		Poke balls	3	
02/17/2025 17:05:04 UTC	In-game item bought		LPSKU_BUNDLE.GENERAL1.FREE.	1	
02/17/2025 17:05:04 UTC	In-game item bought		Potion	1	
02/18/2025 04:14:05 UTC	Pokecoin spent for in-game item		POKECOIN		-525
02/18/2025 04:14:05 UTC	In-game item bought		ITEM_REMOTE_RAID_TICKET	3	
02/18/2025 15:41:09 UTC	Pokecoin spent for in-game item		POKECOIN		0
02/18/2025 15:41:09 UTC	In-game item bought		Poke balls	2	
02/18/2025 15:41:09 UTC	In-game item bought		Great balls	1	
02/18/2025 15:41:09 UTC	In-game item bought		LPSKU_BUNDLE.GENERAL1.FREE.	1	
02/18/2025 15:41:09 UTC	In-game item bought		Potion	1	
02/18/2025 20:39:20 UTC	Pokecoin spent for in-game item		POKECOIN		-205
02/18/2025 20:39:20 UTC	In-game item bought		ITEM_POSTCARD_STORAGE_UPGRADE	1	
02/18/2025 20:39:20 UTC	In-game item bought		ITEM_REMOTE_RAID_TICKET	1	
02/18/2025 20:39:23 UTC	Pokecoin spent for in-game item		POKECOIN		-205
02/18/2025 20:39:23 UTC	In-game item bought		ITEM_POSTCARD_STORAGE_UPGRADE	1	
02/18/2025 20:39:23 UTC	In-game item bought		ITEM_REMOTE_RAID_TICKET	1	
02/19/2025 03:04:11 UTC	Pokecoin spent for in-game item		POKECOIN		-205
02/19/2025 03:04:11 UTC	In-game item bought		ITEM_POSTCARD_STORAGE_UPGRADE	1	
02/19/2025 03:04:11 UTC	In-game item bought		ITEM_REMOTE_RAID_TICKET	1	
02/19/2025 23:10:04 UTC	Pokecoin spent for in-game item		POKECOIN		0
02/19/2025 23:10:04 UTC	In-game item bought		Poke balls	2	
02/19/2025 23:10:04 UTC	In-game item bought		Great balls	1	
02/19/2025 23:10:04 UTC	In-game item bought		LPSKU_BUNDLE.GENERAL1.FREE.	1	
02/19/2025 23:10:04 UTC	In-game item bought		Potion	1	
02/20/2025 04:12:59 UTC	Pokecoin spent for in-game item		POKECOIN		-525
02/20/2025 04:12:59 UTC	In-game item bought		ITEM_REMOTE_RAID_TICKET	3	
02/20/2025 15:05:45 UTC	Pokecoin spent for in-game item		POKECOIN		0
02/20/2025 15:05:45 UTC	In-game item bought		Razz berry	1	
02/20/2025 15:05:45 UTC	In-game item bought		Poke balls	2	
02/20/2025 15:05:45 UTC	In-game item bought		LPSKU_BUNDLE.GENERAL1.FREE.	1	
02/20/2025 15:05:45 UTC	In-game item bought		Potion	1	
02/20/2025 20:36:40 UTC	Pokecoin spent for in-game item		POKECOIN		-525
02/20/2025 20:36:40 UTC	In-game item bought		ITEM_REMOTE_RAID_TICKET	3	
02/20/2025 22:18:37 UTC	Pokecoin spent for in-game item		POKECOIN		-525
02/20/2025 22:18:37 UTC	In-game item bought		ITEM_REMOTE_RAID_TICKET	3	
02/20/2025 22:39:39 UTC	Pokecoin bought	APPLE	POKECOIN		14500	2899.0	INR
02/21/2025 20:07:45 UTC	Pokecoin spent for in-game item		POKECOIN		-500
02/21/2025 20:07:45 UTC	In-game item bought		Super potion	10	
02/21/2025 20:07:45 UTC	In-game item bought		ITEM_REMOTE_RAID_TICKET	3	
02/21/2025 20:07:45 UTC	In-game item bought		Lucky egg	1	
02/21/2025 20:13:55 UTC	Pokecoin spent for in-game item		POKECOIN		0
02/21/2025 20:13:55 UTC	In-game item bought		Poke balls	1	
02/21/2025 20:13:55 UTC	In-game item bought		LPSKU_BUNDLE.GENERAL1.FREE.	1	
02/21/2025 20:13:55 UTC	In-game item bought		Potion	3	
02/22/2025 17:13:58 UTC	Pokecoin spent for in-game item		POKECOIN		-525
02/22/2025 17:13:58 UTC	In-game item bought		ITEM_REMOTE_RAID_TICKET	3	
02/22/2025 17:15:49 UTC	Pokecoin spent for in-game item		POKECOIN		0
02/22/2025 17:15:49 UTC	In-game item bought		Razz berry	1	
02/22/2025 17:15:49 UTC	In-game item bought		Poke balls	2	
02/22/2025 17:15:49 UTC	In-game item bought		Great balls	1	
02/22/2025 17:15:49 UTC	In-game item bought		LPSKU_BUNDLE.GENERAL1.FREE.	1	
02/22/2025 17:16:24 UTC	Pokecoin spent for in-game item		POKECOIN		-750
02/22/2025 17:16:24 UTC	In-game item bought		Star pieces	10	
02/22/2025 17:16:24 UTC	In-game item bought		ITEM_POFFIN	10	
02/22/2025 17:16:24 UTC	In-game item bought		Lucky egg	10	
02/22/2025 17:16:26 UTC	Pokecoin spent for in-game item		POKECOIN		-750
02/22/2025 17:16:26 UTC	In-game item bought		Star pieces	10	
02/22/2025 17:16:26 UTC	In-game item bought		ITEM_POFFIN	10	
02/22/2025 17:16:26 UTC	In-game item bought		Lucky egg	10	
02/22/2025 17:16:38 UTC	Pokecoin spent for in-game item		POKECOIN		-750
02/22/2025 17:16:38 UTC	In-game item bought		Star pieces	10	
02/22/2025 17:16:38 UTC	In-game item bought		ITEM_POFFIN	10	
02/22/2025 17:16:38 UTC	In-game item bought		Lucky egg	10	
02/22/2025 17:32:48 UTC	Pokecoin spent for in-game item		POKECOIN		-750
02/22/2025 17:32:48 UTC	In-game item bought		Star pieces	10	
02/22/2025 17:32:48 UTC	In-game item bought		ITEM_POFFIN	10	
02/22/2025 17:32:48 UTC	In-game item bought		Lucky egg	10	
02/22/2025 17:46:52 UTC	Pokecoin spent for in-game item		POKECOIN		-750
02/22/2025 17:46:52 UTC	In-game item bought		Star pieces	10	
02/22/2025 17:46:52 UTC	In-game item bought		ITEM_POFFIN	10	
02/22/2025 17:46:52 UTC	In-game item bought		Lucky egg	10	
02/22/2025 20:53:39 UTC	Pokecoin spent for in-game item		POKECOIN		-525
02/22/2025 20:53:39 UTC	In-game item bought		ITEM_REMOTE_RAID_TICKET	3	
02/23/2025 08:59:36 UTC	Pokecoin spent for in-game item		POKECOIN		0
02/23/2025 08:59:36 UTC	In-game item bought		Poke balls	2	
02/23/2025 08:59:36 UTC	In-game item bought		Great balls	1	
02/23/2025 08:59:36 UTC	In-game item bought		LPSKU_BUNDLE.GENERAL1.FREE.	1	
02/23/2025 08:59:36 UTC	In-game item bought		Potion	1	
02/23/2025 09:07:16 UTC	Pokecoin spent for in-game item		POKECOIN		-525
02/23/2025 09:07:16 UTC	In-game item bought		ITEM_REMOTE_RAID_TICKET	3	
02/23/2025 17:08:45 UTC	Pokecoin spent for in-game item		POKECOIN		-525
02/23/2025 17:08:45 UTC	In-game item bought		ITEM_REMOTE_RAID_TICKET	3	
02/23/2025 17:38:04 UTC	Pokecoin spent for in-game item		POKECOIN		-525
02/23/2025 17:38:04 UTC	In-game item bought		ITEM_REMOTE_RAID_TICKET	3	
02/23/2025 17:48:30 UTC	Pokecoin spent for in-game item		POKECOIN		-350
02/23/2025 17:48:30 UTC	In-game item bought		ITEM_REMOTE_RAID_TICKET	2	
02/23/2025 17:48:30 UTC	In-game item bought		Lucky egg	1	
02/23/2025 18:41:53 UTC	Pokecoin spent for in-game item		POKECOIN		-350
02/23/2025 18:41:53 UTC	In-game item bought		ITEM_REMOTE_RAID_TICKET	2	
02/23/2025 18:41:53 UTC	In-game item bought		Lucky egg	1	
02/23/2025 18:53:21 UTC	Pokecoin spent for in-game item		POKECOIN		-525
02/23/2025 18:53:21 UTC	In-game item bought		ITEM_REMOTE_RAID_TICKET	3	
02/23/2025 19:27:50 UTC	Pokecoin spent for in-game item		POKECOIN		-350
02/23/2025 19:27:50 UTC	In-game item bought		ITEM_REMOTE_RAID_TICKET	2	
02/23/2025 19:27:50 UTC	In-game item bought		Lucky egg	1	
02/23/2025 19:27:53 UTC	Pokecoin spent for in-game item		POKECOIN		-350
02/23/2025 19:27:53 UTC	In-game item bought		ITEM_REMOTE_RAID_TICKET	2	
02/23/2025 19:27:53 UTC	In-game item bought		Lucky egg	1	
02/23/2025 19:40:03 UTC	Pokecoin spent for in-game item		POKECOIN		-350
02/23/2025 19:40:03 UTC	In-game item bought		ITEM_REMOTE_RAID_TICKET	2	
02/23/2025 19:40:03 UTC	In-game item bought		Lucky egg	1	
02/24/2025 14:35:48 UTC	Pokecoin spent for in-game item		POKECOIN		0
02/24/2025 14:35:48 UTC	In-game item bought		Poke balls	3	
02/24/2025 14:35:48 UTC	In-game item bought		LPSKU_BUNDLE.GENERAL1.FREE.	1	
02/24/2025 14:35:48 UTC	In-game item bought		Potion	1	
02/24/2025 19:49:56 UTC	Pokecoin spent for in-game item		POKECOIN		-5425
02/24/2025 19:49:56 UTC	In-game item bought		Raid pass (paid)	99	
02/24/2025 19:49:56 UTC	In-game item bought		Fast TM	2	
02/24/2025 19:49:56 UTC	In-game item bought		Star pieces	2	
02/24/2025 19:49:56 UTC	In-game item bought		Charged TM	2	
02/25/2025 01:35:39 UTC	Pokecoin spent for in-game item		POKECOIN		-525
02/25/2025 01:35:39 UTC	In-game item bought		ITEM_REMOTE_RAID_TICKET	3	
02/25/2025 04:07:11 UTC	Pokecoin spent for in-game item		POKECOIN		-5425
02/25/2025 04:07:11 UTC	In-game item bought		Raid pass (paid)	99	
02/25/2025 04:07:11 UTC	In-game item bought		Fast TM	2	
02/25/2025 04:07:11 UTC	In-game item bought		Star pieces	2	
02/25/2025 04:07:11 UTC	In-game item bought		Charged TM	2	
02/25/2025 17:33:54 UTC	Pokecoin spent for in-game item		POKECOIN		0
02/25/2025 17:33:54 UTC	In-game item bought		Poke balls	1	
02/25/2025 17:33:54 UTC	In-game item bought		Great balls	1	
02/25/2025 17:33:54 UTC	In-game item bought		LPSKU_BUNDLE.GENERAL1.FREE.	1	
02/25/2025 17:33:54 UTC	In-game item bought		Potion	2	
02/25/2025 17:33:58 UTC	Pokecoin spent for in-game item		POKECOIN		-525
02/25/2025 17:33:58 UTC	In-game item bought		ITEM_REMOTE_RAID_TICKET	3	
02/26/2025 02:11:26 UTC	Pokecoin spent for in-game item		POKECOIN		-525
02/26/2025 02:11:26 UTC	In-game item bought		ITEM_REMOTE_RAID_TICKET	3	
02/26/2025 14:28:52 UTC	Pokecoin spent for in-game item		POKECOIN		0
02/26/2025 14:28:52 UTC	In-game item bought		Poke balls	3	
02/26/2025 14:28:52 UTC	In-game item bought		Great balls	1	
02/26/2025 14:28:52 UTC	In-game item bought		LPSKU_BUNDLE.GENERAL1.FREE.	1	
02/26/2025 19:17:06 UTC	Pokecoin spent for in-game item		POKECOIN		-525
02/26/2025 19:17:06 UTC	In-game item bought		ITEM_REMOTE_RAID_TICKET	3	
02/27/2025 00:32:48 UTC	Pokecoin spent for in-game item		POKECOIN		-550
02/27/2025 00:32:48 UTC	In-game item bought		Pokemon storage upgrade	1	
02/27/2025 00:32:48 UTC	In-game item bought		Raid pass (paid)	1	
02/27/2025 00:32:48 UTC	In-game item bought		Bag upgrade	1	
02/27/2025 00:32:48 UTC	In-game item bought		ITEM_REMOTE_RAID_TICKET	1	
02/27/2025 00:32:51 UTC	Pokecoin spent for in-game item		POKECOIN		-550
02/27/2025 00:32:51 UTC	In-game item bought		Pokemon storage upgrade	1	
02/27/2025 00:32:51 UTC	In-game item bought		Raid pass (paid)	1	
02/27/2025 00:32:51 UTC	In-game item bought		Bag upgrade	1	
02/27/2025 00:32:51 UTC	In-game item bought		ITEM_REMOTE_RAID_TICKET	1	
02/27/2025 03:40:43 UTC	Pokecoin spent for in-game item		POKECOIN		-525
02/27/2025 03:40:43 UTC	In-game item bought		ITEM_REMOTE_RAID_TICKET	3	
02/27/2025 04:05:31 UTC	Pokecoin spent for in-game item		POKECOIN		-525
02/27/2025 04:05:31 UTC	In-game item bought		ITEM_REMOTE_RAID_TICKET	3	
02/27/2025 05:20:43 UTC	Pokecoin spent for in-game item		POKECOIN		-525
02/27/2025 05:20:43 UTC	In-game item bought		ITEM_REMOTE_RAID_TICKET	3	
02/27/2025 07:07:07 UTC	Pokecoin spent for in-game item		POKECOIN		-525
02/27/2025 07:07:07 UTC	In-game item bought		ITEM_REMOTE_RAID_TICKET	3	
02/27/2025 14:44:46 UTC	Pokecoin bought	APPLE	POKECOIN		14500	2899.0	INR
02/27/2025 19:25:18 UTC	Pokecoin spent for in-game item		POKECOIN		-550
02/27/2025 19:25:18 UTC	In-game item bought		Pokemon storage upgrade	1	
02/27/2025 19:25:18 UTC	In-game item bought		Raid pass (paid)	1	
02/27/2025 19:25:18 UTC	In-game item bought		Bag upgrade	1	
02/27/2025 19:25:18 UTC	In-game item bought		ITEM_REMOTE_RAID_TICKET	1	
02/27/2025 20:28:13 UTC	Pokecoin spent for in-game item		POKECOIN		-525
02/27/2025 20:28:13 UTC	In-game item bought		ITEM_REMOTE_RAID_TICKET	3	
02/27/2025 23:32:24 UTC	Pokecoin spent for in-game item		POKECOIN		0
02/27/2025 23:32:24 UTC	In-game item bought		Poke balls	2	
02/27/2025 23:32:24 UTC	In-game item bought		Great balls	1	
02/27/2025 23:32:24 UTC	In-game item bought		LPSKU_BUNDLE.GENERAL1.FREE.	1	
02/27/2025 23:32:24 UTC	In-game item bought		Potion	1	
02/27/2025 23:43:20 UTC	Pokecoin spent for in-game item		POKECOIN		-200
02/27/2025 23:43:20 UTC	In-game item bought		Bag upgrade	1	
02/27/2025 23:43:24 UTC	Pokecoin spent for in-game item		POKECOIN		-200
02/27/2025 23:43:24 UTC	In-game item bought		Pokemon storage upgrade	1	
02/27/2025 23:43:27 UTC	Pokecoin spent for in-game item		POKECOIN		-200
02/27/2025 23:43:27 UTC	In-game item bought		Pokemon storage upgrade	1	
02/27/2025 23:43:29 UTC	Pokecoin spent for in-game item		POKECOIN		-200
02/27/2025 23:43:29 UTC	In-game item bought		Pokemon storage upgrade	1	
02/27/2025 23:43:32 UTC	Pokecoin spent for in-game item		POKECOIN		-200
02/27/2025 23:43:32 UTC	In-game item bought		Pokemon storage upgrade	1	
02/27/2025 23:43:35 UTC	Pokecoin spent for in-game item		POKECOIN		-200
02/27/2025 23:43:35 UTC	In-game item bought		Pokemon storage upgrade	1	
02/27/2025 23:43:38 UTC	Pokecoin spent for in-game item		POKECOIN		-200
02/27/2025 23:43:38 UTC	In-game item bought		Pokemon storage upgrade	1	
02/27/2025 23:43:41 UTC	Pokecoin spent for in-game item		POKECOIN		-200
02/27/2025 23:43:41 UTC	In-game item bought		Pokemon storage upgrade	1	
02/27/2025 23:43:45 UTC	Pokecoin spent for in-game item		POKECOIN		-200
02/27/2025 23:43:45 UTC	In-game item bought		Bag upgrade	1	
02/27/2025 23:43:48 UTC	Pokecoin spent for in-game item		POKECOIN		-200
02/27/2025 23:43:48 UTC	In-game item bought		Bag upgrade	1	
02/27/2025 23:43:50 UTC	Pokecoin spent for in-game item		POKECOIN		-200
02/27/2025 23:43:50 UTC	In-game item bought		Bag upgrade	1	
02/27/2025 23:43:53 UTC	Pokecoin spent for in-game item		POKECOIN		-200
02/27/2025 23:43:53 UTC	In-game item bought		Bag upgrade	1	
02/27/2025 23:43:56 UTC	Pokecoin spent for in-game item		POKECOIN		-200
02/27/2025 23:43:56 UTC	In-game item bought		Bag upgrade	1	
02/27/2025 23:43:58 UTC	Pokecoin spent for in-game item		POKECOIN		-200
02/27/2025 23:43:58 UTC	In-game item bought		Bag upgrade	1	
02/28/2025 01:31:03 UTC	Pokecoin spent for in-game item		POKECOIN		-525
02/28/2025 01:31:03 UTC	In-game item bought		ITEM_REMOTE_RAID_TICKET	3	
02/28/2025 01:56:22 UTC	Pokecoin spent for in-game item		POKECOIN		-525
02/28/2025 01:56:22 UTC	In-game item bought		ITEM_REMOTE_RAID_TICKET	3	
02/28/2025 14:47:59 UTC	Pokecoin spent for in-game item		POKECOIN		0
02/28/2025 14:47:59 UTC	In-game item bought		Poke balls	4	
02/28/2025 14:47:59 UTC	In-game item bought		LPSKU_BUNDLE.GENERAL1.FREE.	1	
02/28/2025 22:13:06 UTC	Pokecoin spent for in-game item		POKECOIN		-525
02/28/2025 22:13:06 UTC	In-game item bought		ITEM_REMOTE_RAID_TICKET	3	
03/01/2025 01:25:59 UTC	Pokecoin spent for in-game item		POKECOIN		-525
03/01/2025 01:25:59 UTC	In-game item bought		ITEM_REMOTE_RAID_TICKET	3	
03/01/2025 15:20:19 UTC	Pokecoin spent for in-game item		POKECOIN		0
03/01/2025 15:20:19 UTC	In-game item bought		Poke balls	3	
03/01/2025 15:20:19 UTC	In-game item bought		Great balls	1	
03/01/2025 15:20:19 UTC	In-game item bought		LPSKU_BUNDLE.GENERAL1.FREE.	1	
03/02/2025 06:50:36 UTC	Pokecoin spent for in-game item		POKECOIN		-525
03/02/2025 06:50:36 UTC	In-game item bought		ITEM_REMOTE_RAID_TICKET	3	
03/03/2025 14:22:10 UTC	Pokecoin spent for in-game item		POKECOIN		0
03/03/2025 14:22:10 UTC	In-game item bought		Poke balls	3	
03/03/2025 14:22:10 UTC	In-game item bought		Great balls	1	
03/03/2025 14:22:10 UTC	In-game item bought		LPSKU_BUNDLE.GENERAL1.FREE.	1	
03/04/2025 18:13:46 UTC	Pokecoin spent for in-game item		POKECOIN		0
03/04/2025 18:13:46 UTC	In-game item bought		Poke balls	3	
03/04/2025 18:13:46 UTC	In-game item bought		Great balls	1	
03/04/2025 18:13:46 UTC	In-game item bought		LPSKU_BUNDLE.GENERAL1.FREE.	1	
03/04/2025 18:13:48 UTC	Pokecoin spent for in-game item		POKECOIN		0
03/04/2025 18:13:48 UTC	In-game item bought		ITEM_BATTLE_PASS_TICKET	1	
03/05/2025 02:57:33 UTC	Pokecoin spent for in-game item		POKECOIN		-525
03/05/2025 02:57:33 UTC	In-game item bought		ITEM_REMOTE_RAID_TICKET	3	
03/06/2025 00:00:56 UTC	Pokecoin spent for in-game item		POKECOIN		0
03/06/2025 00:00:56 UTC	In-game item bought		Razz berry	1	
03/06/2025 00:00:56 UTC	In-game item bought		Poke balls	3	
03/06/2025 00:00:56 UTC	In-game item bought		LPSKU_BUNDLE.GENERAL1.FREE.	1	
03/06/2025 00:20:17 UTC	Pokecoin spent for in-game item		POKECOIN		-525
03/06/2025 00:20:17 UTC	In-game item bought		ITEM_REMOTE_RAID_TICKET	3	
03/06/2025 14:29:35 UTC	Pokecoin spent for in-game item		POKECOIN		0
03/06/2025 14:29:35 UTC	In-game item bought		Poke balls	1	
03/06/2025 14:29:35 UTC	In-game item bought		Great balls	1	
03/06/2025 14:29:35 UTC	In-game item bought		LPSKU_BUNDLE.GENERAL1.FREE.	1	
03/06/2025 14:29:35 UTC	In-game item bought		Potion	2	
03/07/2025 20:16:34 UTC	Pokecoin spent for in-game item		POKECOIN		0
03/07/2025 20:16:34 UTC	In-game item bought		Poke balls	2	
03/07/2025 20:16:34 UTC	In-game item bought		LPSKU_BUNDLE.GENERAL1.FREE.	1	
03/07/2025 20:16:34 UTC	In-game item bought		Potion	2	
03/08/2025 21:05:55 UTC	Pokecoin spent for in-game item		POKECOIN		-200
03/08/2025 21:05:55 UTC	In-game item bought		UPGRADE_GMAX_BATTLE_REWARD_LEVEL	1	
03/08/2025 21:19:28 UTC	Pokecoin spent for in-game item		POKECOIN		-200
03/08/2025 21:19:29 UTC	In-game item bought		UPGRADE_GMAX_BATTLE_REWARD_LEVEL	1	
03/08/2025 21:26:36 UTC	Pokecoin spent for in-game item		POKECOIN		-200
03/08/2025 21:26:36 UTC	In-game item bought		UPGRADE_GMAX_BATTLE_REWARD_LEVEL	1	
03/08/2025 21:43:43 UTC	Pokecoin spent for in-game item		POKECOIN		-200
03/08/2025 21:43:43 UTC	In-game item bought		UPGRADE_GMAX_BATTLE_REWARD_LEVEL	1	
03/08/2025 22:14:12 UTC	Pokecoin spent for in-game item		POKECOIN		-200
03/08/2025 22:14:12 UTC	In-game item bought		UPGRADE_GMAX_BATTLE_REWARD_LEVEL	1	
03/08/2025 22:41:11 UTC	Pokecoin spent for in-game item		POKECOIN		-425
03/08/2025 22:41:11 UTC	In-game item bought		ITEM_MP_REPLENISH	3	
03/08/2025 22:44:35 UTC	Pokecoin spent for in-game item		POKECOIN		-200
03/08/2025 22:44:35 UTC	In-game item bought		UPGRADE_GMAX_BATTLE_REWARD_LEVEL	1	
03/08/2025 22:51:49 UTC	Pokecoin spent for in-game item		POKECOIN		-200
03/08/2025 22:51:49 UTC	In-game item bought		UPGRADE_GMAX_BATTLE_REWARD_LEVEL	1	
03/08/2025 23:08:04 UTC	Pokecoin spent for in-game item		POKECOIN		-425
03/08/2025 23:08:04 UTC	In-game item bought		ITEM_MP_REPLENISH	3	
03/08/2025 23:11:57 UTC	Pokecoin spent for in-game item		POKECOIN		-200
03/08/2025 23:11:57 UTC	In-game item bought		UPGRADE_GMAX_BATTLE_REWARD_LEVEL	1	
03/08/2025 23:21:24 UTC	Pokecoin spent for in-game item		POKECOIN		-200
03/08/2025 23:21:24 UTC	In-game item bought		UPGRADE_GMAX_BATTLE_REWARD_LEVEL	1	
03/08/2025 23:35:13 UTC	Pokecoin spent for in-game item		POKECOIN		-200
03/08/2025 23:35:13 UTC	In-game item bought		UPGRADE_GMAX_BATTLE_REWARD_LEVEL	1	
03/08/2025 23:46:44 UTC	Pokecoin spent for in-game item		POKECOIN		-200
03/08/2025 23:46:44 UTC	In-game item bought		UPGRADE_GMAX_BATTLE_REWARD_LEVEL	1	
03/08/2025 23:49:33 UTC	Pokecoin spent for in-game item		POKECOIN		-425
03/08/2025 23:49:33 UTC	In-game item bought		ITEM_MP_REPLENISH	3	
03/08/2025 23:54:35 UTC	Pokecoin spent for in-game item		POKECOIN		-200
03/08/2025 23:54:35 UTC	In-game item bought		UPGRADE_GMAX_BATTLE_REWARD_LEVEL	1	
03/09/2025 21:06:10 UTC	Pokecoin spent for in-game item		POKECOIN		-200
03/09/2025 21:06:10 UTC	In-game item bought		UPGRADE_GMAX_BATTLE_REWARD_LEVEL	1	
03/09/2025 21:15:16 UTC	Pokecoin spent for in-game item		POKECOIN		-200
03/09/2025 21:15:16 UTC	In-game item bought		UPGRADE_GMAX_BATTLE_REWARD_LEVEL	1	
03/09/2025 21:30:44 UTC	Pokecoin spent for in-game item		POKECOIN		-425
03/09/2025 21:30:44 UTC	In-game item bought		ITEM_MP_REPLENISH	3	
03/09/2025 21:41:58 UTC	Pokecoin spent for in-game item		POKECOIN		-1000
03/09/2025 21:41:58 UTC	In-game item bought		ITEM_MAX_BOOST	3	
03/09/2025 22:00:08 UTC	Pokecoin spent for in-game item		POKECOIN		-200
03/09/2025 22:00:08 UTC	In-game item bought		UPGRADE_GMAX_BATTLE_REWARD_LEVEL	1	
03/09/2025 22:01:25 UTC	Pokecoin spent for in-game item		POKECOIN		-425
03/09/2025 22:01:25 UTC	In-game item bought		ITEM_MP_REPLENISH	3	
03/09/2025 22:08:45 UTC	Pokecoin spent for in-game item		POKECOIN		-200
03/09/2025 22:08:45 UTC	In-game item bought		UPGRADE_GMAX_BATTLE_REWARD_LEVEL	1	
03/09/2025 22:16:28 UTC	Pokecoin spent for in-game item		POKECOIN		-200
03/09/2025 22:16:28 UTC	In-game item bought		UPGRADE_GMAX_BATTLE_REWARD_LEVEL	1	
03/09/2025 22:27:20 UTC	Pokecoin spent for in-game item		POKECOIN		-425
03/09/2025 22:27:20 UTC	In-game item bought		ITEM_MP_REPLENISH	3	
03/09/2025 22:31:43 UTC	Pokecoin spent for in-game item		POKECOIN		-200
03/09/2025 22:31:43 UTC	In-game item bought		UPGRADE_GMAX_BATTLE_REWARD_LEVEL	1	
03/09/2025 22:42:37 UTC	Pokecoin spent for in-game item		POKECOIN		-425
03/09/2025 22:42:37 UTC	In-game item bought		ITEM_MP_REPLENISH	3	
03/09/2025 22:42:41 UTC	Pokecoin spent for in-game item		POKECOIN		-425
03/09/2025 22:42:41 UTC	In-game item bought		ITEM_MP_REPLENISH	3	
03/09/2025 23:15:49 UTC	Pokecoin spent for in-game item		POKECOIN		-200
03/09/2025 23:15:49 UTC	In-game item bought		UPGRADE_GMAX_BATTLE_REWARD_LEVEL	1	
03/09/2025 23:43:50 UTC	Pokecoin spent for in-game item		POKECOIN		-200
03/09/2025 23:43:50 UTC	In-game item bought		UPGRADE_GMAX_BATTLE_REWARD_LEVEL	1	
03/10/2025 00:19:29 UTC	Pokecoin spent for in-game item		POKECOIN		-425
03/10/2025 00:19:29 UTC	In-game item bought		ITEM_MP_REPLENISH	3	
03/10/2025 00:46:10 UTC	Pokecoin spent for in-game item		POKECOIN		-150
03/10/2025 00:46:10 UTC	In-game item bought		ITEM_MP_REPLENISH	1	
03/11/2025 08:29:28 UTC	Pokecoin bought	APPLE	POKECOIN		14500	2899.0	INR
03/11/2025 08:29:51 UTC	Pokecoin bought	APPLE	POKECOIN		14500	2899.0	INR
03/11/2025 16:37:54 UTC	Pokecoin spent for in-game item		POKECOIN		0
03/11/2025 16:37:54 UTC	In-game item bought		Razz berry	1	
03/11/2025 16:37:54 UTC	In-game item bought		Poke balls	2	
03/11/2025 16:37:54 UTC	In-game item bought		LPSKU_BUNDLE.GENERAL1.FREE.	1	
03/11/2025 16:37:54 UTC	In-game item bought		Potion	1	
03/11/2025 16:38:00 UTC	Pokecoin spent for in-game item		POKECOIN		-680
03/11/2025 16:38:00 UTC	In-game item bought		Lure	8	
03/11/2025 16:38:03 UTC	Pokecoin spent for in-game item		POKECOIN		-680
03/11/2025 16:38:03 UTC	In-game item bought		Lure	8	
03/11/2025 16:38:05 UTC	Pokecoin spent for in-game item		POKECOIN		-680
03/11/2025 16:38:05 UTC	In-game item bought		Lure	8	
03/12/2025 01:12:37 UTC	Pokecoin spent for in-game item		POKECOIN		-525
03/12/2025 01:12:37 UTC	In-game item bought		ITEM_REMOTE_RAID_TICKET	3	
03/12/2025 02:31:13 UTC	Pokecoin spent for in-game item		POKECOIN		-525
03/12/2025 02:31:13 UTC	In-game item bought		ITEM_REMOTE_RAID_TICKET	3	
03/12/2025 07:39:22 UTC	Pokecoin spent for in-game item		POKECOIN		0
03/12/2025 07:39:22 UTC	In-game item bought		Poke balls	3	
03/12/2025 07:39:22 UTC	In-game item bought		Great balls	1	
03/12/2025 07:39:22 UTC	In-game item bought		LPSKU_BUNDLE.GENERAL1.FREE.	1	
03/13/2025 15:41:07 UTC	Pokecoin spent for in-game item		POKECOIN		0
03/13/2025 15:41:07 UTC	In-game item bought		Poke balls	3	
03/13/2025 15:41:07 UTC	In-game item bought		Great balls	1	
03/13/2025 15:41:07 UTC	In-game item bought		LPSKU_BUNDLE.GENERAL1.FREE.	1	
03/13/2025 23:23:13 UTC	Pokecoin spent for in-game item		POKECOIN		-525
03/13/2025 23:23:13 UTC	In-game item bought		ITEM_REMOTE_RAID_TICKET	3	
03/14/2025 19:08:23 UTC	Pokecoin spent for in-game item		POKECOIN		-525
03/14/2025 19:08:23 UTC	In-game item bought		ITEM_REMOTE_RAID_TICKET	3	
03/15/2025 06:40:43 UTC	Pokecoin spent for in-game item		POKECOIN		-415
03/15/2025 06:40:43 UTC	In-game item bought		ITEM_MP_REPLENISH	1	
03/15/2025 06:40:43 UTC	In-game item bought		ITEM_MAX_BOOST	1	
03/15/2025 06:40:46 UTC	Pokecoin spent for in-game item		POKECOIN		0
03/15/2025 06:40:46 UTC	In-game item bought		Poke balls	1	
03/15/2025 06:40:46 UTC	In-game item bought		Great balls	1	
03/15/2025 06:40:46 UTC	In-game item bought		LPSKU_BUNDLE.GENERAL1.FREE.	1	
03/15/2025 06:40:46 UTC	In-game item bought		Potion	2	
03/15/2025 06:40:55 UTC	Pokecoin spent for in-game item		POKECOIN		-425
03/15/2025 06:40:55 UTC	In-game item bought		ITEM_MP_REPLENISH	3	
03/15/2025 06:40:58 UTC	Pokecoin spent for in-game item		POKECOIN		-425
03/15/2025 06:40:58 UTC	In-game item bought		ITEM_MP_REPLENISH	3	
03/15/2025 06:41:01 UTC	Pokecoin spent for in-game item		POKECOIN		-425
03/15/2025 06:41:01 UTC	In-game item bought		ITEM_MP_REPLENISH	3	
03/15/2025 06:41:04 UTC	Pokecoin spent for in-game item		POKECOIN		-425
03/15/2025 06:41:04 UTC	In-game item bought		ITEM_MP_REPLENISH	3	
03/15/2025 16:20:58 UTC	Pokecoin spent for in-game item		POKECOIN		0
03/15/2025 16:20:58 UTC	In-game item bought		Poke balls	3	
03/15/2025 16:20:58 UTC	In-game item bought		LPSKU_BUNDLE.GENERAL1.FREE.	1	
03/15/2025 16:20:58 UTC	In-game item bought		Potion	1	
03/15/2025 22:05:14 UTC	Pokecoin spent for in-game item		POKECOIN		-200
03/15/2025 22:05:14 UTC	In-game item bought		UPGRADE_DMAX_BATTLE_REWARD_LEVEL	1	
03/15/2025 22:19:59 UTC	Pokecoin spent for in-game item		POKECOIN		-200
03/15/2025 22:19:59 UTC	In-game item bought		UPGRADE_DMAX_BATTLE_REWARD_LEVEL	1	
03/15/2025 23:24:23 UTC	Pokecoin spent for in-game item		POKECOIN		-200
03/15/2025 23:24:23 UTC	In-game item bought		UPGRADE_DMAX_BATTLE_REWARD_LEVEL	1	
03/15/2025 23:40:39 UTC	Pokecoin spent for in-game item		POKECOIN		-1000
03/15/2025 23:40:39 UTC	In-game item bought		ITEM_MAX_BOOST	3	
03/15/2025 23:40:42 UTC	Pokecoin spent for in-game item		POKECOIN		-1000
03/15/2025 23:40:42 UTC	In-game item bought		ITEM_MAX_BOOST	3	
03/15/2025 23:44:13 UTC	Pokecoin spent for in-game item		POKECOIN		-200
03/15/2025 23:44:13 UTC	In-game item bought		UPGRADE_DMAX_BATTLE_REWARD_LEVEL	1	
03/15/2025 23:54:17 UTC	Pokecoin spent for in-game item		POKECOIN		-200
03/15/2025 23:54:17 UTC	In-game item bought		UPGRADE_DMAX_BATTLE_REWARD_LEVEL	1	
03/16/2025 00:01:34 UTC	Pokecoin spent for in-game item		POKECOIN		-200
03/16/2025 00:01:34 UTC	In-game item bought		UPGRADE_DMAX_BATTLE_REWARD_LEVEL	1	
03/16/2025 00:10:17 UTC	Pokecoin spent for in-game item		POKECOIN		-200
03/16/2025 00:10:17 UTC	In-game item bought		UPGRADE_DMAX_BATTLE_REWARD_LEVEL	1	
03/16/2025 00:18:19 UTC	Pokecoin spent for in-game item		POKECOIN		-200
03/16/2025 00:18:19 UTC	In-game item bought		UPGRADE_DMAX_BATTLE_REWARD_LEVEL	1	
03/16/2025 00:26:53 UTC	Pokecoin spent for in-game item		POKECOIN		-200
03/16/2025 00:26:53 UTC	In-game item bought		UPGRADE_DMAX_BATTLE_REWARD_LEVEL	1	
03/16/2025 00:33:19 UTC	Pokecoin spent for in-game item		POKECOIN		-200
03/16/2025 00:33:19 UTC	In-game item bought		UPGRADE_DMAX_BATTLE_REWARD_LEVEL	1	
03/16/2025 00:38:13 UTC	Pokecoin spent for in-game item		POKECOIN		-200
03/16/2025 00:38:13 UTC	In-game item bought		UPGRADE_DMAX_BATTLE_REWARD_LEVEL	1	
03/16/2025 16:49:41 UTC	Pokecoin spent for in-game item		POKECOIN		-200
03/16/2025 16:49:41 UTC	In-game item bought		UPGRADE_DMAX_BATTLE_REWARD_LEVEL	1	
03/16/2025 16:57:50 UTC	Pokecoin spent for in-game item		POKECOIN		-200
03/16/2025 16:57:50 UTC	In-game item bought		UPGRADE_DMAX_BATTLE_REWARD_LEVEL	1	
03/16/2025 17:13:01 UTC	Pokecoin spent for in-game item		POKECOIN		-200
03/16/2025 17:13:01 UTC	In-game item bought		UPGRADE_DMAX_BATTLE_REWARD_LEVEL	1	
03/16/2025 17:17:16 UTC	Pokecoin spent for in-game item		POKECOIN		-425
03/16/2025 17:17:16 UTC	In-game item bought		ITEM_MP_REPLENISH	3	
03/16/2025 17:21:11 UTC	Pokecoin spent for in-game item		POKECOIN		-200
03/16/2025 17:21:11 UTC	In-game item bought		UPGRADE_DMAX_BATTLE_REWARD_LEVEL	1	
03/16/2025 17:30:24 UTC	Pokecoin spent for in-game item		POKECOIN		-200
03/16/2025 17:30:24 UTC	In-game item bought		UPGRADE_DMAX_BATTLE_REWARD_LEVEL	1	
03/16/2025 17:38:22 UTC	Pokecoin spent for in-game item		POKECOIN		-200
03/16/2025 17:38:22 UTC	In-game item bought		UPGRADE_DMAX_BATTLE_REWARD_LEVEL	1	
03/16/2025 17:41:18 UTC	Pokecoin spent for in-game item		POKECOIN		-425
03/16/2025 17:41:18 UTC	In-game item bought		ITEM_MP_REPLENISH	3	
03/16/2025 17:46:09 UTC	Pokecoin spent for in-game item		POKECOIN		-200
03/16/2025 17:46:09 UTC	In-game item bought		UPGRADE_DMAX_BATTLE_REWARD_LEVEL	1	
03/16/2025 18:04:01 UTC	Pokecoin spent for in-game item		POKECOIN		-200
03/16/2025 18:04:01 UTC	In-game item bought		UPGRADE_DMAX_BATTLE_REWARD_LEVEL	1	
03/16/2025 18:11:32 UTC	Pokecoin spent for in-game item		POKECOIN		-200
03/16/2025 18:11:32 UTC	In-game item bought		UPGRADE_DMAX_BATTLE_REWARD_LEVEL	1	
03/16/2025 20:54:31 UTC	Pokecoin spent for in-game item		POKECOIN		-425
03/16/2025 20:54:31 UTC	In-game item bought		ITEM_MP_REPLENISH	3	
03/16/2025 21:37:18 UTC	Pokecoin spent for in-game item		POKECOIN		-200
03/16/2025 21:37:18 UTC	In-game item bought		UPGRADE_DMAX_BATTLE_REWARD_LEVEL	1	
03/16/2025 21:49:57 UTC	Pokecoin spent for in-game item		POKECOIN		-425
03/16/2025 21:49:57 UTC	In-game item bought		ITEM_MP_REPLENISH	3	
03/16/2025 21:54:40 UTC	Pokecoin spent for in-game item		POKECOIN		-200
03/16/2025 21:54:41 UTC	In-game item bought		UPGRADE_DMAX_BATTLE_REWARD_LEVEL	1	
03/16/2025 22:24:35 UTC	Pokecoin spent for in-game item		POKECOIN		-200
03/16/2025 22:24:35 UTC	In-game item bought		UPGRADE_DMAX_BATTLE_REWARD_LEVEL	1	
03/16/2025 22:38:06 UTC	Pokecoin spent for in-game item		POKECOIN		-200
03/16/2025 22:38:06 UTC	In-game item bought		UPGRADE_DMAX_BATTLE_REWARD_LEVEL	1	
03/16/2025 22:46:34 UTC	Pokecoin spent for in-game item		POKECOIN		-425
03/16/2025 22:46:34 UTC	In-game item bought		ITEM_MP_REPLENISH	3	
03/16/2025 22:49:38 UTC	Pokecoin spent for in-game item		POKECOIN		-200
03/16/2025 22:49:38 UTC	In-game item bought		UPGRADE_DMAX_BATTLE_REWARD_LEVEL	1	
03/16/2025 23:15:39 UTC	Pokecoin spent for in-game item		POKECOIN		-425
03/16/2025 23:15:39 UTC	In-game item bought		ITEM_MP_REPLENISH	3	
03/16/2025 23:19:11 UTC	Pokecoin spent for in-game item		POKECOIN		-200
03/16/2025 23:19:11 UTC	In-game item bought		UPGRADE_DMAX_BATTLE_REWARD_LEVEL	1	
03/16/2025 23:28:16 UTC	Pokecoin spent for in-game item		POKECOIN		-200
03/16/2025 23:28:16 UTC	In-game item bought		UPGRADE_DMAX_BATTLE_REWARD_LEVEL	1	
03/16/2025 23:39:04 UTC	Pokecoin spent for in-game item		POKECOIN		-200
03/16/2025 23:39:04 UTC	In-game item bought		UPGRADE_DMAX_BATTLE_REWARD_LEVEL	1	
03/16/2025 23:44:20 UTC	Pokecoin spent for in-game item		POKECOIN		-425
03/16/2025 23:44:20 UTC	In-game item bought		ITEM_MP_REPLENISH	3	
03/16/2025 23:55:01 UTC	Pokecoin spent for in-game item		POKECOIN		-200
03/16/2025 23:55:01 UTC	In-game item bought		UPGRADE_DMAX_BATTLE_REWARD_LEVEL	1	
03/17/2025 00:05:48 UTC	Pokecoin spent for in-game item		POKECOIN		0
03/17/2025 00:05:48 UTC	In-game item bought		Poke balls	3	
03/17/2025 00:05:48 UTC	In-game item bought		LPSKU_BUNDLE.GENERAL1.FREE.	1	
03/17/2025 00:05:48 UTC	In-game item bought		Potion	1	
03/17/2025 00:08:32 UTC	Pokecoin spent for in-game item		POKECOIN		-425
03/17/2025 00:08:32 UTC	In-game item bought		ITEM_MP_REPLENISH	3	
03/17/2025 00:12:26 UTC	Pokecoin spent for in-game item		POKECOIN		-200
03/17/2025 00:12:26 UTC	In-game item bought		UPGRADE_DMAX_BATTLE_REWARD_LEVEL	1	
03/17/2025 00:20:44 UTC	Pokecoin spent for in-game item		POKECOIN		-200
03/17/2025 00:20:44 UTC	In-game item bought		UPGRADE_DMAX_BATTLE_REWARD_LEVEL	1	
03/17/2025 00:32:10 UTC	Pokecoin spent for in-game item		POKECOIN		-425
03/17/2025 00:32:10 UTC	In-game item bought		ITEM_MP_REPLENISH	3	
03/17/2025 01:01:58 UTC	Pokecoin spent for in-game item		POKECOIN		-425
03/17/2025 01:01:58 UTC	In-game item bought		ITEM_MP_REPLENISH	3	
03/17/2025 17:17:10 UTC	Pokecoin spent for in-game item		POKECOIN		0
03/17/2025 17:17:10 UTC	In-game item bought		Razz berry	1	
03/17/2025 17:17:10 UTC	In-game item bought		Poke balls	3	
03/17/2025 17:17:10 UTC	In-game item bought		LPSKU_BUNDLE.GENERAL1.FREE.	1	
03/18/2025 18:20:31 UTC	Pokecoin spent for in-game item		POKECOIN		0
03/18/2025 18:20:31 UTC	In-game item bought		Poke balls	3	
03/18/2025 18:20:31 UTC	In-game item bought		Great balls	1	
03/18/2025 18:20:31 UTC	In-game item bought		LPSKU_BUNDLE.GENERAL1.FREE.	1	
03/18/2025 20:21:03 UTC	Pokecoin spent for in-game item		POKECOIN		-310
03/18/2025 20:21:03 UTC	In-game item bought		ITEM_POFFIN	1	
03/18/2025 20:21:03 UTC	In-game item bought		ITEM_REMOTE_RAID_TICKET	2	
03/20/2025 17:26:37 UTC	Pokecoin spent for in-game item		POKECOIN		0
03/20/2025 17:26:37 UTC	In-game item bought		Poke balls	1	
03/20/2025 17:26:37 UTC	In-game item bought		Hyper potion	1	
03/20/2025 17:26:37 UTC	In-game item bought		LPSKU_BUNDLE.GENERAL1.FREE.	1	
03/20/2025 17:26:37 UTC	In-game item bought		Potion	2	
03/22/2025 02:00:47 UTC	Pokecoin spent for in-game item		POKECOIN		-525
03/22/2025 02:00:47 UTC	In-game item bought		ITEM_REMOTE_RAID_TICKET	3	
03/22/2025 03:14:41 UTC	Pokecoin spent for in-game item		POKECOIN		-525
03/22/2025 03:14:41 UTC	In-game item bought		ITEM_REMOTE_RAID_TICKET	3	
03/23/2025 17:23:19 UTC	Pokecoin spent for in-game item		POKECOIN		0
03/23/2025 17:23:19 UTC	In-game item bought		Poke balls	2	
03/23/2025 17:23:19 UTC	In-game item bought		Great balls	1	
03/23/2025 17:23:19 UTC	In-game item bought		LPSKU_BUNDLE.GENERAL1.FREE.	1	
03/23/2025 17:23:19 UTC	In-game item bought		Potion	1	
03/23/2025 23:54:01 UTC	Pokecoin spent for in-game item		POKECOIN		-525
03/23/2025 23:54:01 UTC	In-game item bought		ITEM_REMOTE_RAID_TICKET	3	
03/26/2025 19:44:18 UTC	Pokecoin spent for in-game item		POKECOIN		0
03/26/2025 19:44:18 UTC	In-game item bought		Poke balls	2	
03/26/2025 19:44:18 UTC	In-game item bought		Great balls	1	
03/26/2025 19:44:18 UTC	In-game item bought		LPSKU_BUNDLE.GENERAL1.FREE.	1	
03/26/2025 19:44:18 UTC	In-game item bought		Potion	1	
03/27/2025 09:05:43 UTC	Pokecoin spent for in-game item		POKECOIN		0
03/27/2025 09:05:43 UTC	In-game item bought		Poke balls	4	
03/27/2025 09:05:43 UTC	In-game item bought		LPSKU_BUNDLE.GENERAL1.FREE.	1	
03/27/2025 16:52:18 UTC	Pokecoin spent for in-game item		POKECOIN		-525
03/27/2025 16:52:18 UTC	In-game item bought		ITEM_REMOTE_RAID_TICKET	3	
03/28/2025 15:14:52 UTC	Pokecoin spent for in-game item		POKECOIN		0
03/28/2025 15:14:52 UTC	In-game item bought		Poke balls	2	
03/28/2025 15:14:52 UTC	In-game item bought		Great balls	1	
03/28/2025 15:14:52 UTC	In-game item bought		LPSKU_BUNDLE.GENERAL1.FREE.	1	
03/28/2025 15:14:52 UTC	In-game item bought		Potion	1	
03/29/2025 04:07:10 UTC	Pokecoin spent for in-game item		POKECOIN		-525
03/29/2025 04:07:10 UTC	In-game item bought		ITEM_REMOTE_RAID_TICKET	3	
03/31/2025 02:26:12 UTC	Pokecoin spent for in-game item		POKECOIN		-525
03/31/2025 02:26:12 UTC	In-game item bought		ITEM_REMOTE_RAID_TICKET	3	
03/31/2025 16:52:49 UTC	Pokecoin spent for in-game item		POKECOIN		0
03/31/2025 16:52:49 UTC	In-game item bought		Poke balls	4	
03/31/2025 16:52:49 UTC	In-game item bought		LPSKU_BUNDLE.GENERAL1.FREE.	1	
04/01/2025 01:13:13 UTC	Pokecoin spent for in-game item		POKECOIN		-525
04/01/2025 01:13:13 UTC	In-game item bought		ITEM_REMOTE_RAID_TICKET	3	
04/01/2025 15:41:13 UTC	Pokecoin spent for in-game item		POKECOIN		0
04/01/2025 15:41:13 UTC	In-game item bought		Razz berry	1	
04/01/2025 15:41:13 UTC	In-game item bought		Poke balls	3	
04/01/2025 15:41:13 UTC	In-game item bought		LPSKU_BUNDLE.GENERAL1.FREE.	1	
04/03/2025 01:26:41 UTC	Pokecoin spent for in-game item		POKECOIN		0
04/03/2025 01:26:41 UTC	In-game item bought		Poke balls	2	
04/03/2025 01:26:41 UTC	In-game item bought		Great balls	1	
04/03/2025 01:26:41 UTC	In-game item bought		LPSKU_BUNDLE.GENERAL1.FREE.	1	
04/03/2025 01:26:41 UTC	In-game item bought		Potion	1	
04/03/2025 21:46:26 UTC	Pokecoin spent for in-game item		POKECOIN		-525
04/03/2025 21:46:26 UTC	In-game item bought		ITEM_REMOTE_RAID_TICKET	3	
04/04/2025 01:21:24 UTC	Pokecoin spent for in-game item		POKECOIN		-525
04/04/2025 01:21:24 UTC	In-game item bought		ITEM_REMOTE_RAID_TICKET	3	
04/07/2025 05:28:00 UTC	Pokecoin spent for in-game item		POKECOIN		0
04/07/2025 05:28:00 UTC	In-game item bought		Poke balls	1	
04/07/2025 05:28:00 UTC	In-game item bought		Great balls	1	
04/07/2025 05:28:00 UTC	In-game item bought		LPSKU_BUNDLE.GENERAL1.FREE.	1	
04/07/2025 05:28:00 UTC	In-game item bought		Potion	2	
04/08/2025 06:34:49 UTC	Pokecoin spent for in-game item		POKECOIN		0
04/08/2025 06:34:49 UTC	In-game item bought		Poke balls	3	
04/08/2025 06:34:49 UTC	In-game item bought		Great balls	1	
04/08/2025 06:34:49 UTC	In-game item bought		LPSKU_BUNDLE.GENERAL1.FREE.	1	
04/09/2025 00:21:12 UTC	Pokecoin spent for in-game item		POKECOIN		0
04/09/2025 00:21:12 UTC	In-game item bought		Poke balls	1	
04/09/2025 00:21:12 UTC	In-game item bought		Great balls	3	
04/09/2025 00:21:12 UTC	In-game item bought		LPSKU_BUNDLE.GENERAL1.FREE.	1	
04/09/2025 00:21:17 UTC	Pokecoin spent for in-game item		POKECOIN		-525
04/09/2025 00:21:17 UTC	In-game item bought		ITEM_REMOTE_RAID_TICKET	3	
04/09/2025 00:21:29 UTC	Pokecoin spent for in-game item		POKECOIN		-680
04/09/2025 00:21:29 UTC	In-game item bought		Lure	8	
04/09/2025 00:21:32 UTC	Pokecoin spent for in-game item		POKECOIN		-680
04/09/2025 00:21:32 UTC	In-game item bought		Lure	8	
04/10/2025 20:50:47 UTC	Pokecoin spent for in-game item		POKECOIN		0
04/10/2025 20:50:47 UTC	In-game item bought		Super potion	1	
04/10/2025 20:50:47 UTC	In-game item bought		Poke balls	1	
04/10/2025 20:50:47 UTC	In-game item bought		LPSKU_BUNDLE.GENERAL1.FREE.	1	
04/10/2025 20:50:47 UTC	In-game item bought		Potion	2	
04/11/2025 05:19:47 UTC	Pokecoin spent for in-game item		POKECOIN		-525
04/11/2025 05:19:47 UTC	In-game item bought		ITEM_REMOTE_RAID_TICKET	3	
04/11/2025 23:12:50 UTC	Pokecoin spent for in-game item		POKECOIN		0
04/11/2025 23:12:50 UTC	In-game item bought		Poke balls	4	
04/11/2025 23:12:50 UTC	In-game item bought		LPSKU_BUNDLE.GENERAL1.FREE.	1	
04/13/2025 04:45:31 UTC	Pokecoin spent for in-game item		POKECOIN		0
04/13/2025 04:45:31 UTC	In-game item bought		Poke balls	3	
04/13/2025 04:45:31 UTC	In-game item bought		LPSKU_BUNDLE.GENERAL1.FREE.	1	
04/13/2025 04:45:31 UTC	In-game item bought		Potion	1	
04/13/2025 21:06:45 UTC	Pokecoin spent for in-game item		POKECOIN		0
04/13/2025 21:06:46 UTC	In-game item bought		Poke balls	3	
04/13/2025 21:06:46 UTC	In-game item bought		Great balls	1	
04/13/2025 21:06:46 UTC	In-game item bought		LPSKU_BUNDLE.GENERAL1.FREE.	1	
04/14/2025 16:12:57 UTC	Pokecoin spent for in-game item		POKECOIN		0
04/14/2025 16:12:57 UTC	In-game item bought		Poke balls	4	
04/14/2025 16:12:57 UTC	In-game item bought		LPSKU_BUNDLE.GENERAL1.FREE.	1	
04/15/2025 14:36:45 UTC	Pokecoin spent for in-game item		POKECOIN		0
04/15/2025 14:36:45 UTC	In-game item bought		Poke balls	3	
04/15/2025 14:36:45 UTC	In-game item bought		LPSKU_BUNDLE.GENERAL1.FREE.	1	
04/15/2025 14:36:45 UTC	In-game item bought		Potion	1	
04/16/2025 03:39:04 UTC	Pokecoin bought	APPLE	POKECOIN		14500	2899.0	INR
04/16/2025 03:51:35 UTC	Pokecoin spent for in-game item		POKECOIN		-425
04/16/2025 03:51:35 UTC	In-game item bought		ITEM_MP_REPLENISH	3	
04/16/2025 07:09:08 UTC	Pokecoin spent for in-game item		POKECOIN		0
04/16/2025 07:09:08 UTC	In-game item bought		Great balls	3	
04/16/2025 07:09:08 UTC	In-game item bought		LPSKU_BUNDLE.GENERAL1.FREE.	1	
04/16/2025 07:09:08 UTC	In-game item bought		Potion	1	
04/17/2025 04:39:08 UTC	Pokecoin spent for in-game item		POKECOIN		-525
04/17/2025 04:39:08 UTC	In-game item bought		ITEM_REMOTE_RAID_TICKET	3	
04/17/2025 05:23:32 UTC	Pokecoin spent for in-game item		POKECOIN		-525
04/17/2025 05:23:32 UTC	In-game item bought		ITEM_REMOTE_RAID_TICKET	3	
04/17/2025 15:03:11 UTC	Pokecoin spent for in-game item		POKECOIN		0
04/17/2025 15:03:11 UTC	In-game item bought		Poke balls	3	
04/17/2025 15:03:11 UTC	In-game item bought		LPSKU_BUNDLE.GENERAL1.FREE.	1	
04/17/2025 15:03:11 UTC	In-game item bought		Potion	1	
04/18/2025 08:46:03 UTC	Pokecoin spent for in-game item		POKECOIN		0
04/18/2025 08:46:03 UTC	In-game item bought		Poke balls	2	
04/18/2025 08:46:03 UTC	In-game item bought		Great balls	2	
04/18/2025 08:46:03 UTC	In-game item bought		LPSKU_BUNDLE.GENERAL1.FREE.	1	
04/19/2025 18:47:46 UTC	Pokecoin spent for in-game item		POKECOIN		0
04/19/2025 18:47:46 UTC	In-game item bought		Poke balls	3	
04/19/2025 18:47:46 UTC	In-game item bought		Great balls	1	
04/19/2025 18:47:46 UTC	In-game item bought		LPSKU_BUNDLE.GENERAL1.FREE.	1	
04/19/2025 18:49:12 UTC	Pokecoin spent for in-game item		POKECOIN		-415
04/19/2025 18:49:12 UTC	In-game item bought		ITEM_MP_REPLENISH	1	
04/19/2025 18:49:12 UTC	In-game item bought		ITEM_MAX_BOOST	1	
04/19/2025 21:06:00 UTC	Pokecoin spent for in-game item		POKECOIN		-200
04/19/2025 21:06:00 UTC	In-game item bought		UPGRADE_GMAX_BATTLE_REWARD_LEVEL	1	
04/19/2025 21:16:25 UTC	Pokecoin spent for in-game item		POKECOIN		-200
04/19/2025 21:16:25 UTC	In-game item bought		UPGRADE_GMAX_BATTLE_REWARD_LEVEL	1	
04/19/2025 21:36:22 UTC	Pokecoin spent for in-game item		POKECOIN		-200
04/19/2025 21:36:22 UTC	In-game item bought		UPGRADE_GMAX_BATTLE_REWARD_LEVEL	1	
04/19/2025 21:44:44 UTC	Pokecoin spent for in-game item		POKECOIN		-200
04/19/2025 21:44:44 UTC	In-game item bought		UPGRADE_GMAX_BATTLE_REWARD_LEVEL	1	
04/19/2025 21:53:56 UTC	Pokecoin spent for in-game item		POKECOIN		-200
04/19/2025 21:53:56 UTC	In-game item bought		UPGRADE_GMAX_BATTLE_REWARD_LEVEL	1	
04/19/2025 22:07:15 UTC	Pokecoin spent for in-game item		POKECOIN		-200
04/19/2025 22:07:15 UTC	In-game item bought		UPGRADE_GMAX_BATTLE_REWARD_LEVEL	1	
04/19/2025 22:12:11 UTC	Pokecoin spent for in-game item		POKECOIN		-425
04/19/2025 22:12:11 UTC	In-game item bought		ITEM_MP_REPLENISH	3	
04/19/2025 22:16:13 UTC	Pokecoin spent for in-game item		POKECOIN		-200
04/19/2025 22:16:13 UTC	In-game item bought		UPGRADE_GMAX_BATTLE_REWARD_LEVEL	1	
04/19/2025 22:27:22 UTC	Pokecoin spent for in-game item		POKECOIN		-200
04/19/2025 22:27:22 UTC	In-game item bought		UPGRADE_GMAX_BATTLE_REWARD_LEVEL	1	
04/19/2025 22:40:37 UTC	Pokecoin spent for in-game item		POKECOIN		-200
04/19/2025 22:40:37 UTC	In-game item bought		UPGRADE_GMAX_BATTLE_REWARD_LEVEL	1	
04/19/2025 22:50:29 UTC	Pokecoin spent for in-game item		POKECOIN		-200
04/19/2025 22:50:29 UTC	In-game item bought		UPGRADE_GMAX_BATTLE_REWARD_LEVEL	1	
04/19/2025 22:57:39 UTC	Pokecoin spent for in-game item		POKECOIN		-425
04/19/2025 22:57:39 UTC	In-game item bought		ITEM_MP_REPLENISH	3	
04/19/2025 23:03:37 UTC	Pokecoin spent for in-game item		POKECOIN		-200
04/19/2025 23:03:37 UTC	In-game item bought		UPGRADE_GMAX_BATTLE_REWARD_LEVEL	1	
04/19/2025 23:10:37 UTC	Pokecoin spent for in-game item		POKECOIN		-200
04/19/2025 23:10:37 UTC	In-game item bought		UPGRADE_GMAX_BATTLE_REWARD_LEVEL	1	
04/19/2025 23:19:43 UTC	Pokecoin spent for in-game item		POKECOIN		-200
04/19/2025 23:19:43 UTC	In-game item bought		UPGRADE_GMAX_BATTLE_REWARD_LEVEL	1	
04/19/2025 23:27:07 UTC	Pokecoin spent for in-game item		POKECOIN		-425
04/19/2025 23:27:07 UTC	In-game item bought		ITEM_MP_REPLENISH	3	
04/19/2025 23:31:22 UTC	Pokecoin spent for in-game item		POKECOIN		-200
04/19/2025 23:31:22 UTC	In-game item bought		UPGRADE_GMAX_BATTLE_REWARD_LEVEL	1	
04/19/2025 23:40:00 UTC	Pokecoin spent for in-game item		POKECOIN		-200
04/19/2025 23:40:00 UTC	In-game item bought		UPGRADE_GMAX_BATTLE_REWARD_LEVEL	1	
04/19/2025 23:58:52 UTC	Pokecoin spent for in-game item		POKECOIN		-200
04/19/2025 23:58:52 UTC	In-game item bought		UPGRADE_GMAX_BATTLE_REWARD_LEVEL	1	
04/20/2025 00:09:48 UTC	Pokecoin spent for in-game item		POKECOIN		-200
04/20/2025 00:09:48 UTC	In-game item bought		UPGRADE_GMAX_BATTLE_REWARD_LEVEL	1	
04/20/2025 03:03:49 UTC	Pokecoin spent for in-game item		POKECOIN		-525
04/20/2025 03:03:49 UTC	In-game item bought		ITEM_REMOTE_RAID_TICKET	3	
04/20/2025 07:24:26 UTC	Pokecoin spent for in-game item		POKECOIN		0
04/20/2025 07:24:26 UTC	In-game item bought		Poke balls	3	
04/20/2025 07:24:26 UTC	In-game item bought		Great balls	1	
04/20/2025 07:24:26 UTC	In-game item bought		LPSKU_BUNDLE.GENERAL1.FREE.	1	
04/21/2025 07:49:02 UTC	Pokecoin spent for in-game item		POKECOIN		0
04/21/2025 07:49:02 UTC	In-game item bought		Poke balls	3	
04/21/2025 07:49:02 UTC	In-game item bought		Great balls	1	
04/21/2025 07:49:02 UTC	In-game item bought		LPSKU_BUNDLE.GENERAL1.FREE.	1	
04/21/2025 23:19:11 UTC	Pokecoin spent for in-game item		POKECOIN		-525
04/21/2025 23:19:11 UTC	In-game item bought		ITEM_REMOTE_RAID_TICKET	3	
04/22/2025 14:46:39 UTC	Pokecoin spent for in-game item		POKECOIN		0
04/22/2025 14:46:39 UTC	In-game item bought		Poke balls	4	
04/22/2025 14:46:39 UTC	In-game item bought		LPSKU_BUNDLE.GENERAL1.FREE.	1	
04/22/2025 19:58:05 UTC	Pokecoin spent for in-game item		POKECOIN		-525
04/22/2025 19:58:06 UTC	In-game item bought		ITEM_REMOTE_RAID_TICKET	3	
04/23/2025 20:44:34 UTC	Pokecoin spent for in-game item		POKECOIN		0
04/23/2025 20:44:34 UTC	In-game item bought		Razz berry	1	
04/23/2025 20:44:34 UTC	In-game item bought		Poke balls	2	
04/23/2025 20:44:34 UTC	In-game item bought		Great balls	1	
04/23/2025 20:44:34 UTC	In-game item bought		LPSKU_BUNDLE.GENERAL1.FREE.	1	
04/24/2025 00:58:08 UTC	Pokecoin spent for in-game item		POKECOIN		-680
04/24/2025 00:58:08 UTC	In-game item bought		Lure	8	
04/25/2025 01:08:52 UTC	Pokecoin spent for in-game item		POKECOIN		-180
04/25/2025 01:08:52 UTC	In-game item bought		ITEM_TROY_DISK_MOSSY	1	
04/25/2025 01:08:55 UTC	Pokecoin spent for in-game item		POKECOIN		-180
04/25/2025 01:08:55 UTC	In-game item bought		ITEM_TROY_DISK_MOSSY	1	
04/25/2025 01:08:58 UTC	Pokecoin spent for in-game item		POKECOIN		-180
04/25/2025 01:08:58 UTC	In-game item bought		ITEM_TROY_DISK_MOSSY	1	
04/25/2025 01:17:45 UTC	Pokecoin spent for in-game item		POKECOIN		-750
04/25/2025 01:17:45 UTC	In-game item bought		Star pieces	10	
04/25/2025 01:17:45 UTC	In-game item bought		ITEM_POFFIN	10	
04/25/2025 01:17:45 UTC	In-game item bought		Lucky egg	10	
04/25/2025 01:17:51 UTC	Pokecoin spent for in-game item		POKECOIN		-750
04/25/2025 01:17:51 UTC	In-game item bought		Star pieces	10	
04/25/2025 01:17:51 UTC	In-game item bought		ITEM_POFFIN	10	
04/25/2025 01:17:51 UTC	In-game item bought		Lucky egg	10	
04/25/2025 01:17:56 UTC	Pokecoin spent for in-game item		POKECOIN		0
04/25/2025 01:17:56 UTC	In-game item bought		Poke balls	2	
04/25/2025 01:17:56 UTC	In-game item bought		Great balls	2	
04/25/2025 01:17:56 UTC	In-game item bought		LPSKU_BUNDLE.GENERAL1.FREE.	1	
04/25/2025 02:08:11 UTC	Pokecoin spent for in-game item		POKECOIN		-525
04/25/2025 02:08:11 UTC	In-game item bought		ITEM_REMOTE_RAID_TICKET	3	
04/25/2025 06:51:31 UTC	Pokecoin spent for in-game item		POKECOIN		-425
04/25/2025 06:51:31 UTC	In-game item bought		ITEM_MP_REPLENISH	3	
04/26/2025 20:24:57 UTC	Pokecoin spent for in-game item		POKECOIN		0
04/26/2025 20:24:57 UTC	In-game item bought		Poke balls	3	
04/26/2025 20:24:57 UTC	In-game item bought		LPSKU_BUNDLE.GENERAL1.FREE.	1	
04/26/2025 20:24:57 UTC	In-game item bought		Potion	1	
04/26/2025 21:27:44 UTC	Pokecoin spent for in-game item		POKECOIN		-200
04/26/2025 21:27:44 UTC	In-game item bought		UPGRADE_DMAX_BATTLE_REWARD_LEVEL	1	
04/26/2025 21:42:17 UTC	Pokecoin spent for in-game item		POKECOIN		-200
04/26/2025 21:42:17 UTC	In-game item bought		UPGRADE_DMAX_BATTLE_REWARD_LEVEL	1	
04/26/2025 21:51:11 UTC	Pokecoin spent for in-game item		POKECOIN		-200
04/26/2025 21:51:11 UTC	In-game item bought		UPGRADE_DMAX_BATTLE_REWARD_LEVEL	1	
04/26/2025 22:00:23 UTC	Pokecoin spent for in-game item		POKECOIN		-425
04/26/2025 22:00:23 UTC	In-game item bought		ITEM_MP_REPLENISH	3	
04/26/2025 22:05:08 UTC	Pokecoin spent for in-game item		POKECOIN		-200
04/26/2025 22:05:08 UTC	In-game item bought		UPGRADE_DMAX_BATTLE_REWARD_LEVEL	1	
04/26/2025 22:09:40 UTC	Pokecoin spent for in-game item		POKECOIN		-200
04/26/2025 22:09:40 UTC	In-game item bought		UPGRADE_DMAX_BATTLE_REWARD_LEVEL	1	
04/26/2025 22:30:27 UTC	Pokecoin spent for in-game item		POKECOIN		-425
04/26/2025 22:30:27 UTC	In-game item bought		ITEM_MP_REPLENISH	3	
04/26/2025 23:30:30 UTC	Pokecoin spent for in-game item		POKECOIN		-425
04/26/2025 23:30:30 UTC	In-game item bought		ITEM_MP_REPLENISH	3	
04/26/2025 23:33:57 UTC	Pokecoin spent for in-game item		POKECOIN		-200
04/26/2025 23:33:57 UTC	In-game item bought		UPGRADE_DMAX_BATTLE_REWARD_LEVEL	1	
04/27/2025 00:25:11 UTC	Pokecoin spent for in-game item		POKECOIN		-425
04/27/2025 00:25:11 UTC	In-game item bought		ITEM_MP_REPLENISH	3	
04/27/2025 21:12:34 UTC	Pokecoin spent for in-game item		POKECOIN		0
04/27/2025 21:12:34 UTC	In-game item bought		LPSKU_BUNDLE.GENERAL1.FREE.	1	
04/27/2025 21:12:34 UTC	In-game item bought		Potion	4	
04/27/2025 21:12:39 UTC	Pokecoin spent for in-game item		POKECOIN		-1000
04/27/2025 21:12:39 UTC	In-game item bought		ITEM_MAX_BOOST	3	
04/27/2025 21:22:28 UTC	Pokecoin spent for in-game item		POKECOIN		-425
04/27/2025 21:22:28 UTC	In-game item bought		ITEM_MP_REPLENISH	3	
04/27/2025 21:22:30 UTC	Pokecoin spent for in-game item		POKECOIN		-425
04/27/2025 21:22:30 UTC	In-game item bought		ITEM_MP_REPLENISH	3	
04/27/2025 21:22:35 UTC	Pokecoin spent for in-game item		POKECOIN		-425
04/27/2025 21:22:35 UTC	In-game item bought		ITEM_MP_REPLENISH	3	
04/28/2025 20:19:51 UTC	Pokecoin bought	APPLE	POKECOIN		14500	2899.0	INR
04/28/2025 22:22:18 UTC	Pokecoin spent for in-game item		POKECOIN		0
04/28/2025 22:22:18 UTC	In-game item bought		Poke balls	1	
04/28/2025 22:22:18 UTC	In-game item bought		Great balls	2	
04/28/2025 22:22:18 UTC	In-game item bought		LPSKU_BUNDLE.GENERAL1.FREE.	1	
04/28/2025 22:22:18 UTC	In-game item bought		Potion	1	
04/29/2025 01:34:52 UTC	Pokecoin spent for in-game item		POKECOIN		-525
04/29/2025 01:34:52 UTC	In-game item bought		ITEM_REMOTE_RAID_TICKET	3	
04/29/2025 19:07:29 UTC	Pokecoin spent for in-game item		POKECOIN		0
04/29/2025 19:07:29 UTC	In-game item bought		Razz berry	1	
04/29/2025 19:07:29 UTC	In-game item bought		Poke balls	3	
04/29/2025 19:07:29 UTC	In-game item bought		LPSKU_BUNDLE.GENERAL1.FREE.	1	
04/30/2025 15:58:04 UTC	Pokecoin spent for in-game item		POKECOIN		0
04/30/2025 15:58:04 UTC	In-game item bought		Poke balls	1	
04/30/2025 15:58:04 UTC	In-game item bought		Great balls	1	
04/30/2025 15:58:04 UTC	In-game item bought		LPSKU_BUNDLE.GENERAL1.FREE.	1	
04/30/2025 15:58:04 UTC	In-game item bought		Potion	2	
05/01/2025 03:41:37 UTC	Pokecoin spent for in-game item		POKECOIN		-525
05/01/2025 03:41:37 UTC	In-game item bought		ITEM_REMOTE_RAID_TICKET	3	
05/01/2025 22:09:19 UTC	Pokecoin spent for in-game item		POKECOIN		0
05/01/2025 22:09:19 UTC	In-game item bought		Poke balls	1	
05/01/2025 22:09:19 UTC	In-game item bought		Great balls	3	
05/01/2025 22:09:19 UTC	In-game item bought		LPSKU_BUNDLE.GENERAL1.FREE.	1	
05/02/2025 15:53:40 UTC	Pokecoin spent for in-game item		POKECOIN		-595
05/02/2025 15:53:40 UTC	In-game item bought		Raid pass (paid)	2	
05/02/2025 15:53:40 UTC	In-game item bought		ITEM_REMOTE_RAID_TICKET	3	
05/02/2025 15:53:48 UTC	Pokecoin spent for in-game item		POKECOIN		0
05/02/2025 15:53:48 UTC	In-game item bought		Razz berry	1	
05/02/2025 15:53:48 UTC	In-game item bought		Great balls	2	
05/02/2025 15:53:48 UTC	In-game item bought		LPSKU_BUNDLE.GENERAL1.FREE.	1	
05/02/2025 15:53:48 UTC	In-game item bought		Potion	1	
05/03/2025 05:43:28 UTC	Pokecoin spent for in-game item		POKECOIN		-525
05/03/2025 05:43:28 UTC	In-game item bought		ITEM_REMOTE_RAID_TICKET	3	
05/03/2025 06:17:35 UTC	Pokecoin spent for in-game item		POKECOIN		-595
05/03/2025 06:17:35 UTC	In-game item bought		Raid pass (paid)	2	
05/03/2025 06:17:35 UTC	In-game item bought		ITEM_REMOTE_RAID_TICKET	3	
05/03/2025 06:52:49 UTC	Pokecoin spent for in-game item		POKECOIN		-595
05/03/2025 06:52:49 UTC	In-game item bought		Raid pass (paid)	2	
05/03/2025 06:52:49 UTC	In-game item bought		ITEM_REMOTE_RAID_TICKET	3	
05/03/2025 20:57:05 UTC	Pokecoin spent for in-game item		POKECOIN		-275
05/03/2025 20:57:05 UTC	In-game item bought		Raid pass (paid)	3	
05/03/2025 20:57:05 UTC	In-game item bought		Egg incubator	1	
05/03/2025 20:57:08 UTC	Pokecoin spent for in-game item		POKECOIN		-275
05/03/2025 20:57:08 UTC	In-game item bought		Raid pass (paid)	3	
05/03/2025 20:57:08 UTC	In-game item bought		Egg incubator	1	
05/03/2025 20:57:11 UTC	Pokecoin spent for in-game item		POKECOIN		-275
05/03/2025 20:57:11 UTC	In-game item bought		Raid pass (paid)	3	
05/03/2025 20:57:11 UTC	In-game item bought		Egg incubator	1	
05/05/2025 00:44:47 UTC	Pokecoin spent for in-game item		POKECOIN		-525
05/05/2025 00:44:47 UTC	In-game item bought		ITEM_REMOTE_RAID_TICKET	3	
05/05/2025 22:45:03 UTC	Pokecoin spent for in-game item		POKECOIN		0
05/05/2025 22:45:03 UTC	In-game item bought		Poke balls	4	
05/05/2025 22:45:03 UTC	In-game item bought		LPSKU_BUNDLE.GENERAL1.FREE.	1	
05/06/2025 21:05:45 UTC	Pokecoin spent for in-game item		POKECOIN		0
05/06/2025 21:05:45 UTC	In-game item bought		Super potion	1	
05/06/2025 21:05:45 UTC	In-game item bought		Poke balls	3	
05/06/2025 21:05:45 UTC	In-game item bought		LPSKU_BUNDLE.GENERAL1.FREE.	1	
05/07/2025 22:11:43 UTC	Pokecoin spent for in-game item		POKECOIN		-525
05/07/2025 22:11:43 UTC	In-game item bought		ITEM_REMOTE_RAID_TICKET	3	
05/08/2025 00:22:18 UTC	Pokecoin spent for in-game item		POKECOIN		0
05/08/2025 00:22:18 UTC	In-game item bought		Poke balls	4	
05/08/2025 00:22:18 UTC	In-game item bought		LPSKU_BUNDLE.GENERAL1.FREE.	1	
05/08/2025 01:09:49 UTC	Pokecoin spent for in-game item		POKECOIN		-250
05/08/2025 01:09:49 UTC	In-game item bought		Raid pass (paid)	3	
05/08/2025 01:53:44 UTC	Pokecoin spent for in-game item		POKECOIN		-250
05/08/2025 01:53:44 UTC	In-game item bought		Raid pass (paid)	3	
05/08/2025 07:54:19 UTC	Pokecoin spent for in-game item		POKECOIN		0
05/08/2025 07:54:19 UTC	In-game item bought		Great balls	2	
05/08/2025 07:54:19 UTC	In-game item bought		LPSKU_BUNDLE.GENERAL1.FREE.	1	
05/08/2025 07:54:19 UTC	In-game item bought		Potion	2	
05/09/2025 15:01:06 UTC	Pokecoin spent for in-game item		POKECOIN		0
05/09/2025 15:01:06 UTC	In-game item bought		Poke balls	2	
05/09/2025 15:01:06 UTC	In-game item bought		Great balls	1	
05/09/2025 15:01:06 UTC	In-game item bought		LPSKU_BUNDLE.GENERAL1.FREE.	1	
05/09/2025 15:01:06 UTC	In-game item bought		Potion	1	
05/10/2025 21:11:33 UTC	Pokecoin spent for in-game item		POKECOIN		-200
05/10/2025 21:11:33 UTC	In-game item bought		UPGRADE_DMAX_BATTLE_REWARD_LEVEL	1	
05/10/2025 21:44:28 UTC	Pokecoin spent for in-game item		POKECOIN		-425
05/10/2025 21:44:28 UTC	In-game item bought		ITEM_MP_REPLENISH	3	
05/10/2025 22:10:16 UTC	Pokecoin spent for in-game item		POKECOIN		-415
05/10/2025 22:10:16 UTC	In-game item bought		ITEM_MP_REPLENISH	1	
05/10/2025 22:10:16 UTC	In-game item bought		ITEM_MAX_BOOST	1	
05/10/2025 22:10:20 UTC	Pokecoin spent for in-game item		POKECOIN		0
05/10/2025 22:10:20 UTC	In-game item bought		Poke balls	1	
05/10/2025 22:10:20 UTC	In-game item bought		Great balls	2	
05/10/2025 22:10:20 UTC	In-game item bought		LPSKU_BUNDLE.GENERAL1.FREE.	1	
05/10/2025 22:10:20 UTC	In-game item bought		Potion	1	
05/10/2025 22:10:27 UTC	Pokecoin spent for in-game item		POKECOIN		-1000
05/10/2025 22:10:27 UTC	In-game item bought		ITEM_MAX_BOOST	3	
05/10/2025 22:10:30 UTC	Pokecoin spent for in-game item		POKECOIN		-425
05/10/2025 22:10:30 UTC	In-game item bought		ITEM_MP_REPLENISH	3	
05/10/2025 22:15:56 UTC	Pokecoin spent for in-game item		POKECOIN		-200
05/10/2025 22:15:56 UTC	In-game item bought		UPGRADE_DMAX_BATTLE_REWARD_LEVEL	1	
05/10/2025 22:38:28 UTC	Pokecoin spent for in-game item		POKECOIN		-200
05/10/2025 22:38:28 UTC	In-game item bought		UPGRADE_DMAX_BATTLE_REWARD_LEVEL	1	
05/10/2025 22:54:34 UTC	Pokecoin spent for in-game item		POKECOIN		-200
05/10/2025 22:54:34 UTC	In-game item bought		UPGRADE_DMAX_BATTLE_REWARD_LEVEL	1	
05/10/2025 23:03:28 UTC	Pokecoin spent for in-game item		POKECOIN		-200
05/10/2025 23:03:28 UTC	In-game item bought		UPGRADE_DMAX_BATTLE_REWARD_LEVEL	1	
05/12/2025 02:45:49 UTC	Pokecoin spent for in-game item		POKECOIN		-525
05/12/2025 02:45:49 UTC	In-game item bought		ITEM_REMOTE_RAID_TICKET	3	
05/12/2025 19:36:32 UTC	Pokecoin spent for in-game item		POKECOIN		0
05/12/2025 19:36:32 UTC	In-game item bought		Poke balls	1	
05/12/2025 19:36:32 UTC	In-game item bought		Great balls	2	
05/12/2025 19:36:32 UTC	In-game item bought		LPSKU_BUNDLE.GENERAL1.FREE.	1	
05/12/2025 19:36:32 UTC	In-game item bought		Potion	1	
05/13/2025 21:43:38 UTC	Pokecoin spent for in-game item		POKECOIN		-5425
05/13/2025 21:43:38 UTC	In-game item bought		Raid pass (paid)	99	
05/13/2025 21:43:38 UTC	In-game item bought		Fast TM	2	
05/13/2025 21:43:38 UTC	In-game item bought		Star pieces	2	
05/13/2025 21:43:38 UTC	In-game item bought		Charged TM	2	
05/13/2025 21:44:00 UTC	Pokecoin spent for in-game item		POKECOIN		0
05/13/2025 21:44:00 UTC	In-game item bought		Poke balls	3	
05/13/2025 21:44:00 UTC	In-game item bought		LPSKU_BUNDLE.GENERAL1.FREE.	1	
05/13/2025 21:44:00 UTC	In-game item bought		Potion	1	
05/14/2025 00:09:13 UTC	Pokecoin spent for in-game item		POKECOIN		-525
05/14/2025 00:09:13 UTC	In-game item bought		ITEM_REMOTE_RAID_TICKET	3	
05/14/2025 01:11:17 UTC	Pokecoin spent for in-game item		POKECOIN		-195
05/14/2025 01:11:17 UTC	In-game item bought		ITEM_REMOTE_RAID_TICKET	1	
05/15/2025 16:14:02 UTC	Pokecoin spent for in-game item		POKECOIN		0
05/15/2025 16:14:02 UTC	In-game item bought		Poke balls	2	
05/15/2025 16:14:02 UTC	In-game item bought		Great balls	1	
05/15/2025 16:14:02 UTC	In-game item bought		LPSKU_BUNDLE.GENERAL1.FREE.	1	
05/15/2025 16:14:02 UTC	In-game item bought		Potion	1	
05/16/2025 17:06:01 UTC	Pokecoin spent for in-game item		POKECOIN		0
05/16/2025 17:06:01 UTC	In-game item bought		Razz berry	1	
05/16/2025 17:06:01 UTC	In-game item bought		Poke balls	2	
05/16/2025 17:06:01 UTC	In-game item bought		Great balls	1	
05/16/2025 17:06:01 UTC	In-game item bought		LPSKU_BUNDLE.GENERAL1.FREE.	1	
05/17/2025 03:26:59 UTC	Pokecoin bought	APPLE	POKECOIN		14500	2899.0	INR
05/17/2025 03:27:12 UTC	Pokecoin bought	APPLE	POKECOIN		14500	2899.0	INR
05/17/2025 04:47:21 UTC	Pokecoin spent for in-game item		POKECOIN		-425
05/17/2025 04:47:21 UTC	In-game item bought		Raid pass (paid)	3	
05/17/2025 04:47:21 UTC	In-game item bought		ITEM_REMOTE_RAID_TICKET	2	
05/17/2025 05:30:19 UTC	Pokecoin spent for in-game item		POKECOIN		-425
05/17/2025 05:30:19 UTC	In-game item bought		Raid pass (paid)	3	
05/17/2025 05:30:19 UTC	In-game item bought		ITEM_REMOTE_RAID_TICKET	2	
05/17/2025 05:50:53 UTC	Pokecoin spent for in-game item		POKECOIN		-425
05/17/2025 05:50:53 UTC	In-game item bought		Raid pass (paid)	3	
05/17/2025 05:50:53 UTC	In-game item bought		ITEM_REMOTE_RAID_TICKET	2	
05/17/2025 05:50:55 UTC	Pokecoin spent for in-game item		POKECOIN		-425
05/17/2025 05:50:55 UTC	In-game item bought		Raid pass (paid)	3	
05/17/2025 05:50:55 UTC	In-game item bought		ITEM_REMOTE_RAID_TICKET	2	
05/17/2025 06:06:36 UTC	Pokecoin spent for in-game item		POKECOIN		-425
05/17/2025 06:06:36 UTC	In-game item bought		Raid pass (paid)	3	
05/17/2025 06:06:36 UTC	In-game item bought		ITEM_REMOTE_RAID_TICKET	2	
05/17/2025 16:14:07 UTC	Pokecoin spent for in-game item		POKECOIN		-5425
05/17/2025 16:14:07 UTC	In-game item bought		Raid pass (paid)	99	
05/17/2025 16:14:07 UTC	In-game item bought		Fast TM	2	
05/17/2025 16:14:07 UTC	In-game item bought		Star pieces	2	
05/17/2025 16:14:07 UTC	In-game item bought		Charged TM	2	
05/17/2025 16:14:15 UTC	Pokecoin spent for in-game item		POKECOIN		-350
05/17/2025 16:14:15 UTC	In-game item bought		ITEM_REMOTE_RAID_TICKET	2	
05/17/2025 16:14:15 UTC	In-game item bought		Lucky egg	1	
05/17/2025 18:42:57 UTC	Pokecoin spent for in-game item		POKECOIN		-525
05/17/2025 18:42:57 UTC	In-game item bought		ITEM_REMOTE_RAID_TICKET	3	
05/17/2025 23:05:21 UTC	Pokecoin spent for in-game item		POKECOIN		0
05/17/2025 23:05:21 UTC	In-game item bought		Razz berry	1	
05/17/2025 23:05:21 UTC	In-game item bought		Poke balls	1	
05/17/2025 23:05:21 UTC	In-game item bought		LPSKU_BUNDLE.GENERAL1.FREE.	1	
05/17/2025 23:05:21 UTC	In-game item bought		Potion	2	
05/17/2025 23:05:33 UTC	Pokecoin spent for in-game item		POKECOIN		-525
05/17/2025 23:05:34 UTC	In-game item bought		ITEM_REMOTE_RAID_TICKET	3	
05/18/2025 00:39:56 UTC	Pokecoin spent for in-game item		POKECOIN		-200
05/18/2025 00:39:56 UTC	In-game item bought		ITEM_LEADER_MAP	1	
05/18/2025 18:53:34 UTC	Pokecoin spent for in-game item		POKECOIN		0
05/18/2025 18:53:34 UTC	In-game item bought		Poke balls	1	
05/18/2025 18:53:34 UTC	In-game item bought		Great balls	1	
05/18/2025 18:53:34 UTC	In-game item bought		LPSKU_BUNDLE.GENERAL1.FREE.	1	
05/18/2025 18:53:34 UTC	In-game item bought		Potion	2	
05/19/2025 01:27:04 UTC	Pokecoin spent for in-game item		POKECOIN		-200
05/19/2025 01:27:04 UTC	In-game item bought		ITEM_LEADER_MAP	1	
05/19/2025 23:32:41 UTC	Pokecoin spent for in-game item		POKECOIN		0
05/19/2025 23:32:41 UTC	In-game item bought		Poke balls	3	
05/19/2025 23:32:41 UTC	In-game item bought		LPSKU_BUNDLE.GENERAL1.FREE.	1	
05/19/2025 23:32:41 UTC	In-game item bought		Potion	1	
05/20/2025 23:05:01 UTC	Pokecoin spent for in-game item		POKECOIN		0
05/20/2025 23:05:01 UTC	In-game item bought		ITEM_EVENT_TICKET_07_TO_GIFT	1	
05/20/2025 23:05:11 UTC	Pokecoin spent for in-game item		POKECOIN		0
05/20/2025 23:05:11 UTC	In-game item bought		ITEM_EVENT_TICKET_07_TO_GIFT	1	
05/20/2025 23:05:20 UTC	Pokecoin spent for in-game item		POKECOIN		0
05/20/2025 23:05:20 UTC	In-game item bought		ITEM_EVENT_TICKET_07_TO_GIFT	1	
05/20/2025 23:05:34 UTC	Pokecoin spent for in-game item		POKECOIN		0
05/20/2025 23:05:34 UTC	In-game item bought		ITEM_EVENT_TICKET_07_TO_GIFT	1	
05/20/2025 23:05:45 UTC	Pokecoin spent for in-game item		POKECOIN		0
05/20/2025 23:05:45 UTC	In-game item bought		ITEM_EVENT_TICKET_07_TO_GIFT	1	
05/20/2025 23:05:52 UTC	Pokecoin spent for in-game item		POKECOIN		0
05/20/2025 23:05:52 UTC	In-game item bought		ITEM_EVENT_TICKET_07_TO_GIFT	1	
05/20/2025 23:06:03 UTC	Pokecoin spent for in-game item		POKECOIN		0
05/20/2025 23:06:03 UTC	In-game item bought		ITEM_EVENT_TICKET_07_TO_GIFT	1	
05/20/2025 23:06:10 UTC	Pokecoin spent for in-game item		POKECOIN		0
05/20/2025 23:06:10 UTC	In-game item bought		ITEM_EVENT_TICKET_07_TO_GIFT	1	
05/20/2025 23:06:20 UTC	Pokecoin spent for in-game item		POKECOIN		0
05/20/2025 23:06:20 UTC	In-game item bought		ITEM_EVENT_TICKET_07_TO_GIFT	1	
05/20/2025 23:06:28 UTC	Pokecoin spent for in-game item		POKECOIN		0
05/20/2025 23:06:28 UTC	In-game item bought		ITEM_EVENT_TICKET_07_TO_GIFT	1	
05/20/2025 23:06:40 UTC	Pokecoin spent for in-game item		POKECOIN		0
05/20/2025 23:06:40 UTC	In-game item bought		ITEM_EVENT_TICKET_07_TO_GIFT	1	
05/20/2025 23:06:49 UTC	Pokecoin spent for in-game item		POKECOIN		0
05/20/2025 23:06:49 UTC	In-game item bought		ITEM_EVENT_TICKET_07_TO_GIFT	1	
05/20/2025 23:06:57 UTC	Pokecoin spent for in-game item		POKECOIN		0
05/20/2025 23:06:57 UTC	In-game item bought		ITEM_EVENT_TICKET_07_TO_GIFT	1	
05/20/2025 23:07:06 UTC	Pokecoin spent for in-game item		POKECOIN		0
05/20/2025 23:07:06 UTC	In-game item bought		ITEM_EVENT_TICKET_07_TO_GIFT	1	
05/20/2025 23:07:16 UTC	Pokecoin spent for in-game item		POKECOIN		0
05/20/2025 23:07:16 UTC	In-game item bought		ITEM_EVENT_TICKET_07_TO_GIFT	1	
05/20/2025 23:07:39 UTC	Pokecoin spent for in-game item		POKECOIN		0
05/20/2025 23:07:39 UTC	In-game item bought		ITEM_EVENT_TICKET_07_TO_GIFT	1	
05/20/2025 23:07:48 UTC	Pokecoin spent for in-game item		POKECOIN		0
05/20/2025 23:07:48 UTC	In-game item bought		ITEM_EVENT_TICKET_07_TO_GIFT	1	
05/20/2025 23:08:44 UTC	Pokecoin spent for in-game item		POKECOIN		0
05/20/2025 23:08:44 UTC	In-game item bought		ITEM_EVENT_TICKET_07_TO_GIFT	1	
05/20/2025 23:09:00 UTC	Pokecoin spent for in-game item		POKECOIN		0
05/20/2025 23:09:00 UTC	In-game item bought		ITEM_EVENT_TICKET_07_TO_GIFT	1	
05/20/2025 23:09:17 UTC	Pokecoin spent for in-game item		POKECOIN		0
05/20/2025 23:09:17 UTC	In-game item bought		ITEM_EVENT_TICKET_07_TO_GIFT	1	
05/20/2025 23:11:27 UTC	Pokecoin spent for in-game item		POKECOIN		0
05/20/2025 23:11:27 UTC	In-game item bought		Poke balls	3	
05/20/2025 23:11:27 UTC	In-game item bought		LPSKU_BUNDLE.GENERAL1.FREE.	1	
05/20/2025 23:11:27 UTC	In-game item bought		Potion	1	
05/20/2025 23:11:35 UTC	Pokecoin spent for in-game item		POKECOIN		-425
05/20/2025 23:11:35 UTC	In-game item bought		ITEM_MP_REPLENISH	3	
05/20/2025 23:11:38 UTC	Pokecoin spent for in-game item		POKECOIN		-425
05/20/2025 23:11:38 UTC	In-game item bought		ITEM_MP_REPLENISH	3	
05/20/2025 23:11:41 UTC	Pokecoin spent for in-game item		POKECOIN		-425
05/20/2025 23:11:41 UTC	In-game item bought		ITEM_MP_REPLENISH	3	
05/21/2025 17:15:41 UTC	Pokecoin spent for in-game item		POKECOIN		0
05/21/2025 17:15:41 UTC	In-game item bought		Poke balls	2	
05/21/2025 17:15:41 UTC	In-game item bought		Great balls	1	
05/21/2025 17:15:41 UTC	In-game item bought		LPSKU_BUNDLE.GENERAL1.FREE.	1	
05/21/2025 17:15:41 UTC	In-game item bought		Potion	1	
05/21/2025 17:49:54 UTC	Pokecoin spent for in-game item		POKECOIN		0
05/21/2025 17:49:54 UTC	In-game item bought		ITEM_EVENT_TICKET_07_TO_GIFT	1	
05/21/2025 17:50:03 UTC	Pokecoin spent for in-game item		POKECOIN		0
05/21/2025 17:50:03 UTC	In-game item bought		ITEM_EVENT_TICKET_07_TO_GIFT	1	
05/21/2025 17:50:20 UTC	Pokecoin spent for in-game item		POKECOIN		0
05/21/2025 17:50:20 UTC	In-game item bought		ITEM_EVENT_TICKET_07_TO_GIFT	1	
05/21/2025 17:52:08 UTC	Pokecoin spent for in-game item		POKECOIN		0
05/21/2025 17:52:08 UTC	In-game item bought		ITEM_EVENT_TICKET_07_TO_GIFT	1	
05/22/2025 15:40:51 UTC	Pokecoin spent for in-game item		POKECOIN		0
05/22/2025 15:40:51 UTC	In-game item bought		Poke balls	3	
05/22/2025 15:40:51 UTC	In-game item bought		LPSKU_BUNDLE.GENERAL1.FREE.	1	
05/22/2025 15:40:51 UTC	In-game item bought		Potion	1	
05/23/2025 18:28:59 UTC	Pokecoin spent for in-game item		POKECOIN		0
05/23/2025 18:28:59 UTC	In-game item bought		Razz berry	1	
05/23/2025 18:28:59 UTC	In-game item bought		Poke balls	1	
05/23/2025 18:28:59 UTC	In-game item bought		Great balls	2	
05/23/2025 18:28:59 UTC	In-game item bought		LPSKU_BUNDLE.GENERAL1.FREE.	1	
05/23/2025 23:35:19 UTC	Pokecoin spent for in-game item		POKECOIN		-525
05/23/2025 23:35:19 UTC	In-game item bought		ITEM_REMOTE_RAID_TICKET	3	
05/24/2025 21:03:26 UTC	Pokecoin spent for in-game item		POKECOIN		-180
05/24/2025 21:03:26 UTC	In-game item bought		ITEM_TROY_DISK_MOSSY	1	
05/24/2025 21:03:29 UTC	Pokecoin spent for in-game item		POKECOIN		-180
05/24/2025 21:03:29 UTC	In-game item bought		ITEM_TROY_DISK_MOSSY	1	
05/24/2025 21:03:31 UTC	Pokecoin spent for in-game item		POKECOIN		-180
05/24/2025 21:03:31 UTC	In-game item bought		ITEM_TROY_DISK_MOSSY	1	
05/24/2025 21:03:34 UTC	Pokecoin spent for in-game item		POKECOIN		-180
05/24/2025 21:03:34 UTC	In-game item bought		ITEM_TROY_DISK_MOSSY	1	
05/24/2025 21:03:37 UTC	Pokecoin spent for in-game item		POKECOIN		-180
05/24/2025 21:03:37 UTC	In-game item bought		ITEM_TROY_DISK_MOSSY	1	
05/24/2025 21:03:40 UTC	Pokecoin spent for in-game item		POKECOIN		-180
05/24/2025 21:03:40 UTC	In-game item bought		ITEM_TROY_DISK_MOSSY	1	
05/24/2025 21:03:43 UTC	Pokecoin spent for in-game item		POKECOIN		-180
05/24/2025 21:03:43 UTC	In-game item bought		ITEM_TROY_DISK_MOSSY	1	
05/24/2025 21:20:13 UTC	Pokecoin spent for in-game item		POKECOIN		-100
05/24/2025 21:20:13 UTC	In-game item bought		ITEM_POFFIN	1	
05/25/2025 04:28:36 UTC	Pokecoin spent for in-game item		POKECOIN		-200
05/25/2025 04:28:36 UTC	In-game item bought		UPGRADE_GMAX_BATTLE_REWARD_LEVEL	1	
05/25/2025 04:29:54 UTC	Pokecoin spent for in-game item		POKECOIN		0
05/25/2025 04:29:54 UTC	In-game item bought		Poke balls	1	
05/25/2025 04:29:54 UTC	In-game item bought		Great balls	1	
05/25/2025 04:29:54 UTC	In-game item bought		LPSKU_BUNDLE.GENERAL1.FREE.	1	
05/25/2025 04:29:54 UTC	In-game item bought		Potion	2	
05/25/2025 04:30:01 UTC	Pokecoin spent for in-game item		POKECOIN		-315
05/25/2025 04:30:01 UTC	In-game item bought		Hyper potion	5	
05/25/2025 04:30:01 UTC	In-game item bought		ITEM_REMOTE_RAID_TICKET	2	
05/25/2025 04:37:50 UTC	Pokecoin spent for in-game item		POKECOIN		-200
05/25/2025 04:37:50 UTC	In-game item bought		UPGRADE_GMAX_BATTLE_REWARD_LEVEL	1	
05/25/2025 04:45:06 UTC	Pokecoin spent for in-game item		POKECOIN		-200
05/25/2025 04:45:06 UTC	In-game item bought		UPGRADE_GMAX_BATTLE_REWARD_LEVEL	1	
05/25/2025 04:47:37 UTC	Pokecoin spent for in-game item		POKECOIN		-525
05/25/2025 04:47:37 UTC	In-game item bought		ITEM_REMOTE_RAID_TICKET	3	
05/25/2025 04:50:57 UTC	Pokecoin spent for in-game item		POKECOIN		-425
05/25/2025 04:50:57 UTC	In-game item bought		ITEM_MP_REPLENISH	3	
05/25/2025 04:51:01 UTC	Pokecoin spent for in-game item		POKECOIN		-425
05/25/2025 04:51:01 UTC	In-game item bought		ITEM_MP_REPLENISH	3	
05/25/2025 20:18:29 UTC	Pokecoin spent for in-game item		POKECOIN		-100
05/25/2025 20:18:29 UTC	In-game item bought		ITEM_POFFIN	1	
05/25/2025 21:04:25 UTC	Pokecoin spent for in-game item		POKECOIN		-200
05/25/2025 21:04:25 UTC	In-game item bought		UPGRADE_GMAX_BATTLE_REWARD_LEVEL	1	
05/25/2025 21:12:06 UTC	Pokecoin spent for in-game item		POKECOIN		0
05/25/2025 21:12:06 UTC	In-game item bought		Poke balls	2	
05/25/2025 21:12:06 UTC	In-game item bought		Great balls	1	
05/25/2025 21:12:06 UTC	In-game item bought		LPSKU_BUNDLE.GENERAL1.FREE.	1	
05/25/2025 21:12:06 UTC	In-game item bought		Potion	1	
05/25/2025 21:22:33 UTC	Pokecoin spent for in-game item		POKECOIN		-200
05/25/2025 21:22:33 UTC	In-game item bought		UPGRADE_GMAX_BATTLE_REWARD_LEVEL	1	
05/25/2025 21:35:28 UTC	Pokecoin spent for in-game item		POKECOIN		-200
05/25/2025 21:35:28 UTC	In-game item bought		UPGRADE_GMAX_BATTLE_REWARD_LEVEL	1	
05/25/2025 21:41:13 UTC	Pokecoin spent for in-game item		POKECOIN		-200
05/25/2025 21:41:13 UTC	In-game item bought		UPGRADE_GMAX_BATTLE_REWARD_LEVEL	1	
05/25/2025 21:47:54 UTC	Pokecoin spent for in-game item		POKECOIN		-200
05/25/2025 21:47:54 UTC	In-game item bought		UPGRADE_GMAX_BATTLE_REWARD_LEVEL	1	
05/25/2025 22:04:24 UTC	Pokecoin spent for in-game item		POKECOIN		-200
05/25/2025 22:04:24 UTC	In-game item bought		UPGRADE_GMAX_BATTLE_REWARD_LEVEL	1	
05/25/2025 22:11:18 UTC	Pokecoin spent for in-game item		POKECOIN		-200
05/25/2025 22:11:18 UTC	In-game item bought		UPGRADE_GMAX_BATTLE_REWARD_LEVEL	1	
05/25/2025 22:19:21 UTC	Pokecoin spent for in-game item		POKECOIN		-200
05/25/2025 22:19:21 UTC	In-game item bought		UPGRADE_GMAX_BATTLE_REWARD_LEVEL	1	
05/25/2025 22:26:02 UTC	Pokecoin spent for in-game item		POKECOIN		-200
05/25/2025 22:26:02 UTC	In-game item bought		UPGRADE_GMAX_BATTLE_REWARD_LEVEL	1	
05/25/2025 22:30:34 UTC	Pokecoin spent for in-game item		POKECOIN		-200
05/25/2025 22:30:34 UTC	In-game item bought		UPGRADE_GMAX_BATTLE_REWARD_LEVEL	1	
05/25/2025 22:35:09 UTC	Pokecoin spent for in-game item		POKECOIN		-200
05/25/2025 22:35:09 UTC	In-game item bought		UPGRADE_GMAX_BATTLE_REWARD_LEVEL	1	
05/25/2025 22:39:05 UTC	Pokecoin spent for in-game item		POKECOIN		-200
05/25/2025 22:39:05 UTC	In-game item bought		UPGRADE_GMAX_BATTLE_REWARD_LEVEL	1	
05/25/2025 22:47:43 UTC	Pokecoin spent for in-game item		POKECOIN		-200
05/25/2025 22:47:43 UTC	In-game item bought		UPGRADE_GMAX_BATTLE_REWARD_LEVEL	1	
05/25/2025 22:54:18 UTC	Pokecoin spent for in-game item		POKECOIN		-200
05/25/2025 22:54:18 UTC	In-game item bought		UPGRADE_GMAX_BATTLE_REWARD_LEVEL	1	
05/25/2025 23:00:18 UTC	Pokecoin spent for in-game item		POKECOIN		-425
05/25/2025 23:00:18 UTC	In-game item bought		ITEM_MP_REPLENISH	3	
05/25/2025 23:04:12 UTC	Pokecoin spent for in-game item		POKECOIN		-200
05/25/2025 23:04:12 UTC	In-game item bought		UPGRADE_GMAX_BATTLE_REWARD_LEVEL	1	
05/25/2025 23:09:23 UTC	Pokecoin spent for in-game item		POKECOIN		-200
05/25/2025 23:09:23 UTC	In-game item bought		UPGRADE_GMAX_BATTLE_REWARD_LEVEL	1	
05/25/2025 23:14:17 UTC	Pokecoin spent for in-game item		POKECOIN		-200
05/25/2025 23:14:17 UTC	In-game item bought		UPGRADE_GMAX_BATTLE_REWARD_LEVEL	1	
05/25/2025 23:17:45 UTC	Pokecoin spent for in-game item		POKECOIN		-425
05/25/2025 23:17:45 UTC	In-game item bought		ITEM_MP_REPLENISH	3	
05/25/2025 23:20:34 UTC	Pokecoin spent for in-game item		POKECOIN		-200
05/25/2025 23:20:34 UTC	In-game item bought		UPGRADE_GMAX_BATTLE_REWARD_LEVEL	1	
05/25/2025 23:23:28 UTC	Pokecoin spent for in-game item		POKECOIN		-425
05/25/2025 23:23:28 UTC	In-game item bought		ITEM_MP_REPLENISH	3	
05/25/2025 23:23:31 UTC	Pokecoin spent for in-game item		POKECOIN		-425
05/25/2025 23:23:31 UTC	In-game item bought		ITEM_MP_REPLENISH	3	
05/25/2025 23:23:37 UTC	Pokecoin spent for in-game item		POKECOIN		-425
05/25/2025 23:23:37 UTC	In-game item bought		ITEM_MP_REPLENISH	3	
05/25/2025 23:23:40 UTC	Pokecoin spent for in-game item		POKECOIN		-425
05/25/2025 23:23:40 UTC	In-game item bought		ITEM_MP_REPLENISH	3	
05/25/2025 23:33:56 UTC	Pokecoin spent for in-game item		POKECOIN		-200
05/25/2025 23:33:56 UTC	In-game item bought		UPGRADE_GMAX_BATTLE_REWARD_LEVEL	1	
05/25/2025 23:39:05 UTC	Pokecoin spent for in-game item		POKECOIN		-200
05/25/2025 23:39:05 UTC	In-game item bought		UPGRADE_GMAX_BATTLE_REWARD_LEVEL	1	
05/25/2025 23:58:00 UTC	Pokecoin spent for in-game item		POKECOIN		-200
05/25/2025 23:58:00 UTC	In-game item bought		UPGRADE_GMAX_BATTLE_REWARD_LEVEL	1	
05/26/2025 16:09:41 UTC	Pokecoin spent for in-game item		POKECOIN		0
05/26/2025 16:09:41 UTC	In-game item bought		Poke balls	2	
05/26/2025 16:09:41 UTC	In-game item bought		LPSKU_BUNDLE.GENERAL1.FREE.	1	
05/26/2025 16:09:41 UTC	In-game item bought		Potion	2	
05/26/2025 18:46:04 UTC	Pokecoin spent for in-game item		POKECOIN		-100
05/26/2025 18:46:04 UTC	In-game item bought		ITEM_POFFIN	1	
05/28/2025 05:22:21 UTC	Pokecoin spent for in-game item		POKECOIN		0
05/28/2025 05:22:21 UTC	In-game item bought		Poke balls	3	
05/28/2025 05:22:21 UTC	In-game item bought		Great balls	1	
05/28/2025 05:22:21 UTC	In-game item bought		LPSKU_BUNDLE.GENERAL1.FREE.	1	
05/28/2025 16:28:55 UTC	Pokecoin spent for in-game item		POKECOIN		0
05/28/2025 16:28:55 UTC	In-game item bought		Poke balls	2	
05/28/2025 16:28:55 UTC	In-game item bought		Great balls	1	
05/28/2025 16:28:55 UTC	In-game item bought		LPSKU_BUNDLE.GENERAL1.FREE.	1	
05/28/2025 16:28:55 UTC	In-game item bought		Potion	1	
05/28/2025 23:08:18 UTC	Pokecoin spent for in-game item		POKECOIN		-100
05/28/2025 23:08:18 UTC	In-game item bought		ITEM_POFFIN	1	
05/28/2025 23:44:01 UTC	Pokecoin spent for in-game item		POKECOIN		-200
05/28/2025 23:44:01 UTC	In-game item bought		UPGRADE_GMAX_BATTLE_REWARD_LEVEL	1	
05/29/2025 00:45:14 UTC	Pokecoin spent for in-game item		POKECOIN		-525
05/29/2025 00:45:14 UTC	In-game item bought		ITEM_REMOTE_RAID_TICKET	3	
05/29/2025 02:59:03 UTC	Pokecoin spent for in-game item		POKECOIN		-425
05/29/2025 02:59:03 UTC	In-game item bought		ITEM_MP_REPLENISH	3	
05/29/2025 03:48:57 UTC	Pokecoin spent for in-game item		POKECOIN		-575
05/29/2025 03:48:57 UTC	In-game item bought		Star pieces	3	
05/29/2025 03:48:57 UTC	In-game item bought		ITEM_REMOTE_RAID_TICKET	3	
05/29/2025 06:08:13 UTC	Pokecoin spent for in-game item		POKECOIN		-425
05/29/2025 06:08:13 UTC	In-game item bought		ITEM_MP_REPLENISH	3	
05/29/2025 06:08:16 UTC	Pokecoin spent for in-game item		POKECOIN		-425
05/29/2025 06:08:16 UTC	In-game item bought		ITEM_MP_REPLENISH	3	
05/29/2025 19:19:32 UTC	Pokecoin spent for in-game item		POKECOIN		-100
05/29/2025 19:19:32 UTC	In-game item bought		ITEM_POFFIN	1	
05/30/2025 00:17:51 UTC	Pokecoin spent for in-game item		POKECOIN		0
05/30/2025 00:17:51 UTC	In-game item bought		Poke balls	3	
05/30/2025 00:17:51 UTC	In-game item bought		Great balls	1	
05/30/2025 00:17:51 UTC	In-game item bought		LPSKU_BUNDLE.GENERAL1.FREE.	1	
05/31/2025 16:03:11 UTC	Pokecoin spent for in-game item		POKECOIN		0
05/31/2025 16:03:11 UTC	In-game item bought		Poke balls	2	
05/31/2025 16:03:11 UTC	In-game item bought		Great balls	1	
05/31/2025 16:03:11 UTC	In-game item bought		LPSKU_BUNDLE.GENERAL1.FREE.	1	
05/31/2025 16:03:11 UTC	In-game item bought		Potion	1	
05/31/2025 21:08:39 UTC	Pokecoin spent for in-game item		POKECOIN		-1000
05/31/2025 21:08:39 UTC	In-game item bought		ITEM_MAX_BOOST	3	
05/31/2025 22:00:25 UTC	Pokecoin spent for in-game item		POKECOIN		-100
05/31/2025 22:00:25 UTC	In-game item bought		ITEM_POFFIN	1	
06/01/2025 01:47:02 UTC	Pokecoin spent for in-game item		POKECOIN		-425
06/01/2025 01:47:02 UTC	In-game item bought		ITEM_MP_REPLENISH	3	
06/01/2025 01:47:05 UTC	Pokecoin spent for in-game item		POKECOIN		-425
06/01/2025 01:47:05 UTC	In-game item bought		ITEM_MP_REPLENISH	3	
06/01/2025 01:47:10 UTC	Pokecoin spent for in-game item		POKECOIN		-425
06/01/2025 01:47:10 UTC	In-game item bought		ITEM_MP_REPLENISH	3	
06/01/2025 01:47:13 UTC	Pokecoin spent for in-game item		POKECOIN		-425
06/01/2025 01:47:13 UTC	In-game item bought		ITEM_MP_REPLENISH	3	
06/01/2025 01:55:16 UTC	Pokecoin spent for in-game item		POKECOIN		-100
06/01/2025 01:55:16 UTC	In-game item bought		ITEM_POFFIN	1	
06/01/2025 02:35:37 UTC	Pokecoin spent for in-game item		POKECOIN		-525
06/01/2025 02:35:37 UTC	In-game item bought		ITEM_REMOTE_RAID_TICKET	3	
06/01/2025 17:14:29 UTC	Pokecoin bought	APPLE	POKECOIN		14500	2899.0	INR
06/01/2025 20:26:51 UTC	Pokecoin spent for in-game item		POKECOIN		0
06/01/2025 20:26:51 UTC	In-game item bought		Razz berry	1	
06/01/2025 20:26:51 UTC	In-game item bought		Poke balls	3	
06/01/2025 20:26:51 UTC	In-game item bought		LPSKU_BUNDLE.GENERAL1.FREE.	1	
06/01/2025 20:26:58 UTC	Pokecoin spent for in-game item		POKECOIN		-100
06/01/2025 20:26:58 UTC	In-game item bought		ITEM_POFFIN	1	
06/01/2025 21:16:19 UTC	Pokecoin spent for in-game item		POKECOIN		-200
06/01/2025 21:16:19 UTC	In-game item bought		UPGRADE_GMAX_BATTLE_REWARD_LEVEL	1	
06/01/2025 21:25:00 UTC	Pokecoin spent for in-game item		POKECOIN		-200
06/01/2025 21:25:00 UTC	In-game item bought		UPGRADE_GMAX_BATTLE_REWARD_LEVEL	1	
06/01/2025 21:35:24 UTC	Pokecoin spent for in-game item		POKECOIN		-200
06/01/2025 21:35:24 UTC	In-game item bought		UPGRADE_GMAX_BATTLE_REWARD_LEVEL	1	
06/01/2025 21:43:20 UTC	Pokecoin spent for in-game item		POKECOIN		-200
06/01/2025 21:43:20 UTC	In-game item bought		UPGRADE_GMAX_BATTLE_REWARD_LEVEL	1	
06/01/2025 21:54:55 UTC	Pokecoin spent for in-game item		POKECOIN		-200
06/01/2025 21:54:55 UTC	In-game item bought		UPGRADE_GMAX_BATTLE_REWARD_LEVEL	1	
06/01/2025 22:04:20 UTC	Pokecoin spent for in-game item		POKECOIN		-1000
06/01/2025 22:04:20 UTC	In-game item bought		ITEM_MAX_BOOST	3	
06/01/2025 22:07:49 UTC	Pokecoin spent for in-game item		POKECOIN		-200
06/01/2025 22:07:49 UTC	In-game item bought		UPGRADE_GMAX_BATTLE_REWARD_LEVEL	1	
06/01/2025 22:22:07 UTC	Pokecoin spent for in-game item		POKECOIN		-200
06/01/2025 22:22:07 UTC	In-game item bought		UPGRADE_GMAX_BATTLE_REWARD_LEVEL	1	
06/01/2025 22:35:51 UTC	Pokecoin spent for in-game item		POKECOIN		-200
06/01/2025 22:35:51 UTC	In-game item bought		UPGRADE_GMAX_BATTLE_REWARD_LEVEL	1	
06/01/2025 22:46:26 UTC	Pokecoin spent for in-game item		POKECOIN		-200
06/01/2025 22:46:26 UTC	In-game item bought		UPGRADE_GMAX_BATTLE_REWARD_LEVEL	1	
06/01/2025 23:01:32 UTC	Pokecoin spent for in-game item		POKECOIN		-200
06/01/2025 23:01:32 UTC	In-game item bought		UPGRADE_GMAX_BATTLE_REWARD_LEVEL	1	
06/01/2025 23:17:02 UTC	Pokecoin spent for in-game item		POKECOIN		-200
06/01/2025 23:17:02 UTC	In-game item bought		UPGRADE_GMAX_BATTLE_REWARD_LEVEL	1	
06/02/2025 14:13:52 UTC	Pokecoin spent for in-game item		POKECOIN		0
06/02/2025 14:13:52 UTC	In-game item bought		Poke balls	3	
06/02/2025 14:13:52 UTC	In-game item bought		LPSKU_BUNDLE.GENERAL1.FREE.	1	
06/02/2025 14:13:52 UTC	In-game item bought		Revive	1	
06/02/2025 14:13:56 UTC	Pokecoin spent for in-game item		POKECOIN		-100
06/02/2025 14:13:56 UTC	In-game item bought		ITEM_POFFIN	1	
06/03/2025 15:03:39 UTC	Pokecoin spent for in-game item		POKECOIN		0
06/03/2025 15:03:39 UTC	In-game item bought		Poke balls	3	
06/03/2025 15:03:39 UTC	In-game item bought		Great balls	1	
06/03/2025 15:03:39 UTC	In-game item bought		LPSKU_BUNDLE.GENERAL1.FREE.	1	
06/05/2025 17:44:18 UTC	Pokecoin spent for in-game item		POKECOIN		0
06/05/2025 17:44:18 UTC	In-game item bought		Razz berry	1	
06/05/2025 17:44:18 UTC	In-game item bought		Poke balls	2	
06/05/2025 17:44:18 UTC	In-game item bought		Great balls	1	
06/05/2025 17:44:18 UTC	In-game item bought		LPSKU_BUNDLE.GENERAL1.FREE.	1	
06/05/2025 22:54:05 UTC	Pokecoin spent for in-game item		POKECOIN		-525
06/05/2025 22:54:05 UTC	In-game item bought		ITEM_REMOTE_RAID_TICKET	3	
06/06/2025 12:24:37 UTC	Pokecoin spent for in-game item		POKECOIN		0
06/06/2025 12:24:37 UTC	In-game item bought		Poke balls	3	
06/06/2025 12:24:37 UTC	In-game item bought		Great balls	1	
06/06/2025 12:24:37 UTC	In-game item bought		LPSKU_BUNDLE.GENERAL1.FREE.	1	
06/07/2025 21:06:26 UTC	Pokecoin spent for in-game item		POKECOIN		-200
06/07/2025 21:06:26 UTC	In-game item bought		UPGRADE_GMAX_BATTLE_REWARD_LEVEL	1	
06/07/2025 21:14:16 UTC	Pokecoin spent for in-game item		POKECOIN		-200
06/07/2025 21:14:16 UTC	In-game item bought		UPGRADE_GMAX_BATTLE_REWARD_LEVEL	1	
06/07/2025 22:08:39 UTC	Pokecoin spent for in-game item		POKECOIN		-200
06/07/2025 22:08:39 UTC	In-game item bought		UPGRADE_GMAX_BATTLE_REWARD_LEVEL	1	
06/07/2025 22:19:03 UTC	Pokecoin spent for in-game item		POKECOIN		-200
06/07/2025 22:19:03 UTC	In-game item bought		UPGRADE_GMAX_BATTLE_REWARD_LEVEL	1	
06/08/2025 15:41:27 UTC	Pokecoin spent for in-game item		POKECOIN		0
06/08/2025 15:41:27 UTC	In-game item bought		Poke balls	1	
06/08/2025 15:41:27 UTC	In-game item bought		LPSKU_BUNDLE.GENERAL1.FREE.	1	
06/08/2025 15:41:27 UTC	In-game item bought		Potion	3	
06/08/2025 19:10:10 UTC	Pokecoin spent for in-game item		POKECOIN		-200
06/08/2025 19:10:10 UTC	In-game item bought		UPGRADE_GMAX_BATTLE_REWARD_LEVEL	1	
06/08/2025 19:15:29 UTC	Pokecoin spent for in-game item		POKECOIN		-200
06/08/2025 19:15:29 UTC	In-game item bought		UPGRADE_GMAX_BATTLE_REWARD_LEVEL	1	
06/08/2025 19:24:36 UTC	Pokecoin spent for in-game item		POKECOIN		-425
06/08/2025 19:24:36 UTC	In-game item bought		ITEM_MP_REPLENISH	3	
06/08/2025 19:27:44 UTC	Pokecoin spent for in-game item		POKECOIN		-200
06/08/2025 19:27:44 UTC	In-game item bought		UPGRADE_GMAX_BATTLE_REWARD_LEVEL	1	
06/08/2025 19:45:29 UTC	Pokecoin spent for in-game item		POKECOIN		-200
06/08/2025 19:45:29 UTC	In-game item bought		UPGRADE_GMAX_BATTLE_REWARD_LEVEL	1	
06/08/2025 20:05:54 UTC	Pokecoin spent for in-game item		POKECOIN		-200
06/08/2025 20:05:54 UTC	In-game item bought		UPGRADE_GMAX_BATTLE_REWARD_LEVEL	1	
06/08/2025 20:09:14 UTC	Pokecoin spent for in-game item		POKECOIN		-425
06/08/2025 20:09:14 UTC	In-game item bought		ITEM_MP_REPLENISH	3	
06/08/2025 20:14:50 UTC	Pokecoin spent for in-game item		POKECOIN		-200
06/08/2025 20:14:50 UTC	In-game item bought		UPGRADE_GMAX_BATTLE_REWARD_LEVEL	1	
06/08/2025 20:28:41 UTC	Pokecoin spent for in-game item		POKECOIN		-200
06/08/2025 20:28:41 UTC	In-game item bought		UPGRADE_GMAX_BATTLE_REWARD_LEVEL	1	
06/08/2025 20:38:54 UTC	Pokecoin spent for in-game item		POKECOIN		-200
06/08/2025 20:38:54 UTC	In-game item bought		UPGRADE_GMAX_BATTLE_REWARD_LEVEL	1	
06/08/2025 20:42:41 UTC	Pokecoin spent for in-game item		POKECOIN		-425
06/08/2025 20:42:41 UTC	In-game item bought		ITEM_MP_REPLENISH	3	
06/08/2025 20:47:22 UTC	Pokecoin spent for in-game item		POKECOIN		-200
06/08/2025 20:47:22 UTC	In-game item bought		UPGRADE_GMAX_BATTLE_REWARD_LEVEL	1	
06/09/2025 20:21:58 UTC	Pokecoin spent for in-game item		POKECOIN		0
06/09/2025 20:21:58 UTC	In-game item bought		Razz berry	1	
06/09/2025 20:21:58 UTC	In-game item bought		Poke balls	3	
06/09/2025 20:21:58 UTC	In-game item bought		LPSKU_BUNDLE.GENERAL1.FREE.	1	
06/11/2025 03:39:22 UTC	Pokecoin spent for in-game item		POKECOIN		0
06/11/2025 03:39:22 UTC	In-game item bought		Poke balls	3	
06/11/2025 03:39:22 UTC	In-game item bought		Great balls	1	
06/11/2025 03:39:22 UTC	In-game item bought		LPSKU_BUNDLE.GENERAL1.FREE.	1	
06/11/2025 16:29:56 UTC	Pokecoin spent for in-game item		POKECOIN		0
06/11/2025 16:29:56 UTC	In-game item bought		Poke balls	4	
06/11/2025 16:29:56 UTC	In-game item bought		LPSKU_BUNDLE.GENERAL1.FREE.	1	
06/12/2025 01:08:00 UTC	Pokecoin spent for in-game item		POKECOIN		-525
06/12/2025 01:08:00 UTC	In-game item bought		ITEM_REMOTE_RAID_TICKET	3	
06/12/2025 01:29:53 UTC	Pokecoin spent for in-game item		POKECOIN		-100
06/12/2025 01:29:53 UTC	In-game item bought		ITEM_POFFIN	1	
06/12/2025 01:41:12 UTC	Pokecoin spent for in-game item		POKECOIN		-525
06/12/2025 01:41:12 UTC	In-game item bought		ITEM_REMOTE_RAID_TICKET	3	
06/13/2025 03:07:33 UTC	Pokecoin spent for in-game item		POKECOIN		-525
06/13/2025 03:07:33 UTC	In-game item bought		ITEM_REMOTE_RAID_TICKET	3	
06/13/2025 03:14:35 UTC	Pokecoin spent for in-game item		POKECOIN		-100
06/13/2025 03:14:35 UTC	In-game item bought		ITEM_POFFIN	1	
06/13/2025 16:54:37 UTC	Pokecoin spent for in-game item		POKECOIN		0
06/13/2025 16:54:37 UTC	In-game item bought		Poke balls	3	
06/13/2025 16:54:37 UTC	In-game item bought		LPSKU_BUNDLE.GENERAL1.FREE.	1	
06/13/2025 16:54:37 UTC	In-game item bought		Potion	1	
06/13/2025 22:59:04 UTC	Pokecoin spent for in-game item		POKECOIN		0
06/13/2025 22:59:04 UTC	In-game item bought		ITEM_BATTLE_PASS_TICKET	1	
06/13/2025 23:13:43 UTC	Pokecoin spent for in-game item		POKECOIN		-200
06/13/2025 23:13:43 UTC	In-game item bought		UPGRADE_GMAX_BATTLE_REWARD_LEVEL	1	
06/13/2025 23:16:59 UTC	Pokecoin spent for in-game item		POKECOIN		-100
06/13/2025 23:16:59 UTC	In-game item bought		ITEM_POFFIN	1	
06/14/2025 17:02:03 UTC	Pokecoin spent for in-game item		POKECOIN		-1000
06/14/2025 17:02:03 UTC	In-game item bought		ITEM_MAX_BOOST	3	
06/14/2025 17:04:41 UTC	Pokecoin spent for in-game item		POKECOIN		-200
06/14/2025 17:04:41 UTC	In-game item bought		UPGRADE_GMAX_BATTLE_REWARD_LEVEL	1	
06/14/2025 17:13:08 UTC	Pokecoin spent for in-game item		POKECOIN		-200
06/14/2025 17:13:08 UTC	In-game item bought		UPGRADE_GMAX_BATTLE_REWARD_LEVEL	1	
06/14/2025 17:17:36 UTC	Pokecoin spent for in-game item		POKECOIN		-100
06/14/2025 17:17:36 UTC	In-game item bought		ITEM_POFFIN	1	
06/14/2025 17:21:32 UTC	Pokecoin spent for in-game item		POKECOIN		-200
06/14/2025 17:21:32 UTC	In-game item bought		UPGRADE_GMAX_BATTLE_REWARD_LEVEL	1	
06/14/2025 17:42:01 UTC	Pokecoin spent for in-game item		POKECOIN		0
06/14/2025 17:42:01 UTC	In-game item bought		Poke balls	1	
06/14/2025 17:42:01 UTC	In-game item bought		Great balls	2	
06/14/2025 17:42:01 UTC	In-game item bought		LPSKU_BUNDLE.GENERAL1.FREE.	1	
06/14/2025 17:42:01 UTC	In-game item bought		Potion	1	
06/14/2025 18:03:46 UTC	Pokecoin spent for in-game item		POKECOIN		-200
06/14/2025 18:03:46 UTC	In-game item bought		UPGRADE_GMAX_BATTLE_REWARD_LEVEL	1	
06/14/2025 18:11:47 UTC	Pokecoin spent for in-game item		POKECOIN		-200
06/14/2025 18:11:47 UTC	In-game item bought		UPGRADE_GMAX_BATTLE_REWARD_LEVEL	1	
06/14/2025 18:30:31 UTC	Pokecoin spent for in-game item		POKECOIN		-200
06/14/2025 18:30:31 UTC	In-game item bought		UPGRADE_GMAX_BATTLE_REWARD_LEVEL	1	
06/15/2025 01:20:12 UTC	Pokecoin spent for in-game item		POKECOIN		-425
06/15/2025 01:20:12 UTC	In-game item bought		ITEM_MP_REPLENISH	3	
06/15/2025 18:13:35 UTC	Pokecoin spent for in-game item		POKECOIN		-525
06/15/2025 18:13:35 UTC	In-game item bought		ITEM_REMOTE_RAID_TICKET	3	
06/15/2025 19:03:19 UTC	Pokecoin spent for in-game item		POKECOIN		-100
06/15/2025 19:03:19 UTC	In-game item bought		ITEM_POFFIN	1	
06/15/2025 21:35:09 UTC	Pokecoin spent for in-game item		POKECOIN		0
06/15/2025 21:35:09 UTC	In-game item bought		Poke balls	2	
06/15/2025 21:35:09 UTC	In-game item bought		Great balls	2	
06/15/2025 21:35:09 UTC	In-game item bought		LPSKU_BUNDLE.GENERAL1.FREE.	1	
06/16/2025 01:03:05 UTC	Pokecoin spent for in-game item		POKECOIN		-200
06/16/2025 01:03:05 UTC	In-game item bought		UPGRADE_GMAX_BATTLE_REWARD_LEVEL	1	
06/16/2025 01:14:51 UTC	Pokecoin spent for in-game item		POKECOIN		-200
06/16/2025 01:14:51 UTC	In-game item bought		UPGRADE_GMAX_BATTLE_REWARD_LEVEL	1	
06/16/2025 01:25:23 UTC	Pokecoin spent for in-game item		POKECOIN		-200
06/16/2025 01:25:23 UTC	In-game item bought		UPGRADE_GMAX_BATTLE_REWARD_LEVEL	1	
06/16/2025 01:38:23 UTC	Pokecoin spent for in-game item		POKECOIN		-200
06/16/2025 01:38:23 UTC	In-game item bought		UPGRADE_GMAX_BATTLE_REWARD_LEVEL	1	
06/16/2025 01:41:51 UTC	Pokecoin spent for in-game item		POKECOIN		-425
06/16/2025 01:41:51 UTC	In-game item bought		ITEM_MP_REPLENISH	3	
06/16/2025 01:45:22 UTC	Pokecoin spent for in-game item		POKECOIN		-200
06/16/2025 01:45:22 UTC	In-game item bought		UPGRADE_GMAX_BATTLE_REWARD_LEVEL	1	
06/16/2025 14:50:02 UTC	Pokecoin spent for in-game item		POKECOIN		-100
06/16/2025 14:50:02 UTC	In-game item bought		ITEM_POFFIN	1	
06/16/2025 15:53:08 UTC	Pokecoin spent for in-game item		POKECOIN		0
06/16/2025 15:53:08 UTC	In-game item bought		Razz berry	1	
06/16/2025 15:53:08 UTC	In-game item bought		Poke balls	1	
06/16/2025 15:53:08 UTC	In-game item bought		Great balls	2	
06/16/2025 15:53:08 UTC	In-game item bought		LPSKU_BUNDLE.GENERAL1.FREE.	1	
06/18/2025 21:02:36 UTC	Pokecoin spent for in-game item		POKECOIN		0
06/18/2025 21:02:36 UTC	In-game item bought		Razz berry	1	
06/18/2025 21:02:36 UTC	In-game item bought		Poke balls	1	
06/18/2025 21:02:36 UTC	In-game item bought		Great balls	1	
06/18/2025 21:02:36 UTC	In-game item bought		LPSKU_BUNDLE.GENERAL1.FREE.	1	
06/18/2025 21:02:36 UTC	In-game item bought		Potion	1	
06/19/2025 00:40:02 UTC	Pokecoin spent for in-game item		POKECOIN		-100
06/19/2025 00:40:02 UTC	In-game item bought		ITEM_POFFIN	1	
06/19/2025 20:56:43 UTC	Pokecoin spent for in-game item		POKECOIN		0
06/19/2025 20:56:43 UTC	In-game item bought		Great balls	3	
06/19/2025 20:56:43 UTC	In-game item bought		LPSKU_BUNDLE.GENERAL1.FREE.	1	
06/19/2025 20:56:43 UTC	In-game item bought		Potion	1	
06/20/2025 22:49:31 UTC	Pokecoin spent for in-game item		POKECOIN		0
06/20/2025 22:49:31 UTC	In-game item bought		Poke balls	1	
06/20/2025 22:49:31 UTC	In-game item bought		Great balls	1	
06/20/2025 22:49:31 UTC	In-game item bought		LPSKU_BUNDLE.GENERAL1.FREE.	1	
06/20/2025 22:49:31 UTC	In-game item bought		Potion	2	
06/20/2025 22:49:39 UTC	Pokecoin spent for in-game item		POKECOIN		-80
06/20/2025 22:49:39 UTC	In-game item bought		Lucky egg	1	
06/21/2025 02:59:00 UTC	Pokecoin spent for in-game item		POKECOIN		-100
06/21/2025 02:59:00 UTC	In-game item bought		ITEM_POFFIN	1	
06/21/2025 22:14:10 UTC	Pokecoin spent for in-game item		POKECOIN		-525
06/21/2025 22:14:10 UTC	In-game item bought		ITEM_REMOTE_RAID_TICKET	3	
06/21/2025 22:59:42 UTC	Pokecoin spent for in-game item		POKECOIN		-100
06/21/2025 22:59:42 UTC	In-game item bought		ITEM_POFFIN	1	
06/22/2025 03:15:43 UTC	Pokecoin spent for in-game item		POKECOIN		-100
06/22/2025 03:15:43 UTC	In-game item bought		ITEM_POFFIN	1	
06/22/2025 18:43:57 UTC	Pokecoin spent for in-game item		POKECOIN		-100
06/22/2025 18:43:57 UTC	In-game item bought		ITEM_POFFIN	1	
06/23/2025 04:03:11 UTC	Pokecoin spent for in-game item		POKECOIN		0
06/23/2025 04:03:11 UTC	In-game item bought		Poke balls	3	
06/23/2025 04:03:11 UTC	In-game item bought		LPSKU_BUNDLE.GENERAL1.FREE.	1	
06/23/2025 04:03:11 UTC	In-game item bought		Potion	1	
06/23/2025 04:03:29 UTC	Pokecoin spent for in-game item		POKECOIN		-195
06/23/2025 04:03:29 UTC	In-game item bought		ITEM_REMOTE_RAID_TICKET	1	
06/23/2025 04:03:32 UTC	Pokecoin spent for in-game item		POKECOIN		-195
06/23/2025 04:03:32 UTC	In-game item bought		ITEM_REMOTE_RAID_TICKET	1	
06/23/2025 05:47:55 UTC	Pokecoin bought	APPLE	POKECOIN		14500	2899.0	INR
06/23/2025 05:48:06 UTC	Pokecoin bought	APPLE	POKECOIN		14500	2899.0	INR
06/23/2025 05:49:39 UTC	Pokecoin bought	APPLE	POKECOIN		1200	289.0	INR
06/23/2025 06:07:50 UTC	Pokecoin spent for in-game item		POKECOIN		-650
06/23/2025 06:07:50 UTC	In-game item bought		Raid pass (paid)	3	
06/23/2025 06:07:50 UTC	In-game item bought		ITEM_POFFIN	1	
06/23/2025 06:07:50 UTC	In-game item bought		ITEM_REMOTE_RAID_TICKET	3	
06/23/2025 06:08:25 UTC	Pokecoin spent for in-game item		POKECOIN		-2850
06/23/2025 06:08:25 UTC	In-game item bought		ITEM_POFFIN	10	
06/23/2025 06:08:25 UTC	In-game item bought		Egg incubator	25	
06/23/2025 06:08:38 UTC	Pokecoin spent for in-game item		POKECOIN		-425
06/23/2025 06:08:38 UTC	In-game item bought		ITEM_MP_REPLENISH	3	
06/23/2025 06:08:41 UTC	Pokecoin spent for in-game item		POKECOIN		-425
06/23/2025 06:08:41 UTC	In-game item bought		ITEM_MP_REPLENISH	3	
06/23/2025 06:08:44 UTC	Pokecoin spent for in-game item		POKECOIN		-425
06/23/2025 06:08:44 UTC	In-game item bought		ITEM_MP_REPLENISH	3	
06/23/2025 06:08:46 UTC	Pokecoin spent for in-game item		POKECOIN		-425
06/23/2025 06:08:46 UTC	In-game item bought		ITEM_MP_REPLENISH	3	
06/23/2025 06:08:52 UTC	Pokecoin spent for in-game item		POKECOIN		-1000
06/23/2025 06:08:52 UTC	In-game item bought		ITEM_MAX_BOOST	3	
06/23/2025 06:08:55 UTC	Pokecoin spent for in-game item		POKECOIN		-1000
06/23/2025 06:08:55 UTC	In-game item bought		ITEM_MAX_BOOST	3	
06/23/2025 07:46:26 UTC	Pokecoin spent for in-game item		POKECOIN		0
06/23/2025 07:46:26 UTC	In-game item bought		Hyper potion	1	
06/23/2025 07:46:26 UTC	In-game item bought		Poke balls	1	
06/23/2025 07:46:26 UTC	In-game item bought		Great balls	1	
06/23/2025 07:46:26 UTC	In-game item bought		LPSKU_BUNDLE.GENERAL1.FREE.	1	
06/23/2025 07:46:26 UTC	In-game item bought		Potion	1	
06/24/2025 14:31:31 UTC	Pokecoin spent for in-game item		POKECOIN		0
06/24/2025 14:31:31 UTC	In-game item bought		Razz berry	2	
06/24/2025 14:31:31 UTC	In-game item bought		Poke balls	1	
06/24/2025 14:31:31 UTC	In-game item bought		LPSKU_BUNDLE.GENERAL1.FREE.	1	
06/24/2025 14:31:31 UTC	In-game item bought		Potion	1	
06/24/2025 14:45:18 UTC	Pokecoin spent for in-game item		POKECOIN		-525
06/24/2025 14:45:18 UTC	In-game item bought		ITEM_REMOTE_RAID_TICKET	3	
06/25/2025 00:46:11 UTC	Pokecoin spent for in-game item		POKECOIN		-525
06/25/2025 00:46:11 UTC	In-game item bought		ITEM_REMOTE_RAID_TICKET	3	
06/25/2025 01:15:42 UTC	Pokecoin spent for in-game item		POKECOIN		-200
06/25/2025 01:15:42 UTC	In-game item bought		UPGRADE_GMAX_BATTLE_REWARD_LEVEL	1	
06/25/2025 02:44:49 UTC	Pokecoin spent for in-game item		POKECOIN		-525
06/25/2025 02:44:49 UTC	In-game item bought		ITEM_REMOTE_RAID_TICKET	3	
06/25/2025 05:15:56 UTC	Pokecoin spent for in-game item		POKECOIN		-525
06/25/2025 05:15:56 UTC	In-game item bought		ITEM_REMOTE_RAID_TICKET	3	
06/25/2025 05:20:38 UTC	Pokecoin spent for in-game item		POKECOIN		-680
06/25/2025 05:20:38 UTC	In-game item bought		Lure	8	
06/25/2025 05:25:29 UTC	Pokecoin spent for in-game item		POKECOIN		-715
06/25/2025 05:25:29 UTC	In-game item bought		Raid pass (paid)	2	
06/25/2025 05:25:29 UTC	In-game item bought		ITEM_REMOTE_RAID_TICKET	3	
06/25/2025 05:25:29 UTC	In-game item bought		Egg incubator	2	
06/25/2025 06:12:28 UTC	Pokecoin spent for in-game item		POKECOIN		-500
06/25/2025 06:12:28 UTC	In-game item bought		Lucky egg	8	
06/25/2025 06:43:51 UTC	Pokecoin spent for in-game item		POKECOIN		-715
06/25/2025 06:43:51 UTC	In-game item bought		Raid pass (paid)	2	
06/25/2025 06:43:51 UTC	In-game item bought		ITEM_REMOTE_RAID_TICKET	3	
06/25/2025 06:43:51 UTC	In-game item bought		Egg incubator	2	
06/25/2025 06:50:36 UTC	Pokecoin spent for in-game item		POKECOIN		-200
06/25/2025 06:50:36 UTC	In-game item bought		UPGRADE_GMAX_BATTLE_REWARD_LEVEL	1	
06/25/2025 07:01:23 UTC	Pokecoin spent for in-game item		POKECOIN		-525
06/25/2025 07:01:23 UTC	In-game item bought		ITEM_REMOTE_RAID_TICKET	3	
06/25/2025 14:44:16 UTC	Pokecoin spent for in-game item		POKECOIN		-525
06/25/2025 14:44:16 UTC	In-game item bought		ITEM_REMOTE_RAID_TICKET	3	
06/25/2025 17:14:29 UTC	Pokecoin spent for in-game item		POKECOIN		-525
06/25/2025 17:14:29 UTC	In-game item bought		ITEM_REMOTE_RAID_TICKET	3	
06/25/2025 19:41:47 UTC	Pokecoin spent for in-game item		POKECOIN		-715
06/25/2025 19:41:47 UTC	In-game item bought		Raid pass (paid)	2	
06/25/2025 19:41:47 UTC	In-game item bought		ITEM_REMOTE_RAID_TICKET	3	
06/25/2025 19:41:47 UTC	In-game item bought		Egg incubator	2	
06/25/2025 21:25:42 UTC	Pokecoin spent for in-game item		POKECOIN		-550
06/25/2025 21:25:42 UTC	In-game item bought		Pokemon storage upgrade	1	
06/25/2025 21:25:42 UTC	In-game item bought		Raid pass (paid)	1	
06/25/2025 21:25:42 UTC	In-game item bought		Bag upgrade	1	
06/25/2025 21:25:42 UTC	In-game item bought		ITEM_REMOTE_RAID_TICKET	1	
06/26/2025 01:42:47 UTC	Pokecoin spent for in-game item		POKECOIN		-525
06/26/2025 01:42:47 UTC	In-game item bought		ITEM_REMOTE_RAID_TICKET	3	
06/26/2025 03:18:55 UTC	Pokecoin spent for in-game item		POKECOIN		-3195
06/26/2025 03:18:56 UTC	In-game item bought		Raid pass (paid)	50	
06/26/2025 03:18:56 UTC	In-game item bought		ITEM_MOVE_REROLL_ELITE_SPECIAL_ATTACK	1	
06/26/2025 03:18:56 UTC	In-game item bought		Max revive	10	
06/26/2025 17:57:09 UTC	Pokecoin spent for in-game item		POKECOIN		-200
06/26/2025 17:57:09 UTC	In-game item bought		UPGRADE_GMAX_BATTLE_REWARD_LEVEL	1	
06/27/2025 00:54:36 UTC	Pokecoin spent for in-game item		POKECOIN		-525
06/27/2025 00:54:36 UTC	In-game item bought		ITEM_REMOTE_RAID_TICKET	3	
06/27/2025 00:58:44 UTC	Pokecoin spent for in-game item		POKECOIN		-550
06/27/2025 00:58:44 UTC	In-game item bought		Pokemon storage upgrade	1	
06/27/2025 00:58:44 UTC	In-game item bought		Raid pass (paid)	1	
06/27/2025 00:58:44 UTC	In-game item bought		Bag upgrade	1	
06/27/2025 00:58:44 UTC	In-game item bought		ITEM_REMOTE_RAID_TICKET	1	
06/27/2025 20:52:55 UTC	Pokecoin spent for in-game item		POKECOIN		-525
06/27/2025 20:52:55 UTC	In-game item bought		ITEM_REMOTE_RAID_TICKET	3	
06/27/2025 21:51:10 UTC	Pokecoin spent for in-game item		POKECOIN		-550
06/27/2025 21:51:10 UTC	In-game item bought		Pokemon storage upgrade	1	
06/27/2025 21:51:10 UTC	In-game item bought		Raid pass (paid)	1	
06/27/2025 21:51:10 UTC	In-game item bought		Bag upgrade	1	
06/27/2025 21:51:10 UTC	In-game item bought		ITEM_REMOTE_RAID_TICKET	1	
06/27/2025 21:51:25 UTC	Pokecoin spent for in-game item		POKECOIN		0
06/27/2025 21:51:25 UTC	In-game item bought		Poke balls	3	
06/27/2025 21:51:25 UTC	In-game item bought		LPSKU_BUNDLE.GENERAL1.FREE.	1	
06/27/2025 21:51:25 UTC	In-game item bought		Potion	1	
06/27/2025 22:26:48 UTC	Pokecoin spent for in-game item		POKECOIN		-525
06/27/2025 22:26:48 UTC	In-game item bought		ITEM_REMOTE_RAID_TICKET	3	
06/27/2025 23:33:42 UTC	Pokecoin spent for in-game item		POKECOIN		-525
06/27/2025 23:33:42 UTC	In-game item bought		ITEM_REMOTE_RAID_TICKET	3	
06/27/2025 23:53:35 UTC	Pokecoin spent for in-game item		POKECOIN		-525
06/27/2025 23:53:35 UTC	In-game item bought		ITEM_REMOTE_RAID_TICKET	3	
06/28/2025 02:08:36 UTC	Pokecoin spent for in-game item		POKECOIN		-525
06/28/2025 02:08:36 UTC	In-game item bought		ITEM_REMOTE_RAID_TICKET	3	
06/28/2025 02:38:30 UTC	Pokecoin spent for in-game item		POKECOIN		-200
06/28/2025 02:38:30 UTC	In-game item bought		UPGRADE_GMAX_BATTLE_REWARD_LEVEL	1	
06/28/2025 03:14:06 UTC	Pokecoin bought	APPLE	POKECOIN		14500	2899.0	INR
06/28/2025 03:31:53 UTC	Pokecoin spent for in-game item		POKECOIN		-525
06/28/2025 03:31:53 UTC	In-game item bought		ITEM_REMOTE_RAID_TICKET	3	
06/28/2025 04:29:40 UTC	Pokecoin spent for in-game item		POKECOIN		-150
06/28/2025 04:29:40 UTC	In-game item bought		N_AVATAR_N_PANTS_PIKACHUBUTLER	1	
06/28/2025 04:40:57 UTC	Pokecoin spent for in-game item		POKECOIN		-525
06/28/2025 04:40:57 UTC	In-game item bought		ITEM_REMOTE_RAID_TICKET	3	
06/28/2025 05:09:45 UTC	Pokecoin spent for in-game item		POKECOIN		-525
06/28/2025 05:09:45 UTC	In-game item bought		ITEM_REMOTE_RAID_TICKET	3	
06/28/2025 07:32:18 UTC	Pokecoin spent for in-game item		POKECOIN		-525
06/28/2025 07:32:18 UTC	In-game item bought		ITEM_REMOTE_RAID_TICKET	3	
06/28/2025 17:11:25 UTC	Pokecoin spent for in-game item		POKECOIN		-200
06/28/2025 17:11:25 UTC	In-game item bought		UPGRADE_GMAX_BATTLE_REWARD_LEVEL	1	
06/28/2025 17:43:15 UTC	Pokecoin spent for in-game item		POKECOIN		-200
06/28/2025 17:43:16 UTC	In-game item bought		UPGRADE_GMAX_BATTLE_REWARD_LEVEL	1	
06/28/2025 19:11:55 UTC	Pokecoin spent for in-game item		POKECOIN		0
06/28/2025 19:11:55 UTC	In-game item bought		Razz berry	1	
06/28/2025 19:11:55 UTC	In-game item bought		Poke balls	3	
06/28/2025 19:11:55 UTC	In-game item bought		LPSKU_BUNDLE.GENERAL1.FREE.	1	
06/28/2025 20:18:05 UTC	Pokecoin spent for in-game item		POKECOIN		-525
06/28/2025 20:18:05 UTC	In-game item bought		ITEM_REMOTE_RAID_TICKET	3	
06/28/2025 20:51:51 UTC	Pokecoin spent for in-game item		POKECOIN		-525
06/28/2025 20:51:51 UTC	In-game item bought		ITEM_REMOTE_RAID_TICKET	3	
06/28/2025 21:33:05 UTC	Pokecoin spent for in-game item		POKECOIN		-200
06/28/2025 21:33:05 UTC	In-game item bought		UPGRADE_GMAX_BATTLE_REWARD_LEVEL	1	
06/28/2025 21:46:18 UTC	Pokecoin spent for in-game item		POKECOIN		-200
06/28/2025 21:46:18 UTC	In-game item bought		UPGRADE_GMAX_BATTLE_REWARD_LEVEL	1	
06/28/2025 21:57:14 UTC	Pokecoin spent for in-game item		POKECOIN		-500
06/28/2025 21:57:14 UTC	In-game item bought		Lucky egg	8	
06/28/2025 22:16:30 UTC	Pokecoin spent for in-game item		POKECOIN		-525
06/28/2025 22:16:30 UTC	In-game item bought		ITEM_REMOTE_RAID_TICKET	3	
06/28/2025 22:53:27 UTC	Pokecoin spent for in-game item		POKECOIN		-525
06/28/2025 22:53:27 UTC	In-game item bought		ITEM_REMOTE_RAID_TICKET	3	
06/28/2025 23:48:03 UTC	Pokecoin spent for in-game item		POKECOIN		-525
06/28/2025 23:48:03 UTC	In-game item bought		ITEM_REMOTE_RAID_TICKET	3	
06/29/2025 03:10:56 UTC	Pokecoin spent for in-game item		POKECOIN		-525
06/29/2025 03:10:56 UTC	In-game item bought		ITEM_REMOTE_RAID_TICKET	3	
06/29/2025 03:26:07 UTC	Pokecoin spent for in-game item		POKECOIN		-525
06/29/2025 03:26:07 UTC	In-game item bought		ITEM_REMOTE_RAID_TICKET	3	
06/29/2025 03:34:58 UTC	Pokecoin spent for in-game item		POKECOIN		-525
06/29/2025 03:34:58 UTC	In-game item bought		ITEM_REMOTE_RAID_TICKET	3	
06/29/2025 17:10:26 UTC	Pokecoin spent for in-game item		POKECOIN		-200
06/29/2025 17:10:26 UTC	In-game item bought		UPGRADE_GMAX_BATTLE_REWARD_LEVEL	1	
06/29/2025 17:58:51 UTC	Pokecoin spent for in-game item		POKECOIN		-200
06/29/2025 17:58:51 UTC	In-game item bought		UPGRADE_GMAX_BATTLE_REWARD_LEVEL	1	
06/29/2025 18:03:31 UTC	Pokecoin spent for in-game item		POKECOIN		-500
06/29/2025 18:03:31 UTC	In-game item bought		Lucky egg	8	
06/29/2025 18:26:12 UTC	Pokecoin spent for in-game item		POKECOIN		-200
06/29/2025 18:26:12 UTC	In-game item bought		UPGRADE_GMAX_BATTLE_REWARD_LEVEL	1	
06/29/2025 18:35:07 UTC	Pokecoin spent for in-game item		POKECOIN		-200
06/29/2025 18:35:07 UTC	In-game item bought		UPGRADE_GMAX_BATTLE_REWARD_LEVEL	1	
06/29/2025 20:47:50 UTC	Pokecoin spent for in-game item		POKECOIN		-200
06/29/2025 20:47:50 UTC	In-game item bought		Pokemon storage upgrade	1	
06/29/2025 20:47:52 UTC	Pokecoin spent for in-game item		POKECOIN		-200
06/29/2025 20:47:52 UTC	In-game item bought		Pokemon storage upgrade	1	
06/29/2025 20:47:55 UTC	Pokecoin spent for in-game item		POKECOIN		-200
06/29/2025 20:47:55 UTC	In-game item bought		Pokemon storage upgrade	1	
06/29/2025 20:47:58 UTC	Pokecoin spent for in-game item		POKECOIN		-200
06/29/2025 20:47:58 UTC	In-game item bought		Pokemon storage upgrade	1	
06/29/2025 20:48:01 UTC	Pokecoin spent for in-game item		POKECOIN		-200
06/29/2025 20:48:01 UTC	In-game item bought		Pokemon storage upgrade	1	
06/29/2025 20:48:04 UTC	Pokecoin spent for in-game item		POKECOIN		-200
06/29/2025 20:48:04 UTC	In-game item bought		Pokemon storage upgrade	1	
06/30/2025 00:03:34 UTC	Pokecoin spent for in-game item		POKECOIN		-525
06/30/2025 00:03:34 UTC	In-game item bought		ITEM_REMOTE_RAID_TICKET	3	
06/30/2025 00:37:43 UTC	Pokecoin spent for in-game item		POKECOIN		-525
06/30/2025 00:37:43 UTC	In-game item bought		ITEM_REMOTE_RAID_TICKET	3	
06/30/2025 00:52:34 UTC	Pokecoin spent for in-game item		POKECOIN		-525
06/30/2025 00:52:34 UTC	In-game item bought		ITEM_REMOTE_RAID_TICKET	3	
06/30/2025 01:24:15 UTC	Pokecoin spent for in-game item		POKECOIN		-525
06/30/2025 01:24:15 UTC	In-game item bought		ITEM_REMOTE_RAID_TICKET	3	
06/30/2025 02:37:35 UTC	Pokecoin spent for in-game item		POKECOIN		-525
06/30/2025 02:37:35 UTC	In-game item bought		ITEM_REMOTE_RAID_TICKET	3	
06/30/2025 02:45:20 UTC	Pokecoin spent for in-game item		POKECOIN		-580
06/30/2025 02:45:20 UTC	In-game item bought		Egg incubator	1	
06/30/2025 02:45:20 UTC	In-game item bought		ITEM_REMOTE_RAID_TICKET	3	
06/30/2025 03:57:40 UTC	Pokecoin spent for in-game item		POKECOIN		-580
06/30/2025 03:57:40 UTC	In-game item bought		Egg incubator	1	
06/30/2025 03:57:40 UTC	In-game item bought		ITEM_REMOTE_RAID_TICKET	3	
06/30/2025 03:57:44 UTC	Pokecoin spent for in-game item		POKECOIN		0
06/30/2025 03:57:44 UTC	In-game item bought		Razz berry	1	
06/30/2025 03:57:44 UTC	In-game item bought		Poke balls	1	
06/30/2025 03:57:44 UTC	In-game item bought		Great balls	1	
06/30/2025 03:57:44 UTC	In-game item bought		LPSKU_BUNDLE.GENERAL1.FREE.	1	
06/30/2025 03:57:44 UTC	In-game item bought		Potion	1	
07/01/2025 14:50:13 UTC	Pokecoin spent for in-game item		POKECOIN		0
07/01/2025 14:50:13 UTC	In-game item bought		Poke balls	2	
07/01/2025 14:50:13 UTC	In-game item bought		LPSKU_BUNDLE.GENERAL1.FREE.	1	
07/01/2025 14:50:13 UTC	In-game item bought		Potion	2	
07/03/2025 01:17:08 UTC	Pokecoin spent for in-game item		POKECOIN		-200
07/03/2025 01:17:08 UTC	In-game item bought		Pokemon storage upgrade	1	
07/03/2025 01:17:11 UTC	Pokecoin spent for in-game item		POKECOIN		-200
07/03/2025 01:17:11 UTC	In-game item bought		Pokemon storage upgrade	1	
07/03/2025 01:17:15 UTC	Pokecoin spent for in-game item		POKECOIN		-200
07/03/2025 01:17:15 UTC	In-game item bought		Pokemon storage upgrade	1	
07/03/2025 05:52:22 UTC	Pokecoin spent for in-game item		POKECOIN		-200
07/03/2025 05:52:22 UTC	In-game item bought		Pokemon storage upgrade	1	
07/03/2025 05:52:25 UTC	Pokecoin spent for in-game item		POKECOIN		-200
07/03/2025 05:52:25 UTC	In-game item bought		Pokemon storage upgrade	1	
07/03/2025 05:52:29 UTC	Pokecoin spent for in-game item		POKECOIN		-200
07/03/2025 05:52:29 UTC	In-game item bought		Bag upgrade	1	
07/03/2025 05:52:32 UTC	Pokecoin spent for in-game item		POKECOIN		-200
07/03/2025 05:52:32 UTC	In-game item bought		Bag upgrade	1	
07/03/2025 05:52:34 UTC	Pokecoin spent for in-game item		POKECOIN		-200
07/03/2025 05:52:34 UTC	In-game item bought		Bag upgrade	1	
07/03/2025 05:52:37 UTC	Pokecoin spent for in-game item		POKECOIN		-200
07/03/2025 05:52:37 UTC	In-game item bought		Bag upgrade	1	
07/03/2025 05:52:39 UTC	Pokecoin spent for in-game item		POKECOIN		-200
07/03/2025 05:52:39 UTC	In-game item bought		Bag upgrade	1	
07/03/2025 05:52:42 UTC	Pokecoin spent for in-game item		POKECOIN		-200
07/03/2025 05:52:42 UTC	In-game item bought		Bag upgrade	1	
07/03/2025 05:52:44 UTC	Pokecoin spent for in-game item		POKECOIN		-200
07/03/2025 05:52:44 UTC	In-game item bought		Bag upgrade	1	
07/03/2025 05:52:46 UTC	Pokecoin spent for in-game item		POKECOIN		-200
07/03/2025 05:52:46 UTC	In-game item bought		Bag upgrade	1	
07/03/2025 05:52:49 UTC	Pokecoin spent for in-game item		POKECOIN		-200
07/03/2025 05:52:49 UTC	In-game item bought		Bag upgrade	1	
07/03/2025 05:52:51 UTC	Pokecoin spent for in-game item		POKECOIN		-200
07/03/2025 05:52:51 UTC	In-game item bought		Bag upgrade	1	
07/03/2025 05:52:53 UTC	Pokecoin spent for in-game item		POKECOIN		-200
07/03/2025 05:52:53 UTC	In-game item bought		Bag upgrade	1	
07/03/2025 15:10:47 UTC	Pokecoin spent for in-game item		POKECOIN		0
07/03/2025 15:10:47 UTC	In-game item bought		Poke balls	4	
07/03/2025 15:10:47 UTC	In-game item bought		LPSKU_BUNDLE.GENERAL1.FREE.	1	
07/03/2025 16:31:46 UTC	Pokecoin spent for in-game item		POKECOIN		-100
07/03/2025 16:31:46 UTC	In-game item bought		ITEM_POFFIN	1	
07/04/2025 21:34:09 UTC	Pokecoin spent for in-game item		POKECOIN		0
07/04/2025 21:34:09 UTC	In-game item bought		Poke balls	2	
07/04/2025 21:34:09 UTC	In-game item bought		Great balls	1	
07/04/2025 21:34:09 UTC	In-game item bought		LPSKU_BUNDLE.GENERAL1.FREE.	1	
07/04/2025 21:34:09 UTC	In-game item bought		Potion	1	
07/04/2025 22:26:01 UTC	Pokecoin bought	APPLE	POKECOIN		14500	2899.0	INR
07/04/2025 22:41:00 UTC	Pokecoin spent for in-game item		POKECOIN		-5425
07/04/2025 22:41:00 UTC	In-game item bought		Raid pass (paid)	99	
07/04/2025 22:41:00 UTC	In-game item bought		Fast TM	2	
07/04/2025 22:41:00 UTC	In-game item bought		Star pieces	2	
07/04/2025 22:41:00 UTC	In-game item bought		Charged TM	2	
07/04/2025 23:06:23 UTC	Pokecoin spent for in-game item		POKECOIN		-680
07/04/2025 23:06:23 UTC	In-game item bought		Lure	8	
07/04/2025 23:06:28 UTC	Pokecoin spent for in-game item		POKECOIN		-680
07/04/2025 23:06:28 UTC	In-game item bought		Lure	8	
07/04/2025 23:06:30 UTC	Pokecoin spent for in-game item		POKECOIN		-680
07/04/2025 23:06:30 UTC	In-game item bought		Lure	8	
07/04/2025 23:06:33 UTC	Pokecoin spent for in-game item		POKECOIN		-100
07/04/2025 23:06:33 UTC	In-game item bought		ITEM_POSTCARD_STORAGE_UPGRADE	1	
07/04/2025 23:06:35 UTC	Pokecoin spent for in-game item		POKECOIN		-100
07/04/2025 23:06:35 UTC	In-game item bought		ITEM_POSTCARD_STORAGE_UPGRADE	1	
07/04/2025 23:06:38 UTC	Pokecoin spent for in-game item		POKECOIN		-100
07/04/2025 23:06:38 UTC	In-game item bought		ITEM_POSTCARD_STORAGE_UPGRADE	1	
07/04/2025 23:06:41 UTC	Pokecoin spent for in-game item		POKECOIN		-100
07/04/2025 23:06:41 UTC	In-game item bought		ITEM_POSTCARD_STORAGE_UPGRADE	1	
07/04/2025 23:06:43 UTC	Pokecoin spent for in-game item		POKECOIN		-100
07/04/2025 23:06:43 UTC	In-game item bought		ITEM_POSTCARD_STORAGE_UPGRADE	1	
07/04/2025 23:06:45 UTC	Pokecoin spent for in-game item		POKECOIN		-100
07/04/2025 23:06:45 UTC	In-game item bought		ITEM_POSTCARD_STORAGE_UPGRADE	1	
07/04/2025 23:06:49 UTC	Pokecoin spent for in-game item		POKECOIN		-100
07/04/2025 23:06:49 UTC	In-game item bought		ITEM_POSTCARD_STORAGE_UPGRADE	1	
07/04/2025 23:06:52 UTC	Pokecoin spent for in-game item		POKECOIN		-100
07/04/2025 23:06:52 UTC	In-game item bought		ITEM_POSTCARD_STORAGE_UPGRADE	1	
07/04/2025 23:06:56 UTC	Pokecoin spent for in-game item		POKECOIN		-100
07/04/2025 23:06:56 UTC	In-game item bought		ITEM_POSTCARD_STORAGE_UPGRADE	1	
07/04/2025 23:07:00 UTC	Pokecoin spent for in-game item		POKECOIN		-100
07/04/2025 23:07:00 UTC	In-game item bought		ITEM_POSTCARD_STORAGE_UPGRADE	1	
07/04/2025 23:07:02 UTC	Pokecoin spent for in-game item		POKECOIN		-100
07/04/2025 23:07:02 UTC	In-game item bought		ITEM_POSTCARD_STORAGE_UPGRADE	1	
07/04/2025 23:07:22 UTC	Pokecoin spent for in-game item		POKECOIN		-100
07/04/2025 23:07:22 UTC	In-game item bought		ITEM_POFFIN	1	
07/05/2025 07:18:57 UTC	Pokecoin spent for in-game item		POKECOIN		0
07/05/2025 07:18:57 UTC	In-game item bought		Poke balls	2	
07/05/2025 07:18:57 UTC	In-game item bought		Great balls	2	
07/05/2025 07:18:57 UTC	In-game item bought		LPSKU_BUNDLE.GENERAL1.FREE.	1	
07/05/2025 07:19:14 UTC	Pokecoin spent for in-game item		POKECOIN		-425
07/05/2025 07:19:14 UTC	In-game item bought		ITEM_MP_REPLENISH	3	
07/05/2025 07:19:46 UTC	Pokecoin spent for in-game item		POKECOIN		-525
07/05/2025 07:19:46 UTC	In-game item bought		ITEM_REMOTE_RAID_TICKET	3	
07/05/2025 07:19:52 UTC	Pokecoin spent for in-game item		POKECOIN		-1000
07/05/2025 07:19:52 UTC	In-game item bought		ITEM_MAX_BOOST	3	
07/05/2025 07:19:56 UTC	Pokecoin spent for in-game item		POKECOIN		-1000
07/05/2025 07:19:56 UTC	In-game item bought		ITEM_MAX_BOOST	3	
07/05/2025 07:20:01 UTC	Pokecoin spent for in-game item		POKECOIN		-100
07/05/2025 07:20:01 UTC	In-game item bought		ITEM_POFFIN	1	
07/05/2025 07:20:04 UTC	Pokecoin spent for in-game item		POKECOIN		-100
07/05/2025 07:20:04 UTC	In-game item bought		ITEM_POFFIN	1	
07/05/2025 07:21:36 UTC	Pokecoin spent for in-game item		POKECOIN		-100
07/05/2025 07:21:36 UTC	In-game item bought		ITEM_POFFIN	1	
07/05/2025 07:21:41 UTC	Pokecoin spent for in-game item		POKECOIN		-100
07/05/2025 07:21:41 UTC	In-game item bought		ITEM_POFFIN	1	
07/05/2025 07:21:45 UTC	Pokecoin spent for in-game item		POKECOIN		-100
07/05/2025 07:21:45 UTC	In-game item bought		ITEM_POFFIN	1	
07/05/2025 07:22:12 UTC	Pokecoin spent for in-game item		POKECOIN		-640
07/05/2025 07:22:12 UTC	In-game item bought		Star pieces	8	
07/05/2025 07:22:14 UTC	Pokecoin spent for in-game item		POKECOIN		-640
07/05/2025 07:22:14 UTC	In-game item bought		Star pieces	8	
07/05/2025 07:22:17 UTC	Pokecoin spent for in-game item		POKECOIN		-500
07/05/2025 07:22:17 UTC	In-game item bought		Lucky egg	8	
07/05/2025 07:22:20 UTC	Pokecoin spent for in-game item		POKECOIN		-500
07/05/2025 07:22:20 UTC	In-game item bought		Lucky egg	8	
07/05/2025 20:48:29 UTC	Pokecoin bought	APPLE	POKECOIN		14500	2899.0	INR
07/06/2025 19:04:32 UTC	Pokecoin spent for in-game item		POKECOIN		-525
07/06/2025 19:04:32 UTC	In-game item bought		ITEM_REMOTE_RAID_TICKET	3	
07/07/2025 00:37:27 UTC	Pokecoin spent for in-game item		POKECOIN		-525
07/07/2025 00:37:27 UTC	In-game item bought		ITEM_REMOTE_RAID_TICKET	3	
07/07/2025 00:46:02 UTC	Pokecoin spent for in-game item		POKECOIN		0
07/07/2025 00:46:02 UTC	In-game item bought		Poke balls	3	
07/07/2025 00:46:02 UTC	In-game item bought		Great balls	1	
07/07/2025 00:46:02 UTC	In-game item bought		LPSKU_BUNDLE.GENERAL1.FREE.	1	
07/07/2025 00:48:50 UTC	Pokecoin spent for in-game item		POKECOIN		-7000
07/07/2025 00:48:50 UTC	In-game item bought		Egg incubator	100	
07/07/2025 00:49:13 UTC	Pokecoin spent for in-game item		POKECOIN		-750
07/07/2025 00:49:13 UTC	In-game item bought		Golden razz berry	10	
07/07/2025 00:49:13 UTC	In-game item bought		ITEM_POFFIN	10	
07/07/2025 00:49:16 UTC	Pokecoin spent for in-game item		POKECOIN		-750
07/07/2025 00:49:16 UTC	In-game item bought		Golden razz berry	10	
07/07/2025 00:49:16 UTC	In-game item bought		ITEM_POFFIN	10	
07/07/2025 00:49:18 UTC	Pokecoin spent for in-game item		POKECOIN		-750
07/07/2025 00:49:18 UTC	In-game item bought		Golden razz berry	10	
07/07/2025 00:49:18 UTC	In-game item bought		ITEM_POFFIN	10	
07/07/2025 00:49:21 UTC	Pokecoin spent for in-game item		POKECOIN		-750
07/07/2025 00:49:21 UTC	In-game item bought		Golden razz berry	10	
07/07/2025 00:49:21 UTC	In-game item bought		ITEM_POFFIN	10	
07/07/2025 00:49:24 UTC	Pokecoin spent for in-game item		POKECOIN		-750
07/07/2025 00:49:24 UTC	In-game item bought		Golden razz berry	10	
07/07/2025 00:49:24 UTC	In-game item bought		ITEM_POFFIN	10	
07/07/2025 00:49:36 UTC	Pokecoin spent for in-game item		POKECOIN		-1350
07/07/2025 00:49:36 UTC	In-game item bought		Ultra balls	50	
07/07/2025 00:49:36 UTC	In-game item bought		ITEM_MOVE_REROLL_ELITE_SPECIAL_ATTACK	1	
07/07/2025 00:49:36 UTC	In-game item bought		Egg incubator	5	
07/07/2025 00:49:36 UTC	In-game item bought		Lucky egg	5	
07/07/2025 00:49:45 UTC	Pokecoin spent for in-game item		POKECOIN		-750
07/07/2025 00:49:45 UTC	In-game item bought		Golden razz berry	10	
07/07/2025 00:49:45 UTC	In-game item bought		ITEM_POFFIN	10	
07/07/2025 01:08:29 UTC	Pokecoin spent for in-game item		POKECOIN		-750
07/07/2025 01:08:29 UTC	In-game item bought		Golden razz berry	10	
07/07/2025 01:08:29 UTC	In-game item bought		ITEM_POFFIN	10	
07/07/2025 01:08:32 UTC	Pokecoin spent for in-game item		POKECOIN		-750
07/07/2025 01:08:32 UTC	In-game item bought		Golden razz berry	10	
07/07/2025 01:08:32 UTC	In-game item bought		ITEM_POFFIN	10	
07/07/2025 01:08:35 UTC	Pokecoin spent for in-game item		POKECOIN		-750
07/07/2025 01:08:35 UTC	In-game item bought		Golden razz berry	10	
07/07/2025 01:08:35 UTC	In-game item bought		ITEM_POFFIN	10	
07/07/2025 01:08:37 UTC	Pokecoin spent for in-game item		POKECOIN		-750
07/07/2025 01:08:37 UTC	In-game item bought		Golden razz berry	10	
07/07/2025 01:08:37 UTC	In-game item bought		ITEM_POFFIN	10	
07/07/2025 01:09:06 UTC	Pokecoin spent for in-game item		POKECOIN		-525
07/07/2025 01:09:06 UTC	In-game item bought		ITEM_REMOTE_RAID_TICKET	3	
07/07/2025 04:59:14 UTC	Pokecoin spent for in-game item		POKECOIN		-525
07/07/2025 04:59:15 UTC	In-game item bought		ITEM_REMOTE_RAID_TICKET	3	
07/07/2025 16:41:55 UTC	Pokecoin spent for in-game item		POKECOIN		0
07/07/2025 16:41:55 UTC	In-game item bought		Poke balls	3	
07/07/2025 16:41:55 UTC	In-game item bought		Great balls	1	
07/07/2025 16:41:55 UTC	In-game item bought		LPSKU_BUNDLE.GENERAL1.FREE.	1	
07/08/2025 01:19:47 UTC	Pokecoin spent for in-game item		POKECOIN		-525
07/08/2025 01:19:47 UTC	In-game item bought		ITEM_REMOTE_RAID_TICKET	3	
07/08/2025 04:07:51 UTC	Pokecoin spent for in-game item		POKECOIN		-195
07/08/2025 04:07:51 UTC	In-game item bought		ITEM_REMOTE_RAID_TICKET	1	
07/08/2025 06:49:39 UTC	Pokecoin bought	APPLE	POKECOIN		14500	2899.0	INR
07/08/2025 19:42:12 UTC	Pokecoin spent for in-game item		POKECOIN		-525
07/08/2025 19:42:12 UTC	In-game item bought		ITEM_REMOTE_RAID_TICKET	3	
07/08/2025 21:19:18 UTC	Pokecoin spent for in-game item		POKECOIN		0
07/08/2025 21:19:18 UTC	In-game item bought		Poke balls	3	
07/08/2025 21:19:18 UTC	In-game item bought		Great balls	1	
07/08/2025 21:19:18 UTC	In-game item bought		LPSKU_BUNDLE.GENERAL1.FREE.	1	
07/09/2025 03:33:19 UTC	Pokecoin spent for in-game item		POKECOIN		-525
07/09/2025 03:33:19 UTC	In-game item bought		ITEM_REMOTE_RAID_TICKET	3	
07/09/2025 05:12:27 UTC	Pokecoin spent for in-game item		POKECOIN		-525
07/09/2025 05:12:27 UTC	In-game item bought		ITEM_REMOTE_RAID_TICKET	3	
07/09/2025 14:28:44 UTC	Pokecoin spent for in-game item		POKECOIN		0
07/09/2025 14:28:44 UTC	In-game item bought		Poke balls	3	
07/09/2025 14:28:44 UTC	In-game item bought		LPSKU_BUNDLE.GENERAL1.FREE.	1	
07/09/2025 14:28:44 UTC	In-game item bought		Potion	1	
07/10/2025 15:12:37 UTC	Pokecoin spent for in-game item		POKECOIN		0
07/10/2025 15:12:37 UTC	In-game item bought		Razz berry	1	
07/10/2025 15:12:37 UTC	In-game item bought		Poke balls	2	
07/10/2025 15:12:37 UTC	In-game item bought		LPSKU_BUNDLE.GENERAL1.FREE.	1	
07/10/2025 15:12:37 UTC	In-game item bought		Potion	1	
07/11/2025 02:18:26 UTC	Pokecoin spent for in-game item		POKECOIN		-200
07/11/2025 02:18:26 UTC	In-game item bought		ITEM_LEADER_MAP	1	
07/11/2025 02:18:29 UTC	Pokecoin spent for in-game item		POKECOIN		-200
07/11/2025 02:18:29 UTC	In-game item bought		ITEM_LEADER_MAP	1	
07/11/2025 03:11:16 UTC	Pokecoin spent for in-game item		POKECOIN		-525
07/11/2025 03:11:16 UTC	In-game item bought		ITEM_REMOTE_RAID_TICKET	3	
07/12/2025 01:25:56 UTC	Pokecoin spent for in-game item		POKECOIN		-525
07/12/2025 01:25:56 UTC	In-game item bought		ITEM_REMOTE_RAID_TICKET	3	
07/12/2025 03:29:46 UTC	Pokecoin spent for in-game item		POKECOIN		-525
07/12/2025 03:29:46 UTC	In-game item bought		ITEM_REMOTE_RAID_TICKET	3	
07/12/2025 03:50:23 UTC	Pokecoin spent for in-game item		POKECOIN		-595
07/12/2025 03:50:23 UTC	In-game item bought		Raid pass (paid)	2	
07/12/2025 03:50:23 UTC	In-game item bought		ITEM_REMOTE_RAID_TICKET	3	
07/12/2025 03:50:26 UTC	Pokecoin spent for in-game item		POKECOIN		0
07/12/2025 03:50:26 UTC	In-game item bought		Razz berry	2	
07/12/2025 03:50:26 UTC	In-game item bought		Poke balls	1	
07/12/2025 03:50:26 UTC	In-game item bought		LPSKU_BUNDLE.GENERAL1.FREE.	1	
07/12/2025 03:50:26 UTC	In-game item bought		Potion	1	
07/12/2025 18:01:04 UTC	Pokecoin spent for in-game item		POKECOIN		-195
07/12/2025 18:01:04 UTC	In-game item bought		ITEM_REMOTE_RAID_TICKET	1	
07/12/2025 18:41:53 UTC	Pokecoin spent for in-game item		POKECOIN		0
07/12/2025 18:41:53 UTC	In-game item bought		Poke balls	1	
07/12/2025 18:41:53 UTC	In-game item bought		Great balls	2	
07/12/2025 18:41:53 UTC	In-game item bought		LPSKU_BUNDLE.GENERAL1.FREE.	1	
07/12/2025 18:41:53 UTC	In-game item bought		Potion	1	
07/12/2025 21:01:30 UTC	Pokecoin spent for in-game item		POKECOIN		-525
07/12/2025 21:01:30 UTC	In-game item bought		ITEM_REMOTE_RAID_TICKET	3	
07/12/2025 23:36:09 UTC	Pokecoin spent for in-game item		POKECOIN		-525
07/12/2025 23:36:09 UTC	In-game item bought		ITEM_REMOTE_RAID_TICKET	3	
07/13/2025 01:38:14 UTC	Pokecoin spent for in-game item		POKECOIN		-525
07/13/2025 01:38:14 UTC	In-game item bought		ITEM_REMOTE_RAID_TICKET	3	
07/13/2025 07:29:10 UTC	Pokecoin spent for in-game item		POKECOIN		-575
07/13/2025 07:29:10 UTC	In-game item bought		Star pieces	3	
07/13/2025 07:29:10 UTC	In-game item bought		ITEM_REMOTE_RAID_TICKET	3	
07/13/2025 07:29:15 UTC	Pokecoin spent for in-game item		POKECOIN		0
07/13/2025 07:29:15 UTC	In-game item bought		Poke balls	1	
07/13/2025 07:29:15 UTC	In-game item bought		Great balls	2	
07/13/2025 07:29:15 UTC	In-game item bought		LPSKU_BUNDLE.GENERAL1.FREE.	1	
07/13/2025 07:29:15 UTC	In-game item bought		Potion	1	
07/13/2025 19:03:56 UTC	Pokecoin spent for in-game item		POKECOIN		-575
07/13/2025 19:03:56 UTC	In-game item bought		Star pieces	3	
07/13/2025 19:03:56 UTC	In-game item bought		ITEM_REMOTE_RAID_TICKET	3	
07/13/2025 23:54:48 UTC	Pokecoin spent for in-game item		POKECOIN		-575
07/13/2025 23:54:48 UTC	In-game item bought		Star pieces	3	
07/13/2025 23:54:48 UTC	In-game item bought		ITEM_REMOTE_RAID_TICKET	3	
07/14/2025 00:31:22 UTC	Pokecoin spent for in-game item		POKECOIN		-575
07/14/2025 00:31:22 UTC	In-game item bought		Star pieces	3	
07/14/2025 00:31:22 UTC	In-game item bought		ITEM_REMOTE_RAID_TICKET	3	
07/16/2025 01:17:00 UTC	Pokecoin spent for in-game item		POKECOIN		0
07/16/2025 01:17:00 UTC	In-game item bought		Poke balls	2	
07/16/2025 01:17:00 UTC	In-game item bought		LPSKU_BUNDLE.GENERAL1.FREE.	1	
07/16/2025 01:17:00 UTC	In-game item bought		Potion	2	
07/16/2025 14:26:41 UTC	Pokecoin spent for in-game item		POKECOIN		0
07/16/2025 14:26:41 UTC	In-game item bought		Poke balls	2	
07/16/2025 14:26:41 UTC	In-game item bought		Great balls	2	
07/16/2025 14:26:41 UTC	In-game item bought		LPSKU_BUNDLE.GENERAL1.FREE.	1	
07/17/2025 03:54:08 UTC	Pokecoin spent for in-game item		POKECOIN		-525
07/17/2025 03:54:08 UTC	In-game item bought		ITEM_REMOTE_RAID_TICKET	3	
07/18/2025 00:37:04 UTC	Pokecoin spent for in-game item		POKECOIN		0
07/18/2025 00:37:04 UTC	In-game item bought		Poke balls	4	
07/18/2025 00:37:04 UTC	In-game item bought		LPSKU_BUNDLE.GENERAL1.FREE.	1	
07/18/2025 02:06:40 UTC	Pokecoin spent for in-game item		POKECOIN		-525
07/18/2025 02:06:40 UTC	In-game item bought		ITEM_REMOTE_RAID_TICKET	3	
07/19/2025 03:27:07 UTC	Pokecoin spent for in-game item		POKECOIN		0
07/19/2025 03:27:07 UTC	In-game item bought		Poke balls	4	
07/19/2025 03:27:07 UTC	In-game item bought		LPSKU_BUNDLE.GENERAL1.FREE.	1	
07/19/2025 19:56:06 UTC	Pokecoin bought	APPLE	POKECOIN		14500	2899.0	INR
07/19/2025 20:08:30 UTC	Pokecoin spent for in-game item		POKECOIN		-200
07/19/2025 20:08:30 UTC	In-game item bought		UPGRADE_GMAX_BATTLE_REWARD_LEVEL	1	
07/19/2025 20:18:27 UTC	Pokecoin spent for in-game item		POKECOIN		-200
07/19/2025 20:18:27 UTC	In-game item bought		UPGRADE_GMAX_BATTLE_REWARD_LEVEL	1	
07/19/2025 20:29:47 UTC	Pokecoin spent for in-game item		POKECOIN		-200
07/19/2025 20:29:47 UTC	In-game item bought		UPGRADE_GMAX_BATTLE_REWARD_LEVEL	1	
07/19/2025 20:43:49 UTC	Pokecoin spent for in-game item		POKECOIN		-525
07/19/2025 20:43:49 UTC	In-game item bought		ITEM_REMOTE_RAID_TICKET	3	
07/19/2025 20:47:22 UTC	Pokecoin spent for in-game item		POKECOIN		-200
07/19/2025 20:47:22 UTC	In-game item bought		UPGRADE_GMAX_BATTLE_REWARD_LEVEL	1	
07/19/2025 21:05:59 UTC	Pokecoin spent for in-game item		POKECOIN		-200
07/19/2025 21:05:59 UTC	In-game item bought		UPGRADE_GMAX_BATTLE_REWARD_LEVEL	1	
07/19/2025 21:18:30 UTC	Pokecoin spent for in-game item		POKECOIN		-200
07/19/2025 21:18:30 UTC	In-game item bought		UPGRADE_GMAX_BATTLE_REWARD_LEVEL	1	
07/19/2025 21:34:12 UTC	Pokecoin spent for in-game item		POKECOIN		-200
07/19/2025 21:34:12 UTC	In-game item bought		UPGRADE_GMAX_BATTLE_REWARD_LEVEL	1	
07/19/2025 21:40:43 UTC	Pokecoin spent for in-game item		POKECOIN		-200
07/19/2025 21:40:43 UTC	In-game item bought		UPGRADE_GMAX_BATTLE_REWARD_LEVEL	1	
07/19/2025 21:50:17 UTC	Pokecoin spent for in-game item		POKECOIN		-200
07/19/2025 21:50:17 UTC	In-game item bought		UPGRADE_GMAX_BATTLE_REWARD_LEVEL	1	
07/19/2025 22:02:49 UTC	Pokecoin spent for in-game item		POKECOIN		-200
07/19/2025 22:02:49 UTC	In-game item bought		UPGRADE_GMAX_BATTLE_REWARD_LEVEL	1	
07/19/2025 22:08:51 UTC	Pokecoin spent for in-game item		POKECOIN		-200
07/19/2025 22:08:51 UTC	In-game item bought		UPGRADE_GMAX_BATTLE_REWARD_LEVEL	1	
07/19/2025 22:33:37 UTC	Pokecoin spent for in-game item		POKECOIN		-200
07/19/2025 22:33:37 UTC	In-game item bought		UPGRADE_GMAX_BATTLE_REWARD_LEVEL	1	
07/19/2025 22:43:52 UTC	Pokecoin spent for in-game item		POKECOIN		-200
07/19/2025 22:43:52 UTC	In-game item bought		UPGRADE_GMAX_BATTLE_REWARD_LEVEL	1	
07/19/2025 23:14:29 UTC	Pokecoin spent for in-game item		POKECOIN		-200
07/19/2025 23:14:29 UTC	In-game item bought		UPGRADE_GMAX_BATTLE_REWARD_LEVEL	1	
07/19/2025 23:34:21 UTC	Pokecoin spent for in-game item		POKECOIN		-200
07/19/2025 23:34:21 UTC	In-game item bought		UPGRADE_GMAX_BATTLE_REWARD_LEVEL	1	
07/19/2025 23:41:44 UTC	Pokecoin spent for in-game item		POKECOIN		-200
07/19/2025 23:41:44 UTC	In-game item bought		UPGRADE_GMAX_BATTLE_REWARD_LEVEL	1	
07/19/2025 23:45:09 UTC	Pokecoin spent for in-game item		POKECOIN		-425
07/19/2025 23:45:09 UTC	In-game item bought		ITEM_MP_REPLENISH	3	
07/19/2025 23:49:17 UTC	Pokecoin spent for in-game item		POKECOIN		-200
07/19/2025 23:49:17 UTC	In-game item bought		UPGRADE_GMAX_BATTLE_REWARD_LEVEL	1	
07/22/2025 04:08:47 UTC	Pokecoin spent for in-game item		POKECOIN		-525
07/22/2025 04:08:47 UTC	In-game item bought		ITEM_REMOTE_RAID_TICKET	3	
07/22/2025 04:23:06 UTC	Pokecoin spent for in-game item		POKECOIN		-650
07/22/2025 04:23:06 UTC	In-game item bought		Raid pass (paid)	3	
07/22/2025 04:23:06 UTC	In-game item bought		ITEM_POFFIN	1	
07/22/2025 04:23:06 UTC	In-game item bought		ITEM_REMOTE_RAID_TICKET	3	
07/24/2025 04:29:49 UTC	Pokecoin spent for in-game item		POKECOIN		-525
07/24/2025 04:29:49 UTC	In-game item bought		ITEM_REMOTE_RAID_TICKET	3	
07/25/2025 05:32:55 UTC	Pokecoin spent for in-game item		POKECOIN		0
07/25/2025 05:32:56 UTC	In-game item bought		Poke balls	3	
07/25/2025 05:32:56 UTC	In-game item bought		Great balls	1	
07/25/2025 05:32:56 UTC	In-game item bought		LPSKU_BUNDLE.GENERAL1.FREE.	1	
07/25/2025 14:46:32 UTC	Pokecoin spent for in-game item		POKECOIN		-525
07/25/2025 14:46:32 UTC	In-game item bought		ITEM_REMOTE_RAID_TICKET	3	
07/25/2025 14:46:36 UTC	Pokecoin spent for in-game item		POKECOIN		0
07/25/2025 14:46:36 UTC	In-game item bought		Poke balls	2	
07/25/2025 14:46:36 UTC	In-game item bought		Great balls	1	
07/25/2025 14:46:36 UTC	In-game item bought		LPSKU_BUNDLE.GENERAL1.FREE.	1	
07/25/2025 14:46:36 UTC	In-game item bought		Potion	1	
07/26/2025 02:30:36 UTC	Pokecoin spent for in-game item		POKECOIN		-525
07/26/2025 02:30:37 UTC	In-game item bought		ITEM_REMOTE_RAID_TICKET	3	
07/26/2025 02:46:22 UTC	Pokecoin spent for in-game item		POKECOIN		-525
07/26/2025 02:46:22 UTC	In-game item bought		ITEM_REMOTE_RAID_TICKET	3	
07/26/2025 02:55:55 UTC	Pokecoin spent for in-game item		POKECOIN		-200
07/26/2025 02:55:55 UTC	In-game item bought		UPGRADE_DMAX_BATTLE_REWARD_LEVEL	1	
07/26/2025 03:10:26 UTC	Pokecoin spent for in-game item		POKECOIN		-200
07/26/2025 03:10:26 UTC	In-game item bought		UPGRADE_DMAX_BATTLE_REWARD_LEVEL	1	
07/26/2025 03:42:55 UTC	Pokecoin spent for in-game item		POKECOIN		-200
07/26/2025 03:42:55 UTC	In-game item bought		UPGRADE_DMAX_BATTLE_REWARD_LEVEL	1	
07/26/2025 03:53:02 UTC	Pokecoin spent for in-game item		POKECOIN		-200
07/26/2025 03:53:02 UTC	In-game item bought		UPGRADE_DMAX_BATTLE_REWARD_LEVEL	1	
07/26/2025 04:02:40 UTC	Pokecoin spent for in-game item		POKECOIN		-425
07/26/2025 04:02:40 UTC	In-game item bought		ITEM_MP_REPLENISH	3	
07/26/2025 04:07:03 UTC	Pokecoin spent for in-game item		POKECOIN		-200
07/26/2025 04:07:03 UTC	In-game item bought		UPGRADE_DMAX_BATTLE_REWARD_LEVEL	1	
07/26/2025 04:34:00 UTC	Pokecoin spent for in-game item		POKECOIN		-525
07/26/2025 04:34:00 UTC	In-game item bought		ITEM_REMOTE_RAID_TICKET	3	
07/26/2025 04:39:02 UTC	Pokecoin spent for in-game item		POKECOIN		-200
07/26/2025 04:39:02 UTC	In-game item bought		UPGRADE_DMAX_BATTLE_REWARD_LEVEL	1	
07/26/2025 05:13:26 UTC	Pokecoin spent for in-game item		POKECOIN		-425
07/26/2025 05:13:26 UTC	In-game item bought		ITEM_MP_REPLENISH	3	
07/26/2025 15:09:02 UTC	Pokecoin spent for in-game item		POKECOIN		-200
07/26/2025 15:09:02 UTC	In-game item bought		UPGRADE_DMAX_BATTLE_REWARD_LEVEL	1	
07/26/2025 15:14:20 UTC	Pokecoin spent for in-game item		POKECOIN		0
07/26/2025 15:14:20 UTC	In-game item bought		Poke balls	2	
07/26/2025 15:14:20 UTC	In-game item bought		Great balls	1	
07/26/2025 15:14:20 UTC	In-game item bought		LPSKU_BUNDLE.GENERAL1.FREE.	1	
07/26/2025 15:14:20 UTC	In-game item bought		Potion	1	
07/26/2025 15:24:03 UTC	Pokecoin spent for in-game item		POKECOIN		-200
07/26/2025 15:24:03 UTC	In-game item bought		UPGRADE_DMAX_BATTLE_REWARD_LEVEL	1	
07/26/2025 15:33:09 UTC	Pokecoin spent for in-game item		POKECOIN		-200
07/26/2025 15:33:09 UTC	In-game item bought		UPGRADE_DMAX_BATTLE_REWARD_LEVEL	1	
07/26/2025 15:39:27 UTC	Pokecoin spent for in-game item		POKECOIN		-200
07/26/2025 15:39:27 UTC	In-game item bought		UPGRADE_DMAX_BATTLE_REWARD_LEVEL	1	
07/26/2025 15:45:23 UTC	Pokecoin spent for in-game item		POKECOIN		-200
07/26/2025 15:45:23 UTC	In-game item bought		UPGRADE_DMAX_BATTLE_REWARD_LEVEL	1	
07/26/2025 15:51:35 UTC	Pokecoin spent for in-game item		POKECOIN		-425
07/26/2025 15:51:35 UTC	In-game item bought		ITEM_MP_REPLENISH	3	
07/26/2025 16:20:38 UTC	Pokecoin spent for in-game item		POKECOIN		-425
07/26/2025 16:20:38 UTC	In-game item bought		ITEM_MP_REPLENISH	3	
07/26/2025 16:38:34 UTC	Pokecoin spent for in-game item		POKECOIN		-425
07/26/2025 16:38:34 UTC	In-game item bought		ITEM_MP_REPLENISH	3	
07/26/2025 16:57:08 UTC	Pokecoin spent for in-game item		POKECOIN		-500
07/26/2025 16:57:08 UTC	In-game item bought		Lucky egg	8	
07/26/2025 17:10:57 UTC	Pokecoin spent for in-game item		POKECOIN		-425
07/26/2025 17:10:57 UTC	In-game item bought		ITEM_MP_REPLENISH	3	
07/26/2025 17:30:40 UTC	Pokecoin spent for in-game item		POKECOIN		-425
07/26/2025 17:30:40 UTC	In-game item bought		ITEM_MP_REPLENISH	3	
07/26/2025 17:58:53 UTC	Pokecoin spent for in-game item		POKECOIN		-425
07/26/2025 17:58:53 UTC	In-game item bought		ITEM_MP_REPLENISH	3	
07/26/2025 20:14:32 UTC	Pokecoin spent for in-game item		POKECOIN		-425
07/26/2025 20:14:32 UTC	In-game item bought		ITEM_MP_REPLENISH	3	
07/26/2025 20:14:35 UTC	Pokecoin spent for in-game item		POKECOIN		-525
07/26/2025 20:14:35 UTC	In-game item bought		ITEM_REMOTE_RAID_TICKET	3	
07/26/2025 20:14:38 UTC	Pokecoin spent for in-game item		POKECOIN		-425
07/26/2025 20:14:38 UTC	In-game item bought		ITEM_MP_REPLENISH	3	
07/26/2025 20:14:42 UTC	Pokecoin spent for in-game item		POKECOIN		-425
07/26/2025 20:14:42 UTC	In-game item bought		ITEM_MP_REPLENISH	3	
07/26/2025 20:45:09 UTC	Pokecoin spent for in-game item		POKECOIN		-525
07/26/2025 20:45:09 UTC	In-game item bought		ITEM_REMOTE_RAID_TICKET	3	
07/27/2025 15:10:23 UTC	Pokecoin spent for in-game item		POKECOIN		0
07/27/2025 15:10:23 UTC	In-game item bought		Poke balls	2	
07/27/2025 15:10:23 UTC	In-game item bought		Great balls	2	
07/27/2025 15:10:23 UTC	In-game item bought		LPSKU_BUNDLE.GENERAL1.FREE.	1	
07/27/2025 16:09:20 UTC	Pokecoin spent for in-game item		POKECOIN		-1000
07/27/2025 16:09:20 UTC	In-game item bought		ITEM_MAX_BOOST	3	
07/27/2025 16:16:15 UTC	Pokecoin spent for in-game item		POKECOIN		-425
07/27/2025 16:16:15 UTC	In-game item bought		ITEM_MP_REPLENISH	3	
07/27/2025 16:39:59 UTC	Pokecoin spent for in-game item		POKECOIN		-425
07/27/2025 16:39:59 UTC	In-game item bought		ITEM_MP_REPLENISH	3	
07/27/2025 17:12:46 UTC	Pokecoin spent for in-game item		POKECOIN		-425
07/27/2025 17:12:46 UTC	In-game item bought		ITEM_MP_REPLENISH	3	
07/27/2025 18:28:40 UTC	Pokecoin spent for in-game item		POKECOIN		-200
07/27/2025 18:28:40 UTC	In-game item bought		ITEM_LEADER_MAP	1	
07/27/2025 18:28:43 UTC	Pokecoin spent for in-game item		POKECOIN		-200
07/27/2025 18:28:43 UTC	In-game item bought		ITEM_LEADER_MAP	1	
07/27/2025 18:28:46 UTC	Pokecoin spent for in-game item		POKECOIN		-200
07/27/2025 18:28:46 UTC	In-game item bought		ITEM_LEADER_MAP	1	
07/27/2025 18:29:00 UTC	Pokecoin spent for in-game item		POKECOIN		-200
07/27/2025 18:29:00 UTC	In-game item bought		ITEM_LEADER_MAP	1	
07/27/2025 18:29:02 UTC	Pokecoin spent for in-game item		POKECOIN		-200
07/27/2025 18:29:02 UTC	In-game item bought		ITEM_LEADER_MAP	1	
07/27/2025 22:56:02 UTC	Pokecoin bought	APPLE	POKECOIN		14500	2899.0	INR
07/27/2025 23:48:46 UTC	Pokecoin spent for in-game item		POKECOIN		-525
07/27/2025 23:48:46 UTC	In-game item bought		ITEM_REMOTE_RAID_TICKET	3	
07/27/2025 23:48:49 UTC	Pokecoin spent for in-game item		POKECOIN		-425
07/27/2025 23:48:49 UTC	In-game item bought		ITEM_MP_REPLENISH	3	
07/27/2025 23:48:52 UTC	Pokecoin spent for in-game item		POKECOIN		-425
07/27/2025 23:48:52 UTC	In-game item bought		ITEM_MP_REPLENISH	3	
07/27/2025 23:48:55 UTC	Pokecoin spent for in-game item		POKECOIN		-425
07/27/2025 23:48:55 UTC	In-game item bought		ITEM_MP_REPLENISH	3	
07/27/2025 23:48:58 UTC	Pokecoin spent for in-game item		POKECOIN		-425
07/27/2025 23:48:58 UTC	In-game item bought		ITEM_MP_REPLENISH	3	
07/28/2025 04:25:39 UTC	Pokecoin spent for in-game item		POKECOIN		-525
07/28/2025 04:25:39 UTC	In-game item bought		ITEM_REMOTE_RAID_TICKET	3	
07/29/2025 04:59:12 UTC	Pokecoin spent for in-game item		POKECOIN		0
07/29/2025 04:59:12 UTC	In-game item bought		Poke balls	1	
07/29/2025 04:59:12 UTC	In-game item bought		Great balls	1	
07/29/2025 04:59:12 UTC	In-game item bought		LPSKU_BUNDLE.GENERAL1.FREE.	1	
07/29/2025 04:59:12 UTC	In-game item bought		Potion	2	
07/29/2025 04:59:15 UTC	Pokecoin spent for in-game item		POKECOIN		-525
07/29/2025 04:59:15 UTC	In-game item bought		ITEM_REMOTE_RAID_TICKET	3	
07/30/2025 04:59:06 UTC	Pokecoin spent for in-game item		POKECOIN		-425
07/30/2025 04:59:06 UTC	In-game item bought		Raid pass (paid)	3	
07/30/2025 04:59:06 UTC	In-game item bought		ITEM_REMOTE_RAID_TICKET	2	
07/31/2025 14:29:07 UTC	Pokecoin spent for in-game item		POKECOIN		0
07/31/2025 14:29:07 UTC	In-game item bought		Poke balls	2	
07/31/2025 14:29:07 UTC	In-game item bought		Great balls	1	
07/31/2025 14:29:07 UTC	In-game item bought		LPSKU_BUNDLE.GENERAL1.FREE.	1	
07/31/2025 14:29:07 UTC	In-game item bought		Potion	1	
08/01/2025 14:24:03 UTC	Pokecoin spent for in-game item		POKECOIN		0
08/01/2025 14:24:03 UTC	In-game item bought		Poke balls	3	
08/01/2025 14:24:03 UTC	In-game item bought		LPSKU_BUNDLE.GENERAL1.FREE.	1	
08/01/2025 14:24:03 UTC	In-game item bought		Potion	1	
08/02/2025 18:10:06 UTC	Pokecoin spent for in-game item		POKECOIN		0
08/02/2025 18:10:06 UTC	In-game item bought		Poke balls	2	
08/02/2025 18:10:06 UTC	In-game item bought		Great balls	1	
08/02/2025 18:10:06 UTC	In-game item bought		LPSKU_BUNDLE.GENERAL1.FREE.	1	
08/02/2025 18:10:06 UTC	In-game item bought		Potion	1	
08/02/2025 18:10:12 UTC	Pokecoin spent for in-game item		POKECOIN		-525
08/02/2025 18:10:12 UTC	In-game item bought		ITEM_REMOTE_RAID_TICKET	3	
08/03/2025 02:29:46 UTC	Pokecoin spent for in-game item		POKECOIN		-525
08/03/2025 02:29:46 UTC	In-game item bought		ITEM_REMOTE_RAID_TICKET	3	
08/03/2025 03:04:42 UTC	Pokecoin spent for in-game item		POKECOIN		-525
08/03/2025 03:04:42 UTC	In-game item bought		ITEM_REMOTE_RAID_TICKET	3	
08/03/2025 03:10:52 UTC	Pokecoin spent for in-game item		POKECOIN		-525
08/03/2025 03:10:52 UTC	In-game item bought		ITEM_REMOTE_RAID_TICKET	3	
08/03/2025 05:56:38 UTC	Pokecoin spent for in-game item		POKECOIN		-425
08/03/2025 05:56:38 UTC	In-game item bought		ITEM_MP_REPLENISH	3	
08/03/2025 05:56:40 UTC	Pokecoin spent for in-game item		POKECOIN		-425
08/03/2025 05:56:40 UTC	In-game item bought		ITEM_MP_REPLENISH	3	
08/03/2025 05:56:45 UTC	Pokecoin spent for in-game item		POKECOIN		-525
08/03/2025 05:56:45 UTC	In-game item bought		ITEM_REMOTE_RAID_TICKET	3	
08/03/2025 07:04:42 UTC	Pokecoin spent for in-game item		POKECOIN		-525
08/03/2025 07:04:42 UTC	In-game item bought		ITEM_REMOTE_RAID_TICKET	3	
08/03/2025 20:56:15 UTC	Pokecoin spent for in-game item		POKECOIN		0
08/03/2025 20:56:15 UTC	In-game item bought		Poke balls	2	
08/03/2025 20:56:15 UTC	In-game item bought		Great balls	1	
08/03/2025 20:56:15 UTC	In-game item bought		LPSKU_BUNDLE.GENERAL1.FREE.	1	
08/03/2025 20:56:15 UTC	In-game item bought		Potion	1	
08/03/2025 21:03:02 UTC	Pokecoin spent for in-game item		POKECOIN		-200
08/03/2025 21:03:02 UTC	In-game item bought		UPGRADE_GMAX_BATTLE_REWARD_LEVEL	1	
08/03/2025 21:10:47 UTC	Pokecoin spent for in-game item		POKECOIN		-200
08/03/2025 21:10:47 UTC	In-game item bought		UPGRADE_GMAX_BATTLE_REWARD_LEVEL	1	
08/03/2025 21:20:24 UTC	Pokecoin spent for in-game item		POKECOIN		-200
08/03/2025 21:20:24 UTC	In-game item bought		UPGRADE_GMAX_BATTLE_REWARD_LEVEL	1	
08/03/2025 21:26:53 UTC	Pokecoin spent for in-game item		POKECOIN		-200
08/03/2025 21:26:53 UTC	In-game item bought		UPGRADE_GMAX_BATTLE_REWARD_LEVEL	1	
08/03/2025 21:34:12 UTC	Pokecoin spent for in-game item		POKECOIN		-200
08/03/2025 21:34:12 UTC	In-game item bought		UPGRADE_GMAX_BATTLE_REWARD_LEVEL	1	
08/03/2025 21:39:49 UTC	Pokecoin spent for in-game item		POKECOIN		-200
08/03/2025 21:39:49 UTC	In-game item bought		UPGRADE_GMAX_BATTLE_REWARD_LEVEL	1	
08/03/2025 21:45:46 UTC	Pokecoin spent for in-game item		POKECOIN		-200
08/03/2025 21:45:46 UTC	In-game item bought		UPGRADE_GMAX_BATTLE_REWARD_LEVEL	1	
08/03/2025 21:52:01 UTC	Pokecoin spent for in-game item		POKECOIN		-200
08/03/2025 21:52:01 UTC	In-game item bought		UPGRADE_GMAX_BATTLE_REWARD_LEVEL	1	
08/03/2025 22:04:06 UTC	Pokecoin spent for in-game item		POKECOIN		-200
08/03/2025 22:04:06 UTC	In-game item bought		UPGRADE_GMAX_BATTLE_REWARD_LEVEL	1	
08/03/2025 22:08:50 UTC	Pokecoin spent for in-game item		POKECOIN		-200
08/03/2025 22:08:50 UTC	In-game item bought		UPGRADE_GMAX_BATTLE_REWARD_LEVEL	1	
08/03/2025 22:10:47 UTC	Pokecoin spent for in-game item		POKECOIN		-425
08/03/2025 22:10:47 UTC	In-game item bought		ITEM_MP_REPLENISH	3	
08/03/2025 22:44:58 UTC	Pokecoin spent for in-game item		POKECOIN		-525
08/03/2025 22:44:58 UTC	In-game item bought		ITEM_REMOTE_RAID_TICKET	3	
08/04/2025 00:41:27 UTC	Pokecoin spent for in-game item		POKECOIN		-525
08/04/2025 00:41:27 UTC	In-game item bought		ITEM_REMOTE_RAID_TICKET	3	
08/04/2025 02:17:54 UTC	Pokecoin spent for in-game item		POKECOIN		-525
08/04/2025 02:17:54 UTC	In-game item bought		ITEM_REMOTE_RAID_TICKET	3	
08/04/2025 04:32:12 UTC	Pokecoin spent for in-game item		POKECOIN		-640
08/04/2025 04:32:12 UTC	In-game item bought		Star pieces	8	
08/04/2025 04:32:15 UTC	Pokecoin spent for in-game item		POKECOIN		-500
08/04/2025 04:32:15 UTC	In-game item bought		Lucky egg	8	
08/06/2025 01:04:04 UTC	Pokecoin spent for in-game item		POKECOIN		0
08/06/2025 01:04:04 UTC	In-game item bought		Poke balls	3	
08/06/2025 01:04:04 UTC	In-game item bought		LPSKU_BUNDLE.GENERAL1.FREE.	1	
08/06/2025 01:04:04 UTC	In-game item bought		Potion	1	
08/07/2025 02:49:26 UTC	Pokecoin spent for in-game item		POKECOIN		0
08/07/2025 02:49:26 UTC	In-game item bought		Poke balls	1	
08/07/2025 02:49:26 UTC	In-game item bought		Great balls	1	
08/07/2025 02:49:26 UTC	In-game item bought		LPSKU_BUNDLE.GENERAL1.FREE.	1	
08/07/2025 02:49:26 UTC	In-game item bought		Potion	2	
08/08/2025 02:52:24 UTC	Pokecoin spent for in-game item		POKECOIN		0
08/08/2025 02:52:24 UTC	In-game item bought		Poke balls	3	
08/08/2025 02:52:24 UTC	In-game item bought		LPSKU_BUNDLE.GENERAL1.FREE.	1	
08/08/2025 02:52:24 UTC	In-game item bought		Potion	1	
08/09/2025 00:44:06 UTC	Pokecoin spent for in-game item		POKECOIN		-525
08/09/2025 00:44:06 UTC	In-game item bought		ITEM_REMOTE_RAID_TICKET	3	
08/10/2025 01:59:39 UTC	Pokecoin spent for in-game item		POKECOIN		-525
08/10/2025 01:59:39 UTC	In-game item bought		ITEM_REMOTE_RAID_TICKET	3	
08/10/2025 02:53:43 UTC	Pokecoin spent for in-game item		POKECOIN		-525
08/10/2025 02:53:43 UTC	In-game item bought		ITEM_REMOTE_RAID_TICKET	3	
08/10/2025 03:09:13 UTC	Pokecoin spent for in-game item		POKECOIN		0
08/10/2025 03:09:13 UTC	In-game item bought		Poke balls	1	
08/10/2025 03:09:13 UTC	In-game item bought		Great balls	1	
08/10/2025 03:09:13 UTC	In-game item bought		LPSKU_BUNDLE.GENERAL1.FREE.	1	
08/10/2025 03:09:13 UTC	In-game item bought		Potion	2	
08/10/2025 03:09:16 UTC	Pokecoin spent for in-game item		POKECOIN		-525
08/10/2025 03:09:16 UTC	In-game item bought		ITEM_REMOTE_RAID_TICKET	3	
08/10/2025 04:18:07 UTC	Pokecoin bought	APPLE	POKECOIN		14500	2899.0	INR
08/10/2025 04:34:24 UTC	Pokecoin spent for in-game item		POKECOIN		-525
08/10/2025 04:34:24 UTC	In-game item bought		ITEM_REMOTE_RAID_TICKET	3	
08/10/2025 05:26:49 UTC	Pokecoin spent for in-game item		POKECOIN		-525
08/10/2025 05:26:49 UTC	In-game item bought		ITEM_REMOTE_RAID_TICKET	3	
08/10/2025 06:15:35 UTC	Pokecoin spent for in-game item		POKECOIN		-525
08/10/2025 06:15:35 UTC	In-game item bought		ITEM_REMOTE_RAID_TICKET	3	
08/10/2025 06:28:03 UTC	Pokecoin spent for in-game item		POKECOIN		-525
08/10/2025 06:28:03 UTC	In-game item bought		ITEM_REMOTE_RAID_TICKET	3	
08/10/2025 06:43:20 UTC	Pokecoin spent for in-game item		POKECOIN		-525
08/10/2025 06:43:20 UTC	In-game item bought		ITEM_REMOTE_RAID_TICKET	3	
08/10/2025 22:45:11 UTC	Pokecoin spent for in-game item		POKECOIN		0
08/10/2025 22:45:11 UTC	In-game item bought		Razz berry	1	
08/10/2025 22:45:11 UTC	In-game item bought		Great balls	3	
08/10/2025 22:45:11 UTC	In-game item bought		LPSKU_BUNDLE.GENERAL1.FREE.	1	
08/10/2025 23:48:03 UTC	Pokecoin spent for in-game item		POKECOIN		-525
08/10/2025 23:48:03 UTC	In-game item bought		ITEM_REMOTE_RAID_TICKET	3	
08/11/2025 01:06:49 UTC	Pokecoin spent for in-game item		POKECOIN		-525
08/11/2025 01:06:49 UTC	In-game item bought		ITEM_REMOTE_RAID_TICKET	3	
08/11/2025 17:19:39 UTC	Pokecoin spent for in-game item		POKECOIN		0
08/11/2025 17:19:39 UTC	In-game item bought		Poke balls	3	
08/11/2025 17:19:39 UTC	In-game item bought		Great balls	1	
08/11/2025 17:19:39 UTC	In-game item bought		LPSKU_BUNDLE.GENERAL1.FREE.	1	
08/13/2025 01:09:26 UTC	Pokecoin spent for in-game item		POKECOIN		0
08/13/2025 01:09:26 UTC	In-game item bought		Poke balls	2	
08/13/2025 01:09:26 UTC	In-game item bought		Great balls	1	
08/13/2025 01:09:26 UTC	In-game item bought		LPSKU_BUNDLE.GENERAL1.FREE.	1	
08/13/2025 01:09:26 UTC	In-game item bought		Potion	1	
08/13/2025 14:14:32 UTC	Pokecoin spent for in-game item		POKECOIN		0
08/13/2025 14:14:32 UTC	In-game item bought		Poke balls	4	
08/13/2025 14:14:32 UTC	In-game item bought		LPSKU_BUNDLE.GENERAL1.FREE.	1	
08/14/2025 14:47:29 UTC	Pokecoin spent for in-game item		POKECOIN		-495
08/14/2025 14:47:29 UTC	In-game item bought		Star pieces	1	
08/14/2025 14:47:29 UTC	In-game item bought		ITEM_REMOTE_RAID_TICKET	3	
08/14/2025 14:47:29 UTC	In-game item bought		Lucky egg	1	
08/14/2025 14:47:45 UTC	Pokecoin spent for in-game item		POKECOIN		-1075
08/14/2025 14:47:45 UTC	In-game item bought		ITEM_MOVE_REROLL_ELITE_FAST_ATTACK	1	
08/14/2025 14:47:45 UTC	In-game item bought		Fast TM	1	
08/14/2025 14:47:45 UTC	In-game item bought		ITEM_MOVE_REROLL_ELITE_SPECIAL_ATTACK	1	
08/14/2025 14:47:45 UTC	In-game item bought		Charged TM	1	
08/15/2025 04:29:17 UTC	Pokecoin spent for in-game item		POKECOIN		-495
08/15/2025 04:29:17 UTC	In-game item bought		Star pieces	1	
08/15/2025 04:29:17 UTC	In-game item bought		ITEM_REMOTE_RAID_TICKET	3	
08/15/2025 04:29:17 UTC	In-game item bought		Lucky egg	1	
08/15/2025 14:30:53 UTC	Pokecoin spent for in-game item		POKECOIN		0
08/15/2025 14:30:53 UTC	In-game item bought		Poke balls	3	
08/15/2025 14:30:53 UTC	In-game item bought		Great balls	1	
08/15/2025 14:30:53 UTC	In-game item bought		LPSKU_BUNDLE.GENERAL1.FREE.	1	
08/16/2025 00:22:09 UTC	Pokecoin spent for in-game item		POKECOIN		-200
08/16/2025 00:22:09 UTC	In-game item bought		N_AVATAR_N_SHIRT_WCS2025PAIDITEMS	1	
08/16/2025 01:44:12 UTC	Pokecoin spent for in-game item		POKECOIN		-525
08/16/2025 01:44:12 UTC	In-game item bought		ITEM_REMOTE_RAID_TICKET	3	
08/16/2025 02:24:41 UTC	Pokecoin spent for in-game item		POKECOIN		-525
08/16/2025 02:24:41 UTC	In-game item bought		ITEM_REMOTE_RAID_TICKET	3	
08/16/2025 14:58:47 UTC	Pokecoin spent for in-game item		POKECOIN		0
08/16/2025 14:58:47 UTC	In-game item bought		Poke balls	3	
08/16/2025 14:58:47 UTC	In-game item bought		LPSKU_BUNDLE.GENERAL1.FREE.	1	
08/16/2025 14:58:47 UTC	In-game item bought		Potion	1	
08/16/2025 19:00:26 UTC	Pokecoin spent for in-game item		POKECOIN		-525
08/16/2025 19:00:26 UTC	In-game item bought		ITEM_REMOTE_RAID_TICKET	3	
08/16/2025 20:53:21 UTC	Pokecoin bought	APPLE	POKECOIN		5200	1168.9999	INR
08/16/2025 21:27:01 UTC	Pokecoin spent for in-game item		POKECOIN		-525
08/16/2025 21:27:01 UTC	In-game item bought		ITEM_REMOTE_RAID_TICKET	3	
08/16/2025 23:16:37 UTC	Pokecoin spent for in-game item		POKECOIN		-3750
08/16/2025 23:16:37 UTC	In-game item bought		Incense	10	
08/16/2025 23:16:37 UTC	In-game item bought		Star pieces	50	
08/16/2025 23:16:37 UTC	In-game item bought		Lucky egg	50	
08/16/2025 23:16:44 UTC	Pokecoin spent for in-game item		POKECOIN		-525
08/16/2025 23:16:44 UTC	In-game item bought		ITEM_REMOTE_RAID_TICKET	3	
08/16/2025 23:16:47 UTC	Pokecoin spent for in-game item		POKECOIN		-425
08/16/2025 23:16:47 UTC	In-game item bought		ITEM_MP_REPLENISH	3	
08/16/2025 23:16:50 UTC	Pokecoin spent for in-game item		POKECOIN		-425
08/16/2025 23:16:50 UTC	In-game item bought		ITEM_MP_REPLENISH	3	
08/16/2025 23:16:53 UTC	Pokecoin spent for in-game item		POKECOIN		-425
08/16/2025 23:16:53 UTC	In-game item bought		ITEM_MP_REPLENISH	3	
08/16/2025 23:16:56 UTC	Pokecoin spent for in-game item		POKECOIN		-425
08/16/2025 23:16:56 UTC	In-game item bought		ITEM_MP_REPLENISH	3	
08/17/2025 14:52:07 UTC	Pokecoin spent for in-game item		POKECOIN		0
08/17/2025 14:52:07 UTC	In-game item bought		Poke balls	3	
08/17/2025 14:52:07 UTC	In-game item bought		Great balls	1	
08/17/2025 14:52:07 UTC	In-game item bought		LPSKU_BUNDLE.GENERAL1.FREE.	1	
08/17/2025 18:13:16 UTC	Pokecoin spent for in-game item		POKECOIN		-525
08/17/2025 18:13:16 UTC	In-game item bought		ITEM_REMOTE_RAID_TICKET	3	
08/17/2025 18:43:53 UTC	Pokecoin spent for in-game item		POKECOIN		-525
08/17/2025 18:43:53 UTC	In-game item bought		ITEM_REMOTE_RAID_TICKET	3	
08/17/2025 22:19:12 UTC	Pokecoin spent for in-game item		POKECOIN		-525
08/17/2025 22:19:12 UTC	In-game item bought		ITEM_REMOTE_RAID_TICKET	3	
08/17/2025 23:32:04 UTC	Pokecoin spent for in-game item		POKECOIN		-525
08/17/2025 23:32:04 UTC	In-game item bought		ITEM_REMOTE_RAID_TICKET	3	
08/18/2025 01:17:44 UTC	Pokecoin spent for in-game item		POKECOIN		-525
08/18/2025 01:17:44 UTC	In-game item bought		ITEM_REMOTE_RAID_TICKET	3	
08/18/2025 03:03:15 UTC	Pokecoin spent for in-game item		POKECOIN		-525
08/18/2025 03:03:15 UTC	In-game item bought		ITEM_REMOTE_RAID_TICKET	3	
08/18/2025 03:29:36 UTC	Pokecoin spent for in-game item		POKECOIN		-525
08/18/2025 03:29:36 UTC	In-game item bought		ITEM_REMOTE_RAID_TICKET	3	
08/18/2025 14:12:13 UTC	Pokecoin spent for in-game item		POKECOIN		0
08/18/2025 14:12:13 UTC	In-game item bought		Poke balls	1	
08/18/2025 14:12:13 UTC	In-game item bought		LPSKU_BUNDLE.GENERAL1.FREE.	1	
08/18/2025 14:12:13 UTC	In-game item bought		Potion	3	
08/18/2025 14:40:22 UTC	Pokecoin spent for in-game item		POKECOIN		-525
08/18/2025 14:40:22 UTC	In-game item bought		ITEM_REMOTE_RAID_TICKET	3	
08/18/2025 16:24:13 UTC	Pokecoin spent for in-game item		POKECOIN		-525
08/18/2025 16:24:13 UTC	In-game item bought		ITEM_REMOTE_RAID_TICKET	3	
08/18/2025 20:01:50 UTC	Pokecoin bought	APPLE	POKECOIN		14500	2899.0	INR
08/18/2025 20:02:38 UTC	Pokecoin bought	APPLE	POKECOIN		14500	2899.0	INR
08/18/2025 23:56:06 UTC	Pokecoin spent for in-game item		POKECOIN		-525
08/18/2025 23:56:06 UTC	In-game item bought		ITEM_REMOTE_RAID_TICKET	3	
08/19/2025 01:39:04 UTC	Pokecoin spent for in-game item		POKECOIN		-525
08/19/2025 01:39:04 UTC	In-game item bought		ITEM_REMOTE_RAID_TICKET	3	
08/19/2025 02:39:51 UTC	Pokecoin spent for in-game item		POKECOIN		-195
08/19/2025 02:39:51 UTC	In-game item bought		ITEM_REMOTE_RAID_TICKET	1	
08/19/2025 02:58:03 UTC	Pokecoin spent for in-game item		POKECOIN		-525
08/19/2025 02:58:03 UTC	In-game item bought		ITEM_REMOTE_RAID_TICKET	3	
08/19/2025 04:03:31 UTC	Pokecoin spent for in-game item		POKECOIN		-525
08/19/2025 04:03:31 UTC	In-game item bought		ITEM_REMOTE_RAID_TICKET	3	
08/19/2025 13:10:21 UTC	Pokecoin spent for in-game item		POKECOIN		0
08/19/2025 13:10:21 UTC	In-game item bought		Poke balls	1	
08/19/2025 13:10:21 UTC	In-game item bought		LPSKU_BUNDLE.GENERAL1.FREE.	1	
08/19/2025 13:10:21 UTC	In-game item bought		Potion	3	
08/19/2025 14:28:00 UTC	Pokecoin spent for in-game item		POKECOIN		-525
08/19/2025 14:28:00 UTC	In-game item bought		ITEM_REMOTE_RAID_TICKET	3	
08/19/2025 15:26:43 UTC	Pokecoin spent for in-game item		POKECOIN		-525
08/19/2025 15:26:43 UTC	In-game item bought		ITEM_REMOTE_RAID_TICKET	3	
08/19/2025 15:50:40 UTC	Pokecoin spent for in-game item		POKECOIN		-525
08/19/2025 15:50:40 UTC	In-game item bought		ITEM_REMOTE_RAID_TICKET	3	
08/19/2025 17:34:21 UTC	Pokecoin spent for in-game item		POKECOIN		-525
08/19/2025 17:34:21 UTC	In-game item bought		ITEM_REMOTE_RAID_TICKET	3	
08/19/2025 23:48:20 UTC	Pokecoin spent for in-game item		POKECOIN		-525
08/19/2025 23:48:20 UTC	In-game item bought		ITEM_REMOTE_RAID_TICKET	3	
08/20/2025 03:07:16 UTC	Pokecoin spent for in-game item		POKECOIN		-525
08/20/2025 03:07:16 UTC	In-game item bought		ITEM_REMOTE_RAID_TICKET	3	
08/20/2025 03:42:54 UTC	Pokecoin spent for in-game item		POKECOIN		-525
08/20/2025 03:42:54 UTC	In-game item bought		ITEM_REMOTE_RAID_TICKET	3	
08/20/2025 14:17:59 UTC	Pokecoin spent for in-game item		POKECOIN		0
08/20/2025 14:17:59 UTC	In-game item bought		Poke balls	2	
08/20/2025 14:17:59 UTC	In-game item bought		Great balls	2	
08/20/2025 14:17:59 UTC	In-game item bought		LPSKU_BUNDLE.GENERAL1.FREE.	1	
08/20/2025 14:18:11 UTC	Pokecoin spent for in-game item		POKECOIN		-425
08/20/2025 14:18:11 UTC	In-game item bought		ITEM_MP_REPLENISH	3	
08/20/2025 14:18:14 UTC	Pokecoin spent for in-game item		POKECOIN		-425
08/20/2025 14:18:14 UTC	In-game item bought		ITEM_MP_REPLENISH	3	
08/20/2025 14:18:20 UTC	Pokecoin spent for in-game item		POKECOIN		-525
08/20/2025 14:18:20 UTC	In-game item bought		ITEM_REMOTE_RAID_TICKET	3	
08/20/2025 14:57:15 UTC	Pokecoin spent for in-game item		POKECOIN		-525
08/20/2025 14:57:15 UTC	In-game item bought		ITEM_REMOTE_RAID_TICKET	3	
08/20/2025 21:33:11 UTC	Pokecoin spent for in-game item		POKECOIN		-525
08/20/2025 21:33:11 UTC	In-game item bought		ITEM_REMOTE_RAID_TICKET	3	
08/21/2025 03:43:06 UTC	Pokecoin spent for in-game item		POKECOIN		-425
08/21/2025 03:43:06 UTC	In-game item bought		ITEM_MP_REPLENISH	3	
08/21/2025 03:43:09 UTC	Pokecoin spent for in-game item		POKECOIN		-425
08/21/2025 03:43:09 UTC	In-game item bought		ITEM_MP_REPLENISH	3	
08/21/2025 03:53:07 UTC	Pokecoin spent for in-game item		POKECOIN		-525
08/21/2025 03:53:07 UTC	In-game item bought		ITEM_REMOTE_RAID_TICKET	3	
08/21/2025 04:24:21 UTC	Pokecoin spent for in-game item		POKECOIN		-425
08/21/2025 04:24:21 UTC	In-game item bought		ITEM_MP_REPLENISH	3	
08/21/2025 14:17:41 UTC	Pokecoin spent for in-game item		POKECOIN		-310
08/21/2025 14:17:41 UTC	In-game item bought		ITEM_POFFIN	1	
08/21/2025 14:17:41 UTC	In-game item bought		ITEM_REMOTE_RAID_TICKET	2	
08/21/2025 15:01:35 UTC	Pokecoin spent for in-game item		POKECOIN		0
08/21/2025 15:01:35 UTC	In-game item bought		Razz berry	2	
08/21/2025 15:01:35 UTC	In-game item bought		Poke balls	2	
08/21/2025 15:01:35 UTC	In-game item bought		LPSKU_BUNDLE.GENERAL1.FREE.	1	
08/21/2025 15:01:42 UTC	Pokecoin spent for in-game item		POKECOIN		-310
08/21/2025 15:01:42 UTC	In-game item bought		ITEM_POFFIN	1	
08/21/2025 15:01:42 UTC	In-game item bought		ITEM_REMOTE_RAID_TICKET	2	
08/21/2025 20:28:26 UTC	Pokecoin spent for in-game item		POKECOIN		-310
08/21/2025 20:28:26 UTC	In-game item bought		ITEM_POFFIN	1	
08/21/2025 20:28:26 UTC	In-game item bought		ITEM_REMOTE_RAID_TICKET	2	
08/22/2025 01:09:17 UTC	Pokecoin spent for in-game item		POKECOIN		-310
08/22/2025 01:09:17 UTC	In-game item bought		ITEM_POFFIN	1	
08/22/2025 01:09:17 UTC	In-game item bought		ITEM_REMOTE_RAID_TICKET	2	
08/22/2025 13:00:09 UTC	Pokecoin spent for in-game item		POKECOIN		0
08/22/2025 13:00:09 UTC	In-game item bought		Poke balls	1	
08/22/2025 13:00:09 UTC	In-game item bought		Great balls	2	
08/22/2025 13:00:09 UTC	In-game item bought		LPSKU_BUNDLE.GENERAL1.FREE.	1	
08/22/2025 13:00:09 UTC	In-game item bought		Potion	1	
08/22/2025 15:14:39 UTC	Pokecoin spent for in-game item		POKECOIN		-750
08/22/2025 15:14:39 UTC	In-game item bought		ITEM_MP	1	
08/22/2025 15:14:39 UTC	In-game item bought		Star pieces	2	
08/22/2025 15:14:39 UTC	In-game item bought		ITEM_REMOTE_RAID_TICKET	3	
08/22/2025 15:14:39 UTC	In-game item bought		Lucky egg	2	
08/22/2025 20:51:56 UTC	Pokecoin spent for in-game item		POKECOIN		-750
08/22/2025 20:51:56 UTC	In-game item bought		ITEM_MP	1	
08/22/2025 20:51:56 UTC	In-game item bought		Star pieces	2	
08/22/2025 20:51:56 UTC	In-game item bought		ITEM_REMOTE_RAID_TICKET	3	
08/22/2025 20:51:56 UTC	In-game item bought		Lucky egg	2	
08/23/2025 02:16:48 UTC	Pokecoin spent for in-game item		POKECOIN		-200
08/23/2025 02:16:48 UTC	In-game item bought		UPGRADE_SPECIAL_MAX_BATTLE_REWARD_LEVEL	1	
08/23/2025 02:29:12 UTC	Pokecoin spent for in-game item		POKECOIN		-200
08/23/2025 02:29:12 UTC	In-game item bought		UPGRADE_SPECIAL_MAX_BATTLE_REWARD_LEVEL	1	
08/23/2025 02:31:18 UTC	Pokecoin spent for in-game item		POKECOIN		-525
08/23/2025 02:31:18 UTC	In-game item bought		ITEM_REMOTE_RAID_TICKET	3	
08/23/2025 02:35:17 UTC	Pokecoin spent for in-game item		POKECOIN		-200
08/23/2025 02:35:17 UTC	In-game item bought		UPGRADE_SPECIAL_MAX_BATTLE_REWARD_LEVEL	1	
08/23/2025 02:36:20 UTC	Pokecoin spent for in-game item		POKECOIN		-750
08/23/2025 02:36:20 UTC	In-game item bought		ITEM_MP	1	
08/23/2025 02:36:20 UTC	In-game item bought		Star pieces	2	
08/23/2025 02:36:20 UTC	In-game item bought		ITEM_REMOTE_RAID_TICKET	3	
08/23/2025 02:36:20 UTC	In-game item bought		Lucky egg	2	
08/23/2025 02:39:00 UTC	Pokecoin spent for in-game item		POKECOIN		-200
08/23/2025 02:39:00 UTC	In-game item bought		UPGRADE_GMAX_BATTLE_REWARD_LEVEL	1	
08/23/2025 02:42:53 UTC	Pokecoin spent for in-game item		POKECOIN		-200
08/23/2025 02:42:53 UTC	In-game item bought		UPGRADE_SPECIAL_MAX_BATTLE_REWARD_LEVEL	1	
08/23/2025 03:15:35 UTC	Pokecoin spent for in-game item		POKECOIN		-1225
08/23/2025 03:15:35 UTC	In-game item bought		ITEM_MP	1	
08/23/2025 03:15:35 UTC	In-game item bought		ITEM_MAX_BOOST	5	
08/23/2025 03:15:50 UTC	Pokecoin spent for in-game item		POKECOIN		-1225
08/23/2025 03:15:50 UTC	In-game item bought		ITEM_MP	1	
08/23/2025 03:15:50 UTC	In-game item bought		ITEM_MAX_BOOST	5	
08/23/2025 03:15:53 UTC	Pokecoin spent for in-game item		POKECOIN		-1225
08/23/2025 03:15:53 UTC	In-game item bought		ITEM_MP	1	
08/23/2025 03:15:53 UTC	In-game item bought		ITEM_MAX_BOOST	5	
08/23/2025 03:16:05 UTC	Pokecoin spent for in-game item		POKECOIN		-525
08/23/2025 03:16:05 UTC	In-game item bought		ITEM_REMOTE_RAID_TICKET	3	
08/23/2025 04:15:26 UTC	Pokecoin spent for in-game item		POKECOIN		-525
08/23/2025 04:15:26 UTC	In-game item bought		ITEM_REMOTE_RAID_TICKET	3	
08/23/2025 04:24:56 UTC	Pokecoin bought	APPLE	POKECOIN		14500	2899.0	INR
08/23/2025 04:56:35 UTC	Pokecoin spent for in-game item		POKECOIN		-200
08/23/2025 04:56:35 UTC	In-game item bought		UPGRADE_GMAX_BATTLE_REWARD_LEVEL	1	
08/23/2025 05:34:12 UTC	Pokecoin spent for in-game item		POKECOIN		-200
08/23/2025 05:34:12 UTC	In-game item bought		UPGRADE_SPECIAL_MAX_BATTLE_REWARD_LEVEL	1	
08/23/2025 05:34:49 UTC	Pokecoin spent for in-game item		POKECOIN		-525
08/23/2025 05:34:49 UTC	In-game item bought		ITEM_REMOTE_RAID_TICKET	3	
08/23/2025 05:39:18 UTC	Pokecoin spent for in-game item		POKECOIN		-200
08/23/2025 05:39:18 UTC	In-game item bought		UPGRADE_SPECIAL_MAX_BATTLE_REWARD_LEVEL	1	
08/23/2025 05:44:24 UTC	Pokecoin spent for in-game item		POKECOIN		-525
08/23/2025 05:44:24 UTC	In-game item bought		ITEM_REMOTE_RAID_TICKET	3	
08/23/2025 05:47:30 UTC	Pokecoin spent for in-game item		POKECOIN		-200
08/23/2025 05:47:30 UTC	In-game item bought		UPGRADE_GMAX_BATTLE_REWARD_LEVEL	1	
08/23/2025 05:54:13 UTC	Pokecoin spent for in-game item		POKECOIN		-200
08/23/2025 05:54:13 UTC	In-game item bought		UPGRADE_GMAX_BATTLE_REWARD_LEVEL	1	
08/23/2025 06:01:58 UTC	Pokecoin spent for in-game item		POKECOIN		-425
08/23/2025 06:01:58 UTC	In-game item bought		ITEM_MP_REPLENISH	3	
08/23/2025 06:02:02 UTC	Pokecoin spent for in-game item		POKECOIN		-525
08/23/2025 06:02:02 UTC	In-game item bought		ITEM_REMOTE_RAID_TICKET	3	
08/23/2025 06:08:18 UTC	Pokecoin spent for in-game item		POKECOIN		-200
08/23/2025 06:08:18 UTC	In-game item bought		UPGRADE_SPECIAL_MAX_BATTLE_REWARD_LEVEL	1	
08/23/2025 06:39:18 UTC	Pokecoin spent for in-game item		POKECOIN		-525
08/23/2025 06:39:18 UTC	In-game item bought		ITEM_REMOTE_RAID_TICKET	3	
08/23/2025 16:49:35 UTC	Pokecoin spent for in-game item		POKECOIN		0
08/23/2025 16:49:35 UTC	In-game item bought		Poke balls	4	
08/23/2025 16:49:35 UTC	In-game item bought		LPSKU_BUNDLE.GENERAL1.FREE.	1	
08/23/2025 17:04:48 UTC	Pokecoin spent for in-game item		POKECOIN		-200
08/23/2025 17:04:48 UTC	In-game item bought		UPGRADE_SPECIAL_MAX_BATTLE_REWARD_LEVEL	1	
08/23/2025 17:11:09 UTC	Pokecoin spent for in-game item		POKECOIN		-200
08/23/2025 17:11:09 UTC	In-game item bought		UPGRADE_SPECIAL_MAX_BATTLE_REWARD_LEVEL	1	
08/23/2025 17:19:34 UTC	Pokecoin spent for in-game item		POKECOIN		-200
08/23/2025 17:19:34 UTC	In-game item bought		UPGRADE_GMAX_BATTLE_REWARD_LEVEL	1	
08/23/2025 17:27:01 UTC	Pokecoin spent for in-game item		POKECOIN		-200
08/23/2025 17:27:01 UTC	In-game item bought		UPGRADE_GMAX_BATTLE_REWARD_LEVEL	1	
08/23/2025 17:38:14 UTC	Pokecoin spent for in-game item		POKECOIN		-200
08/23/2025 17:38:14 UTC	In-game item bought		UPGRADE_GMAX_BATTLE_REWARD_LEVEL	1	
08/23/2025 17:45:19 UTC	Pokecoin spent for in-game item		POKECOIN		-200
08/23/2025 17:45:19 UTC	In-game item bought		UPGRADE_GMAX_BATTLE_REWARD_LEVEL	1	
08/23/2025 17:55:26 UTC	Pokecoin spent for in-game item		POKECOIN		-200
08/23/2025 17:55:26 UTC	In-game item bought		UPGRADE_GMAX_BATTLE_REWARD_LEVEL	1	
08/23/2025 19:08:31 UTC	Pokecoin spent for in-game item		POKECOIN		-525
08/23/2025 19:08:31 UTC	In-game item bought		ITEM_REMOTE_RAID_TICKET	3	
08/23/2025 19:27:28 UTC	Pokecoin spent for in-game item		POKECOIN		-525
08/23/2025 19:27:28 UTC	In-game item bought		ITEM_REMOTE_RAID_TICKET	3	
08/23/2025 21:28:18 UTC	Pokecoin spent for in-game item		POKECOIN		-425
08/23/2025 21:28:18 UTC	In-game item bought		ITEM_MP_REPLENISH	3	
08/23/2025 21:50:28 UTC	Pokecoin spent for in-game item		POKECOIN		-425
08/23/2025 21:50:28 UTC	In-game item bought		ITEM_MP_REPLENISH	3	
08/23/2025 22:04:51 UTC	Pokecoin spent for in-game item		POKECOIN		-200
08/23/2025 22:04:51 UTC	In-game item bought		UPGRADE_SPECIAL_MAX_BATTLE_REWARD_LEVEL	1	
08/23/2025 22:05:40 UTC	Pokecoin spent for in-game item		POKECOIN		-425
08/23/2025 22:05:40 UTC	In-game item bought		ITEM_MP_REPLENISH	3	
08/23/2025 22:09:32 UTC	Pokecoin spent for in-game item		POKECOIN		-200
08/23/2025 22:09:32 UTC	In-game item bought		UPGRADE_SPECIAL_MAX_BATTLE_REWARD_LEVEL	1	
08/23/2025 22:38:11 UTC	Pokecoin spent for in-game item		POKECOIN		-200
08/23/2025 22:38:11 UTC	In-game item bought		UPGRADE_SPECIAL_MAX_BATTLE_REWARD_LEVEL	1	
08/23/2025 22:50:03 UTC	Pokecoin spent for in-game item		POKECOIN		-200
08/23/2025 22:50:03 UTC	In-game item bought		UPGRADE_SPECIAL_MAX_BATTLE_REWARD_LEVEL	1	
08/23/2025 22:50:26 UTC	Pokecoin spent for in-game item		POKECOIN		-425
08/23/2025 22:50:26 UTC	In-game item bought		ITEM_MP_REPLENISH	3	
08/23/2025 22:55:54 UTC	Pokecoin spent for in-game item		POKECOIN		-200
08/23/2025 22:55:54 UTC	In-game item bought		UPGRADE_GMAX_BATTLE_REWARD_LEVEL	1	
08/23/2025 23:04:48 UTC	Pokecoin spent for in-game item		POKECOIN		-200
08/23/2025 23:04:48 UTC	In-game item bought		UPGRADE_SPECIAL_MAX_BATTLE_REWARD_LEVEL	1	
08/23/2025 23:05:47 UTC	Pokecoin spent for in-game item		POKECOIN		-425
08/23/2025 23:05:47 UTC	In-game item bought		ITEM_MP_REPLENISH	3	
08/23/2025 23:10:25 UTC	Pokecoin spent for in-game item		POKECOIN		-200
08/23/2025 23:10:25 UTC	In-game item bought		UPGRADE_SPECIAL_MAX_BATTLE_REWARD_LEVEL	1	
08/23/2025 23:14:16 UTC	Pokecoin spent for in-game item		POKECOIN		-200
08/23/2025 23:14:16 UTC	In-game item bought		UPGRADE_GMAX_BATTLE_REWARD_LEVEL	1	
08/23/2025 23:23:36 UTC	Pokecoin spent for in-game item		POKECOIN		-200
08/23/2025 23:23:36 UTC	In-game item bought		UPGRADE_SPECIAL_MAX_BATTLE_REWARD_LEVEL	1	
08/23/2025 23:24:17 UTC	Pokecoin spent for in-game item		POKECOIN		-425
08/23/2025 23:24:17 UTC	In-game item bought		ITEM_MP_REPLENISH	3	
08/23/2025 23:27:54 UTC	Pokecoin spent for in-game item		POKECOIN		-200
08/23/2025 23:27:54 UTC	In-game item bought		UPGRADE_SPECIAL_MAX_BATTLE_REWARD_LEVEL	1	
08/23/2025 23:36:37 UTC	Pokecoin spent for in-game item		POKECOIN		-525
08/23/2025 23:36:37 UTC	In-game item bought		ITEM_REMOTE_RAID_TICKET	3	
08/23/2025 23:41:00 UTC	Pokecoin spent for in-game item		POKECOIN		-200
08/23/2025 23:41:00 UTC	In-game item bought		UPGRADE_GMAX_BATTLE_REWARD_LEVEL	1	
08/24/2025 00:09:55 UTC	Pokecoin spent for in-game item		POKECOIN		-200
08/24/2025 00:09:55 UTC	In-game item bought		UPGRADE_SPECIAL_MAX_BATTLE_REWARD_LEVEL	1	
08/24/2025 00:19:25 UTC	Pokecoin spent for in-game item		POKECOIN		-425
08/24/2025 00:19:25 UTC	In-game item bought		ITEM_MP_REPLENISH	3	
08/24/2025 00:19:28 UTC	Pokecoin spent for in-game item		POKECOIN		-425
08/24/2025 00:19:28 UTC	In-game item bought		ITEM_MP_REPLENISH	3	
08/24/2025 00:19:31 UTC	Pokecoin spent for in-game item		POKECOIN		-425
08/24/2025 00:19:31 UTC	In-game item bought		ITEM_MP_REPLENISH	3	
08/24/2025 00:19:35 UTC	Pokecoin spent for in-game item		POKECOIN		-425
08/24/2025 00:19:35 UTC	In-game item bought		ITEM_MP_REPLENISH	3	
08/24/2025 00:19:40 UTC	Pokecoin spent for in-game item		POKECOIN		-525
08/24/2025 00:19:40 UTC	In-game item bought		ITEM_REMOTE_RAID_TICKET	3	
08/24/2025 00:22:12 UTC	Pokecoin spent for in-game item		POKECOIN		-200
08/24/2025 00:22:12 UTC	In-game item bought		UPGRADE_SPECIAL_MAX_BATTLE_REWARD_LEVEL	1	
08/24/2025 00:29:06 UTC	Pokecoin spent for in-game item		POKECOIN		-200
08/24/2025 00:29:06 UTC	In-game item bought		UPGRADE_SPECIAL_MAX_BATTLE_REWARD_LEVEL	1	
08/24/2025 00:32:27 UTC	Pokecoin spent for in-game item		POKECOIN		-200
08/24/2025 00:32:27 UTC	In-game item bought		UPGRADE_SPECIAL_MAX_BATTLE_REWARD_LEVEL	1	
08/24/2025 00:33:09 UTC	Pokecoin spent for in-game item		POKECOIN		-525
08/24/2025 00:33:09 UTC	In-game item bought		ITEM_REMOTE_RAID_TICKET	3	
08/24/2025 00:35:53 UTC	Pokecoin spent for in-game item		POKECOIN		-200
08/24/2025 00:35:53 UTC	In-game item bought		UPGRADE_SPECIAL_MAX_BATTLE_REWARD_LEVEL	1	
08/24/2025 00:50:32 UTC	Pokecoin spent for in-game item		POKECOIN		-425
08/24/2025 00:50:32 UTC	In-game item bought		ITEM_MP_REPLENISH	3	
08/24/2025 00:50:35 UTC	Pokecoin spent for in-game item		POKECOIN		-425
08/24/2025 00:50:35 UTC	In-game item bought		ITEM_MP_REPLENISH	3	
08/24/2025 00:50:37 UTC	Pokecoin spent for in-game item		POKECOIN		-425
08/24/2025 00:50:37 UTC	In-game item bought		ITEM_MP_REPLENISH	3	
08/24/2025 00:50:43 UTC	Pokecoin spent for in-game item		POKECOIN		-525
08/24/2025 00:50:43 UTC	In-game item bought		ITEM_REMOTE_RAID_TICKET	3	
08/24/2025 01:26:59 UTC	Pokecoin spent for in-game item		POKECOIN		-525
08/24/2025 01:26:59 UTC	In-game item bought		ITEM_REMOTE_RAID_TICKET	3	
08/24/2025 01:30:12 UTC	Pokecoin spent for in-game item		POKECOIN		-425
08/24/2025 01:30:12 UTC	In-game item bought		ITEM_MP_REPLENISH	3	
08/24/2025 01:45:05 UTC	Pokecoin spent for in-game item		POKECOIN		-525
08/24/2025 01:45:05 UTC	In-game item bought		ITEM_REMOTE_RAID_TICKET	3	
08/24/2025 02:06:25 UTC	Pokecoin spent for in-game item		POKECOIN		-525
08/24/2025 02:06:25 UTC	In-game item bought		ITEM_REMOTE_RAID_TICKET	3	
08/24/2025 03:25:26 UTC	Pokecoin spent for in-game item		POKECOIN		-525
08/24/2025 03:25:26 UTC	In-game item bought		ITEM_REMOTE_RAID_TICKET	3	
08/24/2025 04:01:00 UTC	Pokecoin spent for in-game item		POKECOIN		-525
08/24/2025 04:01:00 UTC	In-game item bought		ITEM_REMOTE_RAID_TICKET	3	
08/24/2025 18:30:40 UTC	Pokecoin spent for in-game item		POKECOIN		-425
08/24/2025 18:30:40 UTC	In-game item bought		ITEM_MP_REPLENISH	3	
08/24/2025 18:30:42 UTC	Pokecoin spent for in-game item		POKECOIN		-425
08/24/2025 18:30:42 UTC	In-game item bought		ITEM_MP_REPLENISH	3	
08/24/2025 19:47:32 UTC	Pokecoin spent for in-game item		POKECOIN		-200
08/24/2025 19:47:32 UTC	In-game item bought		UPGRADE_SPECIAL_MAX_BATTLE_REWARD_LEVEL	1	
08/24/2025 19:55:44 UTC	Pokecoin spent for in-game item		POKECOIN		-200
08/24/2025 19:55:44 UTC	In-game item bought		UPGRADE_SPECIAL_MAX_BATTLE_REWARD_LEVEL	1	
08/24/2025 20:08:44 UTC	Pokecoin spent for in-game item		POKECOIN		-200
08/24/2025 20:08:44 UTC	In-game item bought		UPGRADE_SPECIAL_MAX_BATTLE_REWARD_LEVEL	1	
08/24/2025 20:13:10 UTC	Pokecoin spent for in-game item		POKECOIN		-200
08/24/2025 20:13:10 UTC	In-game item bought		UPGRADE_SPECIAL_MAX_BATTLE_REWARD_LEVEL	1	
08/24/2025 20:23:05 UTC	Pokecoin spent for in-game item		POKECOIN		-200
08/24/2025 20:23:05 UTC	In-game item bought		UPGRADE_SPECIAL_MAX_BATTLE_REWARD_LEVEL	1	
08/24/2025 20:34:30 UTC	Pokecoin spent for in-game item		POKECOIN		-200
08/24/2025 20:34:30 UTC	In-game item bought		UPGRADE_SPECIAL_MAX_BATTLE_REWARD_LEVEL	1	
08/24/2025 20:44:21 UTC	Pokecoin spent for in-game item		POKECOIN		-200
08/24/2025 20:44:21 UTC	In-game item bought		UPGRADE_SPECIAL_MAX_BATTLE_REWARD_LEVEL	1	
08/24/2025 21:05:48 UTC	Pokecoin spent for in-game item		POKECOIN		-425
08/24/2025 21:05:48 UTC	In-game item bought		ITEM_MP_REPLENISH	3	
08/24/2025 21:09:18 UTC	Pokecoin spent for in-game item		POKECOIN		-200
08/24/2025 21:09:18 UTC	In-game item bought		UPGRADE_SPECIAL_MAX_BATTLE_REWARD_LEVEL	1	
08/24/2025 21:20:47 UTC	Pokecoin spent for in-game item		POKECOIN		-200
08/24/2025 21:20:47 UTC	In-game item bought		UPGRADE_SPECIAL_MAX_BATTLE_REWARD_LEVEL	1	
08/24/2025 21:54:07 UTC	Pokecoin spent for in-game item		POKECOIN		0
08/24/2025 21:54:07 UTC	In-game item bought		Poke balls	4	
08/24/2025 21:54:07 UTC	In-game item bought		LPSKU_BUNDLE.GENERAL1.FREE.	1	
08/25/2025 01:44:02 UTC	Pokecoin spent for in-game item		POKECOIN		-525
08/25/2025 01:44:02 UTC	In-game item bought		ITEM_REMOTE_RAID_TICKET	3	
08/25/2025 01:44:06 UTC	Pokecoin spent for in-game item		POKECOIN		-425
08/25/2025 01:44:06 UTC	In-game item bought		ITEM_MP_REPLENISH	3	
08/25/2025 02:28:01 UTC	Pokecoin spent for in-game item		POKECOIN		-525
08/25/2025 02:28:01 UTC	In-game item bought		ITEM_REMOTE_RAID_TICKET	3	
08/25/2025 03:02:14 UTC	Pokecoin spent for in-game item		POKECOIN		-195
08/25/2025 03:02:14 UTC	In-game item bought		ITEM_REMOTE_RAID_TICKET	1	
08/25/2025 03:02:17 UTC	Pokecoin spent for in-game item		POKECOIN		-195
08/25/2025 03:02:17 UTC	In-game item bought		ITEM_REMOTE_RAID_TICKET	1	
08/28/2025 03:56:34 UTC	Pokecoin spent for in-game item		POKECOIN		0
08/28/2025 03:56:34 UTC	In-game item bought		Poke balls	3	
08/28/2025 03:56:34 UTC	In-game item bought		Great balls	1	
08/28/2025 03:56:34 UTC	In-game item bought		LPSKU_BUNDLE.GENERAL1.FREE.	1	
08/30/2025 17:19:26 UTC	Pokecoin spent for in-game item		POKECOIN		0
08/30/2025 17:19:26 UTC	In-game item bought		Poke balls	3	
08/30/2025 17:19:26 UTC	In-game item bought		Great balls	1	
08/30/2025 17:19:26 UTC	In-game item bought		LPSKU_BUNDLE.GENERAL1.FREE.	1	
08/31/2025 01:33:15 UTC	Pokecoin bought	APPLE	POKECOIN		14500	2899.0	INR
08/31/2025 03:06:26 UTC	Pokecoin spent for in-game item		POKECOIN		-500
08/31/2025 03:06:26 UTC	In-game item bought		Super potion	10	
08/31/2025 03:06:26 UTC	In-game item bought		ITEM_REMOTE_RAID_TICKET	3	
08/31/2025 03:06:26 UTC	In-game item bought		Lucky egg	1	
08/31/2025 09:48:22 UTC	Pokecoin spent for in-game item		POKECOIN		0
08/31/2025 09:48:22 UTC	In-game item bought		Poke balls	1	
08/31/2025 09:48:22 UTC	In-game item bought		Great balls	1	
08/31/2025 09:48:22 UTC	In-game item bought		LPSKU_BUNDLE.GENERAL1.FREE.	1	
08/31/2025 09:48:22 UTC	In-game item bought		Potion	2	
08/31/2025 23:06:52 UTC	Pokecoin spent for in-game item		POKECOIN		-425
08/31/2025 23:06:52 UTC	In-game item bought		Raid pass (paid)	2	
08/31/2025 23:06:52 UTC	In-game item bought		ITEM_REMOTE_RAID_TICKET	2	
08/31/2025 23:16:03 UTC	Pokecoin spent for in-game item		POKECOIN		-525
08/31/2025 23:16:03 UTC	In-game item bought		ITEM_REMOTE_RAID_TICKET	3	
08/31/2025 23:16:23 UTC	Pokecoin spent for in-game item		POKECOIN		-425
08/31/2025 23:16:23 UTC	In-game item bought		ITEM_MP_REPLENISH	3	
08/31/2025 23:16:25 UTC	Pokecoin spent for in-game item		POKECOIN		-425
08/31/2025 23:16:25 UTC	In-game item bought		ITEM_MP_REPLENISH	3	
08/31/2025 23:16:29 UTC	Pokecoin spent for in-game item		POKECOIN		-425
08/31/2025 23:16:29 UTC	In-game item bought		ITEM_MP_REPLENISH	3	
08/31/2025 23:16:32 UTC	Pokecoin spent for in-game item		POKECOIN		-425
08/31/2025 23:16:32 UTC	In-game item bought		ITEM_MP_REPLENISH	3	
09/01/2025 20:17:06 UTC	Pokecoin spent for in-game item		POKECOIN		-5425
09/01/2025 20:17:06 UTC	In-game item bought		Raid pass (paid)	99	
09/01/2025 20:17:06 UTC	In-game item bought		Fast TM	2	
09/01/2025 20:17:06 UTC	In-game item bought		Star pieces	2	
09/01/2025 20:17:06 UTC	In-game item bought		Charged TM	2	
09/01/2025 20:18:22 UTC	Pokecoin spent for in-game item		POKECOIN		0
09/01/2025 20:18:22 UTC	In-game item bought		Poke balls	4	
09/01/2025 20:18:22 UTC	In-game item bought		LPSKU_BUNDLE.GENERAL1.FREE.	1	
09/03/2025 00:43:56 UTC	Pokecoin spent for in-game item		POKECOIN		0
09/03/2025 00:43:56 UTC	In-game item bought		Super potion	1	
09/03/2025 00:43:56 UTC	In-game item bought		Poke balls	1	
09/03/2025 00:43:56 UTC	In-game item bought		Great balls	1	
09/03/2025 00:43:56 UTC	In-game item bought		LPSKU_BUNDLE.GENERAL1.FREE.	1	
09/03/2025 00:43:56 UTC	In-game item bought		Potion	1	
09/03/2025 00:43:59 UTC	Pokecoin spent for in-game item		POKECOIN		0
09/03/2025 00:43:59 UTC	In-game item bought		ITEM_BATTLE_PASS_TICKET	1	
09/03/2025 14:09:58 UTC	Pokecoin spent for in-game item		POKECOIN		0
09/03/2025 14:09:58 UTC	In-game item bought		Max potion	1	
09/03/2025 14:09:58 UTC	In-game item bought		Poke balls	3	
09/03/2025 14:09:58 UTC	In-game item bought		LPSKU_BUNDLE.GENERAL1.FREE.	1	
09/06/2025 17:51:04 UTC	Pokecoin spent for in-game item		POKECOIN		-525
09/06/2025 17:51:04 UTC	In-game item bought		ITEM_REMOTE_RAID_TICKET	3	
09/06/2025 18:00:45 UTC	Pokecoin spent for in-game item		POKECOIN		-595
09/06/2025 18:00:45 UTC	In-game item bought		Raid pass (paid)	2	
09/06/2025 18:00:45 UTC	In-game item bought		ITEM_REMOTE_RAID_TICKET	3	
09/07/2025 07:39:23 UTC	Pokecoin spent for in-game item		POKECOIN		-595
09/07/2025 07:39:23 UTC	In-game item bought		Raid pass (paid)	2	
09/07/2025 07:39:23 UTC	In-game item bought		ITEM_REMOTE_RAID_TICKET	3	
09/07/2025 23:19:20 UTC	Pokecoin spent for in-game item		POKECOIN		-525
09/07/2025 23:19:20 UTC	In-game item bought		ITEM_REMOTE_RAID_TICKET	3	
09/08/2025 00:19:54 UTC	Pokecoin spent for in-game item		POKECOIN		-310
09/08/2025 00:19:54 UTC	In-game item bought		ITEM_POFFIN	1	
09/08/2025 00:19:54 UTC	In-game item bought		ITEM_REMOTE_RAID_TICKET	2	
09/14/2025 15:44:41 UTC	Pokecoin spent for in-game item		POKECOIN		-580
09/14/2025 15:44:41 UTC	In-game item bought		Egg incubator	1	
09/14/2025 15:44:41 UTC	In-game item bought		ITEM_REMOTE_RAID_TICKET	3	
09/14/2025 15:56:54 UTC	Pokecoin spent for in-game item		POKECOIN		0
09/14/2025 15:56:54 UTC	In-game item bought		Poke balls	3	
09/14/2025 15:56:54 UTC	In-game item bought		Great balls	1	
09/14/2025 15:56:54 UTC	In-game item bought		LPSKU_BUNDLE.GENERAL1.FREE.	1	
09/14/2025 22:47:30 UTC	Pokecoin spent for in-game item		POKECOIN		-680
09/14/2025 22:47:30 UTC	In-game item bought		Lure	8	
09/15/2025 14:18:07 UTC	Pokecoin spent for in-game item		POKECOIN		0
09/15/2025 14:18:07 UTC	In-game item bought		Razz berry	1	
09/15/2025 14:18:07 UTC	In-game item bought		Poke balls	3	
09/15/2025 14:18:07 UTC	In-game item bought		LPSKU_BUNDLE.GENERAL1.FREE.	1	
09/16/2025 14:55:47 UTC	Pokecoin spent for in-game item		POKECOIN		0
09/16/2025 14:55:47 UTC	In-game item bought		Poke balls	2	
09/16/2025 14:55:47 UTC	In-game item bought		Great balls	1	
09/16/2025 14:55:47 UTC	In-game item bought		LPSKU_BUNDLE.GENERAL1.FREE.	1	
09/16/2025 14:55:47 UTC	In-game item bought		Potion	1	
09/20/2025 05:25:02 UTC	Pokecoin spent for in-game item		POKECOIN		-525
09/20/2025 05:25:02 UTC	In-game item bought		ITEM_REMOTE_RAID_TICKET	3	
09/20/2025 14:30:31 UTC	Pokecoin spent for in-game item		POKECOIN		0
09/20/2025 14:30:31 UTC	In-game item bought		Poke balls	3	
09/20/2025 14:30:31 UTC	In-game item bought		Great balls	1	
09/20/2025 14:30:31 UTC	In-game item bought		LPSKU_BUNDLE.GENERAL1.FREE.	1	
09/21/2025 02:39:58 UTC	Pokecoin spent for in-game item		POKECOIN		-425
09/21/2025 02:39:58 UTC	In-game item bought		Raid pass (paid)	2	
09/21/2025 02:39:58 UTC	In-game item bought		ITEM_REMOTE_RAID_TICKET	2	
09/24/2025 01:27:02 UTC	Pokecoin spent for in-game item		POKECOIN		0
09/24/2025 01:27:02 UTC	In-game item bought		Poke balls	2	
09/24/2025 01:27:02 UTC	In-game item bought		Great balls	1	
09/24/2025 01:27:02 UTC	In-game item bought		LPSKU_BUNDLE.GENERAL1.FREE.	1	
09/24/2025 01:27:02 UTC	In-game item bought		Potion	1	
09/26/2025 20:30:55 UTC	Pokecoin spent for in-game item		POKECOIN		0
09/26/2025 20:30:55 UTC	In-game item bought		Razz berry	2	
09/26/2025 20:30:55 UTC	In-game item bought		Poke balls	1	
09/26/2025 20:30:55 UTC	In-game item bought		Great balls	1	
09/26/2025 20:30:55 UTC	In-game item bought		LPSKU_BUNDLE.GENERAL1.FREE.	1	
09/27/2025 18:59:34 UTC	Pokecoin spent for in-game item		POKECOIN		0
09/27/2025 18:59:34 UTC	In-game item bought		Poke balls	2	
09/27/2025 18:59:34 UTC	In-game item bought		Great balls	1	
09/27/2025 18:59:34 UTC	In-game item bought		LPSKU_BUNDLE.GENERAL1.FREE.	1	
09/27/2025 18:59:34 UTC	In-game item bought		Potion	1	
09/28/2025 02:52:28 UTC	Pokecoin spent for in-game item		POKECOIN		-525
09/28/2025 02:52:28 UTC	In-game item bought		ITEM_REMOTE_RAID_TICKET	3	
09/28/2025 21:00:17 UTC	Pokecoin bought	APPLE	POKECOIN		14500	2899.0	INR
09/28/2025 22:01:01 UTC	Pokecoin spent for in-game item		POKECOIN		-525
09/28/2025 22:01:01 UTC	In-game item bought		ITEM_REMOTE_RAID_TICKET	3	
09/29/2025 14:23:02 UTC	Pokecoin spent for in-game item		POKECOIN		0
09/29/2025 14:23:02 UTC	In-game item bought		Razz berry	1	
09/29/2025 14:23:02 UTC	In-game item bought		Poke balls	1	
09/29/2025 14:23:02 UTC	In-game item bought		LPSKU_BUNDLE.GENERAL1.FREE.	1	
09/29/2025 14:23:02 UTC	In-game item bought		Potion	2	
09/30/2025 00:31:00 UTC	Pokecoin spent for in-game item		POKECOIN		-680
09/30/2025 00:31:00 UTC	In-game item bought		Lure	8	
09/30/2025 00:31:04 UTC	Pokecoin spent for in-game item		POKECOIN		-680
09/30/2025 00:31:04 UTC	In-game item bought		Lure	8	
09/30/2025 00:31:09 UTC	Pokecoin spent for in-game item		POKECOIN		-680
09/30/2025 00:31:09 UTC	In-game item bought		Lure	8	
09/30/2025 00:49:45 UTC	Pokecoin spent for in-game item		POKECOIN		-5425
09/30/2025 00:49:45 UTC	In-game item bought		Raid pass (paid)	99	
09/30/2025 00:49:45 UTC	In-game item bought		Fast TM	2	
09/30/2025 00:49:45 UTC	In-game item bought		Star pieces	2	
09/30/2025 00:49:45 UTC	In-game item bought		Charged TM	2	
09/30/2025 01:27:06 UTC	Pokecoin spent for in-game item		POKECOIN		-525
09/30/2025 01:27:06 UTC	In-game item bought		ITEM_REMOTE_RAID_TICKET	3	
09/30/2025 02:42:29 UTC	Pokecoin spent for in-game item		POKECOIN		-525
09/30/2025 02:42:29 UTC	In-game item bought		ITEM_REMOTE_RAID_TICKET	3	
09/30/2025 03:02:17 UTC	Pokecoin spent for in-game item		POKECOIN		-525
09/30/2025 03:02:17 UTC	In-game item bought		ITEM_REMOTE_RAID_TICKET	3	
09/30/2025 05:35:54 UTC	Pokecoin spent for in-game item		POKECOIN		-525
09/30/2025 05:35:54 UTC	In-game item bought		ITEM_REMOTE_RAID_TICKET	3	
09/30/2025 07:07:00 UTC	Pokecoin spent for in-game item		POKECOIN		0
09/30/2025 07:07:00 UTC	In-game item bought		Poke balls	3	
09/30/2025 07:07:00 UTC	In-game item bought		LPSKU_BUNDLE.GENERAL1.FREE.	1	
09/30/2025 07:07:00 UTC	In-game item bought		Potion	1	
09/30/2025 07:07:06 UTC	Pokecoin spent for in-game item		POKECOIN		-680
09/30/2025 07:07:06 UTC	In-game item bought		Lure	8	
09/30/2025 07:07:08 UTC	Pokecoin spent for in-game item		POKECOIN		-680
09/30/2025 07:07:08 UTC	In-game item bought		Lure	8	
10/01/2025 01:27:27 UTC	Pokecoin spent for in-game item		POKECOIN		-525
10/01/2025 01:27:27 UTC	In-game item bought		ITEM_REMOTE_RAID_TICKET	3	
10/01/2025 23:55:04 UTC	Pokecoin spent for in-game item		POKECOIN		-525
10/01/2025 23:55:04 UTC	In-game item bought		ITEM_REMOTE_RAID_TICKET	3	
10/02/2025 00:16:24 UTC	Pokecoin spent for in-game item		POKECOIN		-425
10/02/2025 00:16:24 UTC	In-game item bought		ITEM_MP_REPLENISH	3	
10/02/2025 02:06:23 UTC	Pokecoin spent for in-game item		POKECOIN		-425
10/02/2025 02:06:23 UTC	In-game item bought		ITEM_MP_REPLENISH	3	
10/02/2025 02:10:27 UTC	Pokecoin spent for in-game item		POKECOIN		-525
10/02/2025 02:10:27 UTC	In-game item bought		ITEM_REMOTE_RAID_TICKET	3	
10/02/2025 19:05:42 UTC	Pokecoin spent for in-game item		POKECOIN		0
10/02/2025 19:05:42 UTC	In-game item bought		Poke balls	3	
10/02/2025 19:05:42 UTC	In-game item bought		Great balls	1	
10/02/2025 19:05:42 UTC	In-game item bought		LPSKU_BUNDLE.GENERAL1.FREE.	1	
10/02/2025 19:05:48 UTC	Pokecoin spent for in-game item		POKECOIN		-525
10/02/2025 19:05:48 UTC	In-game item bought		ITEM_REMOTE_RAID_TICKET	3	
10/02/2025 19:08:51 UTC	Pokecoin spent for in-game item		POKECOIN		-425
10/02/2025 19:08:51 UTC	In-game item bought		ITEM_MP_REPLENISH	3	
10/04/2025 00:56:19 UTC	Pokecoin spent for in-game item		POKECOIN		-525
10/04/2025 00:56:19 UTC	In-game item bought		ITEM_REMOTE_RAID_TICKET	3	
10/04/2025 00:56:22 UTC	Pokecoin spent for in-game item		POKECOIN		-425
10/04/2025 00:56:22 UTC	In-game item bought		ITEM_MP_REPLENISH	3	
10/04/2025 01:07:09 UTC	Pokecoin bought	APPLE	POKECOIN		14500	2899.0	INR
10/04/2025 01:24:08 UTC	Pokecoin spent for in-game item		POKECOIN		0
10/04/2025 01:24:08 UTC	In-game item bought		Poke balls	2	
10/04/2025 01:24:08 UTC	In-game item bought		Great balls	1	
10/04/2025 01:24:08 UTC	In-game item bought		LPSKU_BUNDLE.GENERAL1.FREE.	1	
10/04/2025 01:24:08 UTC	In-game item bought		Potion	1	
10/04/2025 02:50:10 UTC	Pokecoin spent for in-game item		POKECOIN		-525
10/04/2025 02:50:10 UTC	In-game item bought		ITEM_REMOTE_RAID_TICKET	3	
10/04/2025 03:54:32 UTC	Pokecoin spent for in-game item		POKECOIN		-575
10/04/2025 03:54:32 UTC	In-game item bought		Star pieces	3	
10/04/2025 03:54:32 UTC	In-game item bought		ITEM_REMOTE_RAID_TICKET	3	
10/04/2025 18:56:13 UTC	Pokecoin spent for in-game item		POKECOIN		-525
10/04/2025 18:56:13 UTC	In-game item bought		ITEM_REMOTE_RAID_TICKET	3	
10/04/2025 22:22:48 UTC	Pokecoin spent for in-game item		POKECOIN		-880
10/04/2025 22:22:48 UTC	In-game item bought		Incense	8	
10/04/2025 22:22:48 UTC	In-game item bought		ITEM_POFFIN	8	
10/04/2025 22:22:48 UTC	In-game item bought		Lucky egg	8	
10/04/2025 23:00:26 UTC	Pokecoin spent for in-game item		POKECOIN		-425
10/04/2025 23:00:26 UTC	In-game item bought		ITEM_MP_REPLENISH	3	
10/04/2025 23:51:02 UTC	Pokecoin spent for in-game item		POKECOIN		-525
10/04/2025 23:51:02 UTC	In-game item bought		ITEM_REMOTE_RAID_TICKET	3	
10/05/2025 20:24:06 UTC	Pokecoin spent for in-game item		POKECOIN		0
10/05/2025 20:24:06 UTC	In-game item bought		Poke balls	2	
10/05/2025 20:24:06 UTC	In-game item bought		Great balls	1	
10/05/2025 20:24:06 UTC	In-game item bought		LPSKU_BUNDLE.GENERAL1.FREE.	1	
10/05/2025 20:24:06 UTC	In-game item bought		Potion	1	
10/05/2025 21:44:41 UTC	Pokecoin spent for in-game item		POKECOIN		-425
10/05/2025 21:44:41 UTC	In-game item bought		ITEM_MP_REPLENISH	3	
10/07/2025 23:35:42 UTC	Pokecoin spent for in-game item		POKECOIN		-525
10/07/2025 23:35:42 UTC	In-game item bought		ITEM_REMOTE_RAID_TICKET	3	
10/08/2025 03:01:09 UTC	Pokecoin spent for in-game item		POKECOIN		0
10/08/2025 03:01:09 UTC	In-game item bought		Razz berry	1	
10/08/2025 03:01:09 UTC	In-game item bought		Poke balls	3	
10/08/2025 03:01:09 UTC	In-game item bought		LPSKU_BUNDLE.GENERAL1.FREE.	1	
10/08/2025 03:01:23 UTC	Pokecoin spent for in-game item		POKECOIN		-525
10/08/2025 03:01:23 UTC	In-game item bought		ITEM_REMOTE_RAID_TICKET	3	
10/09/2025 00:46:59 UTC	Pokecoin spent for in-game item		POKECOIN		0
10/09/2025 00:46:59 UTC	In-game item bought		Poke balls	1	
10/09/2025 00:46:59 UTC	In-game item bought		Great balls	1	
10/09/2025 00:46:59 UTC	In-game item bought		LPSKU_BUNDLE.GENERAL1.FREE.	1	
10/09/2025 00:46:59 UTC	In-game item bought		Potion	2	
10/09/2025 04:43:49 UTC	Pokecoin spent for in-game item		POKECOIN		-525
10/09/2025 04:43:49 UTC	In-game item bought		ITEM_REMOTE_RAID_TICKET	3	
10/09/2025 13:48:11 UTC	Pokecoin spent for in-game item		POKECOIN		0
10/09/2025 13:48:11 UTC	In-game item bought		Poke balls	2	
10/09/2025 13:48:11 UTC	In-game item bought		Great balls	2	
10/09/2025 13:48:11 UTC	In-game item bought		LPSKU_BUNDLE.GENERAL1.FREE.	1	
10/09/2025 15:15:09 UTC	Pokecoin spent for in-game item		POKECOIN		-525
10/09/2025 15:15:09 UTC	In-game item bought		ITEM_REMOTE_RAID_TICKET	3	
10/11/2025 20:35:37 UTC	Pokecoin spent for in-game item		POKECOIN		-525
10/11/2025 20:35:37 UTC	In-game item bought		ITEM_REMOTE_RAID_TICKET	3	
10/11/2025 21:03:20 UTC	Pokecoin spent for in-game item		POKECOIN		0
10/11/2025 21:03:20 UTC	In-game item bought		LPSKU_INCENSE_BUNDLE.GENERAL2.SMALL.	1	
10/11/2025 21:03:20 UTC	In-game item bought		ITEM_TROY_DISK_MOSSY	1	
10/11/2025 21:03:30 UTC	Pokecoin spent for in-game item		POKECOIN		0
10/11/2025 21:03:30 UTC	In-game item bought		Razz berry	1	
10/11/2025 21:03:30 UTC	In-game item bought		Poke balls	2	
10/11/2025 21:03:30 UTC	In-game item bought		Great balls	1	
10/11/2025 21:03:30 UTC	In-game item bought		LPSKU_BUNDLE.GENERAL1.FREE.	1	
10/12/2025 03:49:19 UTC	Pokecoin spent for in-game item		POKECOIN		-525
10/12/2025 03:49:19 UTC	In-game item bought		ITEM_REMOTE_RAID_TICKET	3	
10/12/2025 14:56:55 UTC	Pokecoin spent for in-game item		POKECOIN		0
10/12/2025 14:56:55 UTC	In-game item bought		Poke balls	1	
10/12/2025 14:56:55 UTC	In-game item bought		Great balls	1	
10/12/2025 14:56:55 UTC	In-game item bought		LPSKU_BUNDLE.GENERAL1.FREE.	1	
10/12/2025 14:56:55 UTC	In-game item bought		Potion	2	
10/13/2025 13:08:06 UTC	Pokecoin spent for in-game item		POKECOIN		0
10/13/2025 13:08:06 UTC	In-game item bought		Poke balls	2	
10/13/2025 13:08:06 UTC	In-game item bought		Great balls	1	
10/13/2025 13:08:06 UTC	In-game item bought		LPSKU_BUNDLE.GENERAL1.FREE.	1	
10/13/2025 13:08:06 UTC	In-game item bought		Potion	1	
10/14/2025 14:25:18 UTC	Pokecoin spent for in-game item		POKECOIN		0
10/14/2025 14:25:18 UTC	In-game item bought		Poke balls	3	
10/14/2025 14:25:18 UTC	In-game item bought		Great balls	1	
10/14/2025 14:25:18 UTC	In-game item bought		LPSKU_BUNDLE.GENERAL1.FREE.	1	
10/15/2025 03:42:25 UTC	Pokecoin spent for in-game item		POKECOIN		-525
10/15/2025 03:42:25 UTC	In-game item bought		ITEM_REMOTE_RAID_TICKET	3	
10/15/2025 13:57:28 UTC	Pokecoin spent for in-game item		POKECOIN		0
10/15/2025 13:57:28 UTC	In-game item bought		Poke balls	1	
10/15/2025 13:57:28 UTC	In-game item bought		Great balls	2	
10/15/2025 13:57:28 UTC	In-game item bought		LPSKU_BUNDLE.GENERAL1.FREE.	1	
10/15/2025 13:57:28 UTC	In-game item bought		Potion	1	
10/17/2025 01:23:32 UTC	Pokecoin spent for in-game item		POKECOIN		0
10/17/2025 01:23:32 UTC	In-game item bought		Poke balls	2	
10/17/2025 01:23:32 UTC	In-game item bought		LPSKU_BUNDLE.GENERAL1.FREE.	1	
10/17/2025 01:23:32 UTC	In-game item bought		Potion	2	
10/17/2025 01:23:49 UTC	Pokecoin spent for in-game item		POKECOIN		-525
10/17/2025 01:23:49 UTC	In-game item bought		ITEM_REMOTE_RAID_TICKET	3	
10/17/2025 14:47:42 UTC	Pokecoin spent for in-game item		POKECOIN		0
10/17/2025 14:47:42 UTC	In-game item bought		Poke balls	3	
10/17/2025 14:47:42 UTC	In-game item bought		Great balls	1	
10/17/2025 14:47:42 UTC	In-game item bought		LPSKU_BUNDLE.GENERAL1.FREE.	1	
10/18/2025 00:56:43 UTC	Pokecoin spent for in-game item		POKECOIN		-525
10/18/2025 00:56:43 UTC	In-game item bought		ITEM_REMOTE_RAID_TICKET	3	
10/18/2025 00:56:46 UTC	Pokecoin spent for in-game item		POKECOIN		-425
10/18/2025 00:56:46 UTC	In-game item bought		ITEM_MP_REPLENISH	3	
10/18/2025 02:55:23 UTC	Pokecoin spent for in-game item		POKECOIN		-525
10/18/2025 02:55:23 UTC	In-game item bought		ITEM_REMOTE_RAID_TICKET	3	
10/18/2025 05:25:11 UTC	Pokecoin spent for in-game item		POKECOIN		-525
10/18/2025 05:25:11 UTC	In-game item bought		ITEM_REMOTE_RAID_TICKET	3	
10/18/2025 19:15:40 UTC	Pokecoin spent for in-game item		POKECOIN		-525
10/18/2025 19:15:40 UTC	In-game item bought		ITEM_REMOTE_RAID_TICKET	3	
10/18/2025 19:33:10 UTC	Pokecoin spent for in-game item		POKECOIN		-525
10/18/2025 19:33:10 UTC	In-game item bought		ITEM_REMOTE_RAID_TICKET	3	
10/18/2025 20:02:54 UTC	Pokecoin spent for in-game item		POKECOIN		-675
10/18/2025 20:02:54 UTC	In-game item bought		Star pieces	2	
10/18/2025 20:02:54 UTC	In-game item bought		ITEM_REMOTE_RAID_TICKET	3	
10/18/2025 20:02:54 UTC	In-game item bought		ITEM_GOLDEN_PINAP_BERRY	8	
10/18/2025 20:02:54 UTC	In-game item bought		Lucky egg	2	
10/18/2025 20:03:00 UTC	Pokecoin spent for in-game item		POKECOIN		0
10/18/2025 20:03:00 UTC	In-game item bought		Poke balls	2	
10/18/2025 20:03:00 UTC	In-game item bought		Great balls	1	
10/18/2025 20:03:00 UTC	In-game item bought		LPSKU_BUNDLE.GENERAL1.FREE.	1	
10/18/2025 20:03:00 UTC	In-game item bought		Potion	1	
10/20/2025 14:21:56 UTC	Pokecoin spent for in-game item		POKECOIN		0
10/20/2025 14:21:56 UTC	In-game item bought		Poke balls	4	
10/20/2025 14:21:56 UTC	In-game item bought		LPSKU_BUNDLE.GENERAL1.FREE.	1	
10/20/2025 15:13:38 UTC	Pokecoin spent for in-game item		POKECOIN		-525
10/20/2025 15:13:38 UTC	In-game item bought		ITEM_REMOTE_RAID_TICKET	3	
10/21/2025 14:23:26 UTC	Pokecoin spent for in-game item		POKECOIN		0
10/21/2025 14:23:26 UTC	In-game item bought		Razz berry	1	
10/21/2025 14:23:26 UTC	In-game item bought		Great balls	1	
10/21/2025 14:23:26 UTC	In-game item bought		LPSKU_BUNDLE.GENERAL1.FREE.	1	
10/21/2025 14:23:26 UTC	In-game item bought		Potion	2	
10/23/2025 01:09:49 UTC	Pokecoin spent for in-game item		POKECOIN		-525
10/23/2025 01:09:49 UTC	In-game item bought		ITEM_REMOTE_RAID_TICKET	3	
10/23/2025 01:31:00 UTC	Pokecoin spent for in-game item		POKECOIN		-525
10/23/2025 01:31:00 UTC	In-game item bought		ITEM_REMOTE_RAID_TICKET	3	
10/23/2025 01:51:43 UTC	Pokecoin spent for in-game item		POKECOIN		-525
10/23/2025 01:51:43 UTC	In-game item bought		ITEM_REMOTE_RAID_TICKET	3	
10/23/2025 14:05:46 UTC	Pokecoin spent for in-game item		POKECOIN		0
10/23/2025 14:05:46 UTC	In-game item bought		Poke balls	2	
10/23/2025 14:05:46 UTC	In-game item bought		Great balls	1	
10/23/2025 14:05:46 UTC	In-game item bought		LPSKU_BUNDLE.GENERAL1.FREE.	1	
10/23/2025 14:05:46 UTC	In-game item bought		Potion	1	
10/25/2025 21:25:56 UTC	Pokecoin spent for in-game item		POKECOIN		0
10/25/2025 21:25:56 UTC	In-game item bought		Razz berry	1	
10/25/2025 21:25:56 UTC	In-game item bought		Poke balls	1	
10/25/2025 21:25:56 UTC	In-game item bought		Great balls	1	
10/25/2025 21:25:56 UTC	In-game item bought		LPSKU_BUNDLE.GENERAL1.FREE.	1	
10/25/2025 21:25:56 UTC	In-game item bought		Potion	1	
10/26/2025 20:00:59 UTC	Pokecoin spent for in-game item		POKECOIN		0
10/26/2025 20:00:59 UTC	In-game item bought		Poke balls	3	
10/26/2025 20:00:59 UTC	In-game item bought		LPSKU_BUNDLE.GENERAL1.FREE.	1	
10/26/2025 20:00:59 UTC	In-game item bought		Potion	1	
10/27/2025 02:06:53 UTC	Pokecoin spent for in-game item		POKECOIN		-525
10/27/2025 02:06:53 UTC	In-game item bought		ITEM_REMOTE_RAID_TICKET	3	
10/28/2025 02:48:27 UTC	Pokecoin spent for in-game item		POKECOIN		0
10/28/2025 02:48:27 UTC	In-game item bought		Razz berry	1	
10/28/2025 02:48:27 UTC	In-game item bought		Poke balls	1	
10/28/2025 02:48:27 UTC	In-game item bought		Great balls	1	
10/28/2025 02:48:27 UTC	In-game item bought		LPSKU_BUNDLE.GENERAL1.FREE.	1	
10/28/2025 02:48:27 UTC	In-game item bought		Potion	1	
10/28/2025 14:52:58 UTC	Pokecoin spent for in-game item		POKECOIN		0
10/28/2025 14:52:58 UTC	In-game item bought		Razz berry	1	
10/28/2025 14:52:58 UTC	In-game item bought		Poke balls	1	
10/28/2025 14:52:58 UTC	In-game item bought		LPSKU_BUNDLE.GENERAL1.FREE.	1	
10/28/2025 14:52:58 UTC	In-game item bought		Potion	2	
10/29/2025 13:22:06 UTC	Pokecoin spent for in-game item		POKECOIN		0
10/29/2025 13:22:06 UTC	In-game item bought		Poke balls	2	
10/29/2025 13:22:06 UTC	In-game item bought		Great balls	2	
10/29/2025 13:22:06 UTC	In-game item bought		LPSKU_BUNDLE.GENERAL1.FREE.	1	
10/30/2025 01:13:10 UTC	Pokecoin spent for in-game item		POKECOIN		-500
10/30/2025 01:13:10 UTC	In-game item bought		Lucky egg	8	
10/30/2025 07:07:58 UTC	Pokecoin spent for in-game item		POKECOIN		0
10/30/2025 07:07:58 UTC	In-game item bought		Poke balls	2	
10/30/2025 07:07:58 UTC	In-game item bought		Great balls	1	
10/30/2025 07:07:58 UTC	In-game item bought		LPSKU_BUNDLE.GENERAL1.FREE.	1	
10/30/2025 07:07:58 UTC	In-game item bought		Potion	1	
10/30/2025 19:19:22 UTC	Pokecoin spent for in-game item		POKECOIN		-525
10/30/2025 19:19:22 UTC	In-game item bought		ITEM_REMOTE_RAID_TICKET	3	
10/31/2025 21:56:34 UTC	Pokecoin spent for in-game item		POKECOIN		0
10/31/2025 21:56:34 UTC	In-game item bought		Poke balls	2	
10/31/2025 21:56:34 UTC	In-game item bought		Great balls	1	
10/31/2025 21:56:34 UTC	In-game item bought		LPSKU_BUNDLE.GENERAL1.FREE.	1	
10/31/2025 21:56:34 UTC	In-game item bought		Potion	1	
11/01/2025 03:49:07 UTC	Pokecoin spent for in-game item		POKECOIN		-525
11/01/2025 03:49:07 UTC	In-game item bought		ITEM_REMOTE_RAID_TICKET	3	
11/01/2025 15:36:53 UTC	Pokecoin bought	APPLE	POKECOIN		14500	2899.0	INR
11/01/2025 19:40:33 UTC	Pokecoin spent for in-game item		POKECOIN		0
11/01/2025 19:40:33 UTC	In-game item bought		Poke balls	3	
11/01/2025 19:40:33 UTC	In-game item bought		Great balls	1	
11/01/2025 19:40:33 UTC	In-game item bought		LPSKU_BUNDLE.GENERAL1.FREE.	1	
11/01/2025 22:38:00 UTC	Pokecoin spent for in-game item		POKECOIN		-425
11/01/2025 22:38:00 UTC	In-game item bought		ITEM_MP_REPLENISH	3	
11/01/2025 22:47:51 UTC	Pokecoin spent for in-game item		POKECOIN		-200
11/01/2025 22:47:51 UTC	In-game item bought		UPGRADE_GMAX_BATTLE_REWARD_LEVEL	1	
11/01/2025 22:53:53 UTC	Pokecoin spent for in-game item		POKECOIN		-525
11/01/2025 22:53:53 UTC	In-game item bought		ITEM_REMOTE_RAID_TICKET	3	
11/01/2025 23:05:56 UTC	Pokecoin spent for in-game item		POKECOIN		-650
11/01/2025 23:05:56 UTC	In-game item bought		ITEM_MP	1	
11/01/2025 23:05:56 UTC	In-game item bought		ITEM_MAX_BOOST	1	
11/02/2025 00:26:24 UTC	Pokecoin spent for in-game item		POKECOIN		-525
11/02/2025 00:26:24 UTC	In-game item bought		ITEM_REMOTE_RAID_TICKET	3	
11/02/2025 00:29:38 UTC	Pokecoin spent for in-game item		POKECOIN		-575
11/02/2025 00:29:38 UTC	In-game item bought		Star pieces	3	
11/02/2025 00:29:38 UTC	In-game item bought		ITEM_REMOTE_RAID_TICKET	3	
11/02/2025 01:48:07 UTC	Pokecoin spent for in-game item		POKECOIN		-525
11/02/2025 01:48:07 UTC	In-game item bought		ITEM_REMOTE_RAID_TICKET	3	
11/02/2025 01:58:24 UTC	Pokecoin spent for in-game item		POKECOIN		-575
11/02/2025 01:58:24 UTC	In-game item bought		Star pieces	3	
11/02/2025 01:58:24 UTC	In-game item bought		ITEM_REMOTE_RAID_TICKET	3	
11/02/2025 02:31:02 UTC	Pokecoin spent for in-game item		POKECOIN		-525
11/02/2025 02:31:02 UTC	In-game item bought		ITEM_REMOTE_RAID_TICKET	3	
11/02/2025 04:10:07 UTC	Pokecoin spent for in-game item		POKECOIN		-425
11/02/2025 04:10:07 UTC	In-game item bought		ITEM_MP_REPLENISH	3	
11/02/2025 04:11:28 UTC	Pokecoin spent for in-game item		POKECOIN		-650
11/02/2025 04:11:28 UTC	In-game item bought		ITEM_MP	1	
11/02/2025 04:11:28 UTC	In-game item bought		ITEM_MAX_BOOST	1	
11/02/2025 04:11:31 UTC	Pokecoin spent for in-game item		POKECOIN		-650
11/02/2025 04:11:31 UTC	In-game item bought		ITEM_MP	1	
11/02/2025 04:11:31 UTC	In-game item bought		ITEM_MAX_BOOST	1	
11/02/2025 04:17:17 UTC	Pokecoin spent for in-game item		POKECOIN		-425
11/02/2025 04:17:17 UTC	In-game item bought		ITEM_MP_REPLENISH	3	
11/02/2025 14:47:54 UTC	Pokecoin spent for in-game item		POKECOIN		0
11/02/2025 14:47:54 UTC	In-game item bought		Poke balls	2	
11/02/2025 14:47:54 UTC	In-game item bought		Great balls	2	
11/02/2025 14:47:54 UTC	In-game item bought		LPSKU_BUNDLE.GENERAL1.FREE.	1	
11/03/2025 04:14:15 UTC	Pokecoin spent for in-game item		POKECOIN		-525
11/03/2025 04:14:15 UTC	In-game item bought		ITEM_REMOTE_RAID_TICKET	3	
11/03/2025 18:36:37 UTC	Pokecoin spent for in-game item		POKECOIN		0
11/03/2025 18:36:37 UTC	In-game item bought		Poke balls	4	
11/03/2025 18:36:37 UTC	In-game item bought		LPSKU_BUNDLE.GENERAL1.FREE.	1	
11/07/2025 02:16:44 UTC	Pokecoin spent for in-game item		POKECOIN		-525
11/07/2025 02:16:44 UTC	In-game item bought		ITEM_REMOTE_RAID_TICKET	3	
11/07/2025 02:56:17 UTC	Pokecoin spent for in-game item		POKECOIN		-425
11/07/2025 02:56:17 UTC	In-game item bought		ITEM_MP_REPLENISH	3	
11/07/2025 03:33:05 UTC	Pokecoin spent for in-game item		POKECOIN		-525
11/07/2025 03:33:05 UTC	In-game item bought		ITEM_REMOTE_RAID_TICKET	3	
11/07/2025 03:48:11 UTC	Pokecoin spent for in-game item		POKECOIN		-750
11/07/2025 03:48:11 UTC	In-game item bought		Golden razz berry	10	
11/07/2025 03:48:11 UTC	In-game item bought		ITEM_POFFIN	10	
11/07/2025 04:19:23 UTC	Pokecoin spent for in-game item		POKECOIN		0
11/07/2025 04:19:23 UTC	In-game item bought		Razz berry	1	
11/07/2025 04:19:23 UTC	In-game item bought		Poke balls	2	
11/07/2025 04:19:23 UTC	In-game item bought		LPSKU_BUNDLE.GENERAL1.FREE.	1	
11/07/2025 04:19:23 UTC	In-game item bought		Potion	1	
11/07/2025 04:57:14 UTC	Pokecoin spent for in-game item		POKECOIN		-425
11/07/2025 04:57:14 UTC	In-game item bought		ITEM_MP_REPLENISH	3	
11/07/2025 05:00:37 UTC	Pokecoin spent for in-game item		POKECOIN		-525
11/07/2025 05:00:37 UTC	In-game item bought		ITEM_REMOTE_RAID_TICKET	3	
11/08/2025 00:45:39 UTC	Pokecoin spent for in-game item		POKECOIN		-525
11/08/2025 00:45:39 UTC	In-game item bought		ITEM_REMOTE_RAID_TICKET	3	
11/08/2025 00:45:42 UTC	Pokecoin spent for in-game item		POKECOIN		-425
11/08/2025 00:45:42 UTC	In-game item bought		ITEM_MP_REPLENISH	3	
11/08/2025 02:45:32 UTC	Pokecoin spent for in-game item		POKECOIN		-525
11/08/2025 02:45:32 UTC	In-game item bought		ITEM_REMOTE_RAID_TICKET	3	
11/08/2025 17:25:15 UTC	Pokecoin spent for in-game item		POKECOIN		0
11/08/2025 17:25:15 UTC	In-game item bought		Poke balls	2	
11/08/2025 17:25:15 UTC	In-game item bought		LPSKU_BUNDLE.GENERAL1.FREE.	1	
11/08/2025 17:25:15 UTC	In-game item bought		Potion	2	
11/08/2025 21:06:37 UTC	Pokecoin spent for in-game item		POKECOIN		-425
11/08/2025 21:06:37 UTC	In-game item bought		ITEM_MP_REPLENISH	3	
11/08/2025 21:06:40 UTC	Pokecoin spent for in-game item		POKECOIN		-425
11/08/2025 21:06:40 UTC	In-game item bought		ITEM_MP_REPLENISH	3	
11/08/2025 21:06:43 UTC	Pokecoin spent for in-game item		POKECOIN		-425
11/08/2025 21:06:43 UTC	In-game item bought		ITEM_MP_REPLENISH	3	
11/08/2025 21:06:48 UTC	Pokecoin spent for in-game item		POKECOIN		-425
11/08/2025 21:06:48 UTC	In-game item bought		ITEM_MP_REPLENISH	3	
11/08/2025 21:19:45 UTC	Pokecoin spent for in-game item		POKECOIN		-525
11/08/2025 21:19:45 UTC	In-game item bought		ITEM_REMOTE_RAID_TICKET	3	
11/09/2025 02:51:11 UTC	Pokecoin spent for in-game item		POKECOIN		-525
11/09/2025 02:51:11 UTC	In-game item bought		ITEM_REMOTE_RAID_TICKET	3	
11/09/2025 06:28:46 UTC	Pokecoin spent for in-game item		POKECOIN		-525
11/09/2025 06:28:46 UTC	In-game item bought		ITEM_REMOTE_RAID_TICKET	3	
11/09/2025 07:19:53 UTC	Pokecoin spent for in-game item		POKECOIN		0
11/09/2025 07:19:53 UTC	In-game item bought		Poke balls	3	
11/09/2025 07:19:53 UTC	In-game item bought		Great balls	1	
11/09/2025 07:19:53 UTC	In-game item bought		LPSKU_BUNDLE.GENERAL1.FREE.	1	
11/10/2025 04:52:20 UTC	Pokecoin bought	APPLE	POKECOIN		14500	2899.0	INR
11/10/2025 13:44:46 UTC	Pokecoin spent for in-game item		POKECOIN		0
11/10/2025 13:44:46 UTC	In-game item bought		Razz berry	1	
11/10/2025 13:44:46 UTC	In-game item bought		Poke balls	1	
11/10/2025 13:44:46 UTC	In-game item bought		Great balls	1	
11/10/2025 13:44:46 UTC	In-game item bought		LPSKU_BUNDLE.GENERAL1.FREE.	1	
11/10/2025 13:44:46 UTC	In-game item bought		Potion	1	
11/10/2025 13:53:25 UTC	Pokecoin spent for in-game item		POKECOIN		-425
11/10/2025 13:53:25 UTC	In-game item bought		ITEM_MP_REPLENISH	3	
11/10/2025 13:53:28 UTC	Pokecoin spent for in-game item		POKECOIN		-425
11/10/2025 13:53:28 UTC	In-game item bought		ITEM_MP_REPLENISH	3	
11/10/2025 13:53:33 UTC	Pokecoin spent for in-game item		POKECOIN		-525
11/10/2025 13:53:33 UTC	In-game item bought		ITEM_REMOTE_RAID_TICKET	3	
11/11/2025 02:38:06 UTC	Pokecoin spent for in-game item		POKECOIN		0
11/11/2025 02:38:06 UTC	In-game item bought		Bag upgrade	4	
11/11/2025 02:38:06 UTC	In-game item bought		LPSKU_BUNDLE.HALLOWEEN.ADVENTURE.	1	
11/11/2025 02:38:09 UTC	Pokecoin spent for in-game item		POKECOIN		-200
11/11/2025 02:38:09 UTC	In-game item bought		Pokemon storage upgrade	1	
11/11/2025 02:38:12 UTC	Pokecoin spent for in-game item		POKECOIN		-200
11/11/2025 02:38:12 UTC	In-game item bought		Pokemon storage upgrade	1	
11/11/2025 02:38:29 UTC	Pokecoin spent for in-game item		POKECOIN		-200
11/11/2025 02:38:29 UTC	In-game item bought		Pokemon storage upgrade	1	
11/11/2025 02:38:32 UTC	Pokecoin spent for in-game item		POKECOIN		-200
11/11/2025 02:38:32 UTC	In-game item bought		Pokemon storage upgrade	1	
11/11/2025 02:38:34 UTC	Pokecoin spent for in-game item		POKECOIN		-200
11/11/2025 02:38:34 UTC	In-game item bought		Pokemon storage upgrade	1	
11/11/2025 02:38:37 UTC	Pokecoin spent for in-game item		POKECOIN		-200
11/11/2025 02:38:37 UTC	In-game item bought		Pokemon storage upgrade	1	
11/11/2025 02:38:39 UTC	Pokecoin spent for in-game item		POKECOIN		-200
11/11/2025 02:38:39 UTC	In-game item bought		Pokemon storage upgrade	1	
11/11/2025 02:38:42 UTC	Pokecoin spent for in-game item		POKECOIN		-200
11/11/2025 02:38:42 UTC	In-game item bought		Pokemon storage upgrade	1	
11/11/2025 02:38:45 UTC	Pokecoin spent for in-game item		POKECOIN		-200
11/11/2025 02:38:45 UTC	In-game item bought		Pokemon storage upgrade	1	
11/11/2025 02:38:47 UTC	Pokecoin spent for in-game item		POKECOIN		-200
11/11/2025 02:38:47 UTC	In-game item bought		Pokemon storage upgrade	1	
11/11/2025 02:38:50 UTC	Pokecoin spent for in-game item		POKECOIN		-200
11/11/2025 02:38:50 UTC	In-game item bought		Pokemon storage upgrade	1	
11/11/2025 02:38:53 UTC	Pokecoin spent for in-game item		POKECOIN		-200
11/11/2025 02:38:53 UTC	In-game item bought		Pokemon storage upgrade	1	
11/11/2025 02:38:56 UTC	Pokecoin spent for in-game item		POKECOIN		-200
11/11/2025 02:38:56 UTC	In-game item bought		Pokemon storage upgrade	1	
11/11/2025 02:39:26 UTC	Pokecoin spent for in-game item		POKECOIN		-200
11/11/2025 02:39:26 UTC	In-game item bought		Bag upgrade	1	
11/11/2025 02:39:30 UTC	Pokecoin spent for in-game item		POKECOIN		-200
11/11/2025 02:39:30 UTC	In-game item bought		Bag upgrade	1	
11/11/2025 02:39:32 UTC	Pokecoin spent for in-game item		POKECOIN		-200
11/11/2025 02:39:32 UTC	In-game item bought		Bag upgrade	1	
11/11/2025 02:39:35 UTC	Pokecoin spent for in-game item		POKECOIN		-200
11/11/2025 02:39:35 UTC	In-game item bought		Bag upgrade	1	
11/11/2025 02:39:38 UTC	Pokecoin spent for in-game item		POKECOIN		-200
11/11/2025 02:39:38 UTC	In-game item bought		Bag upgrade	1	
11/11/2025 02:39:41 UTC	Pokecoin spent for in-game item		POKECOIN		-200
11/11/2025 02:39:41 UTC	In-game item bought		Bag upgrade	1	
11/11/2025 02:39:44 UTC	Pokecoin spent for in-game item		POKECOIN		-200
11/11/2025 02:39:44 UTC	In-game item bought		Bag upgrade	1	
11/11/2025 02:39:46 UTC	Pokecoin spent for in-game item		POKECOIN		-200
11/11/2025 02:39:46 UTC	In-game item bought		Bag upgrade	1	
11/11/2025 02:39:49 UTC	Pokecoin spent for in-game item		POKECOIN		-200
11/11/2025 02:39:49 UTC	In-game item bought		Bag upgrade	1	
11/11/2025 02:39:52 UTC	Pokecoin spent for in-game item		POKECOIN		-200
11/11/2025 02:39:52 UTC	In-game item bought		Bag upgrade	1	
11/11/2025 02:39:54 UTC	Pokecoin spent for in-game item		POKECOIN		-200
11/11/2025 02:39:54 UTC	In-game item bought		Bag upgrade	1	
11/11/2025 02:39:57 UTC	Pokecoin spent for in-game item		POKECOIN		-200
11/11/2025 02:39:57 UTC	In-game item bought		Bag upgrade	1	
11/11/2025 02:39:59 UTC	Pokecoin spent for in-game item		POKECOIN		-200
11/11/2025 02:39:59 UTC	In-game item bought		Bag upgrade	1	
11/11/2025 02:40:02 UTC	Pokecoin spent for in-game item		POKECOIN		-200
11/11/2025 02:40:02 UTC	In-game item bought		Bag upgrade	1	
11/11/2025 02:40:05 UTC	Pokecoin spent for in-game item		POKECOIN		-200
11/11/2025 02:40:05 UTC	In-game item bought		Bag upgrade	1	
11/11/2025 02:40:07 UTC	Pokecoin spent for in-game item		POKECOIN		-200
11/11/2025 02:40:07 UTC	In-game item bought		Bag upgrade	1	
11/12/2025 03:43:56 UTC	Pokecoin spent for in-game item		POKECOIN		0
11/12/2025 03:43:56 UTC	In-game item bought		Poke balls	1	
11/12/2025 03:43:56 UTC	In-game item bought		Great balls	1	
11/12/2025 03:43:56 UTC	In-game item bought		LPSKU_BUNDLE.GENERAL1.FREE.	1	
11/12/2025 03:43:56 UTC	In-game item bought		Potion	2	
11/13/2025 01:09:17 UTC	Pokecoin spent for in-game item		POKECOIN		-650
11/13/2025 01:09:17 UTC	In-game item bought		Raid pass (paid)	3	
11/13/2025 01:09:17 UTC	In-game item bought		ITEM_POFFIN	1	
11/13/2025 01:09:17 UTC	In-game item bought		ITEM_REMOTE_RAID_TICKET	3	
11/13/2025 01:09:23 UTC	Pokecoin spent for in-game item		POKECOIN		-1120
11/13/2025 01:09:23 UTC	In-game item bought		Incense	7	
11/13/2025 01:09:23 UTC	In-game item bought		Star pieces	7	
11/13/2025 01:09:23 UTC	In-game item bought		ITEM_POFFIN	7	
11/13/2025 01:09:23 UTC	In-game item bought		Lucky egg	7	
11/13/2025 01:09:26 UTC	Pokecoin spent for in-game item		POKECOIN		-1120
11/13/2025 01:09:26 UTC	In-game item bought		Incense	7	
11/13/2025 01:09:26 UTC	In-game item bought		Star pieces	7	
11/13/2025 01:09:26 UTC	In-game item bought		ITEM_POFFIN	7	
11/13/2025 01:09:26 UTC	In-game item bought		Lucky egg	7	
11/15/2025 02:22:43 UTC	Pokecoin spent for in-game item		POKECOIN		0
11/15/2025 02:22:43 UTC	In-game item bought		Poke balls	1	
11/15/2025 02:22:43 UTC	In-game item bought		Great balls	1	
11/15/2025 02:22:43 UTC	In-game item bought		LPSKU_BUNDLE.GENERAL1.FREE.	1	
11/15/2025 02:22:43 UTC	In-game item bought		Potion	2	
11/15/2025 02:22:54 UTC	Pokecoin spent for in-game item		POKECOIN		-675
11/15/2025 02:22:54 UTC	In-game item bought		Star pieces	2	
11/15/2025 02:22:54 UTC	In-game item bought		ITEM_REMOTE_RAID_TICKET	3	
11/15/2025 02:22:54 UTC	In-game item bought		ITEM_GOLDEN_PINAP_BERRY	8	
11/15/2025 02:22:54 UTC	In-game item bought		Lucky egg	2	
11/15/2025 03:47:50 UTC	Pokecoin spent for in-game item		POKECOIN		-525
11/15/2025 03:47:50 UTC	In-game item bought		ITEM_REMOTE_RAID_TICKET	3	
11/15/2025 04:56:22 UTC	Pokecoin spent for in-game item		POKECOIN		-525
11/15/2025 04:56:22 UTC	In-game item bought		ITEM_REMOTE_RAID_TICKET	3	
11/15/2025 05:49:05 UTC	Pokecoin spent for in-game item		POKECOIN		-525
11/15/2025 05:49:05 UTC	In-game item bought		ITEM_REMOTE_RAID_TICKET	3	
11/15/2025 06:20:10 UTC	Pokecoin spent for in-game item		POKECOIN		-525
11/15/2025 06:20:10 UTC	In-game item bought		ITEM_REMOTE_RAID_TICKET	3	
11/15/2025 06:30:22 UTC	Pokecoin spent for in-game item		POKECOIN		-525
11/15/2025 06:30:22 UTC	In-game item bought		ITEM_REMOTE_RAID_TICKET	3	
11/15/2025 06:50:41 UTC	Pokecoin bought	APPLE	POKECOIN		14500	2899.0	INR
11/15/2025 06:50:55 UTC	Pokecoin spent for in-game item		POKECOIN		-525
11/15/2025 06:50:55 UTC	In-game item bought		ITEM_REMOTE_RAID_TICKET	3	
11/15/2025 07:05:15 UTC	Pokecoin spent for in-game item		POKECOIN		-525
11/15/2025 07:05:15 UTC	In-game item bought		ITEM_REMOTE_RAID_TICKET	3	
11/15/2025 07:13:13 UTC	Pokecoin spent for in-game item		POKECOIN		0
11/15/2025 07:13:13 UTC	In-game item bought		Poke balls	2	
11/15/2025 07:13:13 UTC	In-game item bought		Great balls	1	
11/15/2025 07:13:13 UTC	In-game item bought		LPSKU_BUNDLE.GENERAL1.FREE.	1	
11/15/2025 07:13:13 UTC	In-game item bought		Potion	1	
11/15/2025 07:13:16 UTC	Pokecoin spent for in-game item		POKECOIN		-525
11/15/2025 07:13:16 UTC	In-game item bought		ITEM_REMOTE_RAID_TICKET	3	
11/15/2025 07:32:33 UTC	Pokecoin spent for in-game item		POKECOIN		-525
11/15/2025 07:32:33 UTC	In-game item bought		ITEM_REMOTE_RAID_TICKET	3	
11/15/2025 18:43:18 UTC	Pokecoin spent for in-game item		POKECOIN		-240
11/15/2025 18:43:18 UTC	In-game item bought		ITEM_WILD_BALL	50	
11/15/2025 19:00:29 UTC	Pokecoin spent for in-game item		POKECOIN		-240
11/15/2025 19:00:29 UTC	In-game item bought		ITEM_WILD_BALL	50	
11/15/2025 21:26:21 UTC	Pokecoin spent for in-game item		POKECOIN		-240
11/15/2025 21:26:21 UTC	In-game item bought		ITEM_WILD_BALL	50	
11/15/2025 22:56:55 UTC	Pokecoin spent for in-game item		POKECOIN		-240
11/15/2025 22:56:55 UTC	In-game item bought		ITEM_WILD_BALL	50	
11/15/2025 23:43:06 UTC	Pokecoin spent for in-game item		POKECOIN		-240
11/15/2025 23:43:06 UTC	In-game item bought		ITEM_WILD_BALL	50	
11/15/2025 23:43:10 UTC	Pokecoin spent for in-game item		POKECOIN		-240
11/15/2025 23:43:10 UTC	In-game item bought		ITEM_WILD_BALL	50	
11/16/2025 00:35:51 UTC	Pokecoin spent for in-game item		POKECOIN		-525
11/16/2025 00:35:51 UTC	In-game item bought		ITEM_REMOTE_RAID_TICKET	3	
11/16/2025 00:55:40 UTC	Pokecoin spent for in-game item		POKECOIN		-240
11/16/2025 00:55:40 UTC	In-game item bought		ITEM_WILD_BALL	50	
11/16/2025 00:55:43 UTC	Pokecoin spent for in-game item		POKECOIN		-240
11/16/2025 00:55:43 UTC	In-game item bought		ITEM_WILD_BALL	50	
11/16/2025 01:18:30 UTC	Pokecoin spent for in-game item		POKECOIN		-525
11/16/2025 01:18:30 UTC	In-game item bought		ITEM_REMOTE_RAID_TICKET	3	
11/16/2025 01:43:48 UTC	Pokecoin spent for in-game item		POKECOIN		-525
11/16/2025 01:43:48 UTC	In-game item bought		ITEM_REMOTE_RAID_TICKET	3	
11/16/2025 02:00:18 UTC	Pokecoin spent for in-game item		POKECOIN		-525
11/16/2025 02:00:18 UTC	In-game item bought		ITEM_REMOTE_RAID_TICKET	3	
11/16/2025 02:32:06 UTC	Pokecoin spent for in-game item		POKECOIN		-525
11/16/2025 02:32:06 UTC	In-game item bought		ITEM_REMOTE_RAID_TICKET	3	
11/16/2025 02:39:33 UTC	Pokecoin spent for in-game item		POKECOIN		-525
11/16/2025 02:39:33 UTC	In-game item bought		ITEM_REMOTE_RAID_TICKET	3	
11/16/2025 02:49:03 UTC	Pokecoin spent for in-game item		POKECOIN		-525
11/16/2025 02:49:03 UTC	In-game item bought		ITEM_REMOTE_RAID_TICKET	3	
11/16/2025 03:00:57 UTC	Pokecoin spent for in-game item		POKECOIN		-1045
11/16/2025 03:00:57 UTC	In-game item bought		Raid pass (paid)	10	
11/16/2025 03:00:57 UTC	In-game item bought		ITEM_MP_REPLENISH	1	
11/16/2025 03:00:57 UTC	In-game item bought		ITEM_REMOTE_RAID_TICKET	3	
11/16/2025 03:26:17 UTC	Pokecoin spent for in-game item		POKECOIN		-525
11/16/2025 03:26:17 UTC	In-game item bought		ITEM_REMOTE_RAID_TICKET	3	
11/16/2025 03:31:50 UTC	Pokecoin spent for in-game item		POKECOIN		-1045
11/16/2025 03:31:50 UTC	In-game item bought		Raid pass (paid)	10	
11/16/2025 03:31:50 UTC	In-game item bought		ITEM_MP_REPLENISH	1	
11/16/2025 03:31:50 UTC	In-game item bought		ITEM_REMOTE_RAID_TICKET	3	
11/16/2025 03:48:51 UTC	Pokecoin spent for in-game item		POKECOIN		-1045
11/16/2025 03:48:51 UTC	In-game item bought		Raid pass (paid)	10	
11/16/2025 03:48:51 UTC	In-game item bought		ITEM_MP_REPLENISH	1	
11/16/2025 03:48:51 UTC	In-game item bought		ITEM_REMOTE_RAID_TICKET	3	
11/16/2025 04:02:07 UTC	Pokecoin spent for in-game item		POKECOIN		-525
11/16/2025 04:02:07 UTC	In-game item bought		ITEM_REMOTE_RAID_TICKET	3	
11/16/2025 04:12:58 UTC	Pokecoin spent for in-game item		POKECOIN		-525
11/16/2025 04:12:58 UTC	In-game item bought		ITEM_REMOTE_RAID_TICKET	3	
11/16/2025 18:15:52 UTC	Pokecoin spent for in-game item		POKECOIN		0
11/16/2025 18:15:52 UTC	In-game item bought		Poke balls	3	
11/16/2025 18:15:52 UTC	In-game item bought		LPSKU_BUNDLE.GENERAL1.FREE.	1	
11/16/2025 18:15:52 UTC	In-game item bought		Potion	1	
11/16/2025 19:51:41 UTC	Pokecoin spent for in-game item		POKECOIN		-125
11/16/2025 19:51:41 UTC	In-game item bought		ITEM_WILD_BALL	25	
11/16/2025 21:30:38 UTC	Pokecoin spent for in-game item		POKECOIN		-125
11/16/2025 21:30:38 UTC	In-game item bought		ITEM_WILD_BALL	25	
11/16/2025 21:52:59 UTC	Pokecoin spent for in-game item		POKECOIN		-240
11/16/2025 21:52:59 UTC	In-game item bought		ITEM_WILD_BALL	50	
11/16/2025 23:06:09 UTC	Pokecoin spent for in-game item		POKECOIN		-525
11/16/2025 23:06:09 UTC	In-game item bought		ITEM_REMOTE_RAID_TICKET	3	
11/16/2025 23:32:41 UTC	Pokecoin spent for in-game item		POKECOIN		-240
11/16/2025 23:32:41 UTC	In-game item bought		ITEM_WILD_BALL	50	
11/16/2025 23:39:06 UTC	Pokecoin spent for in-game item		POKECOIN		-250
11/16/2025 23:39:06 UTC	In-game item bought		Raid pass (paid)	3	
11/16/2025 23:39:08 UTC	Pokecoin spent for in-game item		POKECOIN		-250
11/16/2025 23:39:08 UTC	In-game item bought		Raid pass (paid)	3	
11/16/2025 23:39:19 UTC	Pokecoin spent for in-game item		POKECOIN		-150
11/16/2025 23:39:19 UTC	In-game item bought		Egg incubator	1	
11/17/2025 00:25:23 UTC	Pokecoin spent for in-game item		POKECOIN		-240
11/17/2025 00:25:23 UTC	In-game item bought		ITEM_WILD_BALL	50	
11/17/2025 00:40:27 UTC	Pokecoin spent for in-game item		POKECOIN		-125
11/17/2025 00:40:27 UTC	In-game item bought		ITEM_WILD_BALL	25	
11/17/2025 00:41:18 UTC	Pokecoin spent for in-game item		POKECOIN		-125
11/17/2025 00:41:18 UTC	In-game item bought		ITEM_WILD_BALL	25	
11/17/2025 00:57:07 UTC	Pokecoin spent for in-game item		POKECOIN		-125
11/17/2025 00:57:07 UTC	In-game item bought		ITEM_WILD_BALL	25	
11/18/2025 14:14:02 UTC	Pokecoin spent for in-game item		POKECOIN		0
11/18/2025 14:14:02 UTC	In-game item bought		Poke balls	2	
11/18/2025 14:14:02 UTC	In-game item bought		Great balls	2	
11/18/2025 14:14:02 UTC	In-game item bought		LPSKU_BUNDLE.GENERAL1.FREE.	1	
11/19/2025 15:08:48 UTC	Pokecoin spent for in-game item		POKECOIN		0
11/19/2025 15:08:48 UTC	In-game item bought		Razz berry	1	
11/19/2025 15:08:48 UTC	In-game item bought		Poke balls	2	
11/19/2025 15:08:48 UTC	In-game item bought		Great balls	1	
11/19/2025 15:08:48 UTC	In-game item bought		LPSKU_BUNDLE.GENERAL1.FREE.	1	
11/19/2025 15:16:05 UTC	Pokecoin spent for in-game item		POKECOIN		-775
11/19/2025 15:16:05 UTC	In-game item bought		Incense	1	
11/19/2025 15:16:05 UTC	In-game item bought		ITEM_POFFIN	1	
11/19/2025 15:16:05 UTC	In-game item bought		Egg incubator	6	
11/20/2025 13:21:13 UTC	Pokecoin spent for in-game item		POKECOIN		0
11/20/2025 13:21:13 UTC	In-game item bought		Poke balls	2	
11/20/2025 13:21:13 UTC	In-game item bought		Great balls	2	
11/20/2025 13:21:13 UTC	In-game item bought		LPSKU_BUNDLE.GENERAL1.FREE.	1	
11/21/2025 15:19:56 UTC	Pokecoin spent for in-game item		POKECOIN		0
11/21/2025 15:19:56 UTC	In-game item bought		Poke balls	1	
11/21/2025 15:19:56 UTC	In-game item bought		Great balls	1	
11/21/2025 15:19:56 UTC	In-game item bought		LPSKU_BUNDLE.GENERAL1.FREE.	1	
11/21/2025 15:19:56 UTC	In-game item bought		Potion	2	
11/22/2025 21:56:22 UTC	Pokecoin bought	APPLE	POKECOIN		14500	2899.0	INR
11/23/2025 00:32:12 UTC	Pokecoin spent for in-game item		POKECOIN		0
11/23/2025 00:32:12 UTC	In-game item bought		Poke balls	4	
11/23/2025 00:32:12 UTC	In-game item bought		LPSKU_BUNDLE.GENERAL1.FREE.	1	
11/23/2025 00:32:17 UTC	Pokecoin spent for in-game item		POKECOIN		-425
11/23/2025 00:32:17 UTC	In-game item bought		ITEM_MP_REPLENISH	3	
11/23/2025 00:32:20 UTC	Pokecoin spent for in-game item		POKECOIN		-425
11/23/2025 00:32:20 UTC	In-game item bought		ITEM_MP_REPLENISH	3	
11/23/2025 00:32:22 UTC	Pokecoin spent for in-game item		POKECOIN		-425
11/23/2025 00:32:22 UTC	In-game item bought		ITEM_MP_REPLENISH	3	
11/23/2025 00:32:25 UTC	Pokecoin spent for in-game item		POKECOIN		-425
11/23/2025 00:32:25 UTC	In-game item bought		ITEM_MP_REPLENISH	3	
11/23/2025 00:32:31 UTC	Pokecoin spent for in-game item		POKECOIN		-750
11/23/2025 00:32:31 UTC	In-game item bought		Star pieces	10	
11/23/2025 00:32:31 UTC	In-game item bought		ITEM_POFFIN	10	
11/23/2025 00:32:31 UTC	In-game item bought		Lucky egg	10	
11/23/2025 00:32:34 UTC	Pokecoin spent for in-game item		POKECOIN		-750
11/23/2025 00:32:34 UTC	In-game item bought		Star pieces	10	
11/23/2025 00:32:34 UTC	In-game item bought		ITEM_POFFIN	10	
11/23/2025 00:32:34 UTC	In-game item bought		Lucky egg	10	
11/23/2025 00:32:44 UTC	Pokecoin spent for in-game item		POKECOIN		-750
11/23/2025 00:32:44 UTC	In-game item bought		Star pieces	10	
11/23/2025 00:32:44 UTC	In-game item bought		ITEM_POFFIN	10	
11/23/2025 00:32:44 UTC	In-game item bought		Lucky egg	10	
11/23/2025 00:32:46 UTC	Pokecoin spent for in-game item		POKECOIN		-750
11/23/2025 00:32:46 UTC	In-game item bought		Star pieces	10	
11/23/2025 00:32:46 UTC	In-game item bought		ITEM_POFFIN	10	
11/23/2025 00:32:46 UTC	In-game item bought		Lucky egg	10	
11/23/2025 00:32:49 UTC	Pokecoin spent for in-game item		POKECOIN		-750
11/23/2025 00:32:49 UTC	In-game item bought		Star pieces	10	
11/23/2025 00:32:49 UTC	In-game item bought		ITEM_POFFIN	10	
11/23/2025 00:32:49 UTC	In-game item bought		Lucky egg	10	
11/23/2025 00:32:52 UTC	Pokecoin spent for in-game item		POKECOIN		-650
11/23/2025 00:32:52 UTC	In-game item bought		ITEM_MP	1	
11/23/2025 00:32:52 UTC	In-game item bought		ITEM_MAX_BOOST	1	
11/24/2025 03:32:11 UTC	Pokecoin spent for in-game item		POKECOIN		0
11/24/2025 03:32:11 UTC	In-game item bought		Poke balls	2	
11/24/2025 03:32:11 UTC	In-game item bought		Great balls	2	
11/24/2025 03:32:11 UTC	In-game item bought		LPSKU_BUNDLE.GENERAL1.FREE.	1	
11/24/2025 13:16:44 UTC	Pokecoin spent for in-game item		POKECOIN		0
11/24/2025 13:16:44 UTC	In-game item bought		Poke balls	3	
11/24/2025 13:16:44 UTC	In-game item bought		LPSKU_BUNDLE.GENERAL1.FREE.	1	
11/24/2025 13:16:44 UTC	In-game item bought		Potion	1	
11/25/2025 13:22:04 UTC	Pokecoin spent for in-game item		POKECOIN		0
11/25/2025 13:22:04 UTC	In-game item bought		Poke balls	2	
11/25/2025 13:22:04 UTC	In-game item bought		LPSKU_BUNDLE.GENERAL1.FREE.	1	
11/25/2025 13:22:04 UTC	In-game item bought		Potion	2	
11/26/2025 19:09:06 UTC	Pokecoin spent for in-game item		POKECOIN		0
11/26/2025 19:09:06 UTC	In-game item bought		Poke balls	2	
11/26/2025 19:09:06 UTC	In-game item bought		Great balls	1	
11/26/2025 19:09:06 UTC	In-game item bought		LPSKU_BUNDLE.GENERAL1.FREE.	1	
11/26/2025 19:09:06 UTC	In-game item bought		Potion	1	
11/28/2025 19:26:55 UTC	Pokecoin spent for in-game item		POKECOIN		0
11/28/2025 19:26:55 UTC	In-game item bought		Razz berry	1	
11/28/2025 19:26:55 UTC	In-game item bought		Poke balls	3	
11/28/2025 19:26:55 UTC	In-game item bought		LPSKU_BUNDLE.GENERAL1.FREE.	1	
11/28/2025 23:37:25 UTC	Pokecoin spent for in-game item		POKECOIN		-525
11/28/2025 23:37:25 UTC	In-game item bought		ITEM_REMOTE_RAID_TICKET	3	
11/29/2025 01:16:04 UTC	Pokecoin spent for in-game item		POKECOIN		-525
11/29/2025 01:16:04 UTC	In-game item bought		ITEM_REMOTE_RAID_TICKET	3	
11/30/2025 02:25:40 UTC	Pokecoin spent for in-game item		POKECOIN		0
11/30/2025 02:25:40 UTC	In-game item bought		Poke balls	3	
11/30/2025 02:25:40 UTC	In-game item bought		LPSKU_BUNDLE.GENERAL1.FREE.	1	
11/30/2025 02:25:40 UTC	In-game item bought		Potion	1	
12/01/2025 15:14:45 UTC	Pokecoin spent for in-game item		POKECOIN		0
12/01/2025 15:14:45 UTC	In-game item bought		Poke balls	4	
12/01/2025 15:14:45 UTC	In-game item bought		LPSKU_BUNDLE.GENERAL1.FREE.	1	
12/02/2025 21:25:37 UTC	Pokecoin spent for in-game item		POKECOIN		0
12/02/2025 21:25:37 UTC	In-game item bought		Poke balls	1	
12/02/2025 21:25:37 UTC	In-game item bought		LPSKU_BUNDLE.GENERAL1.FREE.	1	
12/02/2025 21:25:37 UTC	In-game item bought		Potion	3	
12/03/2025 18:57:04 UTC	Pokecoin spent for in-game item		POKECOIN		0
12/03/2025 18:57:04 UTC	In-game item bought		Poke balls	1	
12/03/2025 18:57:04 UTC	In-game item bought		Great balls	1	
12/03/2025 18:57:04 UTC	In-game item bought		LPSKU_BUNDLE.GENERAL1.FREE.	1	
12/03/2025 18:57:04 UTC	In-game item bought		Potion	2	
12/03/2025 18:57:07 UTC	Pokecoin spent for in-game item		POKECOIN		0
12/03/2025 18:57:07 UTC	In-game item bought		ITEM_BATTLE_PASS_TICKET	1	
12/05/2025 01:53:14 UTC	Pokecoin spent for in-game item		POKECOIN		-525
12/05/2025 01:53:14 UTC	In-game item bought		ITEM_REMOTE_RAID_TICKET	3	
12/05/2025 15:39:25 UTC	Pokecoin spent for in-game item		POKECOIN		-5250
12/05/2025 15:39:25 UTC	In-game item bought		Egg incubator	60	
12/07/2025 00:01:20 UTC	Pokecoin spent for in-game item		POKECOIN		0
12/07/2025 00:01:20 UTC	In-game item bought		Poke balls	1	
12/07/2025 00:01:20 UTC	In-game item bought		Great balls	3	
12/07/2025 00:01:20 UTC	In-game item bought		LPSKU_BUNDLE.GENERAL1.FREE.	1	
12/08/2025 03:49:43 UTC	Pokecoin spent for in-game item		POKECOIN		-525
12/08/2025 03:49:43 UTC	In-game item bought		ITEM_REMOTE_RAID_TICKET	3	
12/08/2025 04:15:23 UTC	Pokecoin spent for in-game item		POKECOIN		0
12/08/2025 04:15:23 UTC	In-game item bought		Poke balls	2	
12/08/2025 04:15:23 UTC	In-game item bought		Great balls	1	
12/08/2025 04:15:23 UTC	In-game item bought		LPSKU_BUNDLE.GENERAL1.FREE.	1	
12/08/2025 04:15:23 UTC	In-game item bought		Potion	1	
12/11/2025 03:03:19 UTC	Pokecoin spent for in-game item		POKECOIN		0
12/11/2025 03:03:19 UTC	In-game item bought		Poke balls	2	
12/11/2025 03:03:19 UTC	In-game item bought		Great balls	2	
12/11/2025 03:03:19 UTC	In-game item bought		LPSKU_BUNDLE.GENERAL1.FREE.	1	
12/12/2025 02:14:33 UTC	Pokecoin spent for in-game item		POKECOIN		0
12/12/2025 02:14:33 UTC	In-game item bought		Razz berry	1	
12/12/2025 02:14:33 UTC	In-game item bought		Poke balls	2	
12/12/2025 02:14:33 UTC	In-game item bought		Great balls	1	
12/12/2025 02:14:33 UTC	In-game item bought		LPSKU_BUNDLE.GENERAL1.FREE.	1	
12/12/2025 15:18:47 UTC	Pokecoin spent for in-game item		POKECOIN		0
12/12/2025 15:18:47 UTC	In-game item bought		Poke balls	4	
12/12/2025 15:18:47 UTC	In-game item bought		LPSKU_BUNDLE.GENERAL1.FREE.	1	
12/13/2025 22:49:58 UTC	Pokecoin spent for in-game item		POKECOIN		0
12/13/2025 22:49:58 UTC	In-game item bought		Poke balls	2	
12/13/2025 22:49:58 UTC	In-game item bought		Great balls	1	
12/13/2025 22:49:58 UTC	In-game item bought		LPSKU_BUNDLE.GENERAL1.FREE.	1	
12/13/2025 22:49:58 UTC	In-game item bought		Potion	1	
12/14/2025 17:16:25 UTC	Pokecoin spent for in-game item		POKECOIN		0
12/14/2025 17:16:25 UTC	In-game item bought		Poke balls	3	
12/14/2025 17:16:25 UTC	In-game item bought		Great balls	1	
12/14/2025 17:16:25 UTC	In-game item bought		LPSKU_BUNDLE.GENERAL1.FREE.	1	
12/14/2025 21:41:47 UTC	Pokecoin spent for in-game item		POKECOIN		-525
12/14/2025 21:41:47 UTC	In-game item bought		ITEM_REMOTE_RAID_TICKET	3	
12/14/2025 23:14:53 UTC	Pokecoin spent for in-game item		POKECOIN		-200
12/14/2025 23:14:53 UTC	In-game item bought		UPGRADE_GMAX_BATTLE_REWARD_LEVEL	1	
12/16/2025 00:29:30 UTC	Pokecoin spent for in-game item		POKECOIN		0
12/16/2025 00:29:30 UTC	In-game item bought		Poke balls	1	
12/16/2025 00:29:30 UTC	In-game item bought		Great balls	3	
12/16/2025 00:29:30 UTC	In-game item bought		LPSKU_BUNDLE.GENERAL1.FREE.	1	
12/16/2025 14:08:21 UTC	Pokecoin spent for in-game item		POKECOIN		0
12/16/2025 14:08:21 UTC	In-game item bought		Poke balls	2	
12/16/2025 14:08:21 UTC	In-game item bought		Great balls	1	
12/16/2025 14:08:21 UTC	In-game item bought		LPSKU_BUNDLE.GENERAL1.FREE.	1	
12/16/2025 14:08:21 UTC	In-game item bought		Potion	1	
12/19/2025 00:20:44 UTC	Pokecoin spent for in-game item		POKECOIN		0
12/19/2025 00:20:44 UTC	In-game item bought		Poke balls	3	
12/19/2025 00:20:44 UTC	In-game item bought		Great balls	1	
12/19/2025 00:20:44 UTC	In-game item bought		LPSKU_BUNDLE.GENERAL1.FREE.	1	
12/20/2025 18:40:37 UTC	Pokecoin spent for in-game item		POKECOIN		0
12/20/2025 18:40:37 UTC	In-game item bought		Poke balls	1	
12/20/2025 18:40:37 UTC	In-game item bought		Great balls	1	
12/20/2025 18:40:37 UTC	In-game item bought		LPSKU_BUNDLE.GENERAL1.FREE.	1	
12/20/2025 18:40:37 UTC	In-game item bought		Potion	2	
12/21/2025 06:33:18 UTC	Pokecoin bought	APPLE	POKECOIN		14500	2899.0	INR
12/21/2025 06:35:16 UTC	Pokecoin spent for in-game item		POKECOIN		-5250
12/21/2025 06:35:16 UTC	In-game item bought		Egg incubator	60	
12/21/2025 07:09:18 UTC	Pokecoin spent for in-game item		POKECOIN		0
12/21/2025 07:09:18 UTC	In-game item bought		Razz berry	1	
12/21/2025 07:09:18 UTC	In-game item bought		Poke balls	2	
12/21/2025 07:09:18 UTC	In-game item bought		Great balls	1	
12/21/2025 07:09:18 UTC	In-game item bought		LPSKU_BUNDLE.GENERAL1.FREE.	1	
12/21/2025 17:11:15 UTC	Pokecoin spent for in-game item		POKECOIN		-680
12/21/2025 17:11:15 UTC	In-game item bought		Lure	8	
12/21/2025 17:11:19 UTC	Pokecoin spent for in-game item		POKECOIN		-680
12/21/2025 17:11:19 UTC	In-game item bought		Lure	8	
12/21/2025 17:11:21 UTC	Pokecoin spent for in-game item		POKECOIN		-680
12/21/2025 17:11:21 UTC	In-game item bought		Lure	8	
12/22/2025 15:12:18 UTC	Pokecoin spent for in-game item		POKECOIN		0
12/22/2025 15:12:18 UTC	In-game item bought		Razz berry	2	
12/22/2025 15:12:18 UTC	In-game item bought		Poke balls	1	
12/22/2025 15:12:18 UTC	In-game item bought		LPSKU_BUNDLE.GENERAL1.FREE.	1	
12/22/2025 15:12:18 UTC	In-game item bought		Potion	1	
12/23/2025 06:13:12 UTC	Pokecoin spent for in-game item		POKECOIN		-525
12/23/2025 06:13:12 UTC	In-game item bought		ITEM_REMOTE_RAID_TICKET	3	
12/23/2025 06:17:35 UTC	Pokecoin spent for in-game item		POKECOIN		-5425
12/23/2025 06:17:35 UTC	In-game item bought		Raid pass (paid)	99	
12/23/2025 06:17:35 UTC	In-game item bought		Fast TM	2	
12/23/2025 06:17:35 UTC	In-game item bought		Star pieces	2	
12/23/2025 06:17:35 UTC	In-game item bought		Charged TM	2	
12/23/2025 06:27:11 UTC	Pokecoin spent for in-game item		POKECOIN		-425
12/23/2025 06:27:11 UTC	In-game item bought		ITEM_MP_REPLENISH	3	
12/23/2025 06:27:13 UTC	Pokecoin spent for in-game item		POKECOIN		-425
12/23/2025 06:27:13 UTC	In-game item bought		ITEM_MP_REPLENISH	3	
12/23/2025 08:16:14 UTC	Pokecoin spent for in-game item		POKECOIN		0
12/23/2025 08:16:14 UTC	In-game item bought		Poke balls	4	
12/23/2025 08:16:14 UTC	In-game item bought		LPSKU_BUNDLE.GENERAL1.FREE.	1	
12/23/2025 21:03:22 UTC	In-game item granted by admin		ITEM_EVENT_PASS_POINT_LIVE_OPS	1	
12/24/2025 20:28:47 UTC	Pokecoin spent for in-game item		POKECOIN		-525
12/24/2025 20:28:47 UTC	In-game item bought		ITEM_REMOTE_RAID_TICKET	3	
12/25/2025 00:34:16 UTC	Pokecoin spent for in-game item		POKECOIN		-100
12/25/2025 00:34:16 UTC	In-game item bought		N_AVATAR_N_HAT_HOLIDAY2022SANTACOSTUMES	1	
12/25/2025 00:34:16 UTC	In-game item bought		AVATAR_F_HAT_HOLIDAY2022SANTACOSTUMES	1	
12/25/2025 00:34:16 UTC	In-game item bought		AVATAR_M_HAT_HOLIDAY2022SANTACOSTUMES	1	
12/25/2025 03:22:55 UTC	Pokecoin spent for in-game item		POKECOIN		-525
12/25/2025 03:22:55 UTC	In-game item bought		ITEM_REMOTE_RAID_TICKET	3	
12/25/2025 04:30:16 UTC	Pokecoin spent for in-game item		POKECOIN		0
12/25/2025 04:30:16 UTC	In-game item bought		Poke balls	3	
12/25/2025 04:30:16 UTC	In-game item bought		Great balls	1	
12/25/2025 04:30:16 UTC	In-game item bought		LPSKU_BUNDLE.GENERAL1.FREE.	1	
12/25/2025 04:30:19 UTC	Pokecoin spent for in-game item		POKECOIN		-525
12/25/2025 04:30:19 UTC	In-game item bought		ITEM_REMOTE_RAID_TICKET	3	
12/25/2025 05:14:04 UTC	Pokecoin spent for in-game item		POKECOIN		-525
12/25/2025 05:14:04 UTC	In-game item bought		ITEM_REMOTE_RAID_TICKET	3	
12/25/2025 07:44:55 UTC	Pokecoin spent for in-game item		POKECOIN		-525
12/25/2025 07:44:56 UTC	In-game item bought		ITEM_REMOTE_RAID_TICKET	3	
12/25/2025 21:33:22 UTC	Pokecoin spent for in-game item		POKECOIN		0
12/25/2025 21:33:22 UTC	In-game item bought		Razz berry	1	
12/25/2025 21:33:22 UTC	In-game item bought		Poke balls	1	
12/25/2025 21:33:22 UTC	In-game item bought		LPSKU_BUNDLE.GENERAL1.FREE.	1	
12/25/2025 21:33:22 UTC	In-game item bought		Potion	2	
12/25/2025 21:38:56 UTC	Pokecoin spent for in-game item		POKECOIN		-525
12/25/2025 21:38:56 UTC	In-game item bought		ITEM_REMOTE_RAID_TICKET	3	
12/25/2025 21:46:29 UTC	Pokecoin spent for in-game item		POKECOIN		-525
12/25/2025 21:46:29 UTC	In-game item bought		ITEM_REMOTE_RAID_TICKET	3	
12/26/2025 00:40:15 UTC	Pokecoin bought	APPLE	POKECOIN		14500	2899.0	INR
12/26/2025 16:55:06 UTC	Pokecoin spent for in-game item		POKECOIN		0
12/26/2025 16:55:06 UTC	In-game item bought		Poke balls	2	
12/26/2025 16:55:06 UTC	In-game item bought		Great balls	1	
12/26/2025 16:55:06 UTC	In-game item bought		LPSKU_BUNDLE.GENERAL1.FREE.	1	
12/26/2025 16:55:06 UTC	In-game item bought		Potion	1	
12/27/2025 16:19:33 UTC	Pokecoin spent for in-game item		POKECOIN		-525
12/27/2025 16:19:33 UTC	In-game item bought		ITEM_REMOTE_RAID_TICKET	3	
12/27/2025 20:00:41 UTC	Pokecoin spent for in-game item		POKECOIN		0
12/27/2025 20:00:41 UTC	In-game item bought		Poke balls	3	
12/27/2025 20:00:41 UTC	In-game item bought		Great balls	1	
12/27/2025 20:00:41 UTC	In-game item bought		LPSKU_BUNDLE.GENERAL1.FREE.	1	
12/28/2025 20:52:17 UTC	Pokecoin spent for in-game item		POKECOIN		0
12/28/2025 20:52:17 UTC	In-game item bought		Poke balls	2	
12/28/2025 20:52:17 UTC	In-game item bought		Great balls	1	
12/28/2025 20:52:17 UTC	In-game item bought		LPSKU_BUNDLE.GENERAL1.FREE.	1	
12/28/2025 20:52:17 UTC	In-game item bought		Revive	1	
12/28/2025 21:57:13 UTC	Pokecoin spent for in-game item		POKECOIN		-425
12/28/2025 21:57:13 UTC	In-game item bought		ITEM_MP_REPLENISH	3	
12/28/2025 21:57:17 UTC	Pokecoin spent for in-game item		POKECOIN		-425
12/28/2025 21:57:17 UTC	In-game item bought		ITEM_MP_REPLENISH	3	
12/28/2025 21:57:19 UTC	Pokecoin spent for in-game item		POKECOIN		-425
12/28/2025 21:57:19 UTC	In-game item bought		ITEM_MP_REPLENISH	3	
12/28/2025 23:23:04 UTC	Pokecoin spent for in-game item		POKECOIN		-525
12/28/2025 23:23:04 UTC	In-game item bought		ITEM_REMOTE_RAID_TICKET	3	
12/28/2025 23:25:53 UTC	Pokecoin spent for in-game item		POKECOIN		-425
12/28/2025 23:25:53 UTC	In-game item bought		ITEM_MP_REPLENISH	3	
12/28/2025 23:25:55 UTC	Pokecoin spent for in-game item		POKECOIN		-525
12/28/2025 23:25:55 UTC	In-game item bought		ITEM_REMOTE_RAID_TICKET	3	
12/28/2025 23:39:33 UTC	Pokecoin spent for in-game item		POKECOIN		-525
12/28/2025 23:39:33 UTC	In-game item bought		ITEM_REMOTE_RAID_TICKET	3	
12/28/2025 23:39:36 UTC	Pokecoin spent for in-game item		POKECOIN		-425
12/28/2025 23:39:36 UTC	In-game item bought		ITEM_MP_REPLENISH	3	
12/29/2025 02:05:15 UTC	Pokecoin spent for in-game item		POKECOIN		-525
12/29/2025 02:05:15 UTC	In-game item bought		ITEM_REMOTE_RAID_TICKET	3	
12/29/2025 15:04:51 UTC	Pokecoin spent for in-game item		POKECOIN		0
12/29/2025 15:04:51 UTC	In-game item bought		Poke balls	3	
12/29/2025 15:04:51 UTC	In-game item bought		LPSKU_BUNDLE.GENERAL1.FREE.	1	
12/29/2025 15:04:51 UTC	In-game item bought		Potion	1	
12/29/2025 16:32:57 UTC	Pokecoin spent for in-game item		POKECOIN		-525
12/29/2025 16:32:57 UTC	In-game item bought		ITEM_REMOTE_RAID_TICKET	3	
12/29/2025 22:22:23 UTC	Pokecoin spent for in-game item		POKECOIN		-525
12/29/2025 22:22:23 UTC	In-game item bought		ITEM_REMOTE_RAID_TICKET	3	
01/02/2026 03:24:34 UTC	Pokecoin spent for in-game item		POKECOIN		0
01/02/2026 03:24:34 UTC	In-game item bought		Poke balls	2	
01/02/2026 03:24:34 UTC	In-game item bought		LPSKU_BUNDLE.GENERAL1.FREE.	1	
01/02/2026 03:24:34 UTC	In-game item bought		Potion	2	
01/02/2026 19:52:41 UTC	Pokecoin spent for in-game item		POKECOIN		0
01/02/2026 19:52:41 UTC	In-game item bought		Razz berry	1	
01/02/2026 19:52:41 UTC	In-game item bought		Poke balls	1	
01/02/2026 19:52:41 UTC	In-game item bought		Great balls	1	
01/02/2026 19:52:41 UTC	In-game item bought		LPSKU_BUNDLE.GENERAL1.FREE.	1	
01/02/2026 19:52:41 UTC	In-game item bought		Potion	1	
01/02/2026 21:39:58 UTC	Pokecoin spent for in-game item		POKECOIN		-525
01/02/2026 21:39:58 UTC	In-game item bought		ITEM_REMOTE_RAID_TICKET	3	
01/02/2026 22:48:36 UTC	Pokecoin spent for in-game item		POKECOIN		-100
01/02/2026 22:48:36 UTC	In-game item bought		ITEM_POFFIN	1	
01/02/2026 22:51:16 UTC	Pokecoin spent for in-game item		POKECOIN		-525
01/02/2026 22:51:16 UTC	In-game item bought		ITEM_REMOTE_RAID_TICKET	3	
01/03/2026 04:04:19 UTC	Pokecoin spent for in-game item		POKECOIN		-100
01/03/2026 04:04:19 UTC	In-game item bought		ITEM_POFFIN	1	
01/03/2026 04:17:54 UTC	Pokecoin spent for in-game item		POKECOIN		-525
01/03/2026 04:17:54 UTC	In-game item bought		ITEM_REMOTE_RAID_TICKET	3	
01/03/2026 04:29:53 UTC	Pokecoin spent for in-game item		POKECOIN		-525
01/03/2026 04:29:53 UTC	In-game item bought		ITEM_REMOTE_RAID_TICKET	3	
01/04/2026 16:12:40 UTC	Pokecoin spent for in-game item		POKECOIN		-100
01/04/2026 16:12:40 UTC	In-game item bought		ITEM_POFFIN	1	
01/04/2026 16:13:30 UTC	Pokecoin spent for in-game item		POKECOIN		-100
01/04/2026 16:13:30 UTC	In-game item bought		ITEM_POFFIN	1	
01/04/2026 20:03:31 UTC	Pokecoin spent for in-game item		POKECOIN		0
01/04/2026 20:03:31 UTC	In-game item bought		Poke balls	1	
01/04/2026 20:03:31 UTC	In-game item bought		Great balls	1	
01/04/2026 20:03:31 UTC	In-game item bought		LPSKU_BUNDLE.GENERAL1.FREE.	1	
01/04/2026 20:03:31 UTC	In-game item bought		Potion	2	
01/04/2026 20:03:35 UTC	Pokecoin spent for in-game item		POKECOIN		-525
01/04/2026 20:03:35 UTC	In-game item bought		ITEM_REMOTE_RAID_TICKET	3	
01/04/2026 20:03:37 UTC	Pokecoin spent for in-game item		POKECOIN		-425
01/04/2026 20:03:37 UTC	In-game item bought		ITEM_MP_REPLENISH	3	
01/04/2026 20:03:40 UTC	Pokecoin spent for in-game item		POKECOIN		-425
01/04/2026 20:03:40 UTC	In-game item bought		ITEM_MP_REPLENISH	3	
01/04/2026 20:03:42 UTC	Pokecoin spent for in-game item		POKECOIN		-425
01/04/2026 20:03:42 UTC	In-game item bought		ITEM_MP_REPLENISH	3	
01/04/2026 21:07:32 UTC	Pokecoin spent for in-game item		POKECOIN		-100
01/04/2026 21:07:32 UTC	In-game item bought		ITEM_POFFIN	1	
01/05/2026 02:03:23 UTC	Pokecoin spent for in-game item		POKECOIN		-525
01/05/2026 02:03:23 UTC	In-game item bought		ITEM_REMOTE_RAID_TICKET	3	
01/05/2026 14:19:38 UTC	Pokecoin spent for in-game item		POKECOIN		-100
01/05/2026 14:19:38 UTC	In-game item bought		ITEM_POFFIN	1	
01/06/2026 05:27:08 UTC	Pokecoin spent for in-game item		POKECOIN		0
01/06/2026 05:27:08 UTC	In-game item bought		Poke balls	4	
01/06/2026 05:27:08 UTC	In-game item bought		LPSKU_BUNDLE.GENERAL1.FREE.	1	
01/06/2026 14:52:48 UTC	Pokecoin spent for in-game item		POKECOIN		-100
01/06/2026 14:52:48 UTC	In-game item bought		ITEM_POFFIN	1	
01/06/2026 14:54:01 UTC	Pokecoin spent for in-game item		POKECOIN		0
01/06/2026 14:54:01 UTC	In-game item bought		Poke balls	1	
01/06/2026 14:54:01 UTC	In-game item bought		Great balls	1	
01/06/2026 14:54:01 UTC	In-game item bought		LPSKU_BUNDLE.GENERAL1.FREE.	1	
01/06/2026 14:54:01 UTC	In-game item bought		Potion	2	
01/07/2026 01:18:22 UTC	Pokecoin spent for in-game item		POKECOIN		-525
01/07/2026 01:18:22 UTC	In-game item bought		ITEM_REMOTE_RAID_TICKET	3	
01/07/2026 02:52:24 UTC	Pokecoin spent for in-game item		POKECOIN		-525
01/07/2026 02:52:24 UTC	In-game item bought		ITEM_REMOTE_RAID_TICKET	3	
01/07/2026 13:19:57 UTC	Pokecoin spent for in-game item		POKECOIN		0
01/07/2026 13:19:57 UTC	In-game item bought		Poke balls	2	
01/07/2026 13:19:57 UTC	In-game item bought		Great balls	1	
01/07/2026 13:19:57 UTC	In-game item bought		LPSKU_BUNDLE.GENERAL1.FREE.	1	
01/07/2026 13:19:57 UTC	In-game item bought		Potion	1	
01/08/2026 16:36:50 UTC	Pokecoin spent for in-game item		POKECOIN		0
01/08/2026 16:36:50 UTC	In-game item bought		Poke balls	2	
01/08/2026 16:36:50 UTC	In-game item bought		Great balls	1	
01/08/2026 16:36:50 UTC	In-game item bought		LPSKU_BUNDLE.GENERAL1.FREE.	1	
01/08/2026 16:36:50 UTC	In-game item bought		Potion	1	
01/09/2026 05:03:06 UTC	Pokecoin spent for in-game item		POKECOIN		-525
01/09/2026 05:03:06 UTC	In-game item bought		ITEM_REMOTE_RAID_TICKET	3	
01/10/2026 20:10:22 UTC	Pokecoin spent for in-game item		POKECOIN		-100
01/10/2026 20:10:22 UTC	In-game item bought		ITEM_POFFIN	1	
01/10/2026 23:50:32 UTC	Pokecoin spent for in-game item		POKECOIN		-525
01/10/2026 23:50:32 UTC	In-game item bought		ITEM_REMOTE_RAID_TICKET	3	
01/11/2026 20:05:20 UTC	Pokecoin spent for in-game item		POKECOIN		0
01/11/2026 20:05:20 UTC	In-game item bought		Poke balls	3	
01/11/2026 20:05:20 UTC	In-game item bought		LPSKU_BUNDLE.GENERAL1.FREE.	1	
01/11/2026 20:05:20 UTC	In-game item bought		Potion	1	
01/11/2026 23:21:53 UTC	Pokecoin spent for in-game item		POKECOIN		-100
01/11/2026 23:21:53 UTC	In-game item bought		ITEM_POFFIN	1	
01/12/2026 14:31:31 UTC	Pokecoin spent for in-game item		POKECOIN		-100
01/12/2026 14:31:31 UTC	In-game item bought		ITEM_POFFIN	1	
01/12/2026 14:56:27 UTC	Pokecoin spent for in-game item		POKECOIN		0
01/12/2026 14:56:27 UTC	In-game item bought		Razz berry	1	
01/12/2026 14:56:27 UTC	In-game item bought		Poke balls	2	
01/12/2026 14:56:27 UTC	In-game item bought		LPSKU_BUNDLE.GENERAL1.FREE.	1	
01/12/2026 14:56:27 UTC	In-game item bought		Potion	1	
01/13/2026 14:41:26 UTC	Pokecoin spent for in-game item		POKECOIN		0
01/13/2026 14:41:26 UTC	In-game item bought		Poke balls	1	
01/13/2026 14:41:26 UTC	In-game item bought		Great balls	1	
01/13/2026 14:41:26 UTC	In-game item bought		LPSKU_BUNDLE.GENERAL1.FREE.	1	
01/13/2026 14:41:26 UTC	In-game item bought		Potion	2	
01/13/2026 14:41:34 UTC	Pokecoin spent for in-game item		POKECOIN		-750
01/13/2026 14:41:34 UTC	In-game item bought		Star pieces	10	
01/13/2026 14:41:34 UTC	In-game item bought		ITEM_POFFIN	10	
01/13/2026 14:41:34 UTC	In-game item bought		Lucky egg	10	
01/16/2026 18:21:34 UTC	Pokecoin spent for in-game item		POKECOIN		0
01/16/2026 18:21:34 UTC	In-game item bought		Poke balls	2	
01/16/2026 18:21:34 UTC	In-game item bought		Great balls	1	
01/16/2026 18:21:34 UTC	In-game item bought		LPSKU_BUNDLE.GENERAL1.FREE.	1	
01/16/2026 18:21:34 UTC	In-game item bought		Potion	1	
01/17/2026 21:58:21 UTC	Pokecoin spent for in-game item		POKECOIN		0
01/17/2026 21:58:21 UTC	In-game item bought		Poke balls	1	
01/17/2026 21:58:21 UTC	In-game item bought		Great balls	2	
01/17/2026 21:58:21 UTC	In-game item bought		LPSKU_BUNDLE.GENERAL1.FREE.	1	
01/17/2026 21:58:21 UTC	In-game item bought		Potion	1	
01/17/2026 23:25:06 UTC	Pokecoin spent for in-game item		POKECOIN		-525
01/17/2026 23:25:06 UTC	In-game item bought		ITEM_REMOTE_RAID_TICKET	3	
01/18/2026 22:05:22 UTC	Pokecoin spent for in-game item		POKECOIN		0
01/18/2026 22:05:22 UTC	In-game item bought		Poke balls	2	
01/18/2026 22:05:22 UTC	In-game item bought		Great balls	1	
01/18/2026 22:05:22 UTC	In-game item bought		LPSKU_BUNDLE.GENERAL1.FREE.	1	
01/18/2026 22:05:22 UTC	In-game item bought		Potion	1	
01/20/2026 03:34:50 UTC	Pokecoin spent for in-game item		POKECOIN		0
01/20/2026 03:34:50 UTC	In-game item bought		Poke balls	2	
01/20/2026 03:34:50 UTC	In-game item bought		Great balls	1	
01/20/2026 03:34:50 UTC	In-game item bought		LPSKU_BUNDLE.GENERAL1.FREE.	1	
01/20/2026 03:34:50 UTC	In-game item bought		Potion	1	
01/20/2026 14:27:21 UTC	Pokecoin spent for in-game item		POKECOIN		0
01/20/2026 14:27:21 UTC	In-game item bought		Razz berry	1	
01/20/2026 14:27:21 UTC	In-game item bought		LPSKU_BUNDLE.GENERAL1.FREE.	1	
01/20/2026 14:27:21 UTC	In-game item bought		Potion	3	
01/20/2026 14:27:48 UTC	Pokecoin spent for in-game item		POKECOIN		-525
01/20/2026 14:27:48 UTC	In-game item bought		ITEM_REMOTE_RAID_TICKET	3	
01/22/2026 14:36:29 UTC	Pokecoin spent for in-game item		POKECOIN		0
01/22/2026 14:36:29 UTC	In-game item bought		Razz berry	1	
01/22/2026 14:36:29 UTC	In-game item bought		Poke balls	2	
01/22/2026 14:36:29 UTC	In-game item bought		LPSKU_BUNDLE.GENERAL1.FREE.	1	
01/22/2026 14:36:29 UTC	In-game item bought		Potion	1	
01/22/2026 14:36:37 UTC	Pokecoin spent for in-game item		POKECOIN		-100
01/22/2026 14:36:37 UTC	In-game item bought		ITEM_POFFIN	1	
01/22/2026 14:36:39 UTC	Pokecoin spent for in-game item		POKECOIN		-100
01/22/2026 14:36:39 UTC	In-game item bought		ITEM_POFFIN	1	
01/22/2026 14:36:42 UTC	Pokecoin spent for in-game item		POKECOIN		-100
01/22/2026 14:36:42 UTC	In-game item bought		ITEM_POFFIN	1	
01/22/2026 14:36:45 UTC	Pokecoin spent for in-game item		POKECOIN		-100
01/22/2026 14:36:45 UTC	In-game item bought		ITEM_POFFIN	1	
01/23/2026 04:16:23 UTC	Pokecoin spent for in-game item		POKECOIN		-100
01/23/2026 04:16:23 UTC	In-game item bought		ITEM_POFFIN	1	
01/23/2026 15:15:33 UTC	Pokecoin spent for in-game item		POKECOIN		0
01/23/2026 15:15:33 UTC	In-game item bought		Poke balls	3	
01/23/2026 15:15:33 UTC	In-game item bought		Great balls	1	
01/23/2026 15:15:33 UTC	In-game item bought		LPSKU_BUNDLE.GENERAL1.FREE.	1	
01/23/2026 15:29:24 UTC	Pokecoin spent for in-game item		POKECOIN		-100
01/23/2026 15:29:24 UTC	In-game item bought		ITEM_POFFIN	1	
01/24/2026 19:13:29 UTC	Pokecoin spent for in-game item		POKECOIN		-100
01/24/2026 19:13:29 UTC	In-game item bought		ITEM_POFFIN	1	
01/24/2026 19:25:39 UTC	Pokecoin bought	APPLE	POKECOIN		14500	2899.0	INR
01/24/2026 19:25:51 UTC	Pokecoin bought	APPLE	POKECOIN		14500	2899.0	INR
01/24/2026 23:38:34 UTC	Pokecoin spent for in-game item		POKECOIN		0
01/24/2026 23:38:34 UTC	In-game item bought		Great balls	2	
01/24/2026 23:38:34 UTC	In-game item bought		LPSKU_BUNDLE.GENERAL1.FREE.	1	
01/24/2026 23:38:34 UTC	In-game item bought		Potion	2	
01/25/2026 03:54:56 UTC	Pokecoin spent for in-game item		POKECOIN		-100
01/25/2026 03:54:56 UTC	In-game item bought		ITEM_POFFIN	1	
01/25/2026 18:37:47 UTC	Pokecoin spent for in-game item		POKECOIN		0
01/25/2026 18:37:47 UTC	In-game item bought		Razz berry	1	
01/25/2026 18:37:47 UTC	In-game item bought		Poke balls	3	
01/25/2026 18:37:47 UTC	In-game item bought		LPSKU_BUNDLE.GENERAL1.FREE.	1	
01/25/2026 20:04:28 UTC	Pokecoin spent for in-game item		POKECOIN		-100
01/25/2026 20:04:28 UTC	In-game item bought		ITEM_POFFIN	1	
01/26/2026 14:44:59 UTC	Pokecoin spent for in-game item		POKECOIN		-100
01/26/2026 14:44:59 UTC	In-game item bought		ITEM_POFFIN	1	
01/26/2026 15:16:47 UTC	Pokecoin spent for in-game item		POKECOIN		0
01/26/2026 15:16:47 UTC	In-game item bought		Poke balls	2	
01/26/2026 15:16:47 UTC	In-game item bought		Great balls	2	
01/26/2026 15:16:47 UTC	In-game item bought		LPSKU_BUNDLE.GENERAL1.FREE.	1	
01/27/2026 14:50:54 UTC	Pokecoin spent for in-game item		POKECOIN		-100
01/27/2026 14:50:54 UTC	In-game item bought		ITEM_POFFIN	1	
01/27/2026 15:29:57 UTC	Pokecoin spent for in-game item		POKECOIN		-5425
01/27/2026 15:29:57 UTC	In-game item bought		Raid pass (paid)	99	
01/27/2026 15:29:57 UTC	In-game item bought		Fast TM	2	
01/27/2026 15:29:57 UTC	In-game item bought		Star pieces	2	
01/27/2026 15:29:57 UTC	In-game item bought		Charged TM	2	
01/28/2026 00:42:23 UTC	Pokecoin spent for in-game item		POKECOIN		-195
01/28/2026 00:42:23 UTC	In-game item bought		ITEM_REMOTE_RAID_TICKET	1	
01/28/2026 14:45:19 UTC	Pokecoin spent for in-game item		POKECOIN		-7000
01/28/2026 14:45:19 UTC	In-game item bought		Egg incubator	100	
01/28/2026 14:45:24 UTC	Pokecoin spent for in-game item		POKECOIN		0
01/28/2026 14:45:24 UTC	In-game item bought		Poke balls	3	
01/28/2026 14:45:24 UTC	In-game item bought		Great balls	1	
01/28/2026 14:45:24 UTC	In-game item bought		LPSKU_BUNDLE.GENERAL1.FREE.	1	
01/28/2026 15:19:20 UTC	Pokecoin spent for in-game item		POKECOIN		-100
01/28/2026 15:19:20 UTC	In-game item bought		ITEM_POFFIN	1	
01/28/2026 15:22:37 UTC	Pokecoin spent for in-game item		POKECOIN		-525
01/28/2026 15:22:37 UTC	In-game item bought		ITEM_REMOTE_RAID_TICKET	3	
01/30/2026 05:35:38 UTC	Pokecoin spent for in-game item		POKECOIN		-100
01/30/2026 05:35:38 UTC	In-game item bought		ITEM_POFFIN	1	
01/30/2026 15:34:50 UTC	Pokecoin spent for in-game item		POKECOIN		-1120
01/30/2026 15:34:50 UTC	In-game item bought		Incense	7	
01/30/2026 15:34:50 UTC	In-game item bought		Star pieces	7	
01/30/2026 15:34:50 UTC	In-game item bought		ITEM_POFFIN	7	
01/30/2026 15:34:50 UTC	In-game item bought		Lucky egg	7	
01/30/2026 15:34:53 UTC	Pokecoin spent for in-game item		POKECOIN		-1120
01/30/2026 15:34:53 UTC	In-game item bought		Incense	7	
01/30/2026 15:34:53 UTC	In-game item bought		Star pieces	7	
01/30/2026 15:34:53 UTC	In-game item bought		ITEM_POFFIN	7	
01/30/2026 15:34:53 UTC	In-game item bought		Lucky egg	7	
01/30/2026 15:35:01 UTC	Pokecoin spent for in-game item		POKECOIN		0
01/30/2026 15:35:01 UTC	In-game item bought		Poke balls	2	
01/30/2026 15:35:01 UTC	In-game item bought		Great balls	1	
01/30/2026 15:35:01 UTC	In-game item bought		LPSKU_BUNDLE.GENERAL1.FREE.	1	
01/30/2026 15:35:01 UTC	In-game item bought		Potion	1	
01/30/2026 15:35:18 UTC	Pokecoin spent for in-game item		POKECOIN		-1120
01/30/2026 15:35:18 UTC	In-game item bought		Incense	7	
01/30/2026 15:35:18 UTC	In-game item bought		Star pieces	7	
01/30/2026 15:35:18 UTC	In-game item bought		ITEM_POFFIN	7	
01/30/2026 15:35:18 UTC	In-game item bought		Lucky egg	7	
01/31/2026 21:55:36 UTC	Pokecoin spent for in-game item		POKECOIN		0
01/31/2026 21:55:36 UTC	In-game item bought		Poke balls	1	
01/31/2026 21:55:36 UTC	In-game item bought		Great balls	1	
01/31/2026 21:55:36 UTC	In-game item bought		LPSKU_BUNDLE.GENERAL1.FREE.	1	
01/31/2026 21:55:36 UTC	In-game item bought		Potion	2	
02/01/2026 19:32:13 UTC	Pokecoin spent for in-game item		POKECOIN		0
02/01/2026 19:32:13 UTC	In-game item bought		Poke balls	3	
02/01/2026 19:32:13 UTC	In-game item bought		LPSKU_BUNDLE.GENERAL1.FREE.	1	
02/01/2026 19:32:13 UTC	In-game item bought		Potion	1	
02/02/2026 20:34:38 UTC	Pokecoin spent for in-game item		POKECOIN		0
02/02/2026 20:34:38 UTC	In-game item bought		Razz berry	1	
02/02/2026 20:34:38 UTC	In-game item bought		Poke balls	3	
02/02/2026 20:34:38 UTC	In-game item bought		LPSKU_BUNDLE.GENERAL1.FREE.	1	
02/03/2026 14:36:08 UTC	Pokecoin spent for in-game item		POKECOIN		0
02/03/2026 14:36:08 UTC	In-game item bought		Poke balls	1	
02/03/2026 14:36:08 UTC	In-game item bought		Great balls	2	
02/03/2026 14:36:08 UTC	In-game item bought		LPSKU_BUNDLE.GENERAL1.FREE.	1	
02/03/2026 14:36:08 UTC	In-game item bought		Potion	1	
02/04/2026 08:04:24 UTC	Pokecoin spent for in-game item		POKECOIN		0
02/04/2026 08:04:24 UTC	In-game item bought		Razz berry	1	
02/04/2026 08:04:24 UTC	In-game item bought		Poke balls	2	
02/04/2026 08:04:24 UTC	In-game item bought		LPSKU_BUNDLE.GENERAL1.FREE.	1	
02/04/2026 08:04:24 UTC	In-game item bought		Potion	1	
02/06/2026 16:10:55 UTC	Pokecoin spent for in-game item		POKECOIN		0
02/06/2026 16:10:55 UTC	In-game item bought		Great balls	1	
02/06/2026 16:10:55 UTC	In-game item bought		LPSKU_BUNDLE.GENERAL1.FREE.	1	
02/06/2026 16:10:55 UTC	In-game item bought		Potion	3	
02/07/2026 16:30:42 UTC	Pokecoin spent for in-game item		POKECOIN		0
02/07/2026 16:30:42 UTC	In-game item bought		Razz berry	1	
02/07/2026 16:30:42 UTC	In-game item bought		Poke balls	1	
02/07/2026 16:30:42 UTC	In-game item bought		Great balls	2	
02/07/2026 16:30:42 UTC	In-game item bought		LPSKU_BUNDLE.GENERAL1.FREE.	1	
02/08/2026 18:21:55 UTC	Pokecoin spent for in-game item		POKECOIN		0
02/08/2026 18:21:55 UTC	In-game item bought		Poke balls	2	
02/08/2026 18:21:55 UTC	In-game item bought		Great balls	1	
02/08/2026 18:21:55 UTC	In-game item bought		LPSKU_BUNDLE.GENERAL1.FREE.	1	
02/08/2026 18:21:55 UTC	In-game item bought		Potion	1	
02/09/2026 13:06:07 UTC	Pokecoin spent for in-game item		POKECOIN		0
02/09/2026 13:06:07 UTC	In-game item bought		Poke balls	1	
02/09/2026 13:06:07 UTC	In-game item bought		Great balls	1	
02/09/2026 13:06:07 UTC	In-game item bought		LPSKU_BUNDLE.GENERAL1.FREE.	1	
02/09/2026 13:06:07 UTC	In-game item bought		Potion	2	
02/09/2026 23:24:24 UTC	Pokecoin spent for in-game item		POKECOIN		-200
02/09/2026 23:24:24 UTC	In-game item bought		ITEM_LEADER_MAP	1	
02/09/2026 23:24:27 UTC	Pokecoin spent for in-game item		POKECOIN		-200
02/09/2026 23:24:27 UTC	In-game item bought		ITEM_LEADER_MAP	1	
02/09/2026 23:24:58 UTC	Pokecoin spent for in-game item		POKECOIN		-200
02/09/2026 23:24:58 UTC	In-game item bought		ITEM_LEADER_MAP	1	
02/09/2026 23:25:01 UTC	Pokecoin spent for in-game item		POKECOIN		-200
02/09/2026 23:25:01 UTC	In-game item bought		ITEM_LEADER_MAP	1	
02/09/2026 23:28:23 UTC	Pokecoin spent for in-game item		POKECOIN		-200
02/09/2026 23:28:23 UTC	In-game item bought		ITEM_LEADER_MAP	1	
02/09/2026 23:28:25 UTC	Pokecoin spent for in-game item		POKECOIN		-200
02/09/2026 23:28:25 UTC	In-game item bought		ITEM_LEADER_MAP	1	
02/12/2026 20:53:18 UTC	Pokecoin spent for in-game item		POKECOIN		-200
02/12/2026 20:53:18 UTC	In-game item bought		ITEM_LEADER_MAP	1	
02/12/2026 20:53:21 UTC	Pokecoin spent for in-game item		POKECOIN		-200
02/12/2026 20:53:21 UTC	In-game item bought		ITEM_LEADER_MAP	1	
02/12/2026 20:53:24 UTC	Pokecoin spent for in-game item		POKECOIN		-200
02/12/2026 20:53:24 UTC	In-game item bought		ITEM_LEADER_MAP	1	
02/12/2026 20:53:27 UTC	Pokecoin spent for in-game item		POKECOIN		-200
02/12/2026 20:53:27 UTC	In-game item bought		ITEM_LEADER_MAP	1	
02/12/2026 20:53:29 UTC	Pokecoin spent for in-game item		POKECOIN		-200
02/12/2026 20:53:29 UTC	In-game item bought		ITEM_LEADER_MAP	1	
02/12/2026 20:53:32 UTC	Pokecoin spent for in-game item		POKECOIN		-200
02/12/2026 20:53:33 UTC	In-game item bought		ITEM_LEADER_MAP	1	
02/12/2026 20:53:37 UTC	Pokecoin spent for in-game item		POKECOIN		-200
02/12/2026 20:53:37 UTC	In-game item bought		ITEM_LEADER_MAP	1	
02/13/2026 16:49:09 UTC	Pokecoin spent for in-game item		POKECOIN		0
02/13/2026 16:49:09 UTC	In-game item bought		Poke balls	2	
02/13/2026 16:49:09 UTC	In-game item bought		LPSKU_BUNDLE.GENERAL1.FREE.	1	
02/13/2026 16:49:09 UTC	In-game item bought		Potion	2	
02/14/2026 01:16:03 UTC	Pokecoin spent for in-game item		POKECOIN		-525
02/14/2026 01:16:03 UTC	In-game item bought		ITEM_REMOTE_RAID_TICKET	3	
02/14/2026 03:54:11 UTC	Pokecoin spent for in-game item		POKECOIN		-595
02/14/2026 03:54:11 UTC	In-game item bought		Raid pass (paid)	2	
02/14/2026 03:54:11 UTC	In-game item bought		ITEM_REMOTE_RAID_TICKET	3	
02/14/2026 22:00:10 UTC	Pokecoin spent for in-game item		POKECOIN		0
02/14/2026 22:00:10 UTC	In-game item bought		Great balls	2	
02/14/2026 22:00:10 UTC	In-game item bought		LPSKU_BUNDLE.GENERAL1.FREE.	1	
02/14/2026 22:00:10 UTC	In-game item bought		Potion	2	
02/15/2026 05:01:14 UTC	Pokecoin spent for in-game item		POKECOIN		-525
02/15/2026 05:01:14 UTC	In-game item bought		ITEM_REMOTE_RAID_TICKET	3	
02/15/2026 17:30:04 UTC	Pokecoin spent for in-game item		POKECOIN		0
02/15/2026 17:30:04 UTC	In-game item bought		Razz berry	1	
02/15/2026 17:30:04 UTC	In-game item bought		Poke balls	3	
02/15/2026 17:30:04 UTC	In-game item bought		LPSKU_BUNDLE.GENERAL1.FREE.	1	
02/15/2026 19:49:19 UTC	Pokecoin spent for in-game item		POKECOIN		-425
02/15/2026 19:49:19 UTC	In-game item bought		ITEM_MP_REPLENISH	3	
02/15/2026 21:11:16 UTC	Pokecoin spent for in-game item		POKECOIN		-525
02/15/2026 21:11:16 UTC	In-game item bought		ITEM_REMOTE_RAID_TICKET	3	
02/15/2026 21:46:46 UTC	Pokecoin spent for in-game item		POKECOIN		-525
02/15/2026 21:46:46 UTC	In-game item bought		ITEM_REMOTE_RAID_TICKET	3	
02/15/2026 22:04:53 UTC	Pokecoin spent for in-game item		POKECOIN		-525
02/15/2026 22:04:53 UTC	In-game item bought		ITEM_REMOTE_RAID_TICKET	3	
02/17/2026 23:26:23 UTC	Pokecoin spent for in-game item		POKECOIN		0
02/17/2026 23:26:23 UTC	In-game item bought		Poke balls	3	
02/17/2026 23:26:23 UTC	In-game item bought		Great balls	1	
02/17/2026 23:26:23 UTC	In-game item bought		LPSKU_BUNDLE.GENERAL1.FREE.	1	
02/17/2026 23:26:27 UTC	Pokecoin spent for in-game item		POKECOIN		-200
02/17/2026 23:26:27 UTC	In-game item bought		ITEM_LEADER_MAP	1	
02/17/2026 23:26:30 UTC	Pokecoin spent for in-game item		POKECOIN		-200
02/17/2026 23:26:30 UTC	In-game item bought		ITEM_LEADER_MAP	1	
02/17/2026 23:26:32 UTC	Pokecoin spent for in-game item		POKECOIN		-200
02/17/2026 23:26:32 UTC	In-game item bought		ITEM_LEADER_MAP	1	
02/17/2026 23:26:34 UTC	Pokecoin spent for in-game item		POKECOIN		-200
02/17/2026 23:26:34 UTC	In-game item bought		ITEM_LEADER_MAP	1	
02/19/2026 05:51:46 UTC	Pokecoin bought	APPLE	POKECOIN		14500	2899.0	INR
02/19/2026 09:43:45 UTC	Pokecoin spent for in-game item		POKECOIN		0
02/19/2026 09:43:45 UTC	In-game item bought		Poke balls	2	
02/19/2026 09:43:45 UTC	In-game item bought		Great balls	1	
02/19/2026 09:43:45 UTC	In-game item bought		LPSKU_BUNDLE.GENERAL1.FREE.	1	
02/19/2026 09:43:45 UTC	In-game item bought		Potion	1	
02/19/2026 09:43:51 UTC	Pokecoin spent for in-game item		POKECOIN		-200
02/19/2026 09:43:51 UTC	In-game item bought		ITEM_LEADER_MAP	1	
02/19/2026 09:43:53 UTC	Pokecoin spent for in-game item		POKECOIN		-200
02/19/2026 09:43:53 UTC	In-game item bought		ITEM_LEADER_MAP	1	
02/19/2026 09:43:56 UTC	Pokecoin spent for in-game item		POKECOIN		-200
02/19/2026 09:43:56 UTC	In-game item bought		ITEM_LEADER_MAP	1	
02/19/2026 09:43:59 UTC	Pokecoin spent for in-game item		POKECOIN		-200
02/19/2026 09:43:59 UTC	In-game item bought		ITEM_LEADER_MAP	1	
02/19/2026 09:44:01 UTC	Pokecoin spent for in-game item		POKECOIN		-200
02/19/2026 09:44:01 UTC	In-game item bought		ITEM_LEADER_MAP	1	
02/19/2026 09:44:04 UTC	Pokecoin spent for in-game item		POKECOIN		-200
02/19/2026 09:44:04 UTC	In-game item bought		ITEM_LEADER_MAP	1	
02/20/2026 15:15:23 UTC	Pokecoin spent for in-game item		POKECOIN		-250
02/20/2026 15:15:23 UTC	In-game item bought		ITEM_ENHANCED_CURRENCY	600	
02/20/2026 15:20:20 UTC	Pokecoin spent for in-game item		POKECOIN		0
02/20/2026 15:20:20 UTC	In-game item bought		Poke balls	4	
02/20/2026 15:20:20 UTC	In-game item bought		LPSKU_BUNDLE.GENERAL1.FREE.	1	
02/20/2026 17:09:16 UTC	Pokecoin spent for in-game item		POKECOIN		-7000
02/20/2026 17:09:16 UTC	In-game item bought		Egg incubator	100	
02/20/2026 19:29:03 UTC	Pokecoin spent for in-game item		POKECOIN		-100
02/20/2026 19:29:03 UTC	In-game item bought		ITEM_POFFIN	1	
02/20/2026 22:09:54 UTC	Pokecoin spent for in-game item		POKECOIN		-200
02/20/2026 22:09:54 UTC	In-game item bought		Bag upgrade	1	
02/20/2026 22:09:57 UTC	Pokecoin spent for in-game item		POKECOIN		-200
02/20/2026 22:09:57 UTC	In-game item bought		Pokemon storage upgrade	1	
02/20/2026 22:10:00 UTC	Pokecoin spent for in-game item		POKECOIN		-200
02/20/2026 22:10:00 UTC	In-game item bought		Pokemon storage upgrade	1	
02/20/2026 22:10:02 UTC	Pokecoin spent for in-game item		POKECOIN		-200
02/20/2026 22:10:02 UTC	In-game item bought		Pokemon storage upgrade	1	
02/20/2026 22:10:05 UTC	Pokecoin spent for in-game item		POKECOIN		-200
02/20/2026 22:10:05 UTC	In-game item bought		Pokemon storage upgrade	1	
02/20/2026 22:10:08 UTC	Pokecoin spent for in-game item		POKECOIN		-200
02/20/2026 22:10:08 UTC	In-game item bought		Pokemon storage upgrade	1	
02/20/2026 22:10:11 UTC	Pokecoin spent for in-game item		POKECOIN		-200
02/20/2026 22:10:11 UTC	In-game item bought		Pokemon storage upgrade	1	
02/20/2026 22:10:14 UTC	Pokecoin spent for in-game item		POKECOIN		-200
02/20/2026 22:10:14 UTC	In-game item bought		Pokemon storage upgrade	1	
02/20/2026 22:10:17 UTC	Pokecoin spent for in-game item		POKECOIN		-200
02/20/2026 22:10:17 UTC	In-game item bought		Bag upgrade	1	
02/20/2026 22:10:22 UTC	Pokecoin spent for in-game item		POKECOIN		-200
02/20/2026 22:10:22 UTC	In-game item bought		Pokemon storage upgrade	1	
02/20/2026 22:10:28 UTC	Pokecoin spent for in-game item		POKECOIN		-200
02/20/2026 22:10:28 UTC	In-game item bought		Bag upgrade	1	
02/20/2026 22:10:30 UTC	Pokecoin spent for in-game item		POKECOIN		-200
02/20/2026 22:10:30 UTC	In-game item bought		Pokemon storage upgrade	1	
02/21/2026 01:07:13 UTC	Pokecoin spent for in-game item		POKECOIN		-100
02/21/2026 01:07:13 UTC	In-game item bought		ITEM_POFFIN	1	
02/21/2026 01:34:00 UTC	In-game item granted by admin		Ultra balls	25	
02/21/2026 01:34:00 UTC	In-game item granted by admin		Incense	3	
02/21/2026 01:34:00 UTC	In-game item granted by admin		Rare candy	1	
02/21/2026 01:34:00 UTC	In-game item granted by admin		Egg incubator	1	
02/21/2026 18:29:36 UTC	Pokecoin spent for in-game item		POKECOIN		-100
02/21/2026 18:29:36 UTC	In-game item bought		ITEM_POFFIN	1	
02/21/2026 23:58:44 UTC	Pokecoin spent for in-game item		POKECOIN		-200
02/21/2026 23:58:44 UTC	In-game item bought		ITEM_LEADER_MAP	1	
02/22/2026 19:42:11 UTC	Pokecoin spent for in-game item		POKECOIN		0
02/22/2026 19:42:11 UTC	In-game item bought		Poke balls	2	
02/22/2026 19:42:11 UTC	In-game item bought		Great balls	1	
02/22/2026 19:42:11 UTC	In-game item bought		LPSKU_BUNDLE.GENERAL1.FREE.	1	
02/22/2026 19:42:11 UTC	In-game item bought		Potion	1	
02/22/2026 22:00:49 UTC	Pokecoin spent for in-game item		POKECOIN		-525
02/22/2026 22:00:49 UTC	In-game item bought		ITEM_REMOTE_RAID_TICKET	3	
02/23/2026 05:06:20 UTC	Pokecoin spent for in-game item		POKECOIN		-100
02/23/2026 05:06:20 UTC	In-game item bought		ITEM_POFFIN	1	
02/23/2026 07:59:20 UTC	Pokecoin spent for in-game item		POKECOIN		0
02/23/2026 07:59:20 UTC	In-game item bought		Razz berry	1	
02/23/2026 07:59:20 UTC	In-game item bought		Great balls	2	
02/23/2026 07:59:20 UTC	In-game item bought		LPSKU_BUNDLE.GENERAL1.FREE.	1	
02/23/2026 07:59:20 UTC	In-game item bought		Potion	1	
02/23/2026 21:22:50 UTC	Pokecoin spent for in-game item		POKECOIN		-525
02/23/2026 21:22:50 UTC	In-game item bought		ITEM_REMOTE_RAID_TICKET	3	
02/24/2026 00:58:25 UTC	Pokecoin spent for in-game item		POKECOIN		-100
02/24/2026 00:58:25 UTC	In-game item bought		ITEM_POFFIN	1	
02/24/2026 01:05:02 UTC	Pokecoin spent for in-game item		POKECOIN		-550
02/24/2026 01:05:02 UTC	In-game item bought		Pokemon storage upgrade	1	
02/24/2026 01:05:02 UTC	In-game item bought		Raid pass (paid)	1	
02/24/2026 01:05:02 UTC	In-game item bought		Bag upgrade	1	
02/24/2026 01:05:02 UTC	In-game item bought		ITEM_REMOTE_RAID_TICKET	1	
02/24/2026 19:13:38 UTC	Pokecoin spent for in-game item		POKECOIN		-100
02/24/2026 19:13:38 UTC	In-game item bought		ITEM_POFFIN	1	
02/24/2026 21:38:49 UTC	Pokecoin spent for in-game item		POKECOIN		-100
02/24/2026 21:38:49 UTC	In-game item bought		ITEM_POFFIN	1	
02/24/2026 22:17:12 UTC	Pokecoin spent for in-game item		POKECOIN		-525
02/24/2026 22:17:12 UTC	In-game item bought		ITEM_REMOTE_RAID_TICKET	3	
02/25/2026 01:01:28 UTC	Pokecoin spent for in-game item		POKECOIN		-525
02/25/2026 01:01:28 UTC	In-game item bought		ITEM_REMOTE_RAID_TICKET	3	
02/25/2026 01:17:53 UTC	Pokecoin spent for in-game item		POKECOIN		-525
02/25/2026 01:17:53 UTC	In-game item bought		ITEM_REMOTE_RAID_TICKET	3	
02/25/2026 02:42:14 UTC	Pokecoin spent for in-game item		POKECOIN		-525
02/25/2026 02:42:14 UTC	In-game item bought		ITEM_REMOTE_RAID_TICKET	3	
02/25/2026 03:15:49 UTC	Pokecoin spent for in-game item		POKECOIN		0
02/25/2026 03:15:49 UTC	In-game item bought		Razz berry	1	
02/25/2026 03:15:49 UTC	In-game item bought		Poke balls	2	
02/25/2026 03:15:49 UTC	In-game item bought		LPSKU_BUNDLE.GENERAL1.FREE.	1	
02/25/2026 03:15:49 UTC	In-game item bought		Potion	1	
02/25/2026 05:05:14 UTC	Pokecoin spent for in-game item		POKECOIN		-195
02/25/2026 05:05:14 UTC	In-game item bought		ITEM_REMOTE_RAID_TICKET	1	
02/25/2026 05:05:39 UTC	Pokecoin spent for in-game item		POKECOIN		-525
02/25/2026 05:05:39 UTC	In-game item bought		ITEM_REMOTE_RAID_TICKET	3	
02/25/2026 07:46:10 UTC	Pokecoin spent for in-game item		POKECOIN		-525
02/25/2026 07:46:10 UTC	In-game item bought		ITEM_REMOTE_RAID_TICKET	3	
02/25/2026 14:40:12 UTC	Pokecoin spent for in-game item		POKECOIN		-100
02/25/2026 14:40:12 UTC	In-game item bought		ITEM_POFFIN	1	
02/25/2026 23:05:07 UTC	Pokecoin spent for in-game item		POKECOIN		0
02/25/2026 23:05:07 UTC	In-game item bought		Poke balls	2	
02/25/2026 23:05:07 UTC	In-game item bought		Great balls	1	
02/25/2026 23:05:07 UTC	In-game item bought		LPSKU_BUNDLE.GENERAL1.FREE.	1	
02/25/2026 23:05:07 UTC	In-game item bought		Potion	1	
02/27/2026 04:15:32 UTC	Pokecoin spent for in-game item		POKECOIN		-525
02/27/2026 04:15:32 UTC	In-game item bought		ITEM_REMOTE_RAID_TICKET	3	
02/27/2026 05:10:37 UTC	Pokecoin spent for in-game item		POKECOIN		-715
02/27/2026 05:10:37 UTC	In-game item bought		Raid pass (paid)	2	
02/27/2026 05:10:37 UTC	In-game item bought		ITEM_REMOTE_RAID_TICKET	3	
02/27/2026 05:10:37 UTC	In-game item bought		Egg incubator	2	
02/27/2026 05:12:10 UTC	Pokecoin spent for in-game item		POKECOIN		0
02/27/2026 05:12:10 UTC	In-game item bought		Poke balls	1	
02/27/2026 05:12:10 UTC	In-game item bought		LPSKU_BUNDLE.GENERAL1.FREE.	1	
02/27/2026 05:12:10 UTC	In-game item bought		Potion	3	
02/27/2026 15:42:09 UTC	Pokecoin spent for in-game item		POKECOIN		-100
02/27/2026 15:42:09 UTC	In-game item bought		ITEM_POFFIN	1	
02/27/2026 23:30:55 UTC	Pokecoin spent for in-game item		POKECOIN		-525
02/27/2026 23:30:55 UTC	In-game item bought		ITEM_REMOTE_RAID_TICKET	3	
02/27/2026 23:40:15 UTC	Pokecoin spent for in-game item		POKECOIN		-525
02/27/2026 23:40:15 UTC	In-game item bought		ITEM_REMOTE_RAID_TICKET	3	
02/28/2026 00:50:01 UTC	Pokecoin spent for in-game item		POKECOIN		-525
02/28/2026 00:50:01 UTC	In-game item bought		ITEM_REMOTE_RAID_TICKET	3	
02/28/2026 01:13:37 UTC	Pokecoin spent for in-game item		POKECOIN		-525
02/28/2026 01:13:37 UTC	In-game item bought		ITEM_REMOTE_RAID_TICKET	3	
02/28/2026 01:24:32 UTC	Pokecoin spent for in-game item		POKECOIN		-525
02/28/2026 01:24:32 UTC	In-game item bought		ITEM_REMOTE_RAID_TICKET	3	
02/28/2026 01:33:21 UTC	Pokecoin spent for in-game item		POKECOIN		0
02/28/2026 01:33:21 UTC	In-game item bought		Poke balls	3	
02/28/2026 01:33:21 UTC	In-game item bought		LPSKU_BUNDLE.GENERAL1.FREE.	1	
02/28/2026 01:33:21 UTC	In-game item bought		Potion	1	
02/28/2026 01:43:42 UTC	Pokecoin spent for in-game item		POKECOIN		-715
02/28/2026 01:43:42 UTC	In-game item bought		Raid pass (paid)	2	
02/28/2026 01:43:42 UTC	In-game item bought		ITEM_REMOTE_RAID_TICKET	3	
02/28/2026 01:43:42 UTC	In-game item bought		Egg incubator	2	
02/28/2026 02:01:27 UTC	Pokecoin spent for in-game item		POKECOIN		-525
02/28/2026 02:01:27 UTC	In-game item bought		ITEM_REMOTE_RAID_TICKET	3	
02/28/2026 02:30:45 UTC	Pokecoin bought	APPLE	POKECOIN		14500	2899.0	INR
02/28/2026 02:31:10 UTC	Pokecoin bought	APPLE	POKECOIN		14500	2899.0	INR
02/28/2026 03:03:28 UTC	Pokecoin spent for in-game item		POKECOIN		-525
02/28/2026 03:03:28 UTC	In-game item bought		ITEM_REMOTE_RAID_TICKET	3	
02/28/2026 03:14:35 UTC	Pokecoin spent for in-game item		POKECOIN		-525
02/28/2026 03:14:35 UTC	In-game item bought		ITEM_REMOTE_RAID_TICKET	3	
02/28/2026 03:32:51 UTC	Pokecoin spent for in-game item		POKECOIN		-525
02/28/2026 03:32:51 UTC	In-game item bought		ITEM_REMOTE_RAID_TICKET	3	
02/28/2026 03:38:13 UTC	Pokecoin spent for in-game item		POKECOIN		-715
02/28/2026 03:38:13 UTC	In-game item bought		Raid pass (paid)	2	
02/28/2026 03:38:13 UTC	In-game item bought		ITEM_REMOTE_RAID_TICKET	3	
02/28/2026 03:38:13 UTC	In-game item bought		Egg incubator	2	
02/28/2026 04:13:28 UTC	Pokecoin spent for in-game item		POKECOIN		-715
02/28/2026 04:13:28 UTC	In-game item bought		Raid pass (paid)	2	
02/28/2026 04:13:28 UTC	In-game item bought		ITEM_REMOTE_RAID_TICKET	3	
02/28/2026 04:13:28 UTC	In-game item bought		Egg incubator	2	
02/28/2026 04:22:31 UTC	Pokecoin spent for in-game item		POKECOIN		-715
02/28/2026 04:22:31 UTC	In-game item bought		Raid pass (paid)	2	
02/28/2026 04:22:31 UTC	In-game item bought		ITEM_REMOTE_RAID_TICKET	3	
02/28/2026 04:22:31 UTC	In-game item bought		Egg incubator	2	
02/28/2026 04:42:40 UTC	Pokecoin spent for in-game item		POKECOIN		-525
02/28/2026 04:42:40 UTC	In-game item bought		ITEM_REMOTE_RAID_TICKET	3	
02/28/2026 04:55:33 UTC	Pokecoin spent for in-game item		POKECOIN		-525
02/28/2026 04:55:33 UTC	In-game item bought		ITEM_REMOTE_RAID_TICKET	3	
02/28/2026 05:39:15 UTC	Pokecoin spent for in-game item		POKECOIN		-250
02/28/2026 05:39:15 UTC	In-game item bought		ITEM_ENHANCED_CURRENCY	600	
02/28/2026 05:44:48 UTC	Pokecoin spent for in-game item		POKECOIN		-525
02/28/2026 05:44:48 UTC	In-game item bought		ITEM_REMOTE_RAID_TICKET	3	
02/28/2026 15:09:07 UTC	Pokecoin spent for in-game item		POKECOIN		-525
02/28/2026 15:09:07 UTC	In-game item bought		ITEM_REMOTE_RAID_TICKET	3	
02/28/2026 20:21:07 UTC	Pokecoin spent for in-game item		POKECOIN		-250
02/28/2026 20:21:07 UTC	In-game item bought		ITEM_ENHANCED_CURRENCY	600	
02/28/2026 23:09:19 UTC	Pokecoin spent for in-game item		POKECOIN		-100
02/28/2026 23:09:19 UTC	In-game item bought		ITEM_POFFIN	1	
03/01/2026 01:29:08 UTC	Pokecoin spent for in-game item		POKECOIN		-100
03/01/2026 01:29:08 UTC	In-game item bought		ITEM_POFFIN	1	
03/01/2026 01:31:43 UTC	Pokecoin spent for in-game item		POKECOIN		-715
03/01/2026 01:31:43 UTC	In-game item bought		Raid pass (paid)	2	
03/01/2026 01:31:43 UTC	In-game item bought		ITEM_REMOTE_RAID_TICKET	3	
03/01/2026 01:31:43 UTC	In-game item bought		Egg incubator	2	
03/01/2026 01:41:45 UTC	Pokecoin spent for in-game item		POKECOIN		-715
03/01/2026 01:41:45 UTC	In-game item bought		Raid pass (paid)	2	
03/01/2026 01:41:45 UTC	In-game item bought		ITEM_REMOTE_RAID_TICKET	3	
03/01/2026 01:41:45 UTC	In-game item bought		Egg incubator	2	
03/01/2026 02:18:56 UTC	Pokecoin spent for in-game item		POKECOIN		-715
03/01/2026 02:18:56 UTC	In-game item bought		Raid pass (paid)	2	
03/01/2026 02:18:56 UTC	In-game item bought		ITEM_REMOTE_RAID_TICKET	3	
03/01/2026 02:18:56 UTC	In-game item bought		Egg incubator	2	
03/01/2026 02:19:00 UTC	Pokecoin spent for in-game item		POKECOIN		-250
03/01/2026 02:19:00 UTC	In-game item bought		ITEM_ENHANCED_CURRENCY	600	
03/01/2026 02:41:14 UTC	Pokecoin spent for in-game item		POKECOIN		-525
03/01/2026 02:41:14 UTC	In-game item bought		ITEM_REMOTE_RAID_TICKET	3	
03/01/2026 02:44:57 UTC	Pokecoin spent for in-game item		POKECOIN		-3195
03/01/2026 02:44:57 UTC	In-game item bought		Raid pass (paid)	50	
03/01/2026 02:44:57 UTC	In-game item bought		ITEM_MOVE_REROLL_ELITE_SPECIAL_ATTACK	1	
03/01/2026 02:44:57 UTC	In-game item bought		Max revive	10	
03/01/2026 04:02:34 UTC	Pokecoin spent for in-game item		POKECOIN		-715
03/01/2026 04:02:34 UTC	In-game item bought		Raid pass (paid)	2	
03/01/2026 04:02:34 UTC	In-game item bought		ITEM_REMOTE_RAID_TICKET	3	
03/01/2026 04:02:34 UTC	In-game item bought		Egg incubator	2	
03/01/2026 04:14:08 UTC	Pokecoin spent for in-game item		POKECOIN		-525
03/01/2026 04:14:08 UTC	In-game item bought		ITEM_REMOTE_RAID_TICKET	3	
03/01/2026 04:20:12 UTC	Pokecoin spent for in-game item		POKECOIN		-715
03/01/2026 04:20:12 UTC	In-game item bought		Raid pass (paid)	2	
03/01/2026 04:20:12 UTC	In-game item bought		ITEM_REMOTE_RAID_TICKET	3	
03/01/2026 04:20:12 UTC	In-game item bought		Egg incubator	2	
03/01/2026 04:20:30 UTC	Pokecoin spent for in-game item		POKECOIN		-250
03/01/2026 04:20:30 UTC	In-game item bought		ITEM_ENHANCED_CURRENCY	600	
03/01/2026 04:24:55 UTC	Pokecoin spent for in-game item		POKECOIN		-715
03/01/2026 04:24:55 UTC	In-game item bought		Raid pass (paid)	2	
03/01/2026 04:24:55 UTC	In-game item bought		ITEM_REMOTE_RAID_TICKET	3	
03/01/2026 04:24:55 UTC	In-game item bought		Egg incubator	2	
03/01/2026 04:41:37 UTC	Pokecoin spent for in-game item		POKECOIN		-715
03/01/2026 04:41:37 UTC	In-game item bought		Raid pass (paid)	2	
03/01/2026 04:41:37 UTC	In-game item bought		ITEM_REMOTE_RAID_TICKET	3	
03/01/2026 04:41:37 UTC	In-game item bought		Egg incubator	2	
03/01/2026 04:45:32 UTC	Pokecoin spent for in-game item		POKECOIN		-250
03/01/2026 04:45:32 UTC	In-game item bought		ITEM_ENHANCED_CURRENCY	600	
03/01/2026 05:45:42 UTC	Pokecoin spent for in-game item		POKECOIN		-525
03/01/2026 05:45:42 UTC	In-game item bought		ITEM_REMOTE_RAID_TICKET	3	
03/01/2026 05:47:07 UTC	Pokecoin spent for in-game item		POKECOIN		0
03/01/2026 05:47:07 UTC	In-game item bought		Poke balls	3	
03/01/2026 05:47:07 UTC	In-game item bought		LPSKU_BUNDLE.GENERAL1.FREE.	1	
03/01/2026 05:47:07 UTC	In-game item bought		Potion	1	
03/01/2026 05:47:09 UTC	Pokecoin spent for in-game item		POKECOIN		-525
03/01/2026 05:47:09 UTC	In-game item bought		ITEM_REMOTE_RAID_TICKET	3	
03/01/2026 17:27:53 UTC	Pokecoin spent for in-game item		POKECOIN		-100
03/01/2026 17:27:53 UTC	In-game item bought		ITEM_POFFIN	1	
03/01/2026 19:00:42 UTC	Pokecoin spent for in-game item		POKECOIN		0
03/01/2026 19:00:42 UTC	In-game item bought		Poke balls	2	
03/01/2026 19:00:42 UTC	In-game item bought		Great balls	2	
03/01/2026 19:00:42 UTC	In-game item bought		LPSKU_BUNDLE.GENERAL1.FREE.	1	
03/01/2026 19:01:01 UTC	Pokecoin spent for in-game item		POKECOIN		-100
03/01/2026 19:01:01 UTC	In-game item bought		ITEM_POFFIN	1	
03/01/2026 19:43:01 UTC	Pokecoin spent for in-game item		POKECOIN		-525
03/01/2026 19:43:01 UTC	In-game item bought		ITEM_REMOTE_RAID_TICKET	3	
03/01/2026 19:58:35 UTC	Pokecoin spent for in-game item		POKECOIN		-525
03/01/2026 19:58:35 UTC	In-game item bought		ITEM_REMOTE_RAID_TICKET	3	
03/01/2026 21:48:49 UTC	Pokecoin spent for in-game item		POKECOIN		-680
03/01/2026 21:48:49 UTC	In-game item bought		Lure	8	
03/01/2026 23:05:35 UTC	Pokecoin spent for in-game item		POKECOIN		-100
03/01/2026 23:05:35 UTC	In-game item bought		ITEM_POFFIN	1	
03/01/2026 23:32:28 UTC	Pokecoin spent for in-game item		POKECOIN		-750
03/01/2026 23:32:28 UTC	In-game item bought		ITEM_ENHANCED_CURRENCY	600	
03/01/2026 23:32:28 UTC	In-game item bought		ITEM_REMOTE_RAID_TICKET	3	
03/02/2026 00:03:47 UTC	Pokecoin spent for in-game item		POKECOIN		-525
03/02/2026 00:03:47 UTC	In-game item bought		ITEM_REMOTE_RAID_TICKET	3	
03/02/2026 00:20:35 UTC	Pokecoin spent for in-game item		POKECOIN		-525
03/02/2026 00:20:35 UTC	In-game item bought		ITEM_REMOTE_RAID_TICKET	3	
03/02/2026 00:24:04 UTC	Pokecoin spent for in-game item		POKECOIN		-100
03/02/2026 00:24:04 UTC	In-game item bought		ITEM_ENHANCED_CURRENCY	200	
03/02/2026 00:44:08 UTC	Pokecoin spent for in-game item		POKECOIN		-525
03/02/2026 00:44:08 UTC	In-game item bought		ITEM_REMOTE_RAID_TICKET	3	
03/02/2026 00:47:53 UTC	Pokecoin spent for in-game item		POKECOIN		-250
03/02/2026 00:47:53 UTC	In-game item bought		ITEM_ENHANCED_CURRENCY	600	
03/02/2026 01:03:03 UTC	Pokecoin spent for in-game item		POKECOIN		-525
03/02/2026 01:03:03 UTC	In-game item bought		ITEM_REMOTE_RAID_TICKET	3	
03/02/2026 02:04:19 UTC	Pokecoin spent for in-game item		POKECOIN		-525
03/02/2026 02:04:19 UTC	In-game item bought		ITEM_REMOTE_RAID_TICKET	3	
03/03/2026 01:40:49 UTC	Pokecoin spent for in-game item		POKECOIN		-100
03/03/2026 01:40:49 UTC	In-game item bought		ITEM_POFFIN	1	
03/03/2026 14:04:00 UTC	Pokecoin spent for in-game item		POKECOIN		-100
03/03/2026 14:04:00 UTC	In-game item bought		ITEM_POFFIN	1	
03/03/2026 14:13:51 UTC	Pokecoin spent for in-game item		POKECOIN		0
03/03/2026 14:13:51 UTC	In-game item bought		Razz berry	1	
03/03/2026 14:13:51 UTC	In-game item bought		Great balls	2	
03/03/2026 14:13:51 UTC	In-game item bought		LPSKU_BUNDLE.GENERAL1.FREE.	1	
03/03/2026 14:13:51 UTC	In-game item bought		Potion	1	
03/04/2026 14:20:51 UTC	Pokecoin spent for in-game item		POKECOIN		-100
03/04/2026 14:20:51 UTC	In-game item bought		ITEM_POFFIN	1	
03/04/2026 14:25:12 UTC	Pokecoin spent for in-game item		POKECOIN		-525
03/04/2026 14:25:12 UTC	In-game item bought		ITEM_REMOTE_RAID_TICKET	3	
03/04/2026 14:25:55 UTC	Pokecoin spent for in-game item		POKECOIN		0
03/04/2026 14:25:55 UTC	In-game item bought		Razz berry	2	
03/04/2026 14:25:55 UTC	In-game item bought		Poke balls	1	
03/04/2026 14:25:55 UTC	In-game item bought		LPSKU_BUNDLE.GENERAL1.FREE.	1	
03/04/2026 14:25:55 UTC	In-game item bought		Potion	1	
03/04/2026 14:25:59 UTC	Pokecoin spent for in-game item		POKECOIN		0
03/04/2026 14:25:59 UTC	In-game item bought		ITEM_BATTLE_PASS_TICKET	1	
03/04/2026 14:52:26 UTC	Pokecoin spent for in-game item		POKECOIN		-525
03/04/2026 14:52:26 UTC	In-game item bought		ITEM_REMOTE_RAID_TICKET	3	
03/05/2026 01:30:27 UTC	Pokecoin spent for in-game item		POKECOIN		-880
03/05/2026 01:30:27 UTC	In-game item bought		Incense	8	
03/05/2026 01:30:27 UTC	In-game item bought		ITEM_POFFIN	8	
03/05/2026 01:30:27 UTC	In-game item bought		Lucky egg	8	
03/05/2026 01:30:38 UTC	Pokecoin spent for in-game item		POKECOIN		-880
03/05/2026 01:30:38 UTC	In-game item bought		Incense	8	
03/05/2026 01:30:38 UTC	In-game item bought		ITEM_POFFIN	8	
03/05/2026 01:30:38 UTC	In-game item bought		Lucky egg	8	
03/05/2026 01:30:45 UTC	Pokecoin spent for in-game item		POKECOIN		-525
03/05/2026 01:30:45 UTC	In-game item bought		ITEM_REMOTE_RAID_TICKET	3	
03/06/2026 02:27:16 UTC	Pokecoin spent for in-game item		POKECOIN		0
03/06/2026 02:27:16 UTC	In-game item bought		Poke balls	3	
03/06/2026 02:27:16 UTC	In-game item bought		LPSKU_BUNDLE.GENERAL1.FREE.	1	
03/06/2026 02:27:16 UTC	In-game item bought		Potion	1	
03/06/2026 14:45:39 UTC	Pokecoin spent for in-game item		POKECOIN		0
03/06/2026 14:45:39 UTC	In-game item bought		Poke balls	2	
03/06/2026 14:45:39 UTC	In-game item bought		Great balls	1	
03/06/2026 14:45:39 UTC	In-game item bought		LPSKU_BUNDLE.GENERAL1.FREE.	1	
03/06/2026 14:45:39 UTC	In-game item bought		Potion	1	
03/07/2026 21:11:35 UTC	Pokecoin spent for in-game item		POKECOIN		0
03/07/2026 21:11:35 UTC	In-game item bought		Poke balls	1	
03/07/2026 21:11:35 UTC	In-game item bought		Great balls	1	
03/07/2026 21:11:35 UTC	In-game item bought		LPSKU_BUNDLE.GENERAL1.FREE.	1	
03/07/2026 21:11:35 UTC	In-game item bought		Potion	2	
03/08/2026 02:38:13 UTC	Pokecoin spent for in-game item		POKECOIN		-525
03/08/2026 02:38:13 UTC	In-game item bought		ITEM_REMOTE_RAID_TICKET	3	
03/08/2026 04:04:30 UTC	Pokecoin spent for in-game item		POKECOIN		-525
03/08/2026 04:04:30 UTC	In-game item bought		ITEM_REMOTE_RAID_TICKET	3	
03/08/2026 15:47:11 UTC	Pokecoin spent for in-game item		POKECOIN		0
03/08/2026 15:47:11 UTC	In-game item bought		Razz berry	1	
03/08/2026 15:47:11 UTC	In-game item bought		LPSKU_BUNDLE.GENERAL1.FREE.	1	
03/08/2026 15:47:11 UTC	In-game item bought		Potion	3	
03/09/2026 14:22:14 UTC	Pokecoin spent for in-game item		POKECOIN		0
03/09/2026 14:22:14 UTC	In-game item bought		Poke balls	1	
03/09/2026 14:22:14 UTC	In-game item bought		Great balls	1	
03/09/2026 14:22:14 UTC	In-game item bought		LPSKU_BUNDLE.GENERAL1.FREE.	1	
03/09/2026 14:22:14 UTC	In-game item bought		Potion	2	
03/10/2026 14:21:12 UTC	Pokecoin spent for in-game item		POKECOIN		0
03/10/2026 14:21:12 UTC	In-game item bought		Razz berry	2	
03/10/2026 14:21:12 UTC	In-game item bought		Poke balls	1	
03/10/2026 14:21:12 UTC	In-game item bought		Great balls	1	
03/10/2026 14:21:12 UTC	In-game item bought		LPSKU_BUNDLE.GENERAL1.FREE.	1	
03/11/2026 14:53:19 UTC	Pokecoin spent for in-game item		POKECOIN		0
03/11/2026 14:53:19 UTC	In-game item bought		Razz berry	2	
03/11/2026 14:53:19 UTC	In-game item bought		Great balls	1	
03/11/2026 14:53:19 UTC	In-game item bought		LPSKU_BUNDLE.GENERAL1.FREE.	1	
03/11/2026 14:53:19 UTC	In-game item bought		Potion	1	
03/11/2026 14:53:23 UTC	Pokecoin spent for in-game item		POKECOIN		-525
03/11/2026 14:53:23 UTC	In-game item bought		ITEM_REMOTE_RAID_TICKET	3	
03/12/2026 15:19:50 UTC	Pokecoin spent for in-game item		POKECOIN		0
03/12/2026 15:19:50 UTC	In-game item bought		Poke balls	1	
03/12/2026 15:19:50 UTC	In-game item bought		Great balls	1	
03/12/2026 15:19:50 UTC	In-game item bought		LPSKU_BUNDLE.GENERAL1.FREE.	1	
03/12/2026 15:19:50 UTC	In-game item bought		Potion	2	
03/13/2026 14:15:59 UTC	Pokecoin spent for in-game item		POKECOIN		0
03/13/2026 14:15:59 UTC	In-game item bought		Razz berry	1	
03/13/2026 14:15:59 UTC	In-game item bought		Poke balls	2	
03/13/2026 14:15:59 UTC	In-game item bought		Great balls	1	
03/13/2026 14:15:59 UTC	In-game item bought		LPSKU_BUNDLE.GENERAL1.FREE.	1	
03/14/2026 22:02:55 UTC	Pokecoin spent for in-game item		POKECOIN		0
03/14/2026 22:02:55 UTC	In-game item bought		Poke balls	2	
03/14/2026 22:02:55 UTC	In-game item bought		LPSKU_BUNDLE.GENERAL1.FREE.	1	
03/14/2026 22:02:55 UTC	In-game item bought		Potion	2	
03/15/2026 19:57:38 UTC	Pokecoin spent for in-game item		POKECOIN		0
03/15/2026 19:57:38 UTC	In-game item bought		Razz berry	1	
03/15/2026 19:57:38 UTC	In-game item bought		Poke balls	3	
03/15/2026 19:57:38 UTC	In-game item bought		LPSKU_BUNDLE.GENERAL1.FREE.	1	
03/16/2026 14:46:38 UTC	Pokecoin spent for in-game item		POKECOIN		0
03/16/2026 14:46:38 UTC	In-game item bought		Razz berry	1	
03/16/2026 14:46:38 UTC	In-game item bought		Poke balls	2	
03/16/2026 14:46:38 UTC	In-game item bought		Great balls	1	
03/16/2026 14:46:38 UTC	In-game item bought		LPSKU_BUNDLE.GENERAL1.FREE.	1	
03/16/2026 14:47:08 UTC	Pokecoin spent for in-game item		POKECOIN		-425
03/16/2026 14:47:08 UTC	In-game item bought		ITEM_MP_REPLENISH	3	
03/16/2026 14:47:11 UTC	Pokecoin spent for in-game item		POKECOIN		-425
03/16/2026 14:47:11 UTC	In-game item bought		ITEM_MP_REPLENISH	3	
03/18/2026 07:39:50 UTC	Pokecoin bought	APPLE	POKECOIN		14500	2899.0	INR
03/19/2026 00:02:01 UTC	Pokecoin spent for in-game item		POKECOIN		0
03/19/2026 00:02:01 UTC	In-game item bought		Razz berry	1	
03/19/2026 00:02:01 UTC	In-game item bought		Poke balls	1	
03/19/2026 00:02:01 UTC	In-game item bought		Great balls	1	
03/19/2026 00:02:01 UTC	In-game item bought		LPSKU_BUNDLE.GENERAL1.FREE.	1	
03/19/2026 00:02:01 UTC	In-game item bought		Potion	1	
03/19/2026 14:59:57 UTC	Pokecoin spent for in-game item		POKECOIN		0
03/19/2026 14:59:57 UTC	In-game item bought		Razz berry	1	
03/19/2026 14:59:57 UTC	In-game item bought		Poke balls	1	
03/19/2026 14:59:57 UTC	In-game item bought		Great balls	2	
03/19/2026 14:59:57 UTC	In-game item bought		LPSKU_BUNDLE.GENERAL1.FREE.	1	
03/26/2026 14:41:40 UTC	Pokecoin spent for in-game item		POKECOIN		-100
03/26/2026 14:41:40 UTC	In-game item bought		ITEM_POFFIN	1	
03/28/2026 01:18:35 UTC	Pokecoin spent for in-game item		POKECOIN		-195
03/28/2026 01:18:35 UTC	In-game item bought		ITEM_REMOTE_RAID_TICKET	1	
03/28/2026 04:59:11 UTC	Pokecoin spent for in-game item		POKECOIN		0
03/28/2026 04:59:11 UTC	In-game item bought		Poke balls	4	
03/28/2026 04:59:11 UTC	In-game item bought		LPSKU_BUNDLE.GENERAL1.FREE.	1	
03/28/2026 05:20:10 UTC	Pokecoin spent for in-game item		POKECOIN		-525
03/28/2026 05:20:10 UTC	In-game item bought		ITEM_REMOTE_RAID_TICKET	3	
03/28/2026 06:03:14 UTC	Pokecoin spent for in-game item		POKECOIN		-525
03/28/2026 06:03:14 UTC	In-game item bought		ITEM_REMOTE_RAID_TICKET	3	
03/28/2026 19:45:15 UTC	Pokecoin spent for in-game item		POKECOIN		-525
03/28/2026 19:45:15 UTC	In-game item bought		ITEM_REMOTE_RAID_TICKET	3	
03/28/2026 20:02:13 UTC	Pokecoin spent for in-game item		POKECOIN		0
03/28/2026 20:02:13 UTC	In-game item bought		Poke balls	3	
03/28/2026 20:02:13 UTC	In-game item bought		Great balls	1	
03/28/2026 20:02:13 UTC	In-game item bought		LPSKU_BUNDLE.GENERAL1.FREE.	1	
03/28/2026 21:10:34 UTC	Pokecoin spent for in-game item		POKECOIN		-650
03/28/2026 21:10:34 UTC	In-game item bought		ITEM_MP	1	
03/28/2026 21:10:34 UTC	In-game item bought		ITEM_MAX_BOOST	1	
03/28/2026 22:31:32 UTC	Pokecoin spent for in-game item		POKECOIN		-425
03/28/2026 22:31:32 UTC	In-game item bought		ITEM_MP_REPLENISH	3	
03/28/2026 22:31:45 UTC	Pokecoin spent for in-game item		POKECOIN		-650
03/28/2026 22:31:45 UTC	In-game item bought		ITEM_MP	1	
03/28/2026 22:31:45 UTC	In-game item bought		ITEM_MAX_BOOST	1	
03/28/2026 22:31:48 UTC	Pokecoin spent for in-game item		POKECOIN		-650
03/28/2026 22:31:48 UTC	In-game item bought		ITEM_MP	1	
03/28/2026 22:31:48 UTC	In-game item bought		ITEM_MAX_BOOST	1	
03/29/2026 21:46:41 UTC	Pokecoin spent for in-game item		POKECOIN		0
03/29/2026 21:46:41 UTC	In-game item bought		Poke balls	3	
03/29/2026 21:46:41 UTC	In-game item bought		LPSKU_BUNDLE.GENERAL1.FREE.	1	
03/29/2026 21:46:41 UTC	In-game item bought		Potion	1	
03/31/2026 14:14:47 UTC	Pokecoin spent for in-game item		POKECOIN		0
03/31/2026 14:14:47 UTC	In-game item bought		Razz berry	1	
03/31/2026 14:14:47 UTC	In-game item bought		Poke balls	3	
03/31/2026 14:14:47 UTC	In-game item bought		LPSKU_BUNDLE.GENERAL1.FREE.	1	
04/03/2026 05:23:03 UTC	Pokecoin spent for in-game item		POKECOIN		0
04/03/2026 05:23:03 UTC	In-game item bought		Poke balls	2	
04/03/2026 05:23:03 UTC	In-game item bought		Great balls	1	
04/03/2026 05:23:03 UTC	In-game item bought		LPSKU_BUNDLE.GENERAL1.FREE.	1	
04/03/2026 05:23:03 UTC	In-game item bought		Potion	1	
04/03/2026 14:33:57 UTC	Pokecoin spent for in-game item		POKECOIN		0
04/03/2026 14:33:57 UTC	In-game item bought		Poke balls	4	
04/03/2026 14:33:57 UTC	In-game item bought		LPSKU_BUNDLE.GENERAL1.FREE.	1	
04/04/2026 18:36:04 UTC	Pokecoin spent for in-game item		POKECOIN		0
04/04/2026 18:36:04 UTC	In-game item bought		Razz berry	1	
04/04/2026 18:36:04 UTC	In-game item bought		Poke balls	1	
04/04/2026 18:36:04 UTC	In-game item bought		Great balls	1	
04/04/2026 18:36:04 UTC	In-game item bought		LPSKU_BUNDLE.GENERAL1.FREE.	1	
04/04/2026 18:36:04 UTC	In-game item bought		Potion	1	
04/05/2026 16:15:18 UTC	Pokecoin spent for in-game item		POKECOIN		0
04/05/2026 16:15:18 UTC	In-game item bought		Poke balls	2	
04/05/2026 16:15:18 UTC	In-game item bought		LPSKU_BUNDLE.GENERAL1.FREE.	1	
04/05/2026 16:15:18 UTC	In-game item bought		Potion	2	
04/05/2026 19:31:23 UTC	Pokecoin spent for in-game item		POKECOIN		-525
04/05/2026 19:31:23 UTC	In-game item bought		ITEM_REMOTE_RAID_TICKET	3	
04/05/2026 22:35:07 UTC	In-game item granted by admin		ITEM_EVENT_PASS_POINT_LIVE_OPS	1	
04/07/2026 02:48:04 UTC	Pokecoin spent for in-game item		POKECOIN		0
04/07/2026 02:48:04 UTC	In-game item bought		Razz berry	1	
04/07/2026 02:48:04 UTC	In-game item bought		Poke balls	3	
04/07/2026 02:48:04 UTC	In-game item bought		LPSKU_BUNDLE.GENERAL1.FREE.	1	
04/08/2026 01:18:33 UTC	Pokecoin spent for in-game item		POKECOIN		0
04/08/2026 01:18:33 UTC	In-game item bought		Poke balls	3	
04/08/2026 01:18:33 UTC	In-game item bought		Great balls	1	
04/08/2026 01:18:33 UTC	In-game item bought		LPSKU_BUNDLE.GENERAL1.FREE.	1	
04/11/2026 18:24:26 UTC	Pokecoin spent for in-game item		POKECOIN		0
04/11/2026 18:24:26 UTC	In-game item bought		Poke balls	1	
04/11/2026 18:24:26 UTC	In-game item bought		Great balls	3	
04/11/2026 18:24:26 UTC	In-game item bought		LPSKU_BUNDLE.GENERAL1.FREE.	1	
04/14/2026 23:16:32 UTC	Pokecoin spent for in-game item		POKECOIN		0
04/14/2026 23:16:32 UTC	In-game item bought		Poke balls	3	
04/14/2026 23:16:32 UTC	In-game item bought		LPSKU_BUNDLE.GENERAL1.FREE.	1	
04/14/2026 23:16:32 UTC	In-game item bought		Potion	1	
04/15/2026 14:38:58 UTC	Pokecoin spent for in-game item		POKECOIN		-100
04/15/2026 14:38:58 UTC	In-game item bought		ITEM_POFFIN	1	
04/19/2026 02:05:25 UTC	Pokecoin spent for in-game item		POKECOIN		0
04/19/2026 02:05:25 UTC	In-game item bought		Razz berry	1	
04/19/2026 02:05:25 UTC	In-game item bought		Poke balls	3	
04/19/2026 02:05:25 UTC	In-game item bought		LPSKU_BUNDLE.GENERAL1.FREE.	1	
04/20/2026 05:30:27 UTC	Pokecoin spent for in-game item		POKECOIN		0
04/20/2026 05:30:27 UTC	In-game item bought		Razz berry	1	
04/20/2026 05:30:27 UTC	In-game item bought		Poke balls	2	
04/20/2026 05:30:27 UTC	In-game item bought		LPSKU_BUNDLE.GENERAL1.FREE.	1	
04/20/2026 05:30:27 UTC	In-game item bought		Potion	1	
04/20/2026 16:45:37 UTC	Pokecoin spent for in-game item		POKECOIN		0
04/20/2026 16:45:37 UTC	In-game item bought		Poke balls	3	
04/20/2026 16:45:37 UTC	In-game item bought		Great balls	1	
04/20/2026 16:45:37 UTC	In-game item bought		LPSKU_BUNDLE.GENERAL1.FREE.	1	
04/20/2026 17:24:46 UTC	Pokecoin spent for in-game item		POKECOIN		-880
04/20/2026 17:24:46 UTC	In-game item bought		Incense	8	
04/20/2026 17:24:46 UTC	In-game item bought		ITEM_POFFIN	8	
04/20/2026 17:24:46 UTC	In-game item bought		Lucky egg	8	
04/20/2026 17:24:49 UTC	Pokecoin spent for in-game item		POKECOIN		-880
04/20/2026 17:24:49 UTC	In-game item bought		Incense	8	
04/20/2026 17:24:49 UTC	In-game item bought		ITEM_POFFIN	8	
04/20/2026 17:24:49 UTC	In-game item bought		Lucky egg	8	
04/23/2026 03:43:11 UTC	Pokecoin spent for in-game item		POKECOIN		0
04/23/2026 03:43:11 UTC	In-game item bought		Razz berry	1	
04/23/2026 03:43:11 UTC	In-game item bought		Poke balls	1	
04/23/2026 03:43:11 UTC	In-game item bought		Great balls	2	
04/23/2026 03:43:11 UTC	In-game item bought		LPSKU_BUNDLE.GENERAL1.FREE.	1	
04/25/2026 02:30:19 UTC	Pokecoin spent for in-game item		POKECOIN		0
04/25/2026 02:30:19 UTC	In-game item bought		Razz berry	1	
04/25/2026 02:30:19 UTC	In-game item bought		Poke balls	1	
04/25/2026 02:30:19 UTC	In-game item bought		Great balls	1	
04/25/2026 02:30:19 UTC	In-game item bought		LPSKU_BUNDLE.GENERAL1.FREE.	1	
04/25/2026 02:30:19 UTC	In-game item bought		Potion	1	
04/25/2026 05:19:28 UTC	Pokecoin spent for in-game item		POKECOIN		-200
04/25/2026 05:19:28 UTC	In-game item bought		UPGRADE_GMAX_BATTLE_REWARD_LEVEL	1	
04/25/2026 05:24:07 UTC	Pokecoin spent for in-game item		POKECOIN		-200
04/25/2026 05:24:07 UTC	In-game item bought		UPGRADE_GMAX_BATTLE_REWARD_LEVEL	1	
04/25/2026 05:24:45 UTC	Pokecoin spent for in-game item		POKECOIN		-525
04/25/2026 05:24:45 UTC	In-game item bought		ITEM_REMOTE_RAID_TICKET	3	
04/25/2026 05:27:25 UTC	Pokecoin spent for in-game item		POKECOIN		-200
04/25/2026 05:27:25 UTC	In-game item bought		UPGRADE_GMAX_BATTLE_REWARD_LEVEL	1	
04/25/2026 05:31:26 UTC	Pokecoin spent for in-game item		POKECOIN		-200
04/25/2026 05:31:26 UTC	In-game item bought		UPGRADE_GMAX_BATTLE_REWARD_LEVEL	1	
04/25/2026 05:33:43 UTC	Pokecoin spent for in-game item		POKECOIN		-525
04/25/2026 05:33:43 UTC	In-game item bought		ITEM_REMOTE_RAID_TICKET	3	
04/25/2026 05:33:46 UTC	Pokecoin spent for in-game item		POKECOIN		-425
04/25/2026 05:33:46 UTC	In-game item bought		ITEM_MP_REPLENISH	3	
04/25/2026 05:33:49 UTC	Pokecoin spent for in-game item		POKECOIN		-425
04/25/2026 05:33:49 UTC	In-game item bought		ITEM_MP_REPLENISH	3	
04/25/2026 05:33:52 UTC	Pokecoin spent for in-game item		POKECOIN		-425
04/25/2026 05:33:52 UTC	In-game item bought		ITEM_MP_REPLENISH	3	
04/25/2026 05:38:14 UTC	Pokecoin spent for in-game item		POKECOIN		-200
04/25/2026 05:38:14 UTC	In-game item bought		UPGRADE_GMAX_BATTLE_REWARD_LEVEL	1	
04/25/2026 05:52:10 UTC	Pokecoin spent for in-game item		POKECOIN		-200
04/25/2026 05:52:10 UTC	In-game item bought		UPGRADE_GMAX_BATTLE_REWARD_LEVEL	1	
04/25/2026 05:53:34 UTC	Pokecoin spent for in-game item		POKECOIN		-525
04/25/2026 05:53:34 UTC	In-game item bought		ITEM_REMOTE_RAID_TICKET	3	
04/25/2026 06:21:48 UTC	Pokecoin spent for in-game item		POKECOIN		-525
04/25/2026 06:21:48 UTC	In-game item bought		ITEM_REMOTE_RAID_TICKET	3	
04/25/2026 06:24:45 UTC	Pokecoin spent for in-game item		POKECOIN		-200
04/25/2026 06:24:45 UTC	In-game item bought		UPGRADE_GMAX_BATTLE_REWARD_LEVEL	1	
04/25/2026 06:26:29 UTC	Pokecoin spent for in-game item		POKECOIN		-525
04/25/2026 06:26:29 UTC	In-game item bought		ITEM_REMOTE_RAID_TICKET	3	
04/25/2026 06:32:44 UTC	Pokecoin spent for in-game item		POKECOIN		-200
04/25/2026 06:32:44 UTC	In-game item bought		UPGRADE_GMAX_BATTLE_REWARD_LEVEL	1	
04/25/2026 06:34:41 UTC	Pokecoin spent for in-game item		POKECOIN		-200
04/25/2026 06:34:41 UTC	In-game item bought		UPGRADE_GMAX_BATTLE_REWARD_LEVEL	1	
04/25/2026 06:38:25 UTC	Pokecoin spent for in-game item		POKECOIN		-200
04/25/2026 06:38:25 UTC	In-game item bought		UPGRADE_GMAX_BATTLE_REWARD_LEVEL	1	
04/25/2026 06:44:00 UTC	Pokecoin spent for in-game item		POKECOIN		-200
04/25/2026 06:44:00 UTC	In-game item bought		UPGRADE_GMAX_BATTLE_REWARD_LEVEL	1	
04/25/2026 06:48:01 UTC	Pokecoin spent for in-game item		POKECOIN		-200
04/25/2026 06:48:01 UTC	In-game item bought		UPGRADE_GMAX_BATTLE_REWARD_LEVEL	1	
04/25/2026 06:49:30 UTC	Pokecoin spent for in-game item		POKECOIN		-525
04/25/2026 06:49:30 UTC	In-game item bought		ITEM_REMOTE_RAID_TICKET	3	
04/25/2026 06:49:33 UTC	Pokecoin spent for in-game item		POKECOIN		-425
04/25/2026 06:49:33 UTC	In-game item bought		ITEM_MP_REPLENISH	3	
04/25/2026 06:52:36 UTC	Pokecoin spent for in-game item		POKECOIN		-200
04/25/2026 06:52:36 UTC	In-game item bought		UPGRADE_GMAX_BATTLE_REWARD_LEVEL	1	
04/25/2026 07:04:29 UTC	Pokecoin spent for in-game item		POKECOIN		-525
04/25/2026 07:04:29 UTC	In-game item bought		ITEM_REMOTE_RAID_TICKET	3	
04/25/2026 19:14:38 UTC	Pokecoin spent for in-game item		POKECOIN		0
04/25/2026 19:14:38 UTC	In-game item bought		Razz berry	2	
04/25/2026 19:14:38 UTC	In-game item bought		Poke balls	2	
04/25/2026 19:14:38 UTC	In-game item bought		LPSKU_BUNDLE.GENERAL1.FREE.	1	
04/25/2026 20:58:15 UTC	Pokecoin bought	APPLE	POKECOIN		14500	2899.0	INR
04/25/2026 20:58:58 UTC	Pokecoin spent for in-game item		POKECOIN		-425
04/25/2026 20:58:58 UTC	In-game item bought		ITEM_MP_REPLENISH	3	
04/25/2026 20:59:01 UTC	Pokecoin spent for in-game item		POKECOIN		-425
04/25/2026 20:59:01 UTC	In-game item bought		ITEM_MP_REPLENISH	3	
04/25/2026 20:59:04 UTC	Pokecoin spent for in-game item		POKECOIN		-425
04/25/2026 20:59:04 UTC	In-game item bought		ITEM_MP_REPLENISH	3	
04/25/2026 20:59:06 UTC	Pokecoin spent for in-game item		POKECOIN		-425
04/25/2026 20:59:06 UTC	In-game item bought		ITEM_MP_REPLENISH	3	
04/25/2026 21:04:35 UTC	Pokecoin spent for in-game item		POKECOIN		-200
04/25/2026 21:04:35 UTC	In-game item bought		UPGRADE_GMAX_BATTLE_REWARD_LEVEL	1	
04/25/2026 21:11:04 UTC	Pokecoin spent for in-game item		POKECOIN		-200
04/25/2026 21:11:04 UTC	In-game item bought		UPGRADE_GMAX_BATTLE_REWARD_LEVEL	1	
04/25/2026 21:36:49 UTC	Pokecoin spent for in-game item		POKECOIN		-200
04/25/2026 21:36:49 UTC	In-game item bought		UPGRADE_GMAX_BATTLE_REWARD_LEVEL	1	
04/25/2026 21:37:28 UTC	Pokecoin spent for in-game item		POKECOIN		-525
04/25/2026 21:37:28 UTC	In-game item bought		ITEM_REMOTE_RAID_TICKET	3	
04/25/2026 21:40:43 UTC	Pokecoin spent for in-game item		POKECOIN		-200
04/25/2026 21:40:43 UTC	In-game item bought		UPGRADE_GMAX_BATTLE_REWARD_LEVEL	1	
04/25/2026 21:50:28 UTC	Pokecoin spent for in-game item		POKECOIN		-200
04/25/2026 21:50:28 UTC	In-game item bought		UPGRADE_GMAX_BATTLE_REWARD_LEVEL	1	
04/25/2026 21:52:44 UTC	Pokecoin spent for in-game item		POKECOIN		-525
04/25/2026 21:52:44 UTC	In-game item bought		ITEM_REMOTE_RAID_TICKET	3	
04/25/2026 21:55:13 UTC	Pokecoin spent for in-game item		POKECOIN		-200
04/25/2026 21:55:13 UTC	In-game item bought		UPGRADE_GMAX_BATTLE_REWARD_LEVEL	1	
04/25/2026 21:56:59 UTC	Pokecoin spent for in-game item		POKECOIN		-525
04/25/2026 21:56:59 UTC	In-game item bought		ITEM_REMOTE_RAID_TICKET	3	
04/25/2026 21:57:04 UTC	Pokecoin spent for in-game item		POKECOIN		-425
04/25/2026 21:57:04 UTC	In-game item bought		ITEM_MP_REPLENISH	3	
04/25/2026 22:00:15 UTC	Pokecoin spent for in-game item		POKECOIN		-200
04/25/2026 22:00:15 UTC	In-game item bought		UPGRADE_GMAX_BATTLE_REWARD_LEVEL	1	
04/25/2026 22:30:11 UTC	Pokecoin spent for in-game item		POKECOIN		-200
04/25/2026 22:30:11 UTC	In-game item bought		UPGRADE_GMAX_BATTLE_REWARD_LEVEL	1	
04/25/2026 22:38:27 UTC	Pokecoin spent for in-game item		POKECOIN		-425
04/25/2026 22:38:27 UTC	In-game item bought		ITEM_MP_REPLENISH	3	
04/25/2026 22:38:30 UTC	Pokecoin spent for in-game item		POKECOIN		-425
04/25/2026 22:38:30 UTC	In-game item bought		ITEM_MP_REPLENISH	3	
04/25/2026 23:08:24 UTC	Pokecoin spent for in-game item		POKECOIN		-525
04/25/2026 23:08:24 UTC	In-game item bought		ITEM_REMOTE_RAID_TICKET	3	
04/26/2026 21:45:12 UTC	Pokecoin spent for in-game item		POKECOIN		0
04/26/2026 21:45:12 UTC	In-game item bought		Razz berry	1	
04/26/2026 21:45:12 UTC	In-game item bought		Poke balls	1	
04/26/2026 21:45:12 UTC	In-game item bought		Great balls	2	
04/26/2026 21:45:12 UTC	In-game item bought		LPSKU_BUNDLE.GENERAL1.FREE.	1	
04/28/2026 02:36:02 UTC	Pokecoin spent for in-game item		POKECOIN		-525
04/28/2026 02:36:02 UTC	In-game item bought		ITEM_REMOTE_RAID_TICKET	3	
04/28/2026 15:21:00 UTC	Pokecoin spent for in-game item		POKECOIN		0
04/28/2026 15:21:00 UTC	In-game item bought		Razz berry	1	
04/28/2026 15:21:00 UTC	In-game item bought		Poke balls	1	
04/28/2026 15:21:00 UTC	In-game item bought		LPSKU_BUNDLE.GENERAL1.FREE.	1	
04/28/2026 15:21:00 UTC	In-game item bought		Potion	2	
04/29/2026 01:57:12 UTC	Pokecoin spent for in-game item		POKECOIN		-525
04/29/2026 01:57:12 UTC	In-game item bought		ITEM_REMOTE_RAID_TICKET	3	
05/01/2026 05:21:10 UTC	Pokecoin spent for in-game item		POKECOIN		0
05/01/2026 05:21:10 UTC	In-game item bought		Poke balls	2	
05/01/2026 05:21:10 UTC	In-game item bought		Great balls	1	
05/01/2026 05:21:10 UTC	In-game item bought		LPSKU_BUNDLE.GENERAL1.FREE.	1	
05/01/2026 05:21:10 UTC	In-game item bought		Potion	1	
05/02/2026 05:48:24 UTC	Pokecoin spent for in-game item		POKECOIN		-525
05/02/2026 05:48:24 UTC	In-game item bought		ITEM_REMOTE_RAID_TICKET	3	
05/02/2026 22:36:40 UTC	Pokecoin spent for in-game item		POKECOIN		0
05/02/2026 22:36:40 UTC	In-game item bought		Poke balls	4	
05/02/2026 22:36:40 UTC	In-game item bought		LPSKU_BUNDLE.GENERAL1.FREE.	1	
05/04/2026 04:12:41 UTC	Pokecoin spent for in-game item		POKECOIN		0
05/04/2026 04:12:41 UTC	In-game item bought		Poke balls	1	
05/04/2026 04:12:41 UTC	In-game item bought		Great balls	3	
05/04/2026 04:12:41 UTC	In-game item bought		LPSKU_BUNDLE.GENERAL1.FREE.	1	
05/07/2026 01:16:51 UTC	Pokecoin spent for in-game item		POKECOIN		0
05/07/2026 01:16:51 UTC	In-game item bought		Poke balls	1	
05/07/2026 01:16:51 UTC	In-game item bought		Great balls	1	
05/07/2026 01:16:51 UTC	In-game item bought		LPSKU_BUNDLE.GENERAL1.FREE.	1	
05/07/2026 01:16:51 UTC	In-game item bought		Potion	2	
05/08/2026 15:25:47 UTC	Pokecoin spent for in-game item		POKECOIN		0
05/08/2026 15:25:47 UTC	In-game item bought		Razz berry	1	
05/08/2026 15:25:47 UTC	In-game item bought		Poke balls	1	
05/08/2026 15:25:47 UTC	In-game item bought		Great balls	2	
05/08/2026 15:25:47 UTC	In-game item bought		LPSKU_BUNDLE.GENERAL1.FREE.	1	
05/12/2026 14:40:50 UTC	Pokecoin spent for in-game item		POKECOIN		0
05/12/2026 14:40:50 UTC	In-game item bought		Razz berry	1	
05/12/2026 14:40:50 UTC	In-game item bought		Poke balls	2	
05/12/2026 14:40:50 UTC	In-game item bought		Great balls	1	
05/12/2026 14:40:50 UTC	In-game item bought		LPSKU_BUNDLE.GENERAL1.FREE.	1	
05/13/2026 02:38:41 UTC	Pokecoin spent for in-game item		POKECOIN		-525
05/13/2026 02:38:41 UTC	In-game item bought		ITEM_REMOTE_RAID_TICKET	3	
05/20/2026 01:21:47 UTC	Pokecoin spent for in-game item		POKECOIN		0
05/20/2026 01:21:47 UTC	In-game item bought		Poke balls	2	
05/20/2026 01:21:47 UTC	In-game item bought		Great balls	2	
05/20/2026 01:21:47 UTC	In-game item bought		LPSKU_BUNDLE.GENERAL1.FREE.	1	
05/23/2026 18:19:01 UTC	Pokecoin spent for in-game item		POKECOIN		0
05/23/2026 18:19:01 UTC	In-game item bought		Razz berry	1	
05/23/2026 18:19:01 UTC	In-game item bought		Poke balls	1	
05/23/2026 18:19:01 UTC	In-game item bought		Great balls	1	
05/23/2026 18:19:01 UTC	In-game item bought		LPSKU_BUNDLE.GENERAL1.FREE.	1	
05/23/2026 18:19:01 UTC	In-game item bought		Potion	1	
05/23/2026 19:32:05 UTC	Pokecoin bought	APPLE	POKECOIN		14500	2899.0	INR
05/23/2026 20:08:18 UTC	Pokecoin spent for in-game item		POKECOIN		-525
05/23/2026 20:08:18 UTC	In-game item bought		ITEM_REMOTE_RAID_TICKET	3	
05/24/2026 17:53:33 UTC	Pokecoin spent for in-game item		POKECOIN		-7000
05/24/2026 17:53:33 UTC	In-game item bought		Egg incubator	100	
05/25/2026 00:07:14 UTC	Pokecoin spent for in-game item		POKECOIN		0
05/25/2026 00:07:14 UTC	In-game item bought		Poke balls	4	
05/25/2026 00:07:14 UTC	In-game item bought		LPSKU_BUNDLE.GENERAL1.FREE.	1	
05/25/2026 00:22:23 UTC	Pokecoin spent for in-game item		POKECOIN		-525
05/25/2026 00:22:23 UTC	In-game item bought		ITEM_REMOTE_RAID_TICKET	3	
05/25/2026 03:26:24 UTC	Pokecoin spent for in-game item		POKECOIN		-675
05/25/2026 03:26:24 UTC	In-game item bought		Raid pass (paid)	3	
05/25/2026 03:26:24 UTC	In-game item bought		ITEM_REMOTE_RAID_TICKET	3	
05/25/2026 03:26:24 UTC	In-game item bought		Egg incubator	1	
05/25/2026 07:30:41 UTC	Pokecoin spent for in-game item		POKECOIN		0
05/25/2026 07:30:41 UTC	In-game item bought		Razz berry	1	
05/25/2026 07:30:41 UTC	In-game item bought		Great balls	2	
05/25/2026 07:30:41 UTC	In-game item bought		LPSKU_BUNDLE.GENERAL1.FREE.	1	
05/25/2026 07:30:41 UTC	In-game item bought		Potion	1	
05/25/2026 07:30:44 UTC	Pokecoin spent for in-game item		POKECOIN		-525
05/25/2026 07:30:44 UTC	In-game item bought		ITEM_REMOTE_RAID_TICKET	3	
05/26/2026 02:26:02 UTC	Pokecoin spent for in-game item		POKECOIN		-525
05/26/2026 02:26:02 UTC	In-game item bought		ITEM_REMOTE_RAID_TICKET	3	
05/26/2026 02:54:17 UTC	Pokecoin spent for in-game item		POKECOIN		-525
05/26/2026 02:54:17 UTC	In-game item bought		ITEM_REMOTE_RAID_TICKET	3	
05/26/2026 07:51:29 UTC	Pokecoin spent for in-game item		POKECOIN		-525
05/26/2026 07:51:29 UTC	In-game item bought		ITEM_REMOTE_RAID_TICKET	3	
05/26/2026 08:00:38 UTC	Pokecoin spent for in-game item		POKECOIN		0
05/26/2026 08:00:38 UTC	In-game item bought		Poke balls	2	
05/26/2026 08:00:38 UTC	In-game item bought		LPSKU_BUNDLE.GENERAL1.FREE.	1	
05/26/2026 08:00:38 UTC	In-game item bought		Potion	2	
05/26/2026 08:00:42 UTC	Pokecoin spent for in-game item		POKECOIN		-525
05/26/2026 08:00:42 UTC	In-game item bought		ITEM_REMOTE_RAID_TICKET	3	
05/26/2026 21:44:11 UTC	Pokecoin spent for in-game item		POKECOIN		-525
05/26/2026 21:44:11 UTC	In-game item bought		ITEM_REMOTE_RAID_TICKET	3	
05/26/2026 21:44:20 UTC	Pokecoin spent for in-game item		POKECOIN		-5425
05/26/2026 21:44:20 UTC	In-game item bought		Raid pass (paid)	99	
05/26/2026 21:44:20 UTC	In-game item bought		Fast TM	2	
05/26/2026 21:44:20 UTC	In-game item bought		Star pieces	2	
05/26/2026 21:44:20 UTC	In-game item bought		Charged TM	2	
05/27/2026 15:16:53 UTC	Pokecoin spent for in-game item		POKECOIN		0
05/27/2026 15:16:53 UTC	In-game item bought		Poke balls	1	
05/27/2026 15:16:53 UTC	In-game item bought		Great balls	2	
05/27/2026 15:16:53 UTC	In-game item bought		LPSKU_BUNDLE.GENERAL1.FREE.	1	
05/27/2026 15:16:53 UTC	In-game item bought		Potion	1	
05/28/2026 02:27:27 UTC	Pokecoin spent for in-game item		POKECOIN		-525
05/28/2026 02:27:27 UTC	In-game item bought		ITEM_REMOTE_RAID_TICKET	3	
05/28/2026 03:03:10 UTC	Pokecoin spent for in-game item		POKECOIN		-195
05/28/2026 03:03:10 UTC	In-game item bought		ITEM_REMOTE_RAID_TICKET	1	
05/28/2026 03:11:43 UTC	Pokecoin spent for in-game item		POKECOIN		-525
05/28/2026 03:11:43 UTC	In-game item bought		ITEM_REMOTE_RAID_TICKET	3	
05/28/2026 03:58:59 UTC	Pokecoin spent for in-game item		POKECOIN		-525
05/28/2026 03:58:59 UTC	In-game item bought		ITEM_REMOTE_RAID_TICKET	3	
05/28/2026 15:56:43 UTC	Pokecoin spent for in-game item		POKECOIN		0
05/28/2026 15:56:43 UTC	In-game item bought		Poke balls	3	
05/28/2026 15:56:43 UTC	In-game item bought		Great balls	1	
05/28/2026 15:56:43 UTC	In-game item bought		LPSKU_BUNDLE.GENERAL1.FREE.	1	
05/29/2026 01:46:13 UTC	Pokecoin spent for in-game item		POKECOIN		-525
05/29/2026 01:46:13 UTC	In-game item bought		ITEM_REMOTE_RAID_TICKET	3	
05/29/2026 01:49:06 UTC	Pokecoin spent for in-game item		POKECOIN		-525
05/29/2026 01:49:06 UTC	In-game item bought		ITEM_REMOTE_RAID_TICKET	3	
05/29/2026 04:48:20 UTC	Pokecoin spent for in-game item		POKECOIN		-525
05/29/2026 04:48:20 UTC	In-game item bought		ITEM_REMOTE_RAID_TICKET	3	
05/29/2026 14:51:11 UTC	Pokecoin spent for in-game item		POKECOIN		0
05/29/2026 14:51:11 UTC	In-game item bought		Poke balls	2	
05/29/2026 14:51:11 UTC	In-game item bought		Great balls	2	
05/29/2026 14:51:11 UTC	In-game item bought		LPSKU_BUNDLE.GENERAL1.FREE.	1	
05/30/2026 05:23:40 UTC	Pokecoin spent for in-game item		POKECOIN		-525
05/30/2026 05:23:40 UTC	In-game item bought		ITEM_REMOTE_RAID_TICKET	3	
05/30/2026 05:33:01 UTC	Pokecoin spent for in-game item		POKECOIN		-525
05/30/2026 05:33:01 UTC	In-game item bought		ITEM_REMOTE_RAID_TICKET	3	
06/02/2026 01:38:28 UTC	Pokecoin spent for in-game item		POKECOIN		0
06/02/2026 01:38:28 UTC	In-game item bought		Razz berry	1	
06/02/2026 01:38:28 UTC	In-game item bought		Poke balls	2	
06/02/2026 01:38:28 UTC	In-game item bought		LPSKU_BUNDLE.GENERAL1.FREE.	1	
06/02/2026 01:38:28 UTC	In-game item bought		Potion	1	
06/03/2026 15:06:01 UTC	Pokecoin spent for in-game item		POKECOIN		0
06/03/2026 15:06:01 UTC	In-game item bought		Poke balls	2	
06/03/2026 15:06:01 UTC	In-game item bought		Great balls	1	
06/03/2026 15:06:01 UTC	In-game item bought		LPSKU_BUNDLE.GENERAL1.FREE.	1	
06/03/2026 15:06:01 UTC	In-game item bought		Potion	1	
06/03/2026 15:06:05 UTC	Pokecoin spent for in-game item		POKECOIN		0
06/03/2026 15:06:05 UTC	In-game item bought		ITEM_BATTLE_PASS_TICKET	1	
06/07/2026 16:48:47 UTC	Pokecoin spent for in-game item		POKECOIN		0
06/07/2026 16:48:47 UTC	In-game item bought		Poke balls	4	
06/07/2026 16:48:47 UTC	In-game item bought		LPSKU_BUNDLE.GENERAL1.FREE.	1	
06/07/2026 16:48:52 UTC	Pokecoin spent for in-game item		POKECOIN		-195
06/07/2026 16:48:52 UTC	In-game item bought		ITEM_REMOTE_RAID_TICKET	1	
06/10/2026 06:01:43 UTC	Pokecoin spent for in-game item		POKECOIN		0
06/10/2026 06:01:43 UTC	In-game item bought		Razz berry	1	
06/10/2026 06:01:43 UTC	In-game item bought		Poke balls	2	
06/10/2026 06:01:43 UTC	In-game item bought		Great balls	1	
06/10/2026 06:01:43 UTC	In-game item bought		LPSKU_BUNDLE.GENERAL1.FREE.	1	
